time,latitude,longitude,depth,phase,x,y,z,bx,by,P
2026-07-25 05:40:00,56.3454620220781,19.308850958303974,0.0,communicating,64460.47500644233,24582.284450669227,0.0,0.0,0.0,"[[2436.0, 0.0, 0.060000000000000005, 0.0], [0.0, 2436.0, 0.0, 0.060000000000000005], [0.060000000000000005, 0.0, 0.04176666666666667, 0.0], [0.0, 0.060000000000000005, 0.0, 0.04176666666666667]]"
2026-07-25 05:50:00,56.34556116024287,19.308216767778063,0.0,communicating,64421.23693479798,24593.288786958692,0.0,0.0,0.0,"[[19955.22841475383, -10.807156810530802, 25.12013497885539, -0.0003723749152753377], [-10.8071568105308, 19933.17424188048, 0.00010901862919383498, 25.11986837957677], [25.12013497885539, 0.00010901862919383498, 0.08343333333333333, 0.0], [-0.0003723749152753377, 25.11986837957677, 0.0, 0.08343333333333333]]"
2026-07-25 06:00:00,56.34569728409567,19.307597117817572,0.0,communicating,64382.8985040727,24608.398534619457,0.0,0.0,0.0,"[[82689.5762893758, -163.5939309369921, 75.23505685005989, -0.1583143540151088], [-163.59393093699214, 82358.55743151568, 0.048234175891248884, 75.12440133945081], [75.23505685005989, 0.048234175891248884, 0.1251, 0.0], [-0.1583143540151088, 75.12440133945081, 0.0, 0.1251]]"
2026-07-25 06:01:00,56.34571458238078,19.307536574589957,1.5,descending,64379.15262739083,24610.318644266314,0.0,0.0,0.0,"[[92445.51528300393, -208.0441855449558, 82.75704282057269, -0.20632345606768676], [-208.04418554495584, 92025.0592635546, 0.06341994185474097, 82.61362456042954], [82.75704282057269, 0.06341994185474097, 0.12926666666666667, 0.0], [-0.20632345606768676, 82.61362456042954, 0.0, 0.12926666666666667]]"
2026-07-25 06:02:00,56.34573039116879,19.307471289076922,3.0,descending,64375.11334024759,24612.073419735643,0.0,0.0,0.0,"[[103123.56754741637, -258.77655050308715, 90.5306490413721, -0.2593185433203592], [-258.77655050308715, 102600.87317823844, 0.080385859369218, 90.35122535700003], [90.5306490413721, 0.080385859369218, 0.13343333333333335, 0.0], [-0.2593185433203592, 90.35122535700003, 0.0, 0.13343333333333335]]"
2026-07-25 06:03:00,56.34574516649665,19.307401716915436,4.5,descending,64370.80883340725,24613.713481127983,0.0,0.0,0.0,"[[114754.11225831819, -316.1686349979285, 98.55583421929742, -0.3173824450325219], [-316.1686349979285, 114115.56827213534, 0.09928308548514554, 98.33721980686313], [98.55583421929742, 0.09928308548514554, 0.13760000000000003, 0.0], [-0.3173824450325219, 98.33721980686313, 0.0, 0.13760000000000003]]"
2026-07-25 06:04:00,56.34575928983871,19.307328394721974,6.0,descending,64366.27230792674,24615.28117209663,0.0,0.0,0.0,"[[127367.75323787262, -380.37061336484294, 106.8326512495266, -0.3805123951628704], [-380.370613364843, 126598.69265137627, 0.12035874985837741, 106.57161506306761], [106.8326512495266, 0.12035874985837741, 0.1417666666666667, 0.0], [-0.3805123951628704, 106.57161506306761, 0.0, 0.1417666666666667]]"
2026-07-25 06:05:00,56.34577305387505,19.307251819093523,7.5,descending,64361.534488813035,24616.8089801305,0.0,0.0,0.0,"[[140995.0187222382, -451.1906232287777, 115.36111662770573, -0.44845326968733656], [-451.1906232287778, 140079.6861903945, 0.14385436831247247, 115.05437481304915], [115.36111662770573, 0.14385436831247247, 0.1459333333333334, 0.0], [-0.44845326968733656, 115.05437481304915, 0.0, 0.1459333333333334]]"
2026-07-25 06:06:00,56.34578669314844,19.30717235510745,9.0,descending,64356.6179638079,24618.322939476624,0.0,0.0,0.0,"[[155666.24870642566, -527.5899199672529, 124.14117377922187, -0.5203576244064465], [-527.589919967253, 154587.68986935393, 0.17002308195256025, 123.78535022489432], [124.14117377922187, 0.17002308195256025, 0.15010000000000007, 0.0], [-0.5203576244064465, 123.78535022489432, 0.0, 0.15010000000000007]]"
2026-07-25 06:07:00,56.345800515264294,19.307089589118345,10.5,descending,64351.49714021064,24619.857194336462,0.0,0.0,0.0,"[[171408.34180079258, -603.1020708471268, 133.17148401250432, -0.5915208153637245], [-603.1020708471269, 170149.7317961407, 0.19927273225708525, 132.7636026067202], [133.17148401250432, 0.19927273225708525, 0.15426666666666675, 0.0], [-0.5915208153637245, 132.7636026067202, 0.0, 0.15426666666666675]]"
2026-07-25 06:08:00,56.34582010135466,19.306992158902517,12.0,descending,64345.46902463213,24622.031250367447,0.0,0.0,0.0,"[[188177.58324622293, -574.9696159994047, 142.4249608297897, -0.5992942487351405], [-574.9696159994048, 186652.5707127955, 0.24496552182440517, 141.9359905458646], [142.4249608297897, 0.24496552182440517, 0.15843333333333343, 0.0], [-0.5992942487351405, 141.9359905458646, 0.0, 0.15843333333333343]]"
2026-07-25 06:09:00,56.34584522592042,19.306922826218628,13.5,descending,64341.17933453662,24624.820077166725,0.0,0.0,0.0,"[[206250.0395467408, -717.9064590145344, 151.9920899160468, -0.7553448080586559], [-717.9064590145347, 204232.21983471754, 0.3115919461698133, 151.34622808882528], [151.9920899160468, 0.3115919461698133, 0.1626000000000001, 0.0], [-0.7553448080586559, 151.34622808882528, 0.0, 0.1626000000000001]]"
2026-07-25 06:10:00,56.34586177805827,19.306872026150632,15.0,descending,64338.03627795324,24626.657364467763,0.0,0.0,0.0,"[[225545.39004385204, -922.8625335316667, 161.82864643267848, -0.9127635428885672], [-922.8625335316668, 223070.19372026031, 0.3418584443665588, 161.04933921612582], [161.82864643267848, 0.3418584443665588, 0.16676666666666679, 0.0], [-0.9127635428885672, 161.04933921612582, 0.0, 0.16676666666666679]]"
2026-07-25 06:11:00,56.34587182819041,19.306831047614697,16.5,descending,64335.500890458,24627.772929135703,0.0,0.0,0.0,"[[246017.97531699753, -1087.6847934491147, 171.9070969635494, -1.0272674507567825], [-1087.684793449115, 243105.00341983725, 0.36544933926607825, 171.0098084018166], [171.9070969635494, 0.36544933926607825, 0.17093333333333346, 0.0], [-1.0272674507567825, 171.0098084018166, 0.0, 0.17093333333333346]]"
2026-07-25 06:12:00,56.34587948572059,19.306796837230813,18.0,descending,64333.384256041376,24628.622914984724,0.0,0.0,0.0,"[[267703.6392817406, -1201.3838836342486, 182.22999097489367, -1.1254631048502999], [-1201.383883634249, 264270.64225852425, 0.4127943604780558, 181.1945451978683], [182.22999097489367, 0.4127943604780558, 0.17510000000000014, 0.0], [-1.1254631048502999, 181.1945451978683, 0.0, 0.17510000000000014]]"
2026-07-25 06:13:00,56.34588456582311,19.306766292214693,19.5,descending,64331.494401996184,24629.186806365466,0.0,0.0,0.0,"[[290675.10888980626, -1315.2753312563864, 192.8116224596145, -1.2305728483451106], [-1315.2753312563866, 286612.79878250975, 0.46988450617461786, 191.61101010817362], [192.8116224596145, 0.46988450617461786, 0.17926666666666682, 0.0], [-1.2305728483451106, 191.61101010817362, 0.0, 0.17926666666666682]]"
2026-07-25 06:14:00,56.34588686529632,19.306740209457374,21.0,descending,64329.8806328549,24629.442047891305,0.0,0.0,0.0,"[[314975.7697400268, -1436.1881399672286, 203.65542414852982, -1.3480350063352546], [-1436.1881399672288, 310175.1439072552, 0.5375221477303413, 202.26519055306488], [203.65542414852982, 0.5375221477303413, 0.1834333333333335, 0.0], [-1.3480350063352546, 202.26519055306488, 0.0, 0.1834333333333335]]"
2026-07-25 06:15:00,56.3458864870633,19.306719245247056,22.5,descending,64328.583553897,24629.400064025634,0.0,0.0,0.0,"[[340636.5742863222, -1563.127721083007, 214.76061307555722, -1.476993002506588], [-1563.1277210830071, 334996.641625392, 0.6156254495949208, 213.16095902139634], [214.76061307555722, 0.6156254495949208, 0.18760000000000018, 0.0], [-1.476993002506588, 213.16095902139634, 0.0, 0.18760000000000018]]"
2026-07-25 06:16:00,56.345883897351,19.306705335159,24.0,descending,64327.7229213119,24629.112605960538,0.0,0.0,0.0,"[[367668.2741866611, -1687.1553349453666, 226.1204070566119, -1.6095679164770544], [-1687.1553349453668, 361142.48825179506, 0.7019806840201543, 224.3098288429967], [226.1204070566119, 0.7019806840201543, 0.19176666666666686, 0.0], [-1.6095679164770544, 224.3098288429967, 0.0, 0.19176666666666686]]"
2026-07-25 06:17:00,56.345878903696864,19.306697552286728,25.5,descending,64327.241386367496,24628.55831035147,0.0,0.0,0.0,"[[396098.2027325175, -1803.243681102926, 237.73366454225672, -1.7391005033031814], [-1803.243681102926, 388638.76617903024, 0.7925916004447633, 235.71040239499825], [237.73366454225672, 0.7925916004447633, 0.19593333333333354, 0.0], [-1.7391005033031814, 235.71040239499825, 0.0, 0.19593333333333354]]"
2026-07-25 06:18:00,56.34587122610861,19.306694416601033,27.0,descending,64327.04737801347,24627.706098056216,0.0,0.0,0.0,"[[425948.9832783928, -1903.4823024559867, 249.5980546902527, -1.8535698041360151], [-1903.4823024559869, 417504.5820334661, 0.87955334208449, 247.35939518165023], [249.5980546902527, 0.87955334208449, 0.20010000000000022, 0.0], [-1.8535698041360151, 247.35939518165023, 0.0, 0.20010000000000022]]"
2026-07-25 06:19:00,56.345862118221305,19.306695743912275,28.5,descending,64327.129500233044,24626.695122564593,0.0,0.0,0.0,"[[457252.5409810634, -1995.0839323963817, 261.7140014568165, -1.9570076565622747], [-1995.0839323963821, 447775.1782481442, 0.9619123868367728, 259.2584555982584], [261.7140014568165, 0.9619123868367728, 0.2042666666666669, 0.0], [-1.9570076565622747, 259.2584555982584, 0.0, 0.2042666666666669]]"
2026-07-25 06:20:00,56.34585577554568,19.306701156794556,30.0,descending,64327.46440126695,24625.99108557035,0.0,0.0,0.0,"[[490047.2422076742, -2112.3337609923597, 274.0835442445225, -2.067764814497993], [-2112.3337609923606, 479500.20618938725, 1.0384029275229851, 271.41310143475215], [274.0835442445225, 1.0384029275229851, 0.20843333333333358, 0.0], [-2.067764814497993, 271.41310143475215, 0.0, 0.20843333333333358]]"
2026-07-25 06:21:00,56.34585215188993,19.30671076427122,31.5,descending,64328.05882651022,24625.588859781885,0.0,0.0,0.0,"[[524363.3707877134, -2259.3943827536195, 286.7064648164788, -2.1861475241175943], [-2259.394382753621, 512715.49369017204, 1.1080949570431966, 283.8245248965921], [286.7064648164788, 1.1080949570431966, 0.21260000000000026, 0.0], [-2.1861475241175943, 283.8245248965921, 0.0, 0.21260000000000026]]"
2026-07-25 06:22:00,56.34585065614658,19.306721755280105,33.0,descending,64328.7388524273,24625.422832270247,0.0,0.0,0.0,"[[560211.116935548, -2401.0989629799265, 299.5773766482107, -2.297246013482787], [-2401.0989629799283, 547477.8257253845, 1.1760355131865519, 296.49939588085954], [299.5773766482107, 1.1760355131865519, 0.21676666666666694, 0.0], [-2.297246013482787, 296.49939588085954, 0.0, 0.21676666666666694]]"
2026-07-25 06:23:00,56.34585110818588,19.306733305180398,34.5,descending,64329.45345757621,24625.47300863272,0.0,0.0,0.0,"[[597610.6079993459, -2521.7267384667875, 312.6939221586858, -2.394885129723726], [-2521.726738466789, 583832.8012485097, 1.2439263394585593, 309.44082525945316], [312.6939221586858, 1.2439263394585593, 0.22093333333333362, 0.0], [-2.394885129723726, 309.44082525945316, 0.0, 0.22093333333333362]]"
2026-07-25 06:24:00,56.345853501932865,19.306745491545936,36.0,descending,64330.207441536106,24625.73871454813,0.0,0.0,0.0,"[[636587.1047217028, -2616.113814704453, 326.0552335360655, -2.4773000727880974], [-2616.113814704455, 621820.7920525144, 1.311723894106021, 322.6502915000899], [326.0552335360655, 1.311723894106021, 0.2251000000000003, 0.0], [-2.4773000727880974, 322.6502915000899, 0.0, 0.2251000000000003]]"
2026-07-25 06:25:00,56.3458562468105,19.306755233388035,37.5,descending,64330.8101801181,24626.04339596504,0.0,0.0,0.0,"[[677182.0389305117, -2706.7819848800095, 339.6644586539904, -2.5525626425318486], [-2706.781984880011, 661447.9380275181, 1.3750931821835946, 336.12053277522654], [339.6644586539904, 1.3750931821835946, 0.22926666666666698, 0.0], [-2.5525626425318486, 336.12053277522654, 0.0, 0.22926666666666698]]"
2026-07-25 06:26:00,56.345859190142434,19.306762197366133,39.0,descending,64331.24104917147,24626.370105810198,0.0,0.0,0.0,"[[719424.4284582826, -2795.6924033328287, 353.52150130358206, -2.620840963185618], [-2795.6924033328305, 702746.8349674853, 1.4330689664349718, 349.8514469521398], [353.52150130358206, 1.4330689664349718, 0.23343333333333366, 0.0], [-2.620840963185618, 349.8514469521398, 0.0, 0.23343333333333366]]"
2026-07-25 06:27:00,56.34586235559385,19.30676639537449,40.5,descending,64331.50078460708,24626.721470917404,0.0,0.0,0.0,"[[763341.3219660802, -2881.8617189502347, 367.62581262512316, -2.6812201055858145], [-2881.8617189502365, 745753.9682637175, 1.4851283866537375, 363.84387687354723], [367.62581262512316, 1.4851283866537375, 0.23760000000000034, 0.0], [-2.6812201055858145, 363.84387687354723, 0.0, 0.23760000000000034]]"
2026-07-25 06:28:00,56.345865518186855,19.306768272430368,42.0,descending,64331.616920137676,24627.072518740682,0.0,0.0,0.0,"[[808963.6251072079, -2959.5072472868223, 381.97777489910544, -2.735225217743447], [-2959.507247286824, 790476.0194299751, 1.5353094839894748, 378.09150993471576], [381.97777489910544, 1.5353094839894748, 0.24176666666666702, 0.0], [-2.735225217743447, 378.09150993471576, 0.0, 0.24176666666666702]]"
2026-07-25 06:29:00,56.34586851565364,19.30676814507762,43.5,descending,64331.609040681564,24627.405237554376,0.0,0.0,0.0,"[[856321.8365720161, -3023.3835516136246, 396.5776469904842, -2.784040603879778], [-3023.383551613626, 836922.7102429223, 1.586860005509761, 392.5892775809308], [396.5776469904842, 1.586860005509761, 0.2459333333333337, 0.0], [-2.784040603879778, 392.5892775809308, 0.0, 0.2459333333333337]]"
2026-07-25 06:30:00,56.345871364871165,19.306766013079272,45.0,descending,64331.477131577856,24627.721500699194,0.0,0.0,0.0,"[[905443.5304956903, -3071.253975741316, 411.4250203440128, -2.827131526211667], [-3071.253975741318, 885123.7855454396, 1.6398406198007096, 407.33711259356926], [411.4250203440128, 1.6398406198007096, 0.2501000000000004, 0.0], [-2.827131526211667, 407.33711259356926, 0.0, 0.2501000000000004]]"
2026-07-25 06:31:00,56.34587408271792,19.306761876271743,46.5,descending,64331.22118270513,24628.02318168892,0.0,0.0,0.0,"[[956356.063561832, -3100.721559748476, 426.519471963189, -2.863947663751218], [-3100.7215597484774, 935108.9220733038, 1.694318867716144, 422.33493793636393], [426.519471963189, 1.694318867716144, 0.25426666666666703, 0.0], [-2.863947663751218, 422.33493793636393, 0.0, 0.25426666666666703]]"
2026-07-25 06:32:00,56.345877479242226,19.306755682928348,48.0,descending,64330.837993676105,24628.400195886694,0.0,0.0,0.0,"[[1009056.9663101409, -3098.751311404783, 441.8541610492526, -2.8904492127611574], [-3098.7513114047842, 986896.4535699922, 1.7514907707134244, 437.58018481883676], [441.8541610492526, 1.7514907707134244, 0.2584333333333337, 0.0], [-2.8904492127611574, 437.58018481883676, 0.0, 0.2584333333333337]]"
2026-07-25 06:33:00,56.345881868397946,19.306747435697066,49.5,descending,64330.32772832413,24628.887392171997,0.0,0.0,0.0,"[[1063557.8496779967, -3057.0176934773162, 457.4257751355308, -2.9045294936593957], [-3057.0176934773176, 1040509.76945644, 1.8120412900481169, 453.071581276675], [457.4257751355308, 1.8120412900481169, 0.26260000000000033, 0.0], [-2.9045294936593957, 453.071581276675, 0.0, 0.26260000000000033]]"
2026-07-25 06:34:00,56.345887268397924,19.306737160261868,51.0,descending,64329.69197574501,24629.486792169064,0.0,0.0,0.0,"[[1119880.1013123777, -2970.4940786910015, 473.23329722636544, -2.905326541134524], [-2970.4940786910024, 1095975.8515457348, 1.8762866229031006, 468.8087176952509], [473.23329722636544, 1.8762866229031006, 0.266766666666667, 0.0], [-2.905326541134524, 468.8087176952509, 0.0, 0.266766666666667]]"
2026-07-25 06:35:00,56.345893697408144,19.306724882685558,52.5,descending,64328.932348473514,24630.20041230395,0.0,0.0,0.0,"[[1178044.653459529, -2833.851117895592, 489.2756917317476, -2.8919645033569408], [-2833.851117895593, 1153321.40286481, 1.9445659243459315, 484.7911574163641], [489.2756917317476, 1.9445659243459315, 0.27093333333333364, 0.0], [-2.8919645033569408, 484.7911574163641, 0.0, 0.27093333333333364]]"
2026-07-25 06:36:00,56.34590143444522,19.306710952509302,54.0,descending,64328.0704730092,24631.05922341894,0.0,0.0,0.0,"[[1238076.045825146, -2638.5785155044805, 505.55272230645164, -2.8646060241445945], [-2638.578515504481, 1212574.197880354, 2.0194435457967157, 501.0187081847029], [505.55272230645164, 2.0194435457967157, 0.2751000000000003, 0.0], [-2.8646060241445945, 501.0187081847029, 0.0, 0.2751000000000003]]"
2026-07-25 06:37:00,56.34591117624986,19.306696270574633,55.5,descending,64327.16208541761,24632.14056373413,0.0,0.0,0.0,"[[1300006.361260832, -2370.503000110413, 522.0656598838098, -2.8253021087452335], [-2370.5030001104137, 1273764.6584887442, 2.1074310810188317, 517.4917102335455], [522.0656598838098, 2.1074310810188317, 0.27926666666666694, 0.0], [-2.8253021087452335, 517.4917102335455, 0.0, 0.27926666666666694]]"
2026-07-25 06:38:00,56.345922923997485,19.306680895877435,57.0,descending,64326.21083583955,24633.444563720463,0.0,0.0,0.0,"[[1363857.5439298798, -2022.1605330260766, 538.8137106474643, -2.7734083347561316], [-2022.1605330260772, 1336919.8306489238, 2.2094278390012665, 534.2098261759888], [538.8137106474643, 2.2094278390012665, 0.2834333333333336, 0.0], [-2.7734083347561316, 534.2098261759888, 0.0, 0.2834333333333336]]"
2026-07-25 06:39:00,56.3459366787875,19.306664887687305,58.5,descending,64325.220391350864,24634.97134541275,0.0,0.0,0.0,"[[1429651.2262756175, -1585.6945230384251, 555.7960747263525, -2.7082668352171986], [-1585.6945230384258, 1402066.5575808699, 2.326365190741014, 551.1727015532945], [555.7960747263525, 2.326365190741014, 0.28760000000000024, 0.0], [-2.7082668352171986, 551.1727015532945, 0.0, 0.28760000000000024]]"
2026-07-25 06:40:00,56.345952441643675,19.306648305534686,60.0,descending,64324.19443516592,24636.721022447466,0.0,0.0,0.0,"[[1497408.7302935056, -1052.844543939778, 573.0119466282249, -2.629205923544253], [-1052.844543939779, 1469231.4692584274, 2.459207131494397, 568.3799640478404], [573.0119466282249, 2.459207131494397, 0.2917666666666669, 0.0], [-2.629205923544253, 568.3799640478404, 0.0, 0.2917666666666669]]"
2026-07-25 06:41:00,56.34596957797842,19.30663176009009,61.5,descending,64323.1707501473,24638.623155604775,0.0,0.0,0.0,"[[1567162.834061339, -420.08779938645534, 590.4627146058094, -2.5359281284022135], [-420.0877993864564, 1538452.402522162, 2.6074088387136145, 585.8333900711533], [590.4627146058094, 2.6074088387136145, 0.29593333333333355, 0.0], [-2.5359281284022135, 585.8333900711533, 0.0, 0.29593333333333355]]"
2026-07-25 06:42:00,56.345984381983556,19.30661844501842,63.0,descending,64322.34693188616,24640.266400174325,0.0,0.0,0.0,"[[1639007.0071032317, 289.32949162665545, 608.1608451039117, -2.4300209890587117], [289.3294916266543, 1609826.9736100803, 2.762446479633257, 603.5457964513785], [608.1608451039117, 2.762446479633257, 0.3001000000000002, 0.0], [-2.4300209890587117, 603.5457964513785, 0.0, 0.3001000000000002]]"
2026-07-25 06:43:00,56.34599682370145,19.306608307905755,64.5,descending,64321.71973747564,24641.647430860237,0.0,0.0,0.0,"[[1712971.094186239, 1079.7864343733725, 626.1064402071742, -2.310865248323545], [1079.7864343733715, 1683391.8893881107, 2.9242913163566415, 621.5179407513986], [626.1064402071742, 2.9242913163566415, 0.30426666666666685, 0.0], [-2.310865248323545, 621.5179407513986, 0.0, 0.30426666666666685]]"
2026-07-25 06:44:00,56.34600687307326,19.306601296101398,66.0,descending,64321.285909358594,24642.76291113139,0.0,0.0,0.0,"[[1789085.0603117666, 1955.7521734927454, 644.2996156686677, -2.1778311574498965], [1955.7521734927443, 1759184.2736074813, 3.092896037696949, 639.7506050941461], [644.2996156686677, 3.092896037696949, 0.3084333333333335, 0.0], [-2.1778311574498965, 639.7506050941461, 0.0, 0.3084333333333335]]"
2026-07-25 06:45:00,56.346014499929716,19.306597356719877,67.5,descending,64321.042175452036,24643.60949219828,0.0,0.0,0.0,"[[1867378.9991971897, 2921.7808528801447, 662.7405012351746, -2.0302790008528415], [2921.7808528801434, 1837241.6802883549, 3.268193909111368, 658.2445965272339], [662.7405012351746, 3.268193909111368, 0.31260000000000016, 0.0], [-2.0302790008528415, 658.2445965272339, 0.0, 0.31260000000000016]]"
2026-07-25 06:46:00,56.346019673981914,19.3065964366427,69.0,descending,64320.985249256155,24644.183811992283,0.0,0.0,0.0,"[[1947883.1419516425, 3982.5059795620837, 681.4292409740932, -1.8675596869953808], [3982.5059795620823, 1917602.1074433082, 3.450097890791344, 677.0007474065515], [681.4292409740932, 3.450097890791344, 0.3167666666666668, 0.0], [-1.8675596869953808, 677.0007474065515, 0.0, 0.3167666666666668]]"
2026-07-25 06:47:00,56.34602238403258,19.30659721519064,70.5,descending,64321.03341888121,24644.48462761603,0.0,0.0,0.0,"[[2030624.934195227, 5120.8061905468185, 700.3654877851527, -1.6903005490328475], [5120.806190546817, 2000312.9989099929, 3.6323004258991447, 696.0215002668198], [700.3654877851527, 3.6323004258991447, 0.32093333333333346, 0.0], [-1.6903005490328475, 696.0215002668198, 0.0, 0.32093333333333346]]"
2026-07-25 06:48:00,56.34602267652119,19.306596385021187,72.0,descending,64320.98205537587,24644.51709385148,0.0,0.0,0.0,"[[2115626.341358357, 6280.678187273553, 719.5479848432924, -1.5013355186674664], [6280.67818727355, 2085438.4118265389, 3.7979768377517438, 715.3120339678761], [719.5479848432924, 3.7979768377517438, 0.3251000000000001, 0.0], [-1.5013355186674664, 715.3120339678761, 0.0, 0.3251000000000001]]"
2026-07-25 06:49:00,56.346020563634646,19.306593887469653,73.5,descending,64320.82752909066,24644.282563445806,0.0,0.0,0.0,"[[2202916.152374609, 7458.331646530647, 738.9766983796688, -1.3003058670787215], [7458.331646530644, 2173021.446554103, 3.945716155981953, 734.8736161406831], [738.9766983796688, 3.945716155981953, 0.32926666666666676, 0.0], [-1.3003058670787215, 734.8736161406831, 0.0, 0.32926666666666676]]"
2026-07-25 06:50:00,56.34601605743718,19.30658966377279,75.0,descending,64320.566204278606,24643.782375527022,0.0,0.0,0.0,"[[2292523.1478523943, 8649.682325763997, 758.6515945151864, -1.0868450865497574], [8649.682325763997, 2263105.8565777894, 4.07406245392366, 754.7075431655833], [758.6515945151864, 4.07406245392366, 0.3334333333333334, 0.0], [-1.0868450865497574, 754.7075431655833, 0.0, 0.3334333333333334]]"
2026-07-25 06:51:00,56.34600916987429,19.306583655070526,76.5,descending,64320.194439201,24643.0178560459,0.0,0.0,0.0,"[[2384476.0986457393, 9850.344121293962, 778.5726390028352, -0.8605786984729561], [9850.344121293963, 2355736.0620051916, 4.181514474221961, 774.8151397100285], [778.5726390028352, 4.181514474221961, 0.33760000000000007, 0.0], [-0.8605786984729561, 774.8151397100285, 0.0, 0.33760000000000007]]"
2026-07-25 06:52:00,56.345999912776854,19.30657580240765,78.0,descending,64319.70858623423,24641.990318230153,0.0,0.0,0.0,"[[2478803.7642754666, 11055.621085949106, 798.7397969664598, -0.6211240812286253], [11055.621085949106, 2450957.1629537926, 4.266525265665807, 795.1977582409763], [798.7397969664598, 4.266525265665807, 0.3417666666666667, 0.0], [-0.6211240812286253, 795.1977582409763, 0.0, 0.3417666666666667]]"
2026-07-25 06:53:00,56.34598829786532,19.306566046735597,79.5,descending,64319.104991977896,24640.70106305045,0.0,0.0,0.0,"[[2575534.891201665, 12260.499402352827, 819.1530326363891, -0.36809031895735544], [12260.499402352827, 2548814.9528252846, 4.327501831651846, 815.8567785125688], [819.1530326363891, 4.327501831651846, 0.34593333333333337, 0.0], [-0.36809031895735544, 815.8567785125688, 0.0, 0.34593333333333337]]"
2026-07-25 06:54:00,56.345975027627105,19.30655397051981,81.0,descending,64318.357823105245,24639.228066608164,0.0,0.0,0.0,"[[2674745.874351131, 13450.854489124375, 839.8197453673741, -0.11253495148736557], [13450.854489124375, 2649307.351730166, 4.371411453601467, 836.785935294245], [839.8197453673741, 4.371411453601467, 0.3501, 0.0], [-0.11253495148736557, 836.785935294245, 0.0, 0.3501]]"
2026-07-25 06:55:00,56.34596053333018,19.30653933261019,82.5,descending,64317.45215939235,24637.61919964988,0.0,0.0,0.0,"[[2776499.418706669, 14615.179378310293, 860.744823857898, 0.13825325295559354], [14615.179378310291, 2752446.2705628383, 4.402544914615871, 857.9815038462367], [860.744823857898, 4.402544914615871, 0.3542666666666667, 0.0], [0.13825325295559354, 857.9815038462367, 0.0, 0.3542666666666667]]"
2026-07-25 06:56:00,56.34594482384525,19.306522119532595,84.0,descending,64316.38716717899,24635.875446822898,0.0,0.0,0.0,"[[2880830.764739126, 15746.825689634888, 881.9287120427954, 0.38381190308266006], [15746.825689634888, 2858272.127144346, 4.420082731154975, 879.4443570245079], [881.9287120427954, 4.420082731154975, 0.3584333333333333, 0.0], [0.38381190308266006, 879.4443570245079, 0.0, 0.3584333333333333]]"
2026-07-25 06:57:00,56.34592790805198,19.30650231780563,85.5,descending,64315.16201235633,24633.99779376982,0.0,0.0,0.0,"[[2987775.3532346636, 16838.802045747525, 903.3718597148006, 0.6236668975740463], [16838.802045747525, 2966825.823221415, 4.423185365119077, 901.1753904576407], [903.3718597148006, 4.423185365119077, 0.3626, 0.0], [0.6236668975740463, 901.1753904576407, 0.0, 0.3626]]"
2026-07-25 06:58:00,56.34590979483888,19.306479913939334,87.0,descending,64313.77586028541,24631.987227115387,0.0,0.0,0.0,"[[3097368.8281482244, 17883.765387888478, 925.0747225063316, 0.857332118850291], [17883.765387888478, 3078148.7561912434, 4.410993285695797, 923.1755225294116], [925.0747225063316, 4.410993285695797, 0.36676666666666663, 0.0], [0.857332118850291, 923.1755225294116, 0.0, 0.36676666666666663]]"
2026-07-25 06:59:00,56.34589049310316,19.306454894433873,88.5,descending,64312.227875716606,24629.844734450726,0.0,0.0,0.0,"[[3209647.0395097258, 18874.01216703361, 947.0377618766277, 1.08430911466016], [18874.01216703361, 3192282.830880672, 4.382627043244415, 945.4456943545672], [947.0377618766277, 4.382627043244415, 0.3709333333333333, 0.0], [1.08430911466016, 945.4456943545672, 0.0, 0.3709333333333333]]"
2026-07-25 07:00:00,56.345870011750584,19.30642724577826,90.0,descending,64310.51722271014,24627.571304314803,0.0,0.0,0.0,"[[3324646.046388244, 19801.469409250018, 969.2614451043878, 1.3040867675639833], [19801.469409250014, 3309270.4713816606, 4.337187355340834, 967.9868697482048], [969.2614451043878, 4.337187355340834, 0.37509999999999993, 0.0], [1.3040867675639833, 967.9868697482048, 0.0, 0.37509999999999993]]"
2026-07-25 07:01:00,56.34584828889684,19.306396893413787,91.5,descending,64308.63928823606,24625.16006754874,0.0,0.0,0.0,"[[3442411.037803968, 20659.628360378792, 991.7475237642208, 1.5156354932247036], [20659.62836037879, 3429110.847611739, 4.274820633980725, 990.7937389025401], [991.7475237642208, 4.274820633980725, 0.3792666666666666, 0.0], [1.5156354932247036, 990.7937389025401, 0.0, 0.3792666666666666]]"
2026-07-25 07:02:00,56.345824906387776,19.306363424169252,93.0,descending,64306.56850893342,24622.564609043246,0.0,0.0,0.0,"[[3563039.0878217816, 21454.682833402076, 1014.5050113117748, 1.7150260497817145], [21454.682833402072, 3551533.084945813, 4.202256767569618, 1013.8229079409499], [1014.5050113117748, 4.202256767569618, 0.38343333333333324, 0.0], [1.7150260497817145, 1013.8229079409499, 0.0, 0.38343333333333324]]"
2026-07-25 07:03:00,56.34579986870739,19.30632682231676,94.5,descending,64304.303911699906,24619.78542651994,0.0,0.0,0.0,"[[3686575.2539758845, 22178.0260345928, 1037.5351741751474, 1.9012109692345842], [22178.0260345928, 3676551.0017387257, 4.119052925204426, 1037.0732369452774], [1037.5351741751474, 4.119052925204426, 0.3875999999999999, 0.0], [1.9012109692345842, 1037.0732369452774, 0.0, 0.3875999999999999]]"
2026-07-25 07:04:00,56.34577318052765,19.306287072073474,96.0,descending,64301.84452003411,24616.8230385691,0.0,0.0,0.0,"[[3813065.366079145, 22820.614275350006, 1060.8393202435052, 2.0731083781928215], [22820.61427535001, 3804178.019832592, 4.02475562730946, 1060.5435866663063], [1060.8393202435052, 4.02475562730946, 0.39176666666666654, 0.0], [2.0731083781928215, 1060.5435866663063, 0.0, 0.39176666666666654]]"
2026-07-25 07:05:00,56.34574484670434,19.306244157598393,97.5,descending,64299.1893538356,24613.677984181642,0.0,0.0,0.0,"[[3942556.0545239137, 23372.955659739175, 1084.4187998586624, 2.2296016459713868], [23372.95565973918, 3934427.167590491, 3.918900556000499, 1084.2328185652516], [1084.4187998586624, 3.918900556000499, 0.3959333333333332, 0.0], [2.2296016459713868, 1084.2328185652516, 0.0, 0.3959333333333332]]"
2026-07-25 07:06:00,56.34571487227282,19.306198062988873,99.0,descending,64296.33742919032,24610.350822283293,0.0,0.0,0.0,"[[4075094.779488713, 23825.098658639145, 1108.2750068251435, 2.3695390336888402], [23825.09865863915, 4067311.082655879, 3.8010123649138285, 1108.1397948126812], [1108.2750068251435, 3.8010123649138285, 0.40009999999999984, 0.0], [2.3695390336888402, 1108.1397948126812, 0.0, 0.40009999999999984]]"
2026-07-25 07:07:00,56.345683262443885,19.306148772276934,100.5,descending,64293.287758141174,24606.842131271056,0.0,0.0,0.0,"[[4210729.861078469, 24166.620563872442, 1132.4093794389987, 2.4917333428622555], [24166.620563872442, 4202842.014409773, 3.670604488653282, 1132.2633782446628], [1132.4093794389987, 3.670604488653282, 0.4042666666666665, 0.0], [2.4917333428622555, 1132.2633782446628, 0.0, 0.4042666666666665]]"
2026-07-25 07:08:00,56.34565002259957,19.306096269425293,102.0,descending,64290.03934844394,24603.152508552103,0.0,0.0,0.0,"[[4349510.510426856, 24386.615814810848, 1156.8234015356534, 2.5949615619008317], [24386.61581481085, 4341031.826098477, 3.527178952007739, 1156.6024322759838], [1156.8234015356534, 3.527178952007739, 0.40843333333333315, 0.0], [2.5949615619008317, 1156.6024322759838, 0.0, 0.40843333333333315]]"
2026-07-25 07:09:00,56.34561515828906,19.30604053832319,103.5,descending,64286.591203308235,24599.28257008521,0.0,0.0,0.0,"[[4491486.861790268, 24473.68418905226, 1181.5186035570932, 2.6779645088099477], [24473.684189052263, 4481891.996605257, 3.3702261790920476, 1181.1558207703495], [1181.5186035570932, 3.3702261790920476, 0.4125999999999998, 0.0], [2.6779645088099477, 1181.1558207703495, 0.0, 0.4125999999999998]]"
2026-07-25 07:10:00,56.34557938631128,19.305982805758426,105.0,descending,64283.019225456235,24595.311880551842,0.0,0.0,0.0,"[[4636571.984042774, 24355.532416592814, 1206.4787257334467, 2.7276322878922152], [24355.53241659282, 4625244.6954724565, 3.1954971083957098, 1205.89791152247], [1206.4787257334467, 3.1954971083957098, 0.41676666666666645, 0.0], [2.7276322878922152, 1205.89791152247, 0.0, 0.41676666666666645]]"
2026-07-25 07:11:00,56.34554290742385,19.30592340834626,106.5,descending,64279.34424164802,24591.26272404677,0.0,0.0,0.0,"[[4784763.808700621, 23997.777067034043, 1231.6991285150154, 2.7389143131828546], [23997.777067034047, 4771031.750219948, 3.001140518682532, 1230.819618993553], [1231.6991285150154, 3.001140518682532, 0.4209333333333331, 0.0], [2.7389143131828546, 1230.819618993553, 0.0, 0.4209333333333331]]"
2026-07-25 07:12:00,56.345505725883655,19.30586234067869,108.0,descending,64275.56591728424,24587.135573085474,0.0,0.0,0.0,"[[4936096.224006513, 23381.331876318443, 1257.1799358755766, 2.7099472631275345], [23381.331876318447, 4919243.980418655, 2.7862793294942745, 1255.9184859038705], [1257.1799358755766, 2.7862793294942745, 0.42509999999999976, 0.0], [2.7099472631275345, 1255.9184859038705, 0.0, 0.42509999999999976]]"
2026-07-25 07:13:00,56.34546784610415,19.305799597556366,109.5,descending,64271.68393067555,24582.930917560403,0.0,0.0,0.0,"[[5090603.153520744, 22486.48900191904, 1282.921266359857, 2.6388454492328965], [22486.489001919042, 5069871.449905922, 2.5500147984324086, 1281.1920577601388], [1282.921266359857, 2.5500147984324086, 0.4292666666666664, 0.0], [2.6388454492328965, 1281.1920577601388, 0.0, 0.4292666666666664]]"
2026-07-25 07:14:00,56.34542927265481,19.305735173992012,111.0,descending,64267.69797325363,24578.649264683816,0.0,0.0,0.0,"[[5248318.556930387, 21292.91743919529, 1308.9232329958375, 2.523701800741323], [21292.91743919529, 5222903.488774356, 2.2914261484432408, 1306.6378842079412], [1308.9232329958375, 2.2914261484432408, 0.43343333333333306, 0.0], [2.523701800741323, 1306.6378842079412, 0.0, 0.43343333333333306]]"
2026-07-25 07:15:00,56.34539001026063,19.305669065213767,112.5,descending,64263.60774977794,24574.2911389293,0.0,0.0,0.0,"[[5409276.430991684, 19779.661764330423, 1335.1859432111532, 2.3625888699997217], [19779.661764330423, 5378328.716025643, 2.0095701848591503, 1332.2535203689552], [1335.1859432111532, 2.0095701848591503, 0.4375999999999997, 0.0], [2.3625888699997217, 1332.2535203689552, 0.0, 0.4375999999999997]]"
2026-07-25 07:16:00,56.345350063801554,19.305601266668447,114.0,descending,64259.41297853811,24569.857081972128,0.0,0.0,0.0,"[[5573510.810603529, 17925.14119185686, 1361.7094987535997, 2.1535598575486037], [17925.141191856856, 5536135.062855603, 1.7034809020768156, 1358.0365281618638], [1361.7094987535997, 1.7034809020768156, 0.44176666666666636, 0.0], [2.1535598575486037, 1358.0365281618638, 0.0, 0.44176666666666636]]"
2026-07-25 07:17:00,56.34530943831197,19.30553177402475,115.5,descending,64255.113391551684,24565.347652628545,0.0,0.0,0.0,"[[5741055.770009462, 15707.148933994504, 1388.493995615744, 1.8946496559392942], [15707.148933994502, 5696309.796536513, 1.3721690797691737, 1383.984477605872], [1388.493995615744, 1.3721690797691737, 0.445933333333333, 0.0], [1.8946496559392942, 1383.984477605872, 0.0, 0.445933333333333]]"
2026-07-25 07:18:00,56.34526813898013,19.305460583176377,117.0,descending,64250.70873475731,24560.763426794103,0.0,0.0,0.0,"[[5911945.424125049, 13102.851848244343, 1415.5395239636462, 1.583875911265013], [13102.851848244343, 5858839.544862331, 1.0146218685405743, 1410.094948105768], [1415.5395239636462, 1.0146218685405743, 0.45009999999999967, 0.0], [1.583875911265013, 1410.094948105768, 0.0, 0.45009999999999967]]"
2026-07-25 07:19:00,56.34526813898013,19.305460583176377,118.5,descending,64250.70873475731,24560.763426794103,0.0,0.0,0.0,"[[6083670.527000687, 13258.761715032679, 1442.5455239636462, 1.583875911265013], [13258.761715032679, 6029911.298635023, 1.0146218685405743, 1437.100948105768], [1442.5455239636462, 1.0146218685405743, 0.4542666666666663, 0.0], [1.583875911265013, 1437.100948105768, 0.0, 0.4542666666666663]]"
2026-07-25 07:20:00,56.34526813898013,19.305460583176377,120.0,descending,64250.70873475731,24560.763426794103,0.0,0.0,0.0,"[[6258651.349876325, 13414.671581821014, 1469.8015239636463, 1.583875911265013], [13414.671581821014, 6204238.772407715, 1.0146218685405743, 1464.3569481057682], [1469.8015239636463, 1.0146218685405743, 0.45843333333333297, 0.0], [1.583875911265013, 1464.3569481057682, 0.0, 0.45843333333333297]]"
2026-07-25 07:21:00,56.34526813898013,19.305460583176377,121.5,descending,64250.70873475731,24560.763426794103,0.0,0.0,0.0,"[[6436917.892751962, 13570.58144860935, 1497.3075239636464, 1.583875911265013], [13570.58144860935, 6381851.966180407, 1.0146218685405743, 1491.8629481057683], [1497.3075239636464, 1.0146218685405743, 0.4625999999999996, 0.0], [1.583875911265013, 1491.8629481057683, 0.0, 0.4625999999999996]]"
2026-07-25 07:22:00,56.34526813898013,19.305460583176377,123.0,descending,64250.70873475731,24560.763426794103,0.0,0.0,0.0,"[[6618500.1556276, 13726.491315397685, 1525.0635239636465, 1.583875911265013], [13726.491315397685, 6562780.879953099, 1.0146218685405743, 1519.6189481057684], [1525.0635239636465, 1.0146218685405743, 0.4667666666666663, 0.0], [1.583875911265013, 1519.6189481057684, 0.0, 0.4667666666666663]]"
2026-07-25 07:23:00,56.34526813898013,19.305460583176377,124.5,descending,64250.70873475731,24560.763426794103,0.0,0.0,0.0,"[[6803428.138503238, 13882.40118218602, 1553.0695239636466, 1.583875911265013], [13882.40118218602, 6747055.513725792, 1.0146218685405743, 1547.6249481057685], [1553.0695239636466, 1.0146218685405743, 0.4709333333333329, 0.0], [1.583875911265013, 1547.6249481057685, 0.0, 0.4709333333333329]]"
2026-07-25 07:24:00,56.34526813898013,19.305460583176377,126.0,descending,64250.70873475731,24560.763426794103,0.0,0.0,0.0,"[[6991731.841378875, 14038.311048974356, 1581.3255239636467, 1.583875911265013], [14038.311048974356, 6934705.867498484, 1.0146218685405743, 1575.8809481057685], [1581.3255239636467, 1.0146218685405743, 0.4750999999999996, 0.0], [1.583875911265013, 1575.8809481057685, 0.0, 0.4750999999999996]]"
2026-07-25 07:25:00,56.34526813898013,19.305460583176377,127.5,descending,64250.70873475731,24560.763426794103,0.0,0.0,0.0,"[[7183441.264254513, 14194.220915762691, 1609.8315239636468, 1.583875911265013], [14194.220915762691, 7125761.941271177, 1.0146218685405743, 1604.3869481057686], [1609.8315239636468, 1.0146218685405743, 0.47926666666666623, 0.0], [1.583875911265013, 1604.3869481057686, 0.0, 0.47926666666666623]]"
2026-07-25 07:26:00,56.34526813898013,19.305460583176377,129.0,descending,64250.70873475731,24560.763426794103,0.0,0.0,0.0,"[[7378586.407130151, 14350.130782551027, 1638.5875239636468, 1.583875911265013], [14350.130782551027, 7320253.735043869, 1.0146218685405743, 1633.1429481057687], [1638.5875239636468, 1.0146218685405743, 0.4834333333333329, 0.0], [1.583875911265013, 1633.1429481057687, 0.0, 0.4834333333333329]]"
2026-07-25 07:27:00,56.34526813898013,19.305460583176377,130.5,descending,64250.70873475731,24560.763426794103,0.0,0.0,0.0,"[[7577197.270005789, 14506.040649339362, 1667.593523963647, 1.583875911265013], [14506.040649339362, 7518211.248816562, 1.0146218685405743, 1662.1489481057688], [1667.593523963647, 1.0146218685405743, 0.48759999999999953, 0.0], [1.583875911265013, 1662.1489481057688, 0.0, 0.48759999999999953]]"
2026-07-25 07:28:00,56.34526813898013,19.305460583176377,132.0,descending,64250.70873475731,24560.763426794103,0.0,0.0,0.0,"[[7779303.852881426, 14661.950516127697, 1696.849523963647, 1.583875911265013], [14661.950516127697, 7719664.482589254, 1.0146218685405743, 1691.4049481057689], [1696.849523963647, 1.0146218685405743, 0.4917666666666662, 0.0], [1.583875911265013, 1691.4049481057689, 0.0, 0.4917666666666662]]"
2026-07-25 07:38:00,56.34526813898013,19.305460583176377,132.0,parking,64250.70873475731,24560.763426794103,0.0,0.0,0.0,"[[7779303.852881426, 14661.950516127697, 1696.849523963647, 1.583875911265013], [14661.950516127697, 7719664.482589254, 1.0146218685405743, 1691.4049481057689], [1696.849523963647, 1.0146218685405743, 0.4917666666666662, 0.0], [1.583875911265013, 1691.4049481057689, 0.0, 0.4917666666666662]]"
2026-07-25 07:48:00,56.34526813898013,19.305460583176377,132.0,parking,64250.70873475731,24560.763426794103,0.0,0.0,0.0,"[[7779303.852881426, 14661.950516127697, 1696.849523963647, 1.583875911265013], [14661.950516127697, 7719664.482589254, 1.0146218685405743, 1691.4049481057689], [1696.849523963647, 1.0146218685405743, 0.4917666666666662, 0.0], [1.583875911265013, 1691.4049481057689, 0.0, 0.4917666666666662]]"
2026-07-25 07:58:00,56.34526813898013,19.305460583176377,132.0,parking,64250.70873475731,24560.763426794103,0.0,0.0,0.0,"[[7779303.852881426, 14661.950516127697, 1696.849523963647, 1.583875911265013], [14661.950516127697, 7719664.482589254, 1.0146218685405743, 1691.4049481057689], [1696.849523963647, 1.0146218685405743, 0.4917666666666662, 0.0], [1.583875911265013, 1691.4049481057689, 0.0, 0.4917666666666662]]"
2026-07-25 08:08:00,56.34526813898013,19.305460583176377,132.0,parking,64250.70873475731,24560.763426794103,0.0,0.0,0.0,"[[7779303.852881426, 14661.950516127697, 1696.849523963647, 1.583875911265013], [14661.950516127697, 7719664.482589254, 1.0146218685405743, 1691.4049481057689], [1696.849523963647, 1.0146218685405743, 0.4917666666666662, 0.0], [1.583875911265013, 1691.4049481057689, 0.0, 0.4917666666666662]]"
2026-07-25 08:18:00,56.34526813898013,19.305460583176377,132.0,parking,64250.70873475731,24560.763426794103,0.0,0.0,0.0,"[[7779303.852881426, 14661.950516127697, 1696.849523963647, 1.583875911265013], [14661.950516127697, 7719664.482589254, 1.0146218685405743, 1691.4049481057689], [1696.849523963647, 1.0146218685405743, 0.4917666666666662, 0.0], [1.583875911265013, 1691.4049481057689, 0.0, 0.4917666666666662]]"
2026-07-25 08:28:00,56.34526813898013,19.305460583176377,132.0,parking,64250.70873475731,24560.763426794103,0.0,0.0,0.0,"[[7779303.852881426, 14661.950516127697, 1696.849523963647, 1.583875911265013], [14661.950516127697, 7719664.482589254, 1.0146218685405743, 1691.4049481057689], [1696.849523963647, 1.0146218685405743, 0.4917666666666662, 0.0], [1.583875911265013, 1691.4049481057689, 0.0, 0.4917666666666662]]"
2026-07-25 08:38:00,56.34526813898013,19.305460583176377,132.0,parking,64250.70873475731,24560.763426794103,0.0,0.0,0.0,"[[7779303.852881426, 14661.950516127697, 1696.849523963647, 1.583875911265013], [14661.950516127697, 7719664.482589254, 1.0146218685405743, 1691.4049481057689], [1696.849523963647, 1.0146218685405743, 0.4917666666666662, 0.0], [1.583875911265013, 1691.4049481057689, 0.0, 0.4917666666666662]]"
2026-07-25 08:48:00,56.34526813898013,19.305460583176377,132.0,parking,64250.70873475731,24560.763426794103,0.0,0.0,0.0,"[[7779303.852881426, 14661.950516127697, 1696.849523963647, 1.583875911265013], [14661.950516127697, 7719664.482589254, 1.0146218685405743, 1691.4049481057689], [1696.849523963647, 1.0146218685405743, 0.4917666666666662, 0.0], [1.583875911265013, 1691.4049481057689, 0.0, 0.4917666666666662]]"
2026-07-25 08:58:00,56.34526813898013,19.305460583176377,132.0,parking,64250.70873475731,24560.763426794103,0.0,0.0,0.0,"[[7779303.852881426, 14661.950516127697, 1696.849523963647, 1.583875911265013], [14661.950516127697, 7719664.482589254, 1.0146218685405743, 1691.4049481057689], [1696.849523963647, 1.0146218685405743, 0.4917666666666662, 0.0], [1.583875911265013, 1691.4049481057689, 0.0, 0.4917666666666662]]"
2026-07-25 09:08:00,56.34526813898013,19.305460583176377,132.0,parking,64250.70873475731,24560.763426794103,0.0,0.0,0.0,"[[7779303.852881426, 14661.950516127697, 1696.849523963647, 1.583875911265013], [14661.950516127697, 7719664.482589254, 1.0146218685405743, 1691.4049481057689], [1696.849523963647, 1.0146218685405743, 0.4917666666666662, 0.0], [1.583875911265013, 1691.4049481057689, 0.0, 0.4917666666666662]]"
2026-07-25 09:18:00,56.34526813898013,19.305460583176377,132.0,parking,64250.70873475731,24560.763426794103,0.0,0.0,0.0,"[[7779303.852881426, 14661.950516127697, 1696.849523963647, 1.583875911265013], [14661.950516127697, 7719664.482589254, 1.0146218685405743, 1691.4049481057689], [1696.849523963647, 1.0146218685405743, 0.4917666666666662, 0.0], [1.583875911265013, 1691.4049481057689, 0.0, 0.4917666666666662]]"
2026-07-25 09:28:00,56.34526813898013,19.305460583176377,132.0,parking,64250.70873475731,24560.763426794103,0.0,0.0,0.0,"[[7779303.852881426, 14661.950516127697, 1696.849523963647, 1.583875911265013], [14661.950516127697, 7719664.482589254, 1.0146218685405743, 1691.4049481057689], [1696.849523963647, 1.0146218685405743, 0.4917666666666662, 0.0], [1.583875911265013, 1691.4049481057689, 0.0, 0.4917666666666662]]"
2026-07-25 09:38:00,56.34526813898013,19.305460583176377,132.0,parking,64250.70873475731,24560.763426794103,0.0,0.0,0.0,"[[7779303.852881426, 14661.950516127697, 1696.849523963647, 1.583875911265013], [14661.950516127697, 7719664.482589254, 1.0146218685405743, 1691.4049481057689], [1696.849523963647, 1.0146218685405743, 0.4917666666666662, 0.0], [1.583875911265013, 1691.4049481057689, 0.0, 0.4917666666666662]]"
2026-07-25 09:48:00,56.34526813898013,19.305460583176377,132.0,parking,64250.70873475731,24560.763426794103,0.0,0.0,0.0,"[[7779303.852881426, 14661.950516127697, 1696.849523963647, 1.583875911265013], [14661.950516127697, 7719664.482589254, 1.0146218685405743, 1691.4049481057689], [1696.849523963647, 1.0146218685405743, 0.4917666666666662, 0.0], [1.583875911265013, 1691.4049481057689, 0.0, 0.4917666666666662]]"
2026-07-25 09:58:00,56.34526813898013,19.305460583176377,132.0,parking,64250.70873475731,24560.763426794103,0.0,0.0,0.0,"[[7779303.852881426, 14661.950516127697, 1696.849523963647, 1.583875911265013], [14661.950516127697, 7719664.482589254, 1.0146218685405743, 1691.4049481057689], [1696.849523963647, 1.0146218685405743, 0.4917666666666662, 0.0], [1.583875911265013, 1691.4049481057689, 0.0, 0.4917666666666662]]"
2026-07-25 10:08:00,56.34526813898013,19.305460583176377,132.0,parking,64250.70873475731,24560.763426794103,0.0,0.0,0.0,"[[7779303.852881426, 14661.950516127697, 1696.849523963647, 1.583875911265013], [14661.950516127697, 7719664.482589254, 1.0146218685405743, 1691.4049481057689], [1696.849523963647, 1.0146218685405743, 0.4917666666666662, 0.0], [1.583875911265013, 1691.4049481057689, 0.0, 0.4917666666666662]]"
2026-07-25 10:18:00,56.34526813898013,19.305460583176377,132.0,parking,64250.70873475731,24560.763426794103,0.0,0.0,0.0,"[[7779303.852881426, 14661.950516127697, 1696.849523963647, 1.583875911265013], [14661.950516127697, 7719664.482589254, 1.0146218685405743, 1691.4049481057689], [1696.849523963647, 1.0146218685405743, 0.4917666666666662, 0.0], [1.583875911265013, 1691.4049481057689, 0.0, 0.4917666666666662]]"
2026-07-25 10:28:00,56.34526813898013,19.305460583176377,132.0,parking,64250.70873475731,24560.763426794103,0.0,0.0,0.0,"[[7779303.852881426, 14661.950516127697, 1696.849523963647, 1.583875911265013], [14661.950516127697, 7719664.482589254, 1.0146218685405743, 1691.4049481057689], [1696.849523963647, 1.0146218685405743, 0.4917666666666662, 0.0], [1.583875911265013, 1691.4049481057689, 0.0, 0.4917666666666662]]"
2026-07-25 10:38:00,56.34526813898013,19.305460583176377,132.0,parking,64250.70873475731,24560.763426794103,0.0,0.0,0.0,"[[7779303.852881426, 14661.950516127697, 1696.849523963647, 1.583875911265013], [14661.950516127697, 7719664.482589254, 1.0146218685405743, 1691.4049481057689], [1696.849523963647, 1.0146218685405743, 0.4917666666666662, 0.0], [1.583875911265013, 1691.4049481057689, 0.0, 0.4917666666666662]]"
2026-07-25 10:48:00,56.34526813898013,19.305460583176377,132.0,parking,64250.70873475731,24560.763426794103,0.0,0.0,0.0,"[[7779303.852881426, 14661.950516127697, 1696.849523963647, 1.583875911265013], [14661.950516127697, 7719664.482589254, 1.0146218685405743, 1691.4049481057689], [1696.849523963647, 1.0146218685405743, 0.4917666666666662, 0.0], [1.583875911265013, 1691.4049481057689, 0.0, 0.4917666666666662]]"
2026-07-25 10:58:00,56.34526813898013,19.305460583176377,132.0,parking,64250.70873475731,24560.763426794103,0.0,0.0,0.0,"[[7779303.852881426, 14661.950516127697, 1696.849523963647, 1.583875911265013], [14661.950516127697, 7719664.482589254, 1.0146218685405743, 1691.4049481057689], [1696.849523963647, 1.0146218685405743, 0.4917666666666662, 0.0], [1.583875911265013, 1691.4049481057689, 0.0, 0.4917666666666662]]"
2026-07-25 11:08:00,56.34526813898013,19.305460583176377,132.0,parking,64250.70873475731,24560.763426794103,0.0,0.0,0.0,"[[7779303.852881426, 14661.950516127697, 1696.849523963647, 1.583875911265013], [14661.950516127697, 7719664.482589254, 1.0146218685405743, 1691.4049481057689], [1696.849523963647, 1.0146218685405743, 0.4917666666666662, 0.0], [1.583875911265013, 1691.4049481057689, 0.0, 0.4917666666666662]]"
2026-07-25 11:18:00,56.34526813898013,19.305460583176377,132.0,parking,64250.70873475731,24560.763426794103,0.0,0.0,0.0,"[[7779303.852881426, 14661.950516127697, 1696.849523963647, 1.583875911265013], [14661.950516127697, 7719664.482589254, 1.0146218685405743, 1691.4049481057689], [1696.849523963647, 1.0146218685405743, 0.4917666666666662, 0.0], [1.583875911265013, 1691.4049481057689, 0.0, 0.4917666666666662]]"
2026-07-25 11:28:00,56.34526813898013,19.305460583176377,132.0,parking,64250.70873475731,24560.763426794103,0.0,0.0,0.0,"[[7779303.852881426, 14661.950516127697, 1696.849523963647, 1.583875911265013], [14661.950516127697, 7719664.482589254, 1.0146218685405743, 1691.4049481057689], [1696.849523963647, 1.0146218685405743, 0.4917666666666662, 0.0], [1.583875911265013, 1691.4049481057689, 0.0, 0.4917666666666662]]"
2026-07-25 11:38:00,56.34526813898013,19.305460583176377,132.0,parking,64250.70873475731,24560.763426794103,0.0,0.0,0.0,"[[7779303.852881426, 14661.950516127697, 1696.849523963647, 1.583875911265013], [14661.950516127697, 7719664.482589254, 1.0146218685405743, 1691.4049481057689], [1696.849523963647, 1.0146218685405743, 0.4917666666666662, 0.0], [1.583875911265013, 1691.4049481057689, 0.0, 0.4917666666666662]]"
2026-07-25 11:48:00,56.34526813898013,19.305460583176377,132.0,parking,64250.70873475731,24560.763426794103,0.0,0.0,0.0,"[[7779303.852881426, 14661.950516127697, 1696.849523963647, 1.583875911265013], [14661.950516127697, 7719664.482589254, 1.0146218685405743, 1691.4049481057689], [1696.849523963647, 1.0146218685405743, 0.4917666666666662, 0.0], [1.583875911265013, 1691.4049481057689, 0.0, 0.4917666666666662]]"
2026-07-25 11:58:00,56.34526813898013,19.305460583176377,132.0,parking,64250.70873475731,24560.763426794103,0.0,0.0,0.0,"[[7779303.852881426, 14661.950516127697, 1696.849523963647, 1.583875911265013], [14661.950516127697, 7719664.482589254, 1.0146218685405743, 1691.4049481057689], [1696.849523963647, 1.0146218685405743, 0.4917666666666662, 0.0], [1.583875911265013, 1691.4049481057689, 0.0, 0.4917666666666662]]"
2026-07-25 12:08:00,56.34526813898013,19.305460583176377,132.0,parking,64250.70873475731,24560.763426794103,0.0,0.0,0.0,"[[7779303.852881426, 14661.950516127697, 1696.849523963647, 1.583875911265013], [14661.950516127697, 7719664.482589254, 1.0146218685405743, 1691.4049481057689], [1696.849523963647, 1.0146218685405743, 0.4917666666666662, 0.0], [1.583875911265013, 1691.4049481057689, 0.0, 0.4917666666666662]]"
2026-07-25 12:18:00,56.34526813898013,19.305460583176377,132.0,parking,64250.70873475731,24560.763426794103,0.0,0.0,0.0,"[[7779303.852881426, 14661.950516127697, 1696.849523963647, 1.583875911265013], [14661.950516127697, 7719664.482589254, 1.0146218685405743, 1691.4049481057689], [1696.849523963647, 1.0146218685405743, 0.4917666666666662, 0.0], [1.583875911265013, 1691.4049481057689, 0.0, 0.4917666666666662]]"
2026-07-25 12:28:00,56.34526813898013,19.305460583176377,132.0,parking,64250.70873475731,24560.763426794103,0.0,0.0,0.0,"[[7779303.852881426, 14661.950516127697, 1696.849523963647, 1.583875911265013], [14661.950516127697, 7719664.482589254, 1.0146218685405743, 1691.4049481057689], [1696.849523963647, 1.0146218685405743, 0.4917666666666662, 0.0], [1.583875911265013, 1691.4049481057689, 0.0, 0.4917666666666662]]"
2026-07-25 12:38:00,56.34526813898013,19.305460583176377,132.0,parking,64250.70873475731,24560.763426794103,0.0,0.0,0.0,"[[7779303.852881426, 14661.950516127697, 1696.849523963647, 1.583875911265013], [14661.950516127697, 7719664.482589254, 1.0146218685405743, 1691.4049481057689], [1696.849523963647, 1.0146218685405743, 0.4917666666666662, 0.0], [1.583875911265013, 1691.4049481057689, 0.0, 0.4917666666666662]]"
2026-07-25 12:48:00,56.34526813898013,19.305460583176377,132.0,parking,64250.70873475731,24560.763426794103,0.0,0.0,0.0,"[[7779303.852881426, 14661.950516127697, 1696.849523963647, 1.583875911265013], [14661.950516127697, 7719664.482589254, 1.0146218685405743, 1691.4049481057689], [1696.849523963647, 1.0146218685405743, 0.4917666666666662, 0.0], [1.583875911265013, 1691.4049481057689, 0.0, 0.4917666666666662]]"
2026-07-25 12:58:00,56.34526813898013,19.305460583176377,132.0,parking,64250.70873475731,24560.763426794103,0.0,0.0,0.0,"[[7779303.852881426, 14661.950516127697, 1696.849523963647, 1.583875911265013], [14661.950516127697, 7719664.482589254, 1.0146218685405743, 1691.4049481057689], [1696.849523963647, 1.0146218685405743, 0.4917666666666662, 0.0], [1.583875911265013, 1691.4049481057689, 0.0, 0.4917666666666662]]"
2026-07-25 13:08:00,56.34526813898013,19.305460583176377,132.0,parking,64250.70873475731,24560.763426794103,0.0,0.0,0.0,"[[7779303.852881426, 14661.950516127697, 1696.849523963647, 1.583875911265013], [14661.950516127697, 7719664.482589254, 1.0146218685405743, 1691.4049481057689], [1696.849523963647, 1.0146218685405743, 0.4917666666666662, 0.0], [1.583875911265013, 1691.4049481057689, 0.0, 0.4917666666666662]]"
2026-07-25 13:18:00,56.34526813898013,19.305460583176377,132.0,parking,64250.70873475731,24560.763426794103,0.0,0.0,0.0,"[[7779303.852881426, 14661.950516127697, 1696.849523963647, 1.583875911265013], [14661.950516127697, 7719664.482589254, 1.0146218685405743, 1691.4049481057689], [1696.849523963647, 1.0146218685405743, 0.4917666666666662, 0.0], [1.583875911265013, 1691.4049481057689, 0.0, 0.4917666666666662]]"
2026-07-25 13:28:00,56.34526813898013,19.305460583176377,132.0,parking,64250.70873475731,24560.763426794103,0.0,0.0,0.0,"[[7779303.852881426, 14661.950516127697, 1696.849523963647, 1.583875911265013], [14661.950516127697, 7719664.482589254, 1.0146218685405743, 1691.4049481057689], [1696.849523963647, 1.0146218685405743, 0.4917666666666662, 0.0], [1.583875911265013, 1691.4049481057689, 0.0, 0.4917666666666662]]"
2026-07-25 13:38:00,56.34526813898013,19.305460583176377,132.0,parking,64250.70873475731,24560.763426794103,0.0,0.0,0.0,"[[7779303.852881426, 14661.950516127697, 1696.849523963647, 1.583875911265013], [14661.950516127697, 7719664.482589254, 1.0146218685405743, 1691.4049481057689], [1696.849523963647, 1.0146218685405743, 0.4917666666666662, 0.0], [1.583875911265013, 1691.4049481057689, 0.0, 0.4917666666666662]]"
2026-07-25 13:48:00,56.34526813898013,19.305460583176377,132.0,parking,64250.70873475731,24560.763426794103,0.0,0.0,0.0,"[[7779303.852881426, 14661.950516127697, 1696.849523963647, 1.583875911265013], [14661.950516127697, 7719664.482589254, 1.0146218685405743, 1691.4049481057689], [1696.849523963647, 1.0146218685405743, 0.4917666666666662, 0.0], [1.583875911265013, 1691.4049481057689, 0.0, 0.4917666666666662]]"
2026-07-25 13:58:00,56.34526813898013,19.305460583176377,132.0,parking,64250.70873475731,24560.763426794103,0.0,0.0,0.0,"[[7779303.852881426, 14661.950516127697, 1696.849523963647, 1.583875911265013], [14661.950516127697, 7719664.482589254, 1.0146218685405743, 1691.4049481057689], [1696.849523963647, 1.0146218685405743, 0.4917666666666662, 0.0], [1.583875911265013, 1691.4049481057689, 0.0, 0.4917666666666662]]"
2026-07-25 14:08:00,56.34526813898013,19.305460583176377,132.0,parking,64250.70873475731,24560.763426794103,0.0,0.0,0.0,"[[7779303.852881426, 14661.950516127697, 1696.849523963647, 1.583875911265013], [14661.950516127697, 7719664.482589254, 1.0146218685405743, 1691.4049481057689], [1696.849523963647, 1.0146218685405743, 0.4917666666666662, 0.0], [1.583875911265013, 1691.4049481057689, 0.0, 0.4917666666666662]]"
2026-07-25 14:18:00,56.34526813898013,19.305460583176377,132.0,parking,64250.70873475731,24560.763426794103,0.0,0.0,0.0,"[[7779303.852881426, 14661.950516127697, 1696.849523963647, 1.583875911265013], [14661.950516127697, 7719664.482589254, 1.0146218685405743, 1691.4049481057689], [1696.849523963647, 1.0146218685405743, 0.4917666666666662, 0.0], [1.583875911265013, 1691.4049481057689, 0.0, 0.4917666666666662]]"
2026-07-25 14:28:00,56.34526813898013,19.305460583176377,132.0,parking,64250.70873475731,24560.763426794103,0.0,0.0,0.0,"[[7779303.852881426, 14661.950516127697, 1696.849523963647, 1.583875911265013], [14661.950516127697, 7719664.482589254, 1.0146218685405743, 1691.4049481057689], [1696.849523963647, 1.0146218685405743, 0.4917666666666662, 0.0], [1.583875911265013, 1691.4049481057689, 0.0, 0.4917666666666662]]"
2026-07-25 14:38:00,56.34526813898013,19.305460583176377,132.0,parking,64250.70873475731,24560.763426794103,0.0,0.0,0.0,"[[7779303.852881426, 14661.950516127697, 1696.849523963647, 1.583875911265013], [14661.950516127697, 7719664.482589254, 1.0146218685405743, 1691.4049481057689], [1696.849523963647, 1.0146218685405743, 0.4917666666666662, 0.0], [1.583875911265013, 1691.4049481057689, 0.0, 0.4917666666666662]]"
2026-07-25 14:48:00,56.34526813898013,19.305460583176377,132.0,parking,64250.70873475731,24560.763426794103,0.0,0.0,0.0,"[[7779303.852881426, 14661.950516127697, 1696.849523963647, 1.583875911265013], [14661.950516127697, 7719664.482589254, 1.0146218685405743, 1691.4049481057689], [1696.849523963647, 1.0146218685405743, 0.4917666666666662, 0.0], [1.583875911265013, 1691.4049481057689, 0.0, 0.4917666666666662]]"
2026-07-25 14:58:00,56.34526813898013,19.305460583176377,132.0,parking,64250.70873475731,24560.763426794103,0.0,0.0,0.0,"[[7779303.852881426, 14661.950516127697, 1696.849523963647, 1.583875911265013], [14661.950516127697, 7719664.482589254, 1.0146218685405743, 1691.4049481057689], [1696.849523963647, 1.0146218685405743, 0.4917666666666662, 0.0], [1.583875911265013, 1691.4049481057689, 0.0, 0.4917666666666662]]"
2026-07-25 15:08:00,56.34526813898013,19.305460583176377,132.0,parking,64250.70873475731,24560.763426794103,0.0,0.0,0.0,"[[7779303.852881426, 14661.950516127697, 1696.849523963647, 1.583875911265013], [14661.950516127697, 7719664.482589254, 1.0146218685405743, 1691.4049481057689], [1696.849523963647, 1.0146218685405743, 0.4917666666666662, 0.0], [1.583875911265013, 1691.4049481057689, 0.0, 0.4917666666666662]]"
2026-07-25 15:18:00,56.34526813898013,19.305460583176377,132.0,parking,64250.70873475731,24560.763426794103,0.0,0.0,0.0,"[[7779303.852881426, 14661.950516127697, 1696.849523963647, 1.583875911265013], [14661.950516127697, 7719664.482589254, 1.0146218685405743, 1691.4049481057689], [1696.849523963647, 1.0146218685405743, 0.4917666666666662, 0.0], [1.583875911265013, 1691.4049481057689, 0.0, 0.4917666666666662]]"
2026-07-25 15:28:00,56.34526813898013,19.305460583176377,132.0,parking,64250.70873475731,24560.763426794103,0.0,0.0,0.0,"[[7779303.852881426, 14661.950516127697, 1696.849523963647, 1.583875911265013], [14661.950516127697, 7719664.482589254, 1.0146218685405743, 1691.4049481057689], [1696.849523963647, 1.0146218685405743, 0.4917666666666662, 0.0], [1.583875911265013, 1691.4049481057689, 0.0, 0.4917666666666662]]"
2026-07-25 15:38:00,56.34526813898013,19.305460583176377,132.0,parking,64250.70873475731,24560.763426794103,0.0,0.0,0.0,"[[7779303.852881426, 14661.950516127697, 1696.849523963647, 1.583875911265013], [14661.950516127697, 7719664.482589254, 1.0146218685405743, 1691.4049481057689], [1696.849523963647, 1.0146218685405743, 0.4917666666666662, 0.0], [1.583875911265013, 1691.4049481057689, 0.0, 0.4917666666666662]]"
2026-07-25 15:48:00,56.34526813898013,19.305460583176377,132.0,parking,64250.70873475731,24560.763426794103,0.0,0.0,0.0,"[[7779303.852881426, 14661.950516127697, 1696.849523963647, 1.583875911265013], [14661.950516127697, 7719664.482589254, 1.0146218685405743, 1691.4049481057689], [1696.849523963647, 1.0146218685405743, 0.4917666666666662, 0.0], [1.583875911265013, 1691.4049481057689, 0.0, 0.4917666666666662]]"
2026-07-25 15:58:00,56.34526813898013,19.305460583176377,132.0,parking,64250.70873475731,24560.763426794103,0.0,0.0,0.0,"[[7779303.852881426, 14661.950516127697, 1696.849523963647, 1.583875911265013], [14661.950516127697, 7719664.482589254, 1.0146218685405743, 1691.4049481057689], [1696.849523963647, 1.0146218685405743, 0.4917666666666662, 0.0], [1.583875911265013, 1691.4049481057689, 0.0, 0.4917666666666662]]"
2026-07-25 16:08:00,56.34526813898013,19.305460583176377,132.0,parking,64250.70873475731,24560.763426794103,0.0,0.0,0.0,"[[7779303.852881426, 14661.950516127697, 1696.849523963647, 1.583875911265013], [14661.950516127697, 7719664.482589254, 1.0146218685405743, 1691.4049481057689], [1696.849523963647, 1.0146218685405743, 0.4917666666666662, 0.0], [1.583875911265013, 1691.4049481057689, 0.0, 0.4917666666666662]]"
2026-07-25 16:18:00,56.34526813898013,19.305460583176377,132.0,parking,64250.70873475731,24560.763426794103,0.0,0.0,0.0,"[[7779303.852881426, 14661.950516127697, 1696.849523963647, 1.583875911265013], [14661.950516127697, 7719664.482589254, 1.0146218685405743, 1691.4049481057689], [1696.849523963647, 1.0146218685405743, 0.4917666666666662, 0.0], [1.583875911265013, 1691.4049481057689, 0.0, 0.4917666666666662]]"
2026-07-25 16:28:00,56.34526813898013,19.305460583176377,132.0,parking,64250.70873475731,24560.763426794103,0.0,0.0,0.0,"[[7779303.852881426, 14661.950516127697, 1696.849523963647, 1.583875911265013], [14661.950516127697, 7719664.482589254, 1.0146218685405743, 1691.4049481057689], [1696.849523963647, 1.0146218685405743, 0.4917666666666662, 0.0], [1.583875911265013, 1691.4049481057689, 0.0, 0.4917666666666662]]"
2026-07-25 16:38:00,56.34526813898013,19.305460583176377,132.0,parking,64250.70873475731,24560.763426794103,0.0,0.0,0.0,"[[7779303.852881426, 14661.950516127697, 1696.849523963647, 1.583875911265013], [14661.950516127697, 7719664.482589254, 1.0146218685405743, 1691.4049481057689], [1696.849523963647, 1.0146218685405743, 0.4917666666666662, 0.0], [1.583875911265013, 1691.4049481057689, 0.0, 0.4917666666666662]]"
2026-07-25 16:48:00,56.34526813898013,19.305460583176377,132.0,parking,64250.70873475731,24560.763426794103,0.0,0.0,0.0,"[[7779303.852881426, 14661.950516127697, 1696.849523963647, 1.583875911265013], [14661.950516127697, 7719664.482589254, 1.0146218685405743, 1691.4049481057689], [1696.849523963647, 1.0146218685405743, 0.4917666666666662, 0.0], [1.583875911265013, 1691.4049481057689, 0.0, 0.4917666666666662]]"
2026-07-25 16:58:00,56.34526813898013,19.305460583176377,132.0,parking,64250.70873475731,24560.763426794103,0.0,0.0,0.0,"[[7779303.852881426, 14661.950516127697, 1696.849523963647, 1.583875911265013], [14661.950516127697, 7719664.482589254, 1.0146218685405743, 1691.4049481057689], [1696.849523963647, 1.0146218685405743, 0.4917666666666662, 0.0], [1.583875911265013, 1691.4049481057689, 0.0, 0.4917666666666662]]"
2026-07-25 17:08:00,56.34526813898013,19.305460583176377,132.0,parking,64250.70873475731,24560.763426794103,0.0,0.0,0.0,"[[7779303.852881426, 14661.950516127697, 1696.849523963647, 1.583875911265013], [14661.950516127697, 7719664.482589254, 1.0146218685405743, 1691.4049481057689], [1696.849523963647, 1.0146218685405743, 0.4917666666666662, 0.0], [1.583875911265013, 1691.4049481057689, 0.0, 0.4917666666666662]]"
2026-07-25 17:18:00,56.34526813898013,19.305460583176377,132.0,parking,64250.70873475731,24560.763426794103,0.0,0.0,0.0,"[[7779303.852881426, 14661.950516127697, 1696.849523963647, 1.583875911265013], [14661.950516127697, 7719664.482589254, 1.0146218685405743, 1691.4049481057689], [1696.849523963647, 1.0146218685405743, 0.4917666666666662, 0.0], [1.583875911265013, 1691.4049481057689, 0.0, 0.4917666666666662]]"
2026-07-25 17:28:00,56.34526813898013,19.305460583176377,132.0,parking,64250.70873475731,24560.763426794103,0.0,0.0,0.0,"[[7779303.852881426, 14661.950516127697, 1696.849523963647, 1.583875911265013], [14661.950516127697, 7719664.482589254, 1.0146218685405743, 1691.4049481057689], [1696.849523963647, 1.0146218685405743, 0.4917666666666662, 0.0], [1.583875911265013, 1691.4049481057689, 0.0, 0.4917666666666662]]"
2026-07-25 17:38:00,56.34526813898013,19.305460583176377,132.0,parking,64250.70873475731,24560.763426794103,0.0,0.0,0.0,"[[7779303.852881426, 14661.950516127697, 1696.849523963647, 1.583875911265013], [14661.950516127697, 7719664.482589254, 1.0146218685405743, 1691.4049481057689], [1696.849523963647, 1.0146218685405743, 0.4917666666666662, 0.0], [1.583875911265013, 1691.4049481057689, 0.0, 0.4917666666666662]]"
2026-07-25 17:48:00,56.34526813898013,19.305460583176377,132.0,parking,64250.70873475731,24560.763426794103,0.0,0.0,0.0,"[[7779303.852881426, 14661.950516127697, 1696.849523963647, 1.583875911265013], [14661.950516127697, 7719664.482589254, 1.0146218685405743, 1691.4049481057689], [1696.849523963647, 1.0146218685405743, 0.4917666666666662, 0.0], [1.583875911265013, 1691.4049481057689, 0.0, 0.4917666666666662]]"
2026-07-25 17:58:00,56.34526813898013,19.305460583176377,132.0,parking,64250.70873475731,24560.763426794103,0.0,0.0,0.0,"[[7779303.852881426, 14661.950516127697, 1696.849523963647, 1.583875911265013], [14661.950516127697, 7719664.482589254, 1.0146218685405743, 1691.4049481057689], [1696.849523963647, 1.0146218685405743, 0.4917666666666662, 0.0], [1.583875911265013, 1691.4049481057689, 0.0, 0.4917666666666662]]"
2026-07-25 18:08:00,56.34526813898013,19.305460583176377,132.0,parking,64250.70873475731,24560.763426794103,0.0,0.0,0.0,"[[7779303.852881426, 14661.950516127697, 1696.849523963647, 1.583875911265013], [14661.950516127697, 7719664.482589254, 1.0146218685405743, 1691.4049481057689], [1696.849523963647, 1.0146218685405743, 0.4917666666666662, 0.0], [1.583875911265013, 1691.4049481057689, 0.0, 0.4917666666666662]]"
2026-07-25 18:18:00,56.34526813898013,19.305460583176377,132.0,parking,64250.70873475731,24560.763426794103,0.0,0.0,0.0,"[[7779303.852881426, 14661.950516127697, 1696.849523963647, 1.583875911265013], [14661.950516127697, 7719664.482589254, 1.0146218685405743, 1691.4049481057689], [1696.849523963647, 1.0146218685405743, 0.4917666666666662, 0.0], [1.583875911265013, 1691.4049481057689, 0.0, 0.4917666666666662]]"
2026-07-25 18:28:00,56.34526813898013,19.305460583176377,132.0,parking,64250.70873475731,24560.763426794103,0.0,0.0,0.0,"[[7779303.852881426, 14661.950516127697, 1696.849523963647, 1.583875911265013], [14661.950516127697, 7719664.482589254, 1.0146218685405743, 1691.4049481057689], [1696.849523963647, 1.0146218685405743, 0.4917666666666662, 0.0], [1.583875911265013, 1691.4049481057689, 0.0, 0.4917666666666662]]"
2026-07-25 18:38:00,56.34526813898013,19.305460583176377,132.0,parking,64250.70873475731,24560.763426794103,0.0,0.0,0.0,"[[7779303.852881426, 14661.950516127697, 1696.849523963647, 1.583875911265013], [14661.950516127697, 7719664.482589254, 1.0146218685405743, 1691.4049481057689], [1696.849523963647, 1.0146218685405743, 0.4917666666666662, 0.0], [1.583875911265013, 1691.4049481057689, 0.0, 0.4917666666666662]]"
2026-07-25 18:48:00,56.34526813898013,19.305460583176377,132.0,parking,64250.70873475731,24560.763426794103,0.0,0.0,0.0,"[[7779303.852881426, 14661.950516127697, 1696.849523963647, 1.583875911265013], [14661.950516127697, 7719664.482589254, 1.0146218685405743, 1691.4049481057689], [1696.849523963647, 1.0146218685405743, 0.4917666666666662, 0.0], [1.583875911265013, 1691.4049481057689, 0.0, 0.4917666666666662]]"
2026-07-25 18:58:00,56.34526813898013,19.305460583176377,132.0,parking,64250.70873475731,24560.763426794103,0.0,0.0,0.0,"[[7779303.852881426, 14661.950516127697, 1696.849523963647, 1.583875911265013], [14661.950516127697, 7719664.482589254, 1.0146218685405743, 1691.4049481057689], [1696.849523963647, 1.0146218685405743, 0.4917666666666662, 0.0], [1.583875911265013, 1691.4049481057689, 0.0, 0.4917666666666662]]"
2026-07-25 19:08:00,56.34526813898013,19.305460583176377,132.0,parking,64250.70873475731,24560.763426794103,0.0,0.0,0.0,"[[7779303.852881426, 14661.950516127697, 1696.849523963647, 1.583875911265013], [14661.950516127697, 7719664.482589254, 1.0146218685405743, 1691.4049481057689], [1696.849523963647, 1.0146218685405743, 0.4917666666666662, 0.0], [1.583875911265013, 1691.4049481057689, 0.0, 0.4917666666666662]]"
2026-07-25 19:18:00,56.34526813898013,19.305460583176377,132.0,parking,64250.70873475731,24560.763426794103,0.0,0.0,0.0,"[[7779303.852881426, 14661.950516127697, 1696.849523963647, 1.583875911265013], [14661.950516127697, 7719664.482589254, 1.0146218685405743, 1691.4049481057689], [1696.849523963647, 1.0146218685405743, 0.4917666666666662, 0.0], [1.583875911265013, 1691.4049481057689, 0.0, 0.4917666666666662]]"
2026-07-25 19:28:00,56.34526813898013,19.305460583176377,132.0,parking,64250.70873475731,24560.763426794103,0.0,0.0,0.0,"[[7779303.852881426, 14661.950516127697, 1696.849523963647, 1.583875911265013], [14661.950516127697, 7719664.482589254, 1.0146218685405743, 1691.4049481057689], [1696.849523963647, 1.0146218685405743, 0.4917666666666662, 0.0], [1.583875911265013, 1691.4049481057689, 0.0, 0.4917666666666662]]"
2026-07-25 19:38:00,56.34526813898013,19.305460583176377,132.0,parking,64250.70873475731,24560.763426794103,0.0,0.0,0.0,"[[7779303.852881426, 14661.950516127697, 1696.849523963647, 1.583875911265013], [14661.950516127697, 7719664.482589254, 1.0146218685405743, 1691.4049481057689], [1696.849523963647, 1.0146218685405743, 0.4917666666666662, 0.0], [1.583875911265013, 1691.4049481057689, 0.0, 0.4917666666666662]]"
2026-07-25 19:48:00,56.34526813898013,19.305460583176377,132.0,parking,64250.70873475731,24560.763426794103,0.0,0.0,0.0,"[[7779303.852881426, 14661.950516127697, 1696.849523963647, 1.583875911265013], [14661.950516127697, 7719664.482589254, 1.0146218685405743, 1691.4049481057689], [1696.849523963647, 1.0146218685405743, 0.4917666666666662, 0.0], [1.583875911265013, 1691.4049481057689, 0.0, 0.4917666666666662]]"
2026-07-25 19:58:00,56.34526813898013,19.305460583176377,132.0,parking,64250.70873475731,24560.763426794103,0.0,0.0,0.0,"[[7779303.852881426, 14661.950516127697, 1696.849523963647, 1.583875911265013], [14661.950516127697, 7719664.482589254, 1.0146218685405743, 1691.4049481057689], [1696.849523963647, 1.0146218685405743, 0.4917666666666662, 0.0], [1.583875911265013, 1691.4049481057689, 0.0, 0.4917666666666662]]"
2026-07-25 20:08:00,56.34526813898013,19.305460583176377,132.0,parking,64250.70873475731,24560.763426794103,0.0,0.0,0.0,"[[7779303.852881426, 14661.950516127697, 1696.849523963647, 1.583875911265013], [14661.950516127697, 7719664.482589254, 1.0146218685405743, 1691.4049481057689], [1696.849523963647, 1.0146218685405743, 0.4917666666666662, 0.0], [1.583875911265013, 1691.4049481057689, 0.0, 0.4917666666666662]]"
2026-07-25 20:18:00,56.34526813898013,19.305460583176377,132.0,parking,64250.70873475731,24560.763426794103,0.0,0.0,0.0,"[[7779303.852881426, 14661.950516127697, 1696.849523963647, 1.583875911265013], [14661.950516127697, 7719664.482589254, 1.0146218685405743, 1691.4049481057689], [1696.849523963647, 1.0146218685405743, 0.4917666666666662, 0.0], [1.583875911265013, 1691.4049481057689, 0.0, 0.4917666666666662]]"
2026-07-25 20:28:00,56.34526813898013,19.305460583176377,132.0,parking,64250.70873475731,24560.763426794103,0.0,0.0,0.0,"[[7779303.852881426, 14661.950516127697, 1696.849523963647, 1.583875911265013], [14661.950516127697, 7719664.482589254, 1.0146218685405743, 1691.4049481057689], [1696.849523963647, 1.0146218685405743, 0.4917666666666662, 0.0], [1.583875911265013, 1691.4049481057689, 0.0, 0.4917666666666662]]"
2026-07-25 20:38:00,56.34526813898013,19.305460583176377,132.0,parking,64250.70873475731,24560.763426794103,0.0,0.0,0.0,"[[7779303.852881426, 14661.950516127697, 1696.849523963647, 1.583875911265013], [14661.950516127697, 7719664.482589254, 1.0146218685405743, 1691.4049481057689], [1696.849523963647, 1.0146218685405743, 0.4917666666666662, 0.0], [1.583875911265013, 1691.4049481057689, 0.0, 0.4917666666666662]]"
2026-07-25 20:48:00,56.34526813898013,19.305460583176377,132.0,parking,64250.70873475731,24560.763426794103,0.0,0.0,0.0,"[[7779303.852881426, 14661.950516127697, 1696.849523963647, 1.583875911265013], [14661.950516127697, 7719664.482589254, 1.0146218685405743, 1691.4049481057689], [1696.849523963647, 1.0146218685405743, 0.4917666666666662, 0.0], [1.583875911265013, 1691.4049481057689, 0.0, 0.4917666666666662]]"
2026-07-25 20:58:00,56.34526813898013,19.305460583176377,132.0,parking,64250.70873475731,24560.763426794103,0.0,0.0,0.0,"[[7779303.852881426, 14661.950516127697, 1696.849523963647, 1.583875911265013], [14661.950516127697, 7719664.482589254, 1.0146218685405743, 1691.4049481057689], [1696.849523963647, 1.0146218685405743, 0.4917666666666662, 0.0], [1.583875911265013, 1691.4049481057689, 0.0, 0.4917666666666662]]"
2026-07-25 21:08:00,56.34526813898013,19.305460583176377,132.0,parking,64250.70873475731,24560.763426794103,0.0,0.0,0.0,"[[7779303.852881426, 14661.950516127697, 1696.849523963647, 1.583875911265013], [14661.950516127697, 7719664.482589254, 1.0146218685405743, 1691.4049481057689], [1696.849523963647, 1.0146218685405743, 0.4917666666666662, 0.0], [1.583875911265013, 1691.4049481057689, 0.0, 0.4917666666666662]]"
2026-07-25 21:18:00,56.34526813898013,19.305460583176377,132.0,parking,64250.70873475731,24560.763426794103,0.0,0.0,0.0,"[[7779303.852881426, 14661.950516127697, 1696.849523963647, 1.583875911265013], [14661.950516127697, 7719664.482589254, 1.0146218685405743, 1691.4049481057689], [1696.849523963647, 1.0146218685405743, 0.4917666666666662, 0.0], [1.583875911265013, 1691.4049481057689, 0.0, 0.4917666666666662]]"
2026-07-25 21:28:00,56.34526813898013,19.305460583176377,132.0,parking,64250.70873475731,24560.763426794103,0.0,0.0,0.0,"[[7779303.852881426, 14661.950516127697, 1696.849523963647, 1.583875911265013], [14661.950516127697, 7719664.482589254, 1.0146218685405743, 1691.4049481057689], [1696.849523963647, 1.0146218685405743, 0.4917666666666662, 0.0], [1.583875911265013, 1691.4049481057689, 0.0, 0.4917666666666662]]"
2026-07-25 21:38:00,56.34526813898013,19.305460583176377,132.0,parking,64250.70873475731,24560.763426794103,0.0,0.0,0.0,"[[7779303.852881426, 14661.950516127697, 1696.849523963647, 1.583875911265013], [14661.950516127697, 7719664.482589254, 1.0146218685405743, 1691.4049481057689], [1696.849523963647, 1.0146218685405743, 0.4917666666666662, 0.0], [1.583875911265013, 1691.4049481057689, 0.0, 0.4917666666666662]]"
2026-07-25 21:48:00,56.34526813898013,19.305460583176377,132.0,parking,64250.70873475731,24560.763426794103,0.0,0.0,0.0,"[[7779303.852881426, 14661.950516127697, 1696.849523963647, 1.583875911265013], [14661.950516127697, 7719664.482589254, 1.0146218685405743, 1691.4049481057689], [1696.849523963647, 1.0146218685405743, 0.4917666666666662, 0.0], [1.583875911265013, 1691.4049481057689, 0.0, 0.4917666666666662]]"
2026-07-25 21:58:00,56.34526813898013,19.305460583176377,132.0,parking,64250.70873475731,24560.763426794103,0.0,0.0,0.0,"[[7779303.852881426, 14661.950516127697, 1696.849523963647, 1.583875911265013], [14661.950516127697, 7719664.482589254, 1.0146218685405743, 1691.4049481057689], [1696.849523963647, 1.0146218685405743, 0.4917666666666662, 0.0], [1.583875911265013, 1691.4049481057689, 0.0, 0.4917666666666662]]"
2026-07-25 22:08:00,56.34526813898013,19.305460583176377,132.0,parking,64250.70873475731,24560.763426794103,0.0,0.0,0.0,"[[7779303.852881426, 14661.950516127697, 1696.849523963647, 1.583875911265013], [14661.950516127697, 7719664.482589254, 1.0146218685405743, 1691.4049481057689], [1696.849523963647, 1.0146218685405743, 0.4917666666666662, 0.0], [1.583875911265013, 1691.4049481057689, 0.0, 0.4917666666666662]]"
2026-07-25 22:18:00,56.34526813898013,19.305460583176377,132.0,parking,64250.70873475731,24560.763426794103,0.0,0.0,0.0,"[[7779303.852881426, 14661.950516127697, 1696.849523963647, 1.583875911265013], [14661.950516127697, 7719664.482589254, 1.0146218685405743, 1691.4049481057689], [1696.849523963647, 1.0146218685405743, 0.4917666666666662, 0.0], [1.583875911265013, 1691.4049481057689, 0.0, 0.4917666666666662]]"
2026-07-25 22:28:00,56.34526813898013,19.305460583176377,132.0,parking,64250.70873475731,24560.763426794103,0.0,0.0,0.0,"[[7779303.852881426, 14661.950516127697, 1696.849523963647, 1.583875911265013], [14661.950516127697, 7719664.482589254, 1.0146218685405743, 1691.4049481057689], [1696.849523963647, 1.0146218685405743, 0.4917666666666662, 0.0], [1.583875911265013, 1691.4049481057689, 0.0, 0.4917666666666662]]"
2026-07-25 22:38:00,56.34526813898013,19.305460583176377,132.0,parking,64250.70873475731,24560.763426794103,0.0,0.0,0.0,"[[7779303.852881426, 14661.950516127697, 1696.849523963647, 1.583875911265013], [14661.950516127697, 7719664.482589254, 1.0146218685405743, 1691.4049481057689], [1696.849523963647, 1.0146218685405743, 0.4917666666666662, 0.0], [1.583875911265013, 1691.4049481057689, 0.0, 0.4917666666666662]]"
2026-07-25 22:48:00,56.34526813898013,19.305460583176377,132.0,parking,64250.70873475731,24560.763426794103,0.0,0.0,0.0,"[[7779303.852881426, 14661.950516127697, 1696.849523963647, 1.583875911265013], [14661.950516127697, 7719664.482589254, 1.0146218685405743, 1691.4049481057689], [1696.849523963647, 1.0146218685405743, 0.4917666666666662, 0.0], [1.583875911265013, 1691.4049481057689, 0.0, 0.4917666666666662]]"
2026-07-25 22:58:00,56.34526813898013,19.305460583176377,132.0,parking,64250.70873475731,24560.763426794103,0.0,0.0,0.0,"[[7779303.852881426, 14661.950516127697, 1696.849523963647, 1.583875911265013], [14661.950516127697, 7719664.482589254, 1.0146218685405743, 1691.4049481057689], [1696.849523963647, 1.0146218685405743, 0.4917666666666662, 0.0], [1.583875911265013, 1691.4049481057689, 0.0, 0.4917666666666662]]"
2026-07-25 23:08:00,56.34526813898013,19.305460583176377,132.0,parking,64250.70873475731,24560.763426794103,0.0,0.0,0.0,"[[7779303.852881426, 14661.950516127697, 1696.849523963647, 1.583875911265013], [14661.950516127697, 7719664.482589254, 1.0146218685405743, 1691.4049481057689], [1696.849523963647, 1.0146218685405743, 0.4917666666666662, 0.0], [1.583875911265013, 1691.4049481057689, 0.0, 0.4917666666666662]]"
2026-07-25 23:18:00,56.34526813898013,19.305460583176377,132.0,parking,64250.70873475731,24560.763426794103,0.0,0.0,0.0,"[[7779303.852881426, 14661.950516127697, 1696.849523963647, 1.583875911265013], [14661.950516127697, 7719664.482589254, 1.0146218685405743, 1691.4049481057689], [1696.849523963647, 1.0146218685405743, 0.4917666666666662, 0.0], [1.583875911265013, 1691.4049481057689, 0.0, 0.4917666666666662]]"
2026-07-25 23:28:00,56.34526813898013,19.305460583176377,132.0,parking,64250.70873475731,24560.763426794103,0.0,0.0,0.0,"[[7779303.852881426, 14661.950516127697, 1696.849523963647, 1.583875911265013], [14661.950516127697, 7719664.482589254, 1.0146218685405743, 1691.4049481057689], [1696.849523963647, 1.0146218685405743, 0.4917666666666662, 0.0], [1.583875911265013, 1691.4049481057689, 0.0, 0.4917666666666662]]"
2026-07-25 23:38:00,56.34526813898013,19.305460583176377,132.0,parking,64250.70873475731,24560.763426794103,0.0,0.0,0.0,"[[7779303.852881426, 14661.950516127697, 1696.849523963647, 1.583875911265013], [14661.950516127697, 7719664.482589254, 1.0146218685405743, 1691.4049481057689], [1696.849523963647, 1.0146218685405743, 0.4917666666666662, 0.0], [1.583875911265013, 1691.4049481057689, 0.0, 0.4917666666666662]]"
2026-07-25 23:48:00,56.34526813898013,19.305460583176377,132.0,parking,64250.70873475731,24560.763426794103,0.0,0.0,0.0,"[[7779303.852881426, 14661.950516127697, 1696.849523963647, 1.583875911265013], [14661.950516127697, 7719664.482589254, 1.0146218685405743, 1691.4049481057689], [1696.849523963647, 1.0146218685405743, 0.4917666666666662, 0.0], [1.583875911265013, 1691.4049481057689, 0.0, 0.4917666666666662]]"
2026-07-25 23:58:00,56.34526813898013,19.305460583176377,132.0,parking,64250.70873475731,24560.763426794103,0.0,0.0,0.0,"[[7779303.852881426, 14661.950516127697, 1696.849523963647, 1.583875911265013], [14661.950516127697, 7719664.482589254, 1.0146218685405743, 1691.4049481057689], [1696.849523963647, 1.0146218685405743, 0.4917666666666662, 0.0], [1.583875911265013, 1691.4049481057689, 0.0, 0.4917666666666662]]"
2026-07-26 00:08:00,56.34526813898013,19.305460583176377,132.0,parking,64250.70873475731,24560.763426794103,0.0,0.0,0.0,"[[7779303.852881426, 14661.950516127697, 1696.849523963647, 1.583875911265013], [14661.950516127697, 7719664.482589254, 1.0146218685405743, 1691.4049481057689], [1696.849523963647, 1.0146218685405743, 0.4917666666666662, 0.0], [1.583875911265013, 1691.4049481057689, 0.0, 0.4917666666666662]]"
2026-07-26 00:18:00,56.34526813898013,19.305460583176377,132.0,parking,64250.70873475731,24560.763426794103,0.0,0.0,0.0,"[[7779303.852881426, 14661.950516127697, 1696.849523963647, 1.583875911265013], [14661.950516127697, 7719664.482589254, 1.0146218685405743, 1691.4049481057689], [1696.849523963647, 1.0146218685405743, 0.4917666666666662, 0.0], [1.583875911265013, 1691.4049481057689, 0.0, 0.4917666666666662]]"
2026-07-26 00:28:00,56.34526813898013,19.305460583176377,132.0,parking,64250.70873475731,24560.763426794103,0.0,0.0,0.0,"[[7779303.852881426, 14661.950516127697, 1696.849523963647, 1.583875911265013], [14661.950516127697, 7719664.482589254, 1.0146218685405743, 1691.4049481057689], [1696.849523963647, 1.0146218685405743, 0.4917666666666662, 0.0], [1.583875911265013, 1691.4049481057689, 0.0, 0.4917666666666662]]"
2026-07-26 00:38:00,56.34526813898013,19.305460583176377,132.0,parking,64250.70873475731,24560.763426794103,0.0,0.0,0.0,"[[7779303.852881426, 14661.950516127697, 1696.849523963647, 1.583875911265013], [14661.950516127697, 7719664.482589254, 1.0146218685405743, 1691.4049481057689], [1696.849523963647, 1.0146218685405743, 0.4917666666666662, 0.0], [1.583875911265013, 1691.4049481057689, 0.0, 0.4917666666666662]]"
2026-07-26 00:48:00,56.34526813898013,19.305460583176377,132.0,parking,64250.70873475731,24560.763426794103,0.0,0.0,0.0,"[[7779303.852881426, 14661.950516127697, 1696.849523963647, 1.583875911265013], [14661.950516127697, 7719664.482589254, 1.0146218685405743, 1691.4049481057689], [1696.849523963647, 1.0146218685405743, 0.4917666666666662, 0.0], [1.583875911265013, 1691.4049481057689, 0.0, 0.4917666666666662]]"
2026-07-26 00:58:00,56.34526813898013,19.305460583176377,132.0,parking,64250.70873475731,24560.763426794103,0.0,0.0,0.0,"[[7779303.852881426, 14661.950516127697, 1696.849523963647, 1.583875911265013], [14661.950516127697, 7719664.482589254, 1.0146218685405743, 1691.4049481057689], [1696.849523963647, 1.0146218685405743, 0.4917666666666662, 0.0], [1.583875911265013, 1691.4049481057689, 0.0, 0.4917666666666662]]"
2026-07-26 01:08:00,56.34526813898013,19.305460583176377,132.0,parking,64250.70873475731,24560.763426794103,0.0,0.0,0.0,"[[7779303.852881426, 14661.950516127697, 1696.849523963647, 1.583875911265013], [14661.950516127697, 7719664.482589254, 1.0146218685405743, 1691.4049481057689], [1696.849523963647, 1.0146218685405743, 0.4917666666666662, 0.0], [1.583875911265013, 1691.4049481057689, 0.0, 0.4917666666666662]]"
2026-07-26 01:18:00,56.34526813898013,19.305460583176377,132.0,parking,64250.70873475731,24560.763426794103,0.0,0.0,0.0,"[[7779303.852881426, 14661.950516127697, 1696.849523963647, 1.583875911265013], [14661.950516127697, 7719664.482589254, 1.0146218685405743, 1691.4049481057689], [1696.849523963647, 1.0146218685405743, 0.4917666666666662, 0.0], [1.583875911265013, 1691.4049481057689, 0.0, 0.4917666666666662]]"
2026-07-26 01:28:00,56.34526813898013,19.305460583176377,132.0,parking,64250.70873475731,24560.763426794103,0.0,0.0,0.0,"[[7779303.852881426, 14661.950516127697, 1696.849523963647, 1.583875911265013], [14661.950516127697, 7719664.482589254, 1.0146218685405743, 1691.4049481057689], [1696.849523963647, 1.0146218685405743, 0.4917666666666662, 0.0], [1.583875911265013, 1691.4049481057689, 0.0, 0.4917666666666662]]"
2026-07-26 01:38:00,56.34526813898013,19.305460583176377,132.0,parking,64250.70873475731,24560.763426794103,0.0,0.0,0.0,"[[7779303.852881426, 14661.950516127697, 1696.849523963647, 1.583875911265013], [14661.950516127697, 7719664.482589254, 1.0146218685405743, 1691.4049481057689], [1696.849523963647, 1.0146218685405743, 0.4917666666666662, 0.0], [1.583875911265013, 1691.4049481057689, 0.0, 0.4917666666666662]]"
2026-07-26 01:48:00,56.34526813898013,19.305460583176377,132.0,parking,64250.70873475731,24560.763426794103,0.0,0.0,0.0,"[[7779303.852881426, 14661.950516127697, 1696.849523963647, 1.583875911265013], [14661.950516127697, 7719664.482589254, 1.0146218685405743, 1691.4049481057689], [1696.849523963647, 1.0146218685405743, 0.4917666666666662, 0.0], [1.583875911265013, 1691.4049481057689, 0.0, 0.4917666666666662]]"
2026-07-26 01:58:00,56.34526813898013,19.305460583176377,132.0,parking,64250.70873475731,24560.763426794103,0.0,0.0,0.0,"[[7779303.852881426, 14661.950516127697, 1696.849523963647, 1.583875911265013], [14661.950516127697, 7719664.482589254, 1.0146218685405743, 1691.4049481057689], [1696.849523963647, 1.0146218685405743, 0.4917666666666662, 0.0], [1.583875911265013, 1691.4049481057689, 0.0, 0.4917666666666662]]"
2026-07-26 02:08:00,56.34526813898013,19.305460583176377,132.0,parking,64250.70873475731,24560.763426794103,0.0,0.0,0.0,"[[7779303.852881426, 14661.950516127697, 1696.849523963647, 1.583875911265013], [14661.950516127697, 7719664.482589254, 1.0146218685405743, 1691.4049481057689], [1696.849523963647, 1.0146218685405743, 0.4917666666666662, 0.0], [1.583875911265013, 1691.4049481057689, 0.0, 0.4917666666666662]]"
2026-07-26 02:18:00,56.34526813898013,19.305460583176377,132.0,parking,64250.70873475731,24560.763426794103,0.0,0.0,0.0,"[[7779303.852881426, 14661.950516127697, 1696.849523963647, 1.583875911265013], [14661.950516127697, 7719664.482589254, 1.0146218685405743, 1691.4049481057689], [1696.849523963647, 1.0146218685405743, 0.4917666666666662, 0.0], [1.583875911265013, 1691.4049481057689, 0.0, 0.4917666666666662]]"
2026-07-26 02:28:00,56.34526813898013,19.305460583176377,132.0,parking,64250.70873475731,24560.763426794103,0.0,0.0,0.0,"[[7779303.852881426, 14661.950516127697, 1696.849523963647, 1.583875911265013], [14661.950516127697, 7719664.482589254, 1.0146218685405743, 1691.4049481057689], [1696.849523963647, 1.0146218685405743, 0.4917666666666662, 0.0], [1.583875911265013, 1691.4049481057689, 0.0, 0.4917666666666662]]"
2026-07-26 02:38:00,56.34526813898013,19.305460583176377,132.0,parking,64250.70873475731,24560.763426794103,0.0,0.0,0.0,"[[7779303.852881426, 14661.950516127697, 1696.849523963647, 1.583875911265013], [14661.950516127697, 7719664.482589254, 1.0146218685405743, 1691.4049481057689], [1696.849523963647, 1.0146218685405743, 0.4917666666666662, 0.0], [1.583875911265013, 1691.4049481057689, 0.0, 0.4917666666666662]]"
2026-07-26 02:48:00,56.34526813898013,19.305460583176377,132.0,parking,64250.70873475731,24560.763426794103,0.0,0.0,0.0,"[[7779303.852881426, 14661.950516127697, 1696.849523963647, 1.583875911265013], [14661.950516127697, 7719664.482589254, 1.0146218685405743, 1691.4049481057689], [1696.849523963647, 1.0146218685405743, 0.4917666666666662, 0.0], [1.583875911265013, 1691.4049481057689, 0.0, 0.4917666666666662]]"
2026-07-26 02:58:00,56.34526813898013,19.305460583176377,132.0,parking,64250.70873475731,24560.763426794103,0.0,0.0,0.0,"[[7779303.852881426, 14661.950516127697, 1696.849523963647, 1.583875911265013], [14661.950516127697, 7719664.482589254, 1.0146218685405743, 1691.4049481057689], [1696.849523963647, 1.0146218685405743, 0.4917666666666662, 0.0], [1.583875911265013, 1691.4049481057689, 0.0, 0.4917666666666662]]"
2026-07-26 03:08:00,56.34526813898013,19.305460583176377,132.0,parking,64250.70873475731,24560.763426794103,0.0,0.0,0.0,"[[7779303.852881426, 14661.950516127697, 1696.849523963647, 1.583875911265013], [14661.950516127697, 7719664.482589254, 1.0146218685405743, 1691.4049481057689], [1696.849523963647, 1.0146218685405743, 0.4917666666666662, 0.0], [1.583875911265013, 1691.4049481057689, 0.0, 0.4917666666666662]]"
2026-07-26 03:18:00,56.34526813898013,19.305460583176377,132.0,parking,64250.70873475731,24560.763426794103,0.0,0.0,0.0,"[[7779303.852881426, 14661.950516127697, 1696.849523963647, 1.583875911265013], [14661.950516127697, 7719664.482589254, 1.0146218685405743, 1691.4049481057689], [1696.849523963647, 1.0146218685405743, 0.4917666666666662, 0.0], [1.583875911265013, 1691.4049481057689, 0.0, 0.4917666666666662]]"
2026-07-26 03:28:00,56.34526813898013,19.305460583176377,132.0,parking,64250.70873475731,24560.763426794103,0.0,0.0,0.0,"[[7779303.852881426, 14661.950516127697, 1696.849523963647, 1.583875911265013], [14661.950516127697, 7719664.482589254, 1.0146218685405743, 1691.4049481057689], [1696.849523963647, 1.0146218685405743, 0.4917666666666662, 0.0], [1.583875911265013, 1691.4049481057689, 0.0, 0.4917666666666662]]"
2026-07-26 03:38:00,56.34526813898013,19.305460583176377,132.0,parking,64250.70873475731,24560.763426794103,0.0,0.0,0.0,"[[7779303.852881426, 14661.950516127697, 1696.849523963647, 1.583875911265013], [14661.950516127697, 7719664.482589254, 1.0146218685405743, 1691.4049481057689], [1696.849523963647, 1.0146218685405743, 0.4917666666666662, 0.0], [1.583875911265013, 1691.4049481057689, 0.0, 0.4917666666666662]]"
2026-07-26 03:48:00,56.34526813898013,19.305460583176377,132.0,parking,64250.70873475731,24560.763426794103,0.0,0.0,0.0,"[[7779303.852881426, 14661.950516127697, 1696.849523963647, 1.583875911265013], [14661.950516127697, 7719664.482589254, 1.0146218685405743, 1691.4049481057689], [1696.849523963647, 1.0146218685405743, 0.4917666666666662, 0.0], [1.583875911265013, 1691.4049481057689, 0.0, 0.4917666666666662]]"
2026-07-26 03:58:00,56.34526813898013,19.305460583176377,132.0,parking,64250.70873475731,24560.763426794103,0.0,0.0,0.0,"[[7779303.852881426, 14661.950516127697, 1696.849523963647, 1.583875911265013], [14661.950516127697, 7719664.482589254, 1.0146218685405743, 1691.4049481057689], [1696.849523963647, 1.0146218685405743, 0.4917666666666662, 0.0], [1.583875911265013, 1691.4049481057689, 0.0, 0.4917666666666662]]"
2026-07-26 04:08:00,56.34526813898013,19.305460583176377,132.0,parking,64250.70873475731,24560.763426794103,0.0,0.0,0.0,"[[7779303.852881426, 14661.950516127697, 1696.849523963647, 1.583875911265013], [14661.950516127697, 7719664.482589254, 1.0146218685405743, 1691.4049481057689], [1696.849523963647, 1.0146218685405743, 0.4917666666666662, 0.0], [1.583875911265013, 1691.4049481057689, 0.0, 0.4917666666666662]]"
2026-07-26 04:18:00,56.34526813898013,19.305460583176377,132.0,parking,64250.70873475731,24560.763426794103,0.0,0.0,0.0,"[[7779303.852881426, 14661.950516127697, 1696.849523963647, 1.583875911265013], [14661.950516127697, 7719664.482589254, 1.0146218685405743, 1691.4049481057689], [1696.849523963647, 1.0146218685405743, 0.4917666666666662, 0.0], [1.583875911265013, 1691.4049481057689, 0.0, 0.4917666666666662]]"
2026-07-26 04:28:00,56.34526813898013,19.305460583176377,132.0,parking,64250.70873475731,24560.763426794103,0.0,0.0,0.0,"[[7779303.852881426, 14661.950516127697, 1696.849523963647, 1.583875911265013], [14661.950516127697, 7719664.482589254, 1.0146218685405743, 1691.4049481057689], [1696.849523963647, 1.0146218685405743, 0.4917666666666662, 0.0], [1.583875911265013, 1691.4049481057689, 0.0, 0.4917666666666662]]"
2026-07-26 04:38:00,56.34526813898013,19.305460583176377,132.0,parking,64250.70873475731,24560.763426794103,0.0,0.0,0.0,"[[7779303.852881426, 14661.950516127697, 1696.849523963647, 1.583875911265013], [14661.950516127697, 7719664.482589254, 1.0146218685405743, 1691.4049481057689], [1696.849523963647, 1.0146218685405743, 0.4917666666666662, 0.0], [1.583875911265013, 1691.4049481057689, 0.0, 0.4917666666666662]]"
2026-07-26 04:48:00,56.34526813898013,19.305460583176377,132.0,parking,64250.70873475731,24560.763426794103,0.0,0.0,0.0,"[[7779303.852881426, 14661.950516127697, 1696.849523963647, 1.583875911265013], [14661.950516127697, 7719664.482589254, 1.0146218685405743, 1691.4049481057689], [1696.849523963647, 1.0146218685405743, 0.4917666666666662, 0.0], [1.583875911265013, 1691.4049481057689, 0.0, 0.4917666666666662]]"
2026-07-26 04:58:00,56.34526813898013,19.305460583176377,132.0,parking,64250.70873475731,24560.763426794103,0.0,0.0,0.0,"[[7779303.852881426, 14661.950516127697, 1696.849523963647, 1.583875911265013], [14661.950516127697, 7719664.482589254, 1.0146218685405743, 1691.4049481057689], [1696.849523963647, 1.0146218685405743, 0.4917666666666662, 0.0], [1.583875911265013, 1691.4049481057689, 0.0, 0.4917666666666662]]"
2026-07-26 05:08:00,56.34526813898013,19.305460583176377,132.0,parking,64250.70873475731,24560.763426794103,0.0,0.0,0.0,"[[7779303.852881426, 14661.950516127697, 1696.849523963647, 1.583875911265013], [14661.950516127697, 7719664.482589254, 1.0146218685405743, 1691.4049481057689], [1696.849523963647, 1.0146218685405743, 0.4917666666666662, 0.0], [1.583875911265013, 1691.4049481057689, 0.0, 0.4917666666666662]]"
2026-07-26 05:18:00,56.34526813898013,19.305460583176377,132.0,parking,64250.70873475731,24560.763426794103,0.0,0.0,0.0,"[[7779303.852881426, 14661.950516127697, 1696.849523963647, 1.583875911265013], [14661.950516127697, 7719664.482589254, 1.0146218685405743, 1691.4049481057689], [1696.849523963647, 1.0146218685405743, 0.4917666666666662, 0.0], [1.583875911265013, 1691.4049481057689, 0.0, 0.4917666666666662]]"
2026-07-26 05:28:00,56.34526813898013,19.305460583176377,132.0,parking,64250.70873475731,24560.763426794103,0.0,0.0,0.0,"[[7779303.852881426, 14661.950516127697, 1696.849523963647, 1.583875911265013], [14661.950516127697, 7719664.482589254, 1.0146218685405743, 1691.4049481057689], [1696.849523963647, 1.0146218685405743, 0.4917666666666662, 0.0], [1.583875911265013, 1691.4049481057689, 0.0, 0.4917666666666662]]"
2026-07-26 05:38:00,56.34526813898013,19.305460583176377,132.0,parking,64250.70873475731,24560.763426794103,0.0,0.0,0.0,"[[7779303.852881426, 14661.950516127697, 1696.849523963647, 1.583875911265013], [14661.950516127697, 7719664.482589254, 1.0146218685405743, 1691.4049481057689], [1696.849523963647, 1.0146218685405743, 0.4917666666666662, 0.0], [1.583875911265013, 1691.4049481057689, 0.0, 0.4917666666666662]]"
2026-07-26 05:48:00,56.34526813898013,19.305460583176377,132.0,parking,64250.70873475731,24560.763426794103,0.0,0.0,0.0,"[[7779303.852881426, 14661.950516127697, 1696.849523963647, 1.583875911265013], [14661.950516127697, 7719664.482589254, 1.0146218685405743, 1691.4049481057689], [1696.849523963647, 1.0146218685405743, 0.4917666666666662, 0.0], [1.583875911265013, 1691.4049481057689, 0.0, 0.4917666666666662]]"
2026-07-26 05:58:00,56.34526813898013,19.305460583176377,132.0,parking,64250.70873475731,24560.763426794103,0.0,0.0,0.0,"[[7779303.852881426, 14661.950516127697, 1696.849523963647, 1.583875911265013], [14661.950516127697, 7719664.482589254, 1.0146218685405743, 1691.4049481057689], [1696.849523963647, 1.0146218685405743, 0.4917666666666662, 0.0], [1.583875911265013, 1691.4049481057689, 0.0, 0.4917666666666662]]"
2026-07-26 06:08:00,56.34526813898013,19.305460583176377,132.0,parking,64250.70873475731,24560.763426794103,0.0,0.0,0.0,"[[7779303.852881426, 14661.950516127697, 1696.849523963647, 1.583875911265013], [14661.950516127697, 7719664.482589254, 1.0146218685405743, 1691.4049481057689], [1696.849523963647, 1.0146218685405743, 0.4917666666666662, 0.0], [1.583875911265013, 1691.4049481057689, 0.0, 0.4917666666666662]]"
2026-07-26 06:18:00,56.34526813898013,19.305460583176377,132.0,parking,64250.70873475731,24560.763426794103,0.0,0.0,0.0,"[[7779303.852881426, 14661.950516127697, 1696.849523963647, 1.583875911265013], [14661.950516127697, 7719664.482589254, 1.0146218685405743, 1691.4049481057689], [1696.849523963647, 1.0146218685405743, 0.4917666666666662, 0.0], [1.583875911265013, 1691.4049481057689, 0.0, 0.4917666666666662]]"
2026-07-26 06:28:00,56.34526813898013,19.305460583176377,132.0,parking,64250.70873475731,24560.763426794103,0.0,0.0,0.0,"[[7779303.852881426, 14661.950516127697, 1696.849523963647, 1.583875911265013], [14661.950516127697, 7719664.482589254, 1.0146218685405743, 1691.4049481057689], [1696.849523963647, 1.0146218685405743, 0.4917666666666662, 0.0], [1.583875911265013, 1691.4049481057689, 0.0, 0.4917666666666662]]"
2026-07-26 06:38:00,56.34526813898013,19.305460583176377,132.0,parking,64250.70873475731,24560.763426794103,0.0,0.0,0.0,"[[7779303.852881426, 14661.950516127697, 1696.849523963647, 1.583875911265013], [14661.950516127697, 7719664.482589254, 1.0146218685405743, 1691.4049481057689], [1696.849523963647, 1.0146218685405743, 0.4917666666666662, 0.0], [1.583875911265013, 1691.4049481057689, 0.0, 0.4917666666666662]]"
2026-07-26 06:48:00,56.34526813898013,19.305460583176377,132.0,parking,64250.70873475731,24560.763426794103,0.0,0.0,0.0,"[[7779303.852881426, 14661.950516127697, 1696.849523963647, 1.583875911265013], [14661.950516127697, 7719664.482589254, 1.0146218685405743, 1691.4049481057689], [1696.849523963647, 1.0146218685405743, 0.4917666666666662, 0.0], [1.583875911265013, 1691.4049481057689, 0.0, 0.4917666666666662]]"
2026-07-26 06:58:00,56.34526813898013,19.305460583176377,132.0,parking,64250.70873475731,24560.763426794103,0.0,0.0,0.0,"[[7779303.852881426, 14661.950516127697, 1696.849523963647, 1.583875911265013], [14661.950516127697, 7719664.482589254, 1.0146218685405743, 1691.4049481057689], [1696.849523963647, 1.0146218685405743, 0.4917666666666662, 0.0], [1.583875911265013, 1691.4049481057689, 0.0, 0.4917666666666662]]"
2026-07-26 07:08:00,56.34526813898013,19.305460583176377,132.0,parking,64250.70873475731,24560.763426794103,0.0,0.0,0.0,"[[7779303.852881426, 14661.950516127697, 1696.849523963647, 1.583875911265013], [14661.950516127697, 7719664.482589254, 1.0146218685405743, 1691.4049481057689], [1696.849523963647, 1.0146218685405743, 0.4917666666666662, 0.0], [1.583875911265013, 1691.4049481057689, 0.0, 0.4917666666666662]]"
2026-07-26 07:18:00,56.34526813898013,19.305460583176377,132.0,parking,64250.70873475731,24560.763426794103,0.0,0.0,0.0,"[[7779303.852881426, 14661.950516127697, 1696.849523963647, 1.583875911265013], [14661.950516127697, 7719664.482589254, 1.0146218685405743, 1691.4049481057689], [1696.849523963647, 1.0146218685405743, 0.4917666666666662, 0.0], [1.583875911265013, 1691.4049481057689, 0.0, 0.4917666666666662]]"
2026-07-26 07:28:00,56.34526813898013,19.305460583176377,132.0,parking,64250.70873475731,24560.763426794103,0.0,0.0,0.0,"[[7779303.852881426, 14661.950516127697, 1696.849523963647, 1.583875911265013], [14661.950516127697, 7719664.482589254, 1.0146218685405743, 1691.4049481057689], [1696.849523963647, 1.0146218685405743, 0.4917666666666662, 0.0], [1.583875911265013, 1691.4049481057689, 0.0, 0.4917666666666662]]"
2026-07-26 07:38:00,56.34526813898013,19.305460583176377,132.0,parking,64250.70873475731,24560.763426794103,0.0,0.0,0.0,"[[7779303.852881426, 14661.950516127697, 1696.849523963647, 1.583875911265013], [14661.950516127697, 7719664.482589254, 1.0146218685405743, 1691.4049481057689], [1696.849523963647, 1.0146218685405743, 0.4917666666666662, 0.0], [1.583875911265013, 1691.4049481057689, 0.0, 0.4917666666666662]]"
2026-07-26 07:48:00,56.34526813898013,19.305460583176377,132.0,parking,64250.70873475731,24560.763426794103,0.0,0.0,0.0,"[[7779303.852881426, 14661.950516127697, 1696.849523963647, 1.583875911265013], [14661.950516127697, 7719664.482589254, 1.0146218685405743, 1691.4049481057689], [1696.849523963647, 1.0146218685405743, 0.4917666666666662, 0.0], [1.583875911265013, 1691.4049481057689, 0.0, 0.4917666666666662]]"
2026-07-26 07:58:00,56.34526813898013,19.305460583176377,132.0,parking,64250.70873475731,24560.763426794103,0.0,0.0,0.0,"[[7779303.852881426, 14661.950516127697, 1696.849523963647, 1.583875911265013], [14661.950516127697, 7719664.482589254, 1.0146218685405743, 1691.4049481057689], [1696.849523963647, 1.0146218685405743, 0.4917666666666662, 0.0], [1.583875911265013, 1691.4049481057689, 0.0, 0.4917666666666662]]"
2026-07-26 08:08:00,56.34526813898013,19.305460583176377,132.0,parking,64250.70873475731,24560.763426794103,0.0,0.0,0.0,"[[7779303.852881426, 14661.950516127697, 1696.849523963647, 1.583875911265013], [14661.950516127697, 7719664.482589254, 1.0146218685405743, 1691.4049481057689], [1696.849523963647, 1.0146218685405743, 0.4917666666666662, 0.0], [1.583875911265013, 1691.4049481057689, 0.0, 0.4917666666666662]]"
2026-07-26 08:18:00,56.34526813898013,19.305460583176377,132.0,parking,64250.70873475731,24560.763426794103,0.0,0.0,0.0,"[[7779303.852881426, 14661.950516127697, 1696.849523963647, 1.583875911265013], [14661.950516127697, 7719664.482589254, 1.0146218685405743, 1691.4049481057689], [1696.849523963647, 1.0146218685405743, 0.4917666666666662, 0.0], [1.583875911265013, 1691.4049481057689, 0.0, 0.4917666666666662]]"
2026-07-26 08:28:00,56.34526813898013,19.305460583176377,132.0,parking,64250.70873475731,24560.763426794103,0.0,0.0,0.0,"[[7779303.852881426, 14661.950516127697, 1696.849523963647, 1.583875911265013], [14661.950516127697, 7719664.482589254, 1.0146218685405743, 1691.4049481057689], [1696.849523963647, 1.0146218685405743, 0.4917666666666662, 0.0], [1.583875911265013, 1691.4049481057689, 0.0, 0.4917666666666662]]"
2026-07-26 08:38:00,56.34526813898013,19.305460583176377,132.0,parking,64250.70873475731,24560.763426794103,0.0,0.0,0.0,"[[7779303.852881426, 14661.950516127697, 1696.849523963647, 1.583875911265013], [14661.950516127697, 7719664.482589254, 1.0146218685405743, 1691.4049481057689], [1696.849523963647, 1.0146218685405743, 0.4917666666666662, 0.0], [1.583875911265013, 1691.4049481057689, 0.0, 0.4917666666666662]]"
2026-07-26 08:48:00,56.34526813898013,19.305460583176377,132.0,parking,64250.70873475731,24560.763426794103,0.0,0.0,0.0,"[[7779303.852881426, 14661.950516127697, 1696.849523963647, 1.583875911265013], [14661.950516127697, 7719664.482589254, 1.0146218685405743, 1691.4049481057689], [1696.849523963647, 1.0146218685405743, 0.4917666666666662, 0.0], [1.583875911265013, 1691.4049481057689, 0.0, 0.4917666666666662]]"
2026-07-26 08:58:00,56.34526813898013,19.305460583176377,132.0,parking,64250.70873475731,24560.763426794103,0.0,0.0,0.0,"[[7779303.852881426, 14661.950516127697, 1696.849523963647, 1.583875911265013], [14661.950516127697, 7719664.482589254, 1.0146218685405743, 1691.4049481057689], [1696.849523963647, 1.0146218685405743, 0.4917666666666662, 0.0], [1.583875911265013, 1691.4049481057689, 0.0, 0.4917666666666662]]"
2026-07-26 09:08:00,56.34526813898013,19.305460583176377,132.0,parking,64250.70873475731,24560.763426794103,0.0,0.0,0.0,"[[7779303.852881426, 14661.950516127697, 1696.849523963647, 1.583875911265013], [14661.950516127697, 7719664.482589254, 1.0146218685405743, 1691.4049481057689], [1696.849523963647, 1.0146218685405743, 0.4917666666666662, 0.0], [1.583875911265013, 1691.4049481057689, 0.0, 0.4917666666666662]]"
2026-07-26 09:18:00,56.34526813898013,19.305460583176377,132.0,parking,64250.70873475731,24560.763426794103,0.0,0.0,0.0,"[[7779303.852881426, 14661.950516127697, 1696.849523963647, 1.583875911265013], [14661.950516127697, 7719664.482589254, 1.0146218685405743, 1691.4049481057689], [1696.849523963647, 1.0146218685405743, 0.4917666666666662, 0.0], [1.583875911265013, 1691.4049481057689, 0.0, 0.4917666666666662]]"
2026-07-26 09:28:00,56.34526813898013,19.305460583176377,132.0,parking,64250.70873475731,24560.763426794103,0.0,0.0,0.0,"[[7779303.852881426, 14661.950516127697, 1696.849523963647, 1.583875911265013], [14661.950516127697, 7719664.482589254, 1.0146218685405743, 1691.4049481057689], [1696.849523963647, 1.0146218685405743, 0.4917666666666662, 0.0], [1.583875911265013, 1691.4049481057689, 0.0, 0.4917666666666662]]"
2026-07-26 09:38:00,56.34526813898013,19.305460583176377,132.0,parking,64250.70873475731,24560.763426794103,0.0,0.0,0.0,"[[7779303.852881426, 14661.950516127697, 1696.849523963647, 1.583875911265013], [14661.950516127697, 7719664.482589254, 1.0146218685405743, 1691.4049481057689], [1696.849523963647, 1.0146218685405743, 0.4917666666666662, 0.0], [1.583875911265013, 1691.4049481057689, 0.0, 0.4917666666666662]]"
2026-07-26 09:48:00,56.34526813898013,19.305460583176377,132.0,parking,64250.70873475731,24560.763426794103,0.0,0.0,0.0,"[[7779303.852881426, 14661.950516127697, 1696.849523963647, 1.583875911265013], [14661.950516127697, 7719664.482589254, 1.0146218685405743, 1691.4049481057689], [1696.849523963647, 1.0146218685405743, 0.4917666666666662, 0.0], [1.583875911265013, 1691.4049481057689, 0.0, 0.4917666666666662]]"
2026-07-26 09:58:00,56.34526813898013,19.305460583176377,132.0,parking,64250.70873475731,24560.763426794103,0.0,0.0,0.0,"[[7779303.852881426, 14661.950516127697, 1696.849523963647, 1.583875911265013], [14661.950516127697, 7719664.482589254, 1.0146218685405743, 1691.4049481057689], [1696.849523963647, 1.0146218685405743, 0.4917666666666662, 0.0], [1.583875911265013, 1691.4049481057689, 0.0, 0.4917666666666662]]"
2026-07-26 10:08:00,56.34526813898013,19.305460583176377,132.0,parking,64250.70873475731,24560.763426794103,0.0,0.0,0.0,"[[7779303.852881426, 14661.950516127697, 1696.849523963647, 1.583875911265013], [14661.950516127697, 7719664.482589254, 1.0146218685405743, 1691.4049481057689], [1696.849523963647, 1.0146218685405743, 0.4917666666666662, 0.0], [1.583875911265013, 1691.4049481057689, 0.0, 0.4917666666666662]]"
2026-07-26 10:18:00,56.34526813898013,19.305460583176377,132.0,parking,64250.70873475731,24560.763426794103,0.0,0.0,0.0,"[[7779303.852881426, 14661.950516127697, 1696.849523963647, 1.583875911265013], [14661.950516127697, 7719664.482589254, 1.0146218685405743, 1691.4049481057689], [1696.849523963647, 1.0146218685405743, 0.4917666666666662, 0.0], [1.583875911265013, 1691.4049481057689, 0.0, 0.4917666666666662]]"
2026-07-26 10:28:00,56.34526813898013,19.305460583176377,132.0,parking,64250.70873475731,24560.763426794103,0.0,0.0,0.0,"[[7779303.852881426, 14661.950516127697, 1696.849523963647, 1.583875911265013], [14661.950516127697, 7719664.482589254, 1.0146218685405743, 1691.4049481057689], [1696.849523963647, 1.0146218685405743, 0.4917666666666662, 0.0], [1.583875911265013, 1691.4049481057689, 0.0, 0.4917666666666662]]"
2026-07-26 10:38:00,56.34526813898013,19.305460583176377,132.0,parking,64250.70873475731,24560.763426794103,0.0,0.0,0.0,"[[7779303.852881426, 14661.950516127697, 1696.849523963647, 1.583875911265013], [14661.950516127697, 7719664.482589254, 1.0146218685405743, 1691.4049481057689], [1696.849523963647, 1.0146218685405743, 0.4917666666666662, 0.0], [1.583875911265013, 1691.4049481057689, 0.0, 0.4917666666666662]]"
2026-07-26 10:48:00,56.34526813898013,19.305460583176377,132.0,parking,64250.70873475731,24560.763426794103,0.0,0.0,0.0,"[[7779303.852881426, 14661.950516127697, 1696.849523963647, 1.583875911265013], [14661.950516127697, 7719664.482589254, 1.0146218685405743, 1691.4049481057689], [1696.849523963647, 1.0146218685405743, 0.4917666666666662, 0.0], [1.583875911265013, 1691.4049481057689, 0.0, 0.4917666666666662]]"
2026-07-26 10:58:00,56.34526813898013,19.305460583176377,132.0,parking,64250.70873475731,24560.763426794103,0.0,0.0,0.0,"[[7779303.852881426, 14661.950516127697, 1696.849523963647, 1.583875911265013], [14661.950516127697, 7719664.482589254, 1.0146218685405743, 1691.4049481057689], [1696.849523963647, 1.0146218685405743, 0.4917666666666662, 0.0], [1.583875911265013, 1691.4049481057689, 0.0, 0.4917666666666662]]"
2026-07-26 11:08:00,56.34526813898013,19.305460583176377,132.0,parking,64250.70873475731,24560.763426794103,0.0,0.0,0.0,"[[7779303.852881426, 14661.950516127697, 1696.849523963647, 1.583875911265013], [14661.950516127697, 7719664.482589254, 1.0146218685405743, 1691.4049481057689], [1696.849523963647, 1.0146218685405743, 0.4917666666666662, 0.0], [1.583875911265013, 1691.4049481057689, 0.0, 0.4917666666666662]]"
2026-07-26 11:18:00,56.34526813898013,19.305460583176377,132.0,parking,64250.70873475731,24560.763426794103,0.0,0.0,0.0,"[[7779303.852881426, 14661.950516127697, 1696.849523963647, 1.583875911265013], [14661.950516127697, 7719664.482589254, 1.0146218685405743, 1691.4049481057689], [1696.849523963647, 1.0146218685405743, 0.4917666666666662, 0.0], [1.583875911265013, 1691.4049481057689, 0.0, 0.4917666666666662]]"
2026-07-26 11:28:00,56.34526813898013,19.305460583176377,132.0,parking,64250.70873475731,24560.763426794103,0.0,0.0,0.0,"[[7779303.852881426, 14661.950516127697, 1696.849523963647, 1.583875911265013], [14661.950516127697, 7719664.482589254, 1.0146218685405743, 1691.4049481057689], [1696.849523963647, 1.0146218685405743, 0.4917666666666662, 0.0], [1.583875911265013, 1691.4049481057689, 0.0, 0.4917666666666662]]"
2026-07-26 11:38:00,56.34526813898013,19.305460583176377,132.0,parking,64250.70873475731,24560.763426794103,0.0,0.0,0.0,"[[7779303.852881426, 14661.950516127697, 1696.849523963647, 1.583875911265013], [14661.950516127697, 7719664.482589254, 1.0146218685405743, 1691.4049481057689], [1696.849523963647, 1.0146218685405743, 0.4917666666666662, 0.0], [1.583875911265013, 1691.4049481057689, 0.0, 0.4917666666666662]]"
2026-07-26 11:48:00,56.34526813898013,19.305460583176377,132.0,parking,64250.70873475731,24560.763426794103,0.0,0.0,0.0,"[[7779303.852881426, 14661.950516127697, 1696.849523963647, 1.583875911265013], [14661.950516127697, 7719664.482589254, 1.0146218685405743, 1691.4049481057689], [1696.849523963647, 1.0146218685405743, 0.4917666666666662, 0.0], [1.583875911265013, 1691.4049481057689, 0.0, 0.4917666666666662]]"
2026-07-26 11:58:00,56.34526813898013,19.305460583176377,132.0,parking,64250.70873475731,24560.763426794103,0.0,0.0,0.0,"[[7779303.852881426, 14661.950516127697, 1696.849523963647, 1.583875911265013], [14661.950516127697, 7719664.482589254, 1.0146218685405743, 1691.4049481057689], [1696.849523963647, 1.0146218685405743, 0.4917666666666662, 0.0], [1.583875911265013, 1691.4049481057689, 0.0, 0.4917666666666662]]"
2026-07-26 12:08:00,56.34526813898013,19.305460583176377,132.0,parking,64250.70873475731,24560.763426794103,0.0,0.0,0.0,"[[7779303.852881426, 14661.950516127697, 1696.849523963647, 1.583875911265013], [14661.950516127697, 7719664.482589254, 1.0146218685405743, 1691.4049481057689], [1696.849523963647, 1.0146218685405743, 0.4917666666666662, 0.0], [1.583875911265013, 1691.4049481057689, 0.0, 0.4917666666666662]]"
2026-07-26 12:18:00,56.34526813898013,19.305460583176377,132.0,parking,64250.70873475731,24560.763426794103,0.0,0.0,0.0,"[[7779303.852881426, 14661.950516127697, 1696.849523963647, 1.583875911265013], [14661.950516127697, 7719664.482589254, 1.0146218685405743, 1691.4049481057689], [1696.849523963647, 1.0146218685405743, 0.4917666666666662, 0.0], [1.583875911265013, 1691.4049481057689, 0.0, 0.4917666666666662]]"
2026-07-26 12:28:00,56.34526813898013,19.305460583176377,132.0,parking,64250.70873475731,24560.763426794103,0.0,0.0,0.0,"[[7779303.852881426, 14661.950516127697, 1696.849523963647, 1.583875911265013], [14661.950516127697, 7719664.482589254, 1.0146218685405743, 1691.4049481057689], [1696.849523963647, 1.0146218685405743, 0.4917666666666662, 0.0], [1.583875911265013, 1691.4049481057689, 0.0, 0.4917666666666662]]"
2026-07-26 12:38:00,56.34526813898013,19.305460583176377,132.0,parking,64250.70873475731,24560.763426794103,0.0,0.0,0.0,"[[7779303.852881426, 14661.950516127697, 1696.849523963647, 1.583875911265013], [14661.950516127697, 7719664.482589254, 1.0146218685405743, 1691.4049481057689], [1696.849523963647, 1.0146218685405743, 0.4917666666666662, 0.0], [1.583875911265013, 1691.4049481057689, 0.0, 0.4917666666666662]]"
2026-07-26 12:48:00,56.34526813898013,19.305460583176377,132.0,parking,64250.70873475731,24560.763426794103,0.0,0.0,0.0,"[[7779303.852881426, 14661.950516127697, 1696.849523963647, 1.583875911265013], [14661.950516127697, 7719664.482589254, 1.0146218685405743, 1691.4049481057689], [1696.849523963647, 1.0146218685405743, 0.4917666666666662, 0.0], [1.583875911265013, 1691.4049481057689, 0.0, 0.4917666666666662]]"
2026-07-26 12:58:00,56.34526813898013,19.305460583176377,132.0,parking,64250.70873475731,24560.763426794103,0.0,0.0,0.0,"[[7779303.852881426, 14661.950516127697, 1696.849523963647, 1.583875911265013], [14661.950516127697, 7719664.482589254, 1.0146218685405743, 1691.4049481057689], [1696.849523963647, 1.0146218685405743, 0.4917666666666662, 0.0], [1.583875911265013, 1691.4049481057689, 0.0, 0.4917666666666662]]"
2026-07-26 13:08:00,56.34526813898013,19.305460583176377,132.0,parking,64250.70873475731,24560.763426794103,0.0,0.0,0.0,"[[7779303.852881426, 14661.950516127697, 1696.849523963647, 1.583875911265013], [14661.950516127697, 7719664.482589254, 1.0146218685405743, 1691.4049481057689], [1696.849523963647, 1.0146218685405743, 0.4917666666666662, 0.0], [1.583875911265013, 1691.4049481057689, 0.0, 0.4917666666666662]]"
2026-07-26 13:18:00,56.34526813898013,19.305460583176377,132.0,parking,64250.70873475731,24560.763426794103,0.0,0.0,0.0,"[[7779303.852881426, 14661.950516127697, 1696.849523963647, 1.583875911265013], [14661.950516127697, 7719664.482589254, 1.0146218685405743, 1691.4049481057689], [1696.849523963647, 1.0146218685405743, 0.4917666666666662, 0.0], [1.583875911265013, 1691.4049481057689, 0.0, 0.4917666666666662]]"
2026-07-26 13:28:00,56.34526813898013,19.305460583176377,132.0,parking,64250.70873475731,24560.763426794103,0.0,0.0,0.0,"[[7779303.852881426, 14661.950516127697, 1696.849523963647, 1.583875911265013], [14661.950516127697, 7719664.482589254, 1.0146218685405743, 1691.4049481057689], [1696.849523963647, 1.0146218685405743, 0.4917666666666662, 0.0], [1.583875911265013, 1691.4049481057689, 0.0, 0.4917666666666662]]"
2026-07-26 13:38:00,56.34526813898013,19.305460583176377,132.0,parking,64250.70873475731,24560.763426794103,0.0,0.0,0.0,"[[7779303.852881426, 14661.950516127697, 1696.849523963647, 1.583875911265013], [14661.950516127697, 7719664.482589254, 1.0146218685405743, 1691.4049481057689], [1696.849523963647, 1.0146218685405743, 0.4917666666666662, 0.0], [1.583875911265013, 1691.4049481057689, 0.0, 0.4917666666666662]]"
2026-07-26 13:48:00,56.34526813898013,19.305460583176377,132.0,parking,64250.70873475731,24560.763426794103,0.0,0.0,0.0,"[[7779303.852881426, 14661.950516127697, 1696.849523963647, 1.583875911265013], [14661.950516127697, 7719664.482589254, 1.0146218685405743, 1691.4049481057689], [1696.849523963647, 1.0146218685405743, 0.4917666666666662, 0.0], [1.583875911265013, 1691.4049481057689, 0.0, 0.4917666666666662]]"
2026-07-26 13:58:00,56.34526813898013,19.305460583176377,132.0,parking,64250.70873475731,24560.763426794103,0.0,0.0,0.0,"[[7779303.852881426, 14661.950516127697, 1696.849523963647, 1.583875911265013], [14661.950516127697, 7719664.482589254, 1.0146218685405743, 1691.4049481057689], [1696.849523963647, 1.0146218685405743, 0.4917666666666662, 0.0], [1.583875911265013, 1691.4049481057689, 0.0, 0.4917666666666662]]"
2026-07-26 14:08:00,56.34526813898013,19.305460583176377,132.0,parking,64250.70873475731,24560.763426794103,0.0,0.0,0.0,"[[7779303.852881426, 14661.950516127697, 1696.849523963647, 1.583875911265013], [14661.950516127697, 7719664.482589254, 1.0146218685405743, 1691.4049481057689], [1696.849523963647, 1.0146218685405743, 0.4917666666666662, 0.0], [1.583875911265013, 1691.4049481057689, 0.0, 0.4917666666666662]]"
2026-07-26 14:18:00,56.34526813898013,19.305460583176377,132.0,parking,64250.70873475731,24560.763426794103,0.0,0.0,0.0,"[[7779303.852881426, 14661.950516127697, 1696.849523963647, 1.583875911265013], [14661.950516127697, 7719664.482589254, 1.0146218685405743, 1691.4049481057689], [1696.849523963647, 1.0146218685405743, 0.4917666666666662, 0.0], [1.583875911265013, 1691.4049481057689, 0.0, 0.4917666666666662]]"
2026-07-26 14:28:00,56.34526813898013,19.305460583176377,132.0,parking,64250.70873475731,24560.763426794103,0.0,0.0,0.0,"[[7779303.852881426, 14661.950516127697, 1696.849523963647, 1.583875911265013], [14661.950516127697, 7719664.482589254, 1.0146218685405743, 1691.4049481057689], [1696.849523963647, 1.0146218685405743, 0.4917666666666662, 0.0], [1.583875911265013, 1691.4049481057689, 0.0, 0.4917666666666662]]"
2026-07-26 14:38:00,56.34526813898013,19.305460583176377,132.0,parking,64250.70873475731,24560.763426794103,0.0,0.0,0.0,"[[7779303.852881426, 14661.950516127697, 1696.849523963647, 1.583875911265013], [14661.950516127697, 7719664.482589254, 1.0146218685405743, 1691.4049481057689], [1696.849523963647, 1.0146218685405743, 0.4917666666666662, 0.0], [1.583875911265013, 1691.4049481057689, 0.0, 0.4917666666666662]]"
2026-07-26 14:48:00,56.34526813898013,19.305460583176377,132.0,parking,64250.70873475731,24560.763426794103,0.0,0.0,0.0,"[[7779303.852881426, 14661.950516127697, 1696.849523963647, 1.583875911265013], [14661.950516127697, 7719664.482589254, 1.0146218685405743, 1691.4049481057689], [1696.849523963647, 1.0146218685405743, 0.4917666666666662, 0.0], [1.583875911265013, 1691.4049481057689, 0.0, 0.4917666666666662]]"
2026-07-26 14:58:00,56.34526813898013,19.305460583176377,132.0,parking,64250.70873475731,24560.763426794103,0.0,0.0,0.0,"[[7779303.852881426, 14661.950516127697, 1696.849523963647, 1.583875911265013], [14661.950516127697, 7719664.482589254, 1.0146218685405743, 1691.4049481057689], [1696.849523963647, 1.0146218685405743, 0.4917666666666662, 0.0], [1.583875911265013, 1691.4049481057689, 0.0, 0.4917666666666662]]"
2026-07-26 15:08:00,56.34526813898013,19.305460583176377,132.0,parking,64250.70873475731,24560.763426794103,0.0,0.0,0.0,"[[7779303.852881426, 14661.950516127697, 1696.849523963647, 1.583875911265013], [14661.950516127697, 7719664.482589254, 1.0146218685405743, 1691.4049481057689], [1696.849523963647, 1.0146218685405743, 0.4917666666666662, 0.0], [1.583875911265013, 1691.4049481057689, 0.0, 0.4917666666666662]]"
2026-07-26 15:18:00,56.34526813898013,19.305460583176377,132.0,parking,64250.70873475731,24560.763426794103,0.0,0.0,0.0,"[[7779303.852881426, 14661.950516127697, 1696.849523963647, 1.583875911265013], [14661.950516127697, 7719664.482589254, 1.0146218685405743, 1691.4049481057689], [1696.849523963647, 1.0146218685405743, 0.4917666666666662, 0.0], [1.583875911265013, 1691.4049481057689, 0.0, 0.4917666666666662]]"
2026-07-26 15:28:00,56.34526813898013,19.305460583176377,132.0,parking,64250.70873475731,24560.763426794103,0.0,0.0,0.0,"[[7779303.852881426, 14661.950516127697, 1696.849523963647, 1.583875911265013], [14661.950516127697, 7719664.482589254, 1.0146218685405743, 1691.4049481057689], [1696.849523963647, 1.0146218685405743, 0.4917666666666662, 0.0], [1.583875911265013, 1691.4049481057689, 0.0, 0.4917666666666662]]"
2026-07-26 15:38:00,56.34526813898013,19.305460583176377,132.0,parking,64250.70873475731,24560.763426794103,0.0,0.0,0.0,"[[7779303.852881426, 14661.950516127697, 1696.849523963647, 1.583875911265013], [14661.950516127697, 7719664.482589254, 1.0146218685405743, 1691.4049481057689], [1696.849523963647, 1.0146218685405743, 0.4917666666666662, 0.0], [1.583875911265013, 1691.4049481057689, 0.0, 0.4917666666666662]]"
2026-07-26 15:48:00,56.34526813898013,19.305460583176377,132.0,parking,64250.70873475731,24560.763426794103,0.0,0.0,0.0,"[[7779303.852881426, 14661.950516127697, 1696.849523963647, 1.583875911265013], [14661.950516127697, 7719664.482589254, 1.0146218685405743, 1691.4049481057689], [1696.849523963647, 1.0146218685405743, 0.4917666666666662, 0.0], [1.583875911265013, 1691.4049481057689, 0.0, 0.4917666666666662]]"
2026-07-26 15:58:00,56.34526813898013,19.305460583176377,132.0,parking,64250.70873475731,24560.763426794103,0.0,0.0,0.0,"[[7779303.852881426, 14661.950516127697, 1696.849523963647, 1.583875911265013], [14661.950516127697, 7719664.482589254, 1.0146218685405743, 1691.4049481057689], [1696.849523963647, 1.0146218685405743, 0.4917666666666662, 0.0], [1.583875911265013, 1691.4049481057689, 0.0, 0.4917666666666662]]"
2026-07-26 16:08:00,56.34526813898013,19.305460583176377,132.0,parking,64250.70873475731,24560.763426794103,0.0,0.0,0.0,"[[7779303.852881426, 14661.950516127697, 1696.849523963647, 1.583875911265013], [14661.950516127697, 7719664.482589254, 1.0146218685405743, 1691.4049481057689], [1696.849523963647, 1.0146218685405743, 0.4917666666666662, 0.0], [1.583875911265013, 1691.4049481057689, 0.0, 0.4917666666666662]]"
2026-07-26 16:18:00,56.34526813898013,19.305460583176377,132.0,parking,64250.70873475731,24560.763426794103,0.0,0.0,0.0,"[[7779303.852881426, 14661.950516127697, 1696.849523963647, 1.583875911265013], [14661.950516127697, 7719664.482589254, 1.0146218685405743, 1691.4049481057689], [1696.849523963647, 1.0146218685405743, 0.4917666666666662, 0.0], [1.583875911265013, 1691.4049481057689, 0.0, 0.4917666666666662]]"
2026-07-26 16:28:00,56.34526813898013,19.305460583176377,132.0,parking,64250.70873475731,24560.763426794103,0.0,0.0,0.0,"[[7779303.852881426, 14661.950516127697, 1696.849523963647, 1.583875911265013], [14661.950516127697, 7719664.482589254, 1.0146218685405743, 1691.4049481057689], [1696.849523963647, 1.0146218685405743, 0.4917666666666662, 0.0], [1.583875911265013, 1691.4049481057689, 0.0, 0.4917666666666662]]"
2026-07-26 16:38:00,56.34526813898013,19.305460583176377,132.0,parking,64250.70873475731,24560.763426794103,0.0,0.0,0.0,"[[7779303.852881426, 14661.950516127697, 1696.849523963647, 1.583875911265013], [14661.950516127697, 7719664.482589254, 1.0146218685405743, 1691.4049481057689], [1696.849523963647, 1.0146218685405743, 0.4917666666666662, 0.0], [1.583875911265013, 1691.4049481057689, 0.0, 0.4917666666666662]]"
2026-07-26 16:48:00,56.34526813898013,19.305460583176377,132.0,parking,64250.70873475731,24560.763426794103,0.0,0.0,0.0,"[[7779303.852881426, 14661.950516127697, 1696.849523963647, 1.583875911265013], [14661.950516127697, 7719664.482589254, 1.0146218685405743, 1691.4049481057689], [1696.849523963647, 1.0146218685405743, 0.4917666666666662, 0.0], [1.583875911265013, 1691.4049481057689, 0.0, 0.4917666666666662]]"
2026-07-26 16:58:00,56.34526813898013,19.305460583176377,132.0,parking,64250.70873475731,24560.763426794103,0.0,0.0,0.0,"[[7779303.852881426, 14661.950516127697, 1696.849523963647, 1.583875911265013], [14661.950516127697, 7719664.482589254, 1.0146218685405743, 1691.4049481057689], [1696.849523963647, 1.0146218685405743, 0.4917666666666662, 0.0], [1.583875911265013, 1691.4049481057689, 0.0, 0.4917666666666662]]"
2026-07-26 17:08:00,56.34526813898013,19.305460583176377,132.0,parking,64250.70873475731,24560.763426794103,0.0,0.0,0.0,"[[7779303.852881426, 14661.950516127697, 1696.849523963647, 1.583875911265013], [14661.950516127697, 7719664.482589254, 1.0146218685405743, 1691.4049481057689], [1696.849523963647, 1.0146218685405743, 0.4917666666666662, 0.0], [1.583875911265013, 1691.4049481057689, 0.0, 0.4917666666666662]]"
2026-07-26 17:18:00,56.34526813898013,19.305460583176377,132.0,parking,64250.70873475731,24560.763426794103,0.0,0.0,0.0,"[[7779303.852881426, 14661.950516127697, 1696.849523963647, 1.583875911265013], [14661.950516127697, 7719664.482589254, 1.0146218685405743, 1691.4049481057689], [1696.849523963647, 1.0146218685405743, 0.4917666666666662, 0.0], [1.583875911265013, 1691.4049481057689, 0.0, 0.4917666666666662]]"
2026-07-26 17:28:00,56.34526813898013,19.305460583176377,132.0,parking,64250.70873475731,24560.763426794103,0.0,0.0,0.0,"[[7779303.852881426, 14661.950516127697, 1696.849523963647, 1.583875911265013], [14661.950516127697, 7719664.482589254, 1.0146218685405743, 1691.4049481057689], [1696.849523963647, 1.0146218685405743, 0.4917666666666662, 0.0], [1.583875911265013, 1691.4049481057689, 0.0, 0.4917666666666662]]"
2026-07-26 17:38:00,56.34526813898013,19.305460583176377,132.0,parking,64250.70873475731,24560.763426794103,0.0,0.0,0.0,"[[7779303.852881426, 14661.950516127697, 1696.849523963647, 1.583875911265013], [14661.950516127697, 7719664.482589254, 1.0146218685405743, 1691.4049481057689], [1696.849523963647, 1.0146218685405743, 0.4917666666666662, 0.0], [1.583875911265013, 1691.4049481057689, 0.0, 0.4917666666666662]]"
2026-07-26 17:48:00,56.34526813898013,19.305460583176377,132.0,parking,64250.70873475731,24560.763426794103,0.0,0.0,0.0,"[[7779303.852881426, 14661.950516127697, 1696.849523963647, 1.583875911265013], [14661.950516127697, 7719664.482589254, 1.0146218685405743, 1691.4049481057689], [1696.849523963647, 1.0146218685405743, 0.4917666666666662, 0.0], [1.583875911265013, 1691.4049481057689, 0.0, 0.4917666666666662]]"
2026-07-26 17:58:00,56.34526813898013,19.305460583176377,132.0,parking,64250.70873475731,24560.763426794103,0.0,0.0,0.0,"[[7779303.852881426, 14661.950516127697, 1696.849523963647, 1.583875911265013], [14661.950516127697, 7719664.482589254, 1.0146218685405743, 1691.4049481057689], [1696.849523963647, 1.0146218685405743, 0.4917666666666662, 0.0], [1.583875911265013, 1691.4049481057689, 0.0, 0.4917666666666662]]"
2026-07-26 18:08:00,56.34526813898013,19.305460583176377,132.0,parking,64250.70873475731,24560.763426794103,0.0,0.0,0.0,"[[7779303.852881426, 14661.950516127697, 1696.849523963647, 1.583875911265013], [14661.950516127697, 7719664.482589254, 1.0146218685405743, 1691.4049481057689], [1696.849523963647, 1.0146218685405743, 0.4917666666666662, 0.0], [1.583875911265013, 1691.4049481057689, 0.0, 0.4917666666666662]]"
2026-07-26 18:18:00,56.34526813898013,19.305460583176377,132.0,parking,64250.70873475731,24560.763426794103,0.0,0.0,0.0,"[[7779303.852881426, 14661.950516127697, 1696.849523963647, 1.583875911265013], [14661.950516127697, 7719664.482589254, 1.0146218685405743, 1691.4049481057689], [1696.849523963647, 1.0146218685405743, 0.4917666666666662, 0.0], [1.583875911265013, 1691.4049481057689, 0.0, 0.4917666666666662]]"
2026-07-26 18:28:00,56.34526813898013,19.305460583176377,132.0,parking,64250.70873475731,24560.763426794103,0.0,0.0,0.0,"[[7779303.852881426, 14661.950516127697, 1696.849523963647, 1.583875911265013], [14661.950516127697, 7719664.482589254, 1.0146218685405743, 1691.4049481057689], [1696.849523963647, 1.0146218685405743, 0.4917666666666662, 0.0], [1.583875911265013, 1691.4049481057689, 0.0, 0.4917666666666662]]"
2026-07-26 18:38:00,56.34526813898013,19.305460583176377,132.0,parking,64250.70873475731,24560.763426794103,0.0,0.0,0.0,"[[7779303.852881426, 14661.950516127697, 1696.849523963647, 1.583875911265013], [14661.950516127697, 7719664.482589254, 1.0146218685405743, 1691.4049481057689], [1696.849523963647, 1.0146218685405743, 0.4917666666666662, 0.0], [1.583875911265013, 1691.4049481057689, 0.0, 0.4917666666666662]]"
2026-07-26 18:48:00,56.34526813898013,19.305460583176377,132.0,parking,64250.70873475731,24560.763426794103,0.0,0.0,0.0,"[[7779303.852881426, 14661.950516127697, 1696.849523963647, 1.583875911265013], [14661.950516127697, 7719664.482589254, 1.0146218685405743, 1691.4049481057689], [1696.849523963647, 1.0146218685405743, 0.4917666666666662, 0.0], [1.583875911265013, 1691.4049481057689, 0.0, 0.4917666666666662]]"
2026-07-26 18:58:00,56.34526813898013,19.305460583176377,132.0,parking,64250.70873475731,24560.763426794103,0.0,0.0,0.0,"[[7779303.852881426, 14661.950516127697, 1696.849523963647, 1.583875911265013], [14661.950516127697, 7719664.482589254, 1.0146218685405743, 1691.4049481057689], [1696.849523963647, 1.0146218685405743, 0.4917666666666662, 0.0], [1.583875911265013, 1691.4049481057689, 0.0, 0.4917666666666662]]"
2026-07-26 19:08:00,56.34526813898013,19.305460583176377,132.0,parking,64250.70873475731,24560.763426794103,0.0,0.0,0.0,"[[7779303.852881426, 14661.950516127697, 1696.849523963647, 1.583875911265013], [14661.950516127697, 7719664.482589254, 1.0146218685405743, 1691.4049481057689], [1696.849523963647, 1.0146218685405743, 0.4917666666666662, 0.0], [1.583875911265013, 1691.4049481057689, 0.0, 0.4917666666666662]]"
2026-07-26 19:18:00,56.34526813898013,19.305460583176377,132.0,parking,64250.70873475731,24560.763426794103,0.0,0.0,0.0,"[[7779303.852881426, 14661.950516127697, 1696.849523963647, 1.583875911265013], [14661.950516127697, 7719664.482589254, 1.0146218685405743, 1691.4049481057689], [1696.849523963647, 1.0146218685405743, 0.4917666666666662, 0.0], [1.583875911265013, 1691.4049481057689, 0.0, 0.4917666666666662]]"
2026-07-26 19:28:00,56.34526813898013,19.305460583176377,132.0,parking,64250.70873475731,24560.763426794103,0.0,0.0,0.0,"[[7779303.852881426, 14661.950516127697, 1696.849523963647, 1.583875911265013], [14661.950516127697, 7719664.482589254, 1.0146218685405743, 1691.4049481057689], [1696.849523963647, 1.0146218685405743, 0.4917666666666662, 0.0], [1.583875911265013, 1691.4049481057689, 0.0, 0.4917666666666662]]"
2026-07-26 19:38:00,56.34526813898013,19.305460583176377,132.0,parking,64250.70873475731,24560.763426794103,0.0,0.0,0.0,"[[7779303.852881426, 14661.950516127697, 1696.849523963647, 1.583875911265013], [14661.950516127697, 7719664.482589254, 1.0146218685405743, 1691.4049481057689], [1696.849523963647, 1.0146218685405743, 0.4917666666666662, 0.0], [1.583875911265013, 1691.4049481057689, 0.0, 0.4917666666666662]]"
2026-07-26 19:48:00,56.34526813898013,19.305460583176377,132.0,parking,64250.70873475731,24560.763426794103,0.0,0.0,0.0,"[[7779303.852881426, 14661.950516127697, 1696.849523963647, 1.583875911265013], [14661.950516127697, 7719664.482589254, 1.0146218685405743, 1691.4049481057689], [1696.849523963647, 1.0146218685405743, 0.4917666666666662, 0.0], [1.583875911265013, 1691.4049481057689, 0.0, 0.4917666666666662]]"
2026-07-26 19:58:00,56.34526813898013,19.305460583176377,132.0,parking,64250.70873475731,24560.763426794103,0.0,0.0,0.0,"[[7779303.852881426, 14661.950516127697, 1696.849523963647, 1.583875911265013], [14661.950516127697, 7719664.482589254, 1.0146218685405743, 1691.4049481057689], [1696.849523963647, 1.0146218685405743, 0.4917666666666662, 0.0], [1.583875911265013, 1691.4049481057689, 0.0, 0.4917666666666662]]"
2026-07-26 20:08:00,56.34526813898013,19.305460583176377,132.0,parking,64250.70873475731,24560.763426794103,0.0,0.0,0.0,"[[7779303.852881426, 14661.950516127697, 1696.849523963647, 1.583875911265013], [14661.950516127697, 7719664.482589254, 1.0146218685405743, 1691.4049481057689], [1696.849523963647, 1.0146218685405743, 0.4917666666666662, 0.0], [1.583875911265013, 1691.4049481057689, 0.0, 0.4917666666666662]]"
2026-07-26 20:18:00,56.34526813898013,19.305460583176377,132.0,parking,64250.70873475731,24560.763426794103,0.0,0.0,0.0,"[[7779303.852881426, 14661.950516127697, 1696.849523963647, 1.583875911265013], [14661.950516127697, 7719664.482589254, 1.0146218685405743, 1691.4049481057689], [1696.849523963647, 1.0146218685405743, 0.4917666666666662, 0.0], [1.583875911265013, 1691.4049481057689, 0.0, 0.4917666666666662]]"
2026-07-26 20:28:00,56.34526813898013,19.305460583176377,132.0,parking,64250.70873475731,24560.763426794103,0.0,0.0,0.0,"[[7779303.852881426, 14661.950516127697, 1696.849523963647, 1.583875911265013], [14661.950516127697, 7719664.482589254, 1.0146218685405743, 1691.4049481057689], [1696.849523963647, 1.0146218685405743, 0.4917666666666662, 0.0], [1.583875911265013, 1691.4049481057689, 0.0, 0.4917666666666662]]"
2026-07-26 20:38:00,56.34526813898013,19.305460583176377,132.0,parking,64250.70873475731,24560.763426794103,0.0,0.0,0.0,"[[7779303.852881426, 14661.950516127697, 1696.849523963647, 1.583875911265013], [14661.950516127697, 7719664.482589254, 1.0146218685405743, 1691.4049481057689], [1696.849523963647, 1.0146218685405743, 0.4917666666666662, 0.0], [1.583875911265013, 1691.4049481057689, 0.0, 0.4917666666666662]]"
2026-07-26 20:48:00,56.34526813898013,19.305460583176377,132.0,parking,64250.70873475731,24560.763426794103,0.0,0.0,0.0,"[[7779303.852881426, 14661.950516127697, 1696.849523963647, 1.583875911265013], [14661.950516127697, 7719664.482589254, 1.0146218685405743, 1691.4049481057689], [1696.849523963647, 1.0146218685405743, 0.4917666666666662, 0.0], [1.583875911265013, 1691.4049481057689, 0.0, 0.4917666666666662]]"
2026-07-26 20:58:00,56.34526813898013,19.305460583176377,132.0,parking,64250.70873475731,24560.763426794103,0.0,0.0,0.0,"[[7779303.852881426, 14661.950516127697, 1696.849523963647, 1.583875911265013], [14661.950516127697, 7719664.482589254, 1.0146218685405743, 1691.4049481057689], [1696.849523963647, 1.0146218685405743, 0.4917666666666662, 0.0], [1.583875911265013, 1691.4049481057689, 0.0, 0.4917666666666662]]"
2026-07-26 21:08:00,56.34526813898013,19.305460583176377,132.0,parking,64250.70873475731,24560.763426794103,0.0,0.0,0.0,"[[7779303.852881426, 14661.950516127697, 1696.849523963647, 1.583875911265013], [14661.950516127697, 7719664.482589254, 1.0146218685405743, 1691.4049481057689], [1696.849523963647, 1.0146218685405743, 0.4917666666666662, 0.0], [1.583875911265013, 1691.4049481057689, 0.0, 0.4917666666666662]]"
2026-07-26 21:18:00,56.34526813898013,19.305460583176377,132.0,parking,64250.70873475731,24560.763426794103,0.0,0.0,0.0,"[[7779303.852881426, 14661.950516127697, 1696.849523963647, 1.583875911265013], [14661.950516127697, 7719664.482589254, 1.0146218685405743, 1691.4049481057689], [1696.849523963647, 1.0146218685405743, 0.4917666666666662, 0.0], [1.583875911265013, 1691.4049481057689, 0.0, 0.4917666666666662]]"
2026-07-26 21:28:00,56.34526813898013,19.305460583176377,132.0,parking,64250.70873475731,24560.763426794103,0.0,0.0,0.0,"[[7779303.852881426, 14661.950516127697, 1696.849523963647, 1.583875911265013], [14661.950516127697, 7719664.482589254, 1.0146218685405743, 1691.4049481057689], [1696.849523963647, 1.0146218685405743, 0.4917666666666662, 0.0], [1.583875911265013, 1691.4049481057689, 0.0, 0.4917666666666662]]"
2026-07-26 21:38:00,56.34526813898013,19.305460583176377,132.0,parking,64250.70873475731,24560.763426794103,0.0,0.0,0.0,"[[7779303.852881426, 14661.950516127697, 1696.849523963647, 1.583875911265013], [14661.950516127697, 7719664.482589254, 1.0146218685405743, 1691.4049481057689], [1696.849523963647, 1.0146218685405743, 0.4917666666666662, 0.0], [1.583875911265013, 1691.4049481057689, 0.0, 0.4917666666666662]]"
2026-07-26 21:48:00,56.34526813898013,19.305460583176377,132.0,parking,64250.70873475731,24560.763426794103,0.0,0.0,0.0,"[[7779303.852881426, 14661.950516127697, 1696.849523963647, 1.583875911265013], [14661.950516127697, 7719664.482589254, 1.0146218685405743, 1691.4049481057689], [1696.849523963647, 1.0146218685405743, 0.4917666666666662, 0.0], [1.583875911265013, 1691.4049481057689, 0.0, 0.4917666666666662]]"
2026-07-26 21:58:00,56.34526813898013,19.305460583176377,132.0,parking,64250.70873475731,24560.763426794103,0.0,0.0,0.0,"[[7779303.852881426, 14661.950516127697, 1696.849523963647, 1.583875911265013], [14661.950516127697, 7719664.482589254, 1.0146218685405743, 1691.4049481057689], [1696.849523963647, 1.0146218685405743, 0.4917666666666662, 0.0], [1.583875911265013, 1691.4049481057689, 0.0, 0.4917666666666662]]"
2026-07-26 22:08:00,56.34526813898013,19.305460583176377,132.0,parking,64250.70873475731,24560.763426794103,0.0,0.0,0.0,"[[7779303.852881426, 14661.950516127697, 1696.849523963647, 1.583875911265013], [14661.950516127697, 7719664.482589254, 1.0146218685405743, 1691.4049481057689], [1696.849523963647, 1.0146218685405743, 0.4917666666666662, 0.0], [1.583875911265013, 1691.4049481057689, 0.0, 0.4917666666666662]]"
2026-07-26 22:18:00,56.34526813898013,19.305460583176377,132.0,parking,64250.70873475731,24560.763426794103,0.0,0.0,0.0,"[[7779303.852881426, 14661.950516127697, 1696.849523963647, 1.583875911265013], [14661.950516127697, 7719664.482589254, 1.0146218685405743, 1691.4049481057689], [1696.849523963647, 1.0146218685405743, 0.4917666666666662, 0.0], [1.583875911265013, 1691.4049481057689, 0.0, 0.4917666666666662]]"
2026-07-26 22:28:00,56.34526813898013,19.305460583176377,132.0,parking,64250.70873475731,24560.763426794103,0.0,0.0,0.0,"[[7779303.852881426, 14661.950516127697, 1696.849523963647, 1.583875911265013], [14661.950516127697, 7719664.482589254, 1.0146218685405743, 1691.4049481057689], [1696.849523963647, 1.0146218685405743, 0.4917666666666662, 0.0], [1.583875911265013, 1691.4049481057689, 0.0, 0.4917666666666662]]"
2026-07-26 22:38:00,56.34526813898013,19.305460583176377,132.0,parking,64250.70873475731,24560.763426794103,0.0,0.0,0.0,"[[7779303.852881426, 14661.950516127697, 1696.849523963647, 1.583875911265013], [14661.950516127697, 7719664.482589254, 1.0146218685405743, 1691.4049481057689], [1696.849523963647, 1.0146218685405743, 0.4917666666666662, 0.0], [1.583875911265013, 1691.4049481057689, 0.0, 0.4917666666666662]]"
2026-07-26 22:48:00,56.34526813898013,19.305460583176377,132.0,parking,64250.70873475731,24560.763426794103,0.0,0.0,0.0,"[[7779303.852881426, 14661.950516127697, 1696.849523963647, 1.583875911265013], [14661.950516127697, 7719664.482589254, 1.0146218685405743, 1691.4049481057689], [1696.849523963647, 1.0146218685405743, 0.4917666666666662, 0.0], [1.583875911265013, 1691.4049481057689, 0.0, 0.4917666666666662]]"
2026-07-26 22:58:00,56.34526813898013,19.305460583176377,132.0,parking,64250.70873475731,24560.763426794103,0.0,0.0,0.0,"[[7779303.852881426, 14661.950516127697, 1696.849523963647, 1.583875911265013], [14661.950516127697, 7719664.482589254, 1.0146218685405743, 1691.4049481057689], [1696.849523963647, 1.0146218685405743, 0.4917666666666662, 0.0], [1.583875911265013, 1691.4049481057689, 0.0, 0.4917666666666662]]"
2026-07-26 23:08:00,56.34526813898013,19.305460583176377,132.0,parking,64250.70873475731,24560.763426794103,0.0,0.0,0.0,"[[7779303.852881426, 14661.950516127697, 1696.849523963647, 1.583875911265013], [14661.950516127697, 7719664.482589254, 1.0146218685405743, 1691.4049481057689], [1696.849523963647, 1.0146218685405743, 0.4917666666666662, 0.0], [1.583875911265013, 1691.4049481057689, 0.0, 0.4917666666666662]]"
2026-07-26 23:18:00,56.34526813898013,19.305460583176377,132.0,parking,64250.70873475731,24560.763426794103,0.0,0.0,0.0,"[[7779303.852881426, 14661.950516127697, 1696.849523963647, 1.583875911265013], [14661.950516127697, 7719664.482589254, 1.0146218685405743, 1691.4049481057689], [1696.849523963647, 1.0146218685405743, 0.4917666666666662, 0.0], [1.583875911265013, 1691.4049481057689, 0.0, 0.4917666666666662]]"
2026-07-26 23:28:00,56.34526813898013,19.305460583176377,132.0,parking,64250.70873475731,24560.763426794103,0.0,0.0,0.0,"[[7779303.852881426, 14661.950516127697, 1696.849523963647, 1.583875911265013], [14661.950516127697, 7719664.482589254, 1.0146218685405743, 1691.4049481057689], [1696.849523963647, 1.0146218685405743, 0.4917666666666662, 0.0], [1.583875911265013, 1691.4049481057689, 0.0, 0.4917666666666662]]"
2026-07-26 23:38:00,56.34526813898013,19.305460583176377,132.0,parking,64250.70873475731,24560.763426794103,0.0,0.0,0.0,"[[7779303.852881426, 14661.950516127697, 1696.849523963647, 1.583875911265013], [14661.950516127697, 7719664.482589254, 1.0146218685405743, 1691.4049481057689], [1696.849523963647, 1.0146218685405743, 0.4917666666666662, 0.0], [1.583875911265013, 1691.4049481057689, 0.0, 0.4917666666666662]]"
2026-07-26 23:48:00,56.34526813898013,19.305460583176377,132.0,parking,64250.70873475731,24560.763426794103,0.0,0.0,0.0,"[[7779303.852881426, 14661.950516127697, 1696.849523963647, 1.583875911265013], [14661.950516127697, 7719664.482589254, 1.0146218685405743, 1691.4049481057689], [1696.849523963647, 1.0146218685405743, 0.4917666666666662, 0.0], [1.583875911265013, 1691.4049481057689, 0.0, 0.4917666666666662]]"
2026-07-26 23:58:00,56.34526813898013,19.305460583176377,132.0,parking,64250.70873475731,24560.763426794103,0.0,0.0,0.0,"[[7779303.852881426, 14661.950516127697, 1696.849523963647, 1.583875911265013], [14661.950516127697, 7719664.482589254, 1.0146218685405743, 1691.4049481057689], [1696.849523963647, 1.0146218685405743, 0.4917666666666662, 0.0], [1.583875911265013, 1691.4049481057689, 0.0, 0.4917666666666662]]"
2026-07-27 00:08:00,56.34526813898013,19.305460583176377,132.0,parking,64250.70873475731,24560.763426794103,0.0,0.0,0.0,"[[7779303.852881426, 14661.950516127697, 1696.849523963647, 1.583875911265013], [14661.950516127697, 7719664.482589254, 1.0146218685405743, 1691.4049481057689], [1696.849523963647, 1.0146218685405743, 0.4917666666666662, 0.0], [1.583875911265013, 1691.4049481057689, 0.0, 0.4917666666666662]]"
2026-07-27 00:18:00,56.34526813898013,19.305460583176377,132.0,parking,64250.70873475731,24560.763426794103,0.0,0.0,0.0,"[[7779303.852881426, 14661.950516127697, 1696.849523963647, 1.583875911265013], [14661.950516127697, 7719664.482589254, 1.0146218685405743, 1691.4049481057689], [1696.849523963647, 1.0146218685405743, 0.4917666666666662, 0.0], [1.583875911265013, 1691.4049481057689, 0.0, 0.4917666666666662]]"
2026-07-27 00:28:00,56.34526813898013,19.305460583176377,132.0,parking,64250.70873475731,24560.763426794103,0.0,0.0,0.0,"[[7779303.852881426, 14661.950516127697, 1696.849523963647, 1.583875911265013], [14661.950516127697, 7719664.482589254, 1.0146218685405743, 1691.4049481057689], [1696.849523963647, 1.0146218685405743, 0.4917666666666662, 0.0], [1.583875911265013, 1691.4049481057689, 0.0, 0.4917666666666662]]"
2026-07-27 00:38:00,56.34526813898013,19.305460583176377,132.0,parking,64250.70873475731,24560.763426794103,0.0,0.0,0.0,"[[7779303.852881426, 14661.950516127697, 1696.849523963647, 1.583875911265013], [14661.950516127697, 7719664.482589254, 1.0146218685405743, 1691.4049481057689], [1696.849523963647, 1.0146218685405743, 0.4917666666666662, 0.0], [1.583875911265013, 1691.4049481057689, 0.0, 0.4917666666666662]]"
2026-07-27 00:48:00,56.34526813898013,19.305460583176377,132.0,parking,64250.70873475731,24560.763426794103,0.0,0.0,0.0,"[[7779303.852881426, 14661.950516127697, 1696.849523963647, 1.583875911265013], [14661.950516127697, 7719664.482589254, 1.0146218685405743, 1691.4049481057689], [1696.849523963647, 1.0146218685405743, 0.4917666666666662, 0.0], [1.583875911265013, 1691.4049481057689, 0.0, 0.4917666666666662]]"
2026-07-27 00:58:00,56.34526813898013,19.305460583176377,132.0,parking,64250.70873475731,24560.763426794103,0.0,0.0,0.0,"[[7779303.852881426, 14661.950516127697, 1696.849523963647, 1.583875911265013], [14661.950516127697, 7719664.482589254, 1.0146218685405743, 1691.4049481057689], [1696.849523963647, 1.0146218685405743, 0.4917666666666662, 0.0], [1.583875911265013, 1691.4049481057689, 0.0, 0.4917666666666662]]"
2026-07-27 01:08:00,56.34526813898013,19.305460583176377,132.0,parking,64250.70873475731,24560.763426794103,0.0,0.0,0.0,"[[7779303.852881426, 14661.950516127697, 1696.849523963647, 1.583875911265013], [14661.950516127697, 7719664.482589254, 1.0146218685405743, 1691.4049481057689], [1696.849523963647, 1.0146218685405743, 0.4917666666666662, 0.0], [1.583875911265013, 1691.4049481057689, 0.0, 0.4917666666666662]]"
2026-07-27 01:18:00,56.34526813898013,19.305460583176377,132.0,parking,64250.70873475731,24560.763426794103,0.0,0.0,0.0,"[[7779303.852881426, 14661.950516127697, 1696.849523963647, 1.583875911265013], [14661.950516127697, 7719664.482589254, 1.0146218685405743, 1691.4049481057689], [1696.849523963647, 1.0146218685405743, 0.4917666666666662, 0.0], [1.583875911265013, 1691.4049481057689, 0.0, 0.4917666666666662]]"
2026-07-27 01:28:00,56.34526813898013,19.305460583176377,132.0,parking,64250.70873475731,24560.763426794103,0.0,0.0,0.0,"[[7779303.852881426, 14661.950516127697, 1696.849523963647, 1.583875911265013], [14661.950516127697, 7719664.482589254, 1.0146218685405743, 1691.4049481057689], [1696.849523963647, 1.0146218685405743, 0.4917666666666662, 0.0], [1.583875911265013, 1691.4049481057689, 0.0, 0.4917666666666662]]"
2026-07-27 01:38:00,56.34526813898013,19.305460583176377,132.0,parking,64250.70873475731,24560.763426794103,0.0,0.0,0.0,"[[7779303.852881426, 14661.950516127697, 1696.849523963647, 1.583875911265013], [14661.950516127697, 7719664.482589254, 1.0146218685405743, 1691.4049481057689], [1696.849523963647, 1.0146218685405743, 0.4917666666666662, 0.0], [1.583875911265013, 1691.4049481057689, 0.0, 0.4917666666666662]]"
2026-07-27 01:48:00,56.34526813898013,19.305460583176377,132.0,parking,64250.70873475731,24560.763426794103,0.0,0.0,0.0,"[[7779303.852881426, 14661.950516127697, 1696.849523963647, 1.583875911265013], [14661.950516127697, 7719664.482589254, 1.0146218685405743, 1691.4049481057689], [1696.849523963647, 1.0146218685405743, 0.4917666666666662, 0.0], [1.583875911265013, 1691.4049481057689, 0.0, 0.4917666666666662]]"
2026-07-27 01:58:00,56.34526813898013,19.305460583176377,132.0,parking,64250.70873475731,24560.763426794103,0.0,0.0,0.0,"[[7779303.852881426, 14661.950516127697, 1696.849523963647, 1.583875911265013], [14661.950516127697, 7719664.482589254, 1.0146218685405743, 1691.4049481057689], [1696.849523963647, 1.0146218685405743, 0.4917666666666662, 0.0], [1.583875911265013, 1691.4049481057689, 0.0, 0.4917666666666662]]"
2026-07-27 02:08:00,56.34526813898013,19.305460583176377,132.0,parking,64250.70873475731,24560.763426794103,0.0,0.0,0.0,"[[7779303.852881426, 14661.950516127697, 1696.849523963647, 1.583875911265013], [14661.950516127697, 7719664.482589254, 1.0146218685405743, 1691.4049481057689], [1696.849523963647, 1.0146218685405743, 0.4917666666666662, 0.0], [1.583875911265013, 1691.4049481057689, 0.0, 0.4917666666666662]]"
2026-07-27 02:18:00,56.34526813898013,19.305460583176377,132.0,parking,64250.70873475731,24560.763426794103,0.0,0.0,0.0,"[[7779303.852881426, 14661.950516127697, 1696.849523963647, 1.583875911265013], [14661.950516127697, 7719664.482589254, 1.0146218685405743, 1691.4049481057689], [1696.849523963647, 1.0146218685405743, 0.4917666666666662, 0.0], [1.583875911265013, 1691.4049481057689, 0.0, 0.4917666666666662]]"
2026-07-27 02:28:00,56.34526813898013,19.305460583176377,132.0,parking,64250.70873475731,24560.763426794103,0.0,0.0,0.0,"[[7779303.852881426, 14661.950516127697, 1696.849523963647, 1.583875911265013], [14661.950516127697, 7719664.482589254, 1.0146218685405743, 1691.4049481057689], [1696.849523963647, 1.0146218685405743, 0.4917666666666662, 0.0], [1.583875911265013, 1691.4049481057689, 0.0, 0.4917666666666662]]"
2026-07-27 02:38:00,56.34526813898013,19.305460583176377,132.0,parking,64250.70873475731,24560.763426794103,0.0,0.0,0.0,"[[7779303.852881426, 14661.950516127697, 1696.849523963647, 1.583875911265013], [14661.950516127697, 7719664.482589254, 1.0146218685405743, 1691.4049481057689], [1696.849523963647, 1.0146218685405743, 0.4917666666666662, 0.0], [1.583875911265013, 1691.4049481057689, 0.0, 0.4917666666666662]]"
2026-07-27 02:48:00,56.34526813898013,19.305460583176377,132.0,parking,64250.70873475731,24560.763426794103,0.0,0.0,0.0,"[[7779303.852881426, 14661.950516127697, 1696.849523963647, 1.583875911265013], [14661.950516127697, 7719664.482589254, 1.0146218685405743, 1691.4049481057689], [1696.849523963647, 1.0146218685405743, 0.4917666666666662, 0.0], [1.583875911265013, 1691.4049481057689, 0.0, 0.4917666666666662]]"
2026-07-27 02:58:00,56.34526813898013,19.305460583176377,132.0,parking,64250.70873475731,24560.763426794103,0.0,0.0,0.0,"[[7779303.852881426, 14661.950516127697, 1696.849523963647, 1.583875911265013], [14661.950516127697, 7719664.482589254, 1.0146218685405743, 1691.4049481057689], [1696.849523963647, 1.0146218685405743, 0.4917666666666662, 0.0], [1.583875911265013, 1691.4049481057689, 0.0, 0.4917666666666662]]"
2026-07-27 03:08:00,56.34526813898013,19.305460583176377,132.0,parking,64250.70873475731,24560.763426794103,0.0,0.0,0.0,"[[7779303.852881426, 14661.950516127697, 1696.849523963647, 1.583875911265013], [14661.950516127697, 7719664.482589254, 1.0146218685405743, 1691.4049481057689], [1696.849523963647, 1.0146218685405743, 0.4917666666666662, 0.0], [1.583875911265013, 1691.4049481057689, 0.0, 0.4917666666666662]]"
2026-07-27 03:18:00,56.34526813898013,19.305460583176377,132.0,parking,64250.70873475731,24560.763426794103,0.0,0.0,0.0,"[[7779303.852881426, 14661.950516127697, 1696.849523963647, 1.583875911265013], [14661.950516127697, 7719664.482589254, 1.0146218685405743, 1691.4049481057689], [1696.849523963647, 1.0146218685405743, 0.4917666666666662, 0.0], [1.583875911265013, 1691.4049481057689, 0.0, 0.4917666666666662]]"
2026-07-27 03:28:00,56.34526813898013,19.305460583176377,132.0,parking,64250.70873475731,24560.763426794103,0.0,0.0,0.0,"[[7779303.852881426, 14661.950516127697, 1696.849523963647, 1.583875911265013], [14661.950516127697, 7719664.482589254, 1.0146218685405743, 1691.4049481057689], [1696.849523963647, 1.0146218685405743, 0.4917666666666662, 0.0], [1.583875911265013, 1691.4049481057689, 0.0, 0.4917666666666662]]"
2026-07-27 03:38:00,56.34526813898013,19.305460583176377,132.0,parking,64250.70873475731,24560.763426794103,0.0,0.0,0.0,"[[7779303.852881426, 14661.950516127697, 1696.849523963647, 1.583875911265013], [14661.950516127697, 7719664.482589254, 1.0146218685405743, 1691.4049481057689], [1696.849523963647, 1.0146218685405743, 0.4917666666666662, 0.0], [1.583875911265013, 1691.4049481057689, 0.0, 0.4917666666666662]]"
2026-07-27 03:48:00,56.34526813898013,19.305460583176377,132.0,parking,64250.70873475731,24560.763426794103,0.0,0.0,0.0,"[[7779303.852881426, 14661.950516127697, 1696.849523963647, 1.583875911265013], [14661.950516127697, 7719664.482589254, 1.0146218685405743, 1691.4049481057689], [1696.849523963647, 1.0146218685405743, 0.4917666666666662, 0.0], [1.583875911265013, 1691.4049481057689, 0.0, 0.4917666666666662]]"
2026-07-27 03:58:00,56.34526813898013,19.305460583176377,132.0,parking,64250.70873475731,24560.763426794103,0.0,0.0,0.0,"[[7779303.852881426, 14661.950516127697, 1696.849523963647, 1.583875911265013], [14661.950516127697, 7719664.482589254, 1.0146218685405743, 1691.4049481057689], [1696.849523963647, 1.0146218685405743, 0.4917666666666662, 0.0], [1.583875911265013, 1691.4049481057689, 0.0, 0.4917666666666662]]"
2026-07-27 04:08:00,56.34526813898013,19.305460583176377,132.0,parking,64250.70873475731,24560.763426794103,0.0,0.0,0.0,"[[7779303.852881426, 14661.950516127697, 1696.849523963647, 1.583875911265013], [14661.950516127697, 7719664.482589254, 1.0146218685405743, 1691.4049481057689], [1696.849523963647, 1.0146218685405743, 0.4917666666666662, 0.0], [1.583875911265013, 1691.4049481057689, 0.0, 0.4917666666666662]]"
2026-07-27 04:18:00,56.34526813898013,19.305460583176377,132.0,parking,64250.70873475731,24560.763426794103,0.0,0.0,0.0,"[[7779303.852881426, 14661.950516127697, 1696.849523963647, 1.583875911265013], [14661.950516127697, 7719664.482589254, 1.0146218685405743, 1691.4049481057689], [1696.849523963647, 1.0146218685405743, 0.4917666666666662, 0.0], [1.583875911265013, 1691.4049481057689, 0.0, 0.4917666666666662]]"
2026-07-27 04:28:00,56.34526813898013,19.305460583176377,132.0,parking,64250.70873475731,24560.763426794103,0.0,0.0,0.0,"[[7779303.852881426, 14661.950516127697, 1696.849523963647, 1.583875911265013], [14661.950516127697, 7719664.482589254, 1.0146218685405743, 1691.4049481057689], [1696.849523963647, 1.0146218685405743, 0.4917666666666662, 0.0], [1.583875911265013, 1691.4049481057689, 0.0, 0.4917666666666662]]"
2026-07-27 04:38:00,56.34526813898013,19.305460583176377,132.0,parking,64250.70873475731,24560.763426794103,0.0,0.0,0.0,"[[7779303.852881426, 14661.950516127697, 1696.849523963647, 1.583875911265013], [14661.950516127697, 7719664.482589254, 1.0146218685405743, 1691.4049481057689], [1696.849523963647, 1.0146218685405743, 0.4917666666666662, 0.0], [1.583875911265013, 1691.4049481057689, 0.0, 0.4917666666666662]]"
2026-07-27 04:48:00,56.34526813898013,19.305460583176377,132.0,parking,64250.70873475731,24560.763426794103,0.0,0.0,0.0,"[[7779303.852881426, 14661.950516127697, 1696.849523963647, 1.583875911265013], [14661.950516127697, 7719664.482589254, 1.0146218685405743, 1691.4049481057689], [1696.849523963647, 1.0146218685405743, 0.4917666666666662, 0.0], [1.583875911265013, 1691.4049481057689, 0.0, 0.4917666666666662]]"
2026-07-27 04:58:00,56.34526813898013,19.305460583176377,132.0,parking,64250.70873475731,24560.763426794103,0.0,0.0,0.0,"[[7779303.852881426, 14661.950516127697, 1696.849523963647, 1.583875911265013], [14661.950516127697, 7719664.482589254, 1.0146218685405743, 1691.4049481057689], [1696.849523963647, 1.0146218685405743, 0.4917666666666662, 0.0], [1.583875911265013, 1691.4049481057689, 0.0, 0.4917666666666662]]"
2026-07-27 05:08:00,56.34526813898013,19.305460583176377,132.0,parking,64250.70873475731,24560.763426794103,0.0,0.0,0.0,"[[7779303.852881426, 14661.950516127697, 1696.849523963647, 1.583875911265013], [14661.950516127697, 7719664.482589254, 1.0146218685405743, 1691.4049481057689], [1696.849523963647, 1.0146218685405743, 0.4917666666666662, 0.0], [1.583875911265013, 1691.4049481057689, 0.0, 0.4917666666666662]]"
2026-07-27 05:18:00,56.34526813898013,19.305460583176377,132.0,parking,64250.70873475731,24560.763426794103,0.0,0.0,0.0,"[[7779303.852881426, 14661.950516127697, 1696.849523963647, 1.583875911265013], [14661.950516127697, 7719664.482589254, 1.0146218685405743, 1691.4049481057689], [1696.849523963647, 1.0146218685405743, 0.4917666666666662, 0.0], [1.583875911265013, 1691.4049481057689, 0.0, 0.4917666666666662]]"
2026-07-27 05:28:00,56.34526813898013,19.305460583176377,132.0,parking,64250.70873475731,24560.763426794103,0.0,0.0,0.0,"[[7779303.852881426, 14661.950516127697, 1696.849523963647, 1.583875911265013], [14661.950516127697, 7719664.482589254, 1.0146218685405743, 1691.4049481057689], [1696.849523963647, 1.0146218685405743, 0.4917666666666662, 0.0], [1.583875911265013, 1691.4049481057689, 0.0, 0.4917666666666662]]"
2026-07-27 05:38:00,56.34526813898013,19.305460583176377,132.0,parking,64250.70873475731,24560.763426794103,0.0,0.0,0.0,"[[7779303.852881426, 14661.950516127697, 1696.849523963647, 1.583875911265013], [14661.950516127697, 7719664.482589254, 1.0146218685405743, 1691.4049481057689], [1696.849523963647, 1.0146218685405743, 0.4917666666666662, 0.0], [1.583875911265013, 1691.4049481057689, 0.0, 0.4917666666666662]]"
2026-07-27 05:48:00,56.34526813898013,19.305460583176377,132.0,parking,64250.70873475731,24560.763426794103,0.0,0.0,0.0,"[[7779303.852881426, 14661.950516127697, 1696.849523963647, 1.583875911265013], [14661.950516127697, 7719664.482589254, 1.0146218685405743, 1691.4049481057689], [1696.849523963647, 1.0146218685405743, 0.4917666666666662, 0.0], [1.583875911265013, 1691.4049481057689, 0.0, 0.4917666666666662]]"
2026-07-27 05:58:00,56.34526813898013,19.305460583176377,132.0,parking,64250.70873475731,24560.763426794103,0.0,0.0,0.0,"[[7779303.852881426, 14661.950516127697, 1696.849523963647, 1.583875911265013], [14661.950516127697, 7719664.482589254, 1.0146218685405743, 1691.4049481057689], [1696.849523963647, 1.0146218685405743, 0.4917666666666662, 0.0], [1.583875911265013, 1691.4049481057689, 0.0, 0.4917666666666662]]"
2026-07-27 06:08:00,56.34526813898013,19.305460583176377,132.0,parking,64250.70873475731,24560.763426794103,0.0,0.0,0.0,"[[7779303.852881426, 14661.950516127697, 1696.849523963647, 1.583875911265013], [14661.950516127697, 7719664.482589254, 1.0146218685405743, 1691.4049481057689], [1696.849523963647, 1.0146218685405743, 0.4917666666666662, 0.0], [1.583875911265013, 1691.4049481057689, 0.0, 0.4917666666666662]]"
2026-07-27 06:18:00,56.34526813898013,19.305460583176377,132.0,parking,64250.70873475731,24560.763426794103,0.0,0.0,0.0,"[[7779303.852881426, 14661.950516127697, 1696.849523963647, 1.583875911265013], [14661.950516127697, 7719664.482589254, 1.0146218685405743, 1691.4049481057689], [1696.849523963647, 1.0146218685405743, 0.4917666666666662, 0.0], [1.583875911265013, 1691.4049481057689, 0.0, 0.4917666666666662]]"
2026-07-27 06:28:00,56.34526813898013,19.305460583176377,132.0,parking,64250.70873475731,24560.763426794103,0.0,0.0,0.0,"[[7779303.852881426, 14661.950516127697, 1696.849523963647, 1.583875911265013], [14661.950516127697, 7719664.482589254, 1.0146218685405743, 1691.4049481057689], [1696.849523963647, 1.0146218685405743, 0.4917666666666662, 0.0], [1.583875911265013, 1691.4049481057689, 0.0, 0.4917666666666662]]"
2026-07-27 06:38:00,56.34526813898013,19.305460583176377,132.0,parking,64250.70873475731,24560.763426794103,0.0,0.0,0.0,"[[7779303.852881426, 14661.950516127697, 1696.849523963647, 1.583875911265013], [14661.950516127697, 7719664.482589254, 1.0146218685405743, 1691.4049481057689], [1696.849523963647, 1.0146218685405743, 0.4917666666666662, 0.0], [1.583875911265013, 1691.4049481057689, 0.0, 0.4917666666666662]]"
2026-07-27 06:48:00,56.34526813898013,19.305460583176377,132.0,parking,64250.70873475731,24560.763426794103,0.0,0.0,0.0,"[[7779303.852881426, 14661.950516127697, 1696.849523963647, 1.583875911265013], [14661.950516127697, 7719664.482589254, 1.0146218685405743, 1691.4049481057689], [1696.849523963647, 1.0146218685405743, 0.4917666666666662, 0.0], [1.583875911265013, 1691.4049481057689, 0.0, 0.4917666666666662]]"
2026-07-27 06:58:00,56.34526813898013,19.305460583176377,132.0,parking,64250.70873475731,24560.763426794103,0.0,0.0,0.0,"[[7779303.852881426, 14661.950516127697, 1696.849523963647, 1.583875911265013], [14661.950516127697, 7719664.482589254, 1.0146218685405743, 1691.4049481057689], [1696.849523963647, 1.0146218685405743, 0.4917666666666662, 0.0], [1.583875911265013, 1691.4049481057689, 0.0, 0.4917666666666662]]"
2026-07-27 07:08:00,56.34526813898013,19.305460583176377,132.0,parking,64250.70873475731,24560.763426794103,0.0,0.0,0.0,"[[7779303.852881426, 14661.950516127697, 1696.849523963647, 1.583875911265013], [14661.950516127697, 7719664.482589254, 1.0146218685405743, 1691.4049481057689], [1696.849523963647, 1.0146218685405743, 0.4917666666666662, 0.0], [1.583875911265013, 1691.4049481057689, 0.0, 0.4917666666666662]]"
2026-07-27 07:18:00,56.34526813898013,19.305460583176377,132.0,parking,64250.70873475731,24560.763426794103,0.0,0.0,0.0,"[[7779303.852881426, 14661.950516127697, 1696.849523963647, 1.583875911265013], [14661.950516127697, 7719664.482589254, 1.0146218685405743, 1691.4049481057689], [1696.849523963647, 1.0146218685405743, 0.4917666666666662, 0.0], [1.583875911265013, 1691.4049481057689, 0.0, 0.4917666666666662]]"
2026-07-27 07:28:00,56.34526813898013,19.305460583176377,132.0,parking,64250.70873475731,24560.763426794103,0.0,0.0,0.0,"[[7779303.852881426, 14661.950516127697, 1696.849523963647, 1.583875911265013], [14661.950516127697, 7719664.482589254, 1.0146218685405743, 1691.4049481057689], [1696.849523963647, 1.0146218685405743, 0.4917666666666662, 0.0], [1.583875911265013, 1691.4049481057689, 0.0, 0.4917666666666662]]"
2026-07-27 07:38:00,56.34526813898013,19.305460583176377,132.0,parking,64250.70873475731,24560.763426794103,0.0,0.0,0.0,"[[7779303.852881426, 14661.950516127697, 1696.849523963647, 1.583875911265013], [14661.950516127697, 7719664.482589254, 1.0146218685405743, 1691.4049481057689], [1696.849523963647, 1.0146218685405743, 0.4917666666666662, 0.0], [1.583875911265013, 1691.4049481057689, 0.0, 0.4917666666666662]]"
2026-07-27 07:48:00,56.34526813898013,19.305460583176377,132.0,parking,64250.70873475731,24560.763426794103,0.0,0.0,0.0,"[[7779303.852881426, 14661.950516127697, 1696.849523963647, 1.583875911265013], [14661.950516127697, 7719664.482589254, 1.0146218685405743, 1691.4049481057689], [1696.849523963647, 1.0146218685405743, 0.4917666666666662, 0.0], [1.583875911265013, 1691.4049481057689, 0.0, 0.4917666666666662]]"
2026-07-27 07:58:00,56.34526813898013,19.305460583176377,132.0,parking,64250.70873475731,24560.763426794103,0.0,0.0,0.0,"[[7779303.852881426, 14661.950516127697, 1696.849523963647, 1.583875911265013], [14661.950516127697, 7719664.482589254, 1.0146218685405743, 1691.4049481057689], [1696.849523963647, 1.0146218685405743, 0.4917666666666662, 0.0], [1.583875911265013, 1691.4049481057689, 0.0, 0.4917666666666662]]"
2026-07-27 08:08:00,56.34526813898013,19.305460583176377,132.0,parking,64250.70873475731,24560.763426794103,0.0,0.0,0.0,"[[7779303.852881426, 14661.950516127697, 1696.849523963647, 1.583875911265013], [14661.950516127697, 7719664.482589254, 1.0146218685405743, 1691.4049481057689], [1696.849523963647, 1.0146218685405743, 0.4917666666666662, 0.0], [1.583875911265013, 1691.4049481057689, 0.0, 0.4917666666666662]]"
2026-07-27 08:18:00,56.34526813898013,19.305460583176377,132.0,parking,64250.70873475731,24560.763426794103,0.0,0.0,0.0,"[[7779303.852881426, 14661.950516127697, 1696.849523963647, 1.583875911265013], [14661.950516127697, 7719664.482589254, 1.0146218685405743, 1691.4049481057689], [1696.849523963647, 1.0146218685405743, 0.4917666666666662, 0.0], [1.583875911265013, 1691.4049481057689, 0.0, 0.4917666666666662]]"
2026-07-27 08:28:00,56.34526813898013,19.305460583176377,132.0,parking,64250.70873475731,24560.763426794103,0.0,0.0,0.0,"[[7779303.852881426, 14661.950516127697, 1696.849523963647, 1.583875911265013], [14661.950516127697, 7719664.482589254, 1.0146218685405743, 1691.4049481057689], [1696.849523963647, 1.0146218685405743, 0.4917666666666662, 0.0], [1.583875911265013, 1691.4049481057689, 0.0, 0.4917666666666662]]"
2026-07-27 08:38:00,56.34526813898013,19.305460583176377,132.0,parking,64250.70873475731,24560.763426794103,0.0,0.0,0.0,"[[7779303.852881426, 14661.950516127697, 1696.849523963647, 1.583875911265013], [14661.950516127697, 7719664.482589254, 1.0146218685405743, 1691.4049481057689], [1696.849523963647, 1.0146218685405743, 0.4917666666666662, 0.0], [1.583875911265013, 1691.4049481057689, 0.0, 0.4917666666666662]]"
2026-07-27 08:48:00,56.34526813898013,19.305460583176377,132.0,parking,64250.70873475731,24560.763426794103,0.0,0.0,0.0,"[[7779303.852881426, 14661.950516127697, 1696.849523963647, 1.583875911265013], [14661.950516127697, 7719664.482589254, 1.0146218685405743, 1691.4049481057689], [1696.849523963647, 1.0146218685405743, 0.4917666666666662, 0.0], [1.583875911265013, 1691.4049481057689, 0.0, 0.4917666666666662]]"
2026-07-27 08:58:00,56.34526813898013,19.305460583176377,132.0,parking,64250.70873475731,24560.763426794103,0.0,0.0,0.0,"[[7779303.852881426, 14661.950516127697, 1696.849523963647, 1.583875911265013], [14661.950516127697, 7719664.482589254, 1.0146218685405743, 1691.4049481057689], [1696.849523963647, 1.0146218685405743, 0.4917666666666662, 0.0], [1.583875911265013, 1691.4049481057689, 0.0, 0.4917666666666662]]"
2026-07-27 09:08:00,56.34526813898013,19.305460583176377,132.0,parking,64250.70873475731,24560.763426794103,0.0,0.0,0.0,"[[7779303.852881426, 14661.950516127697, 1696.849523963647, 1.583875911265013], [14661.950516127697, 7719664.482589254, 1.0146218685405743, 1691.4049481057689], [1696.849523963647, 1.0146218685405743, 0.4917666666666662, 0.0], [1.583875911265013, 1691.4049481057689, 0.0, 0.4917666666666662]]"
2026-07-27 09:18:00,56.34526813898013,19.305460583176377,132.0,parking,64250.70873475731,24560.763426794103,0.0,0.0,0.0,"[[7779303.852881426, 14661.950516127697, 1696.849523963647, 1.583875911265013], [14661.950516127697, 7719664.482589254, 1.0146218685405743, 1691.4049481057689], [1696.849523963647, 1.0146218685405743, 0.4917666666666662, 0.0], [1.583875911265013, 1691.4049481057689, 0.0, 0.4917666666666662]]"
2026-07-27 09:28:00,56.34526813898013,19.305460583176377,132.0,parking,64250.70873475731,24560.763426794103,0.0,0.0,0.0,"[[7779303.852881426, 14661.950516127697, 1696.849523963647, 1.583875911265013], [14661.950516127697, 7719664.482589254, 1.0146218685405743, 1691.4049481057689], [1696.849523963647, 1.0146218685405743, 0.4917666666666662, 0.0], [1.583875911265013, 1691.4049481057689, 0.0, 0.4917666666666662]]"
2026-07-27 09:38:00,56.34526813898013,19.305460583176377,132.0,parking,64250.70873475731,24560.763426794103,0.0,0.0,0.0,"[[7779303.852881426, 14661.950516127697, 1696.849523963647, 1.583875911265013], [14661.950516127697, 7719664.482589254, 1.0146218685405743, 1691.4049481057689], [1696.849523963647, 1.0146218685405743, 0.4917666666666662, 0.0], [1.583875911265013, 1691.4049481057689, 0.0, 0.4917666666666662]]"
2026-07-27 09:48:00,56.34526813898013,19.305460583176377,132.0,parking,64250.70873475731,24560.763426794103,0.0,0.0,0.0,"[[7779303.852881426, 14661.950516127697, 1696.849523963647, 1.583875911265013], [14661.950516127697, 7719664.482589254, 1.0146218685405743, 1691.4049481057689], [1696.849523963647, 1.0146218685405743, 0.4917666666666662, 0.0], [1.583875911265013, 1691.4049481057689, 0.0, 0.4917666666666662]]"
2026-07-27 09:58:00,56.34526813898013,19.305460583176377,132.0,parking,64250.70873475731,24560.763426794103,0.0,0.0,0.0,"[[7779303.852881426, 14661.950516127697, 1696.849523963647, 1.583875911265013], [14661.950516127697, 7719664.482589254, 1.0146218685405743, 1691.4049481057689], [1696.849523963647, 1.0146218685405743, 0.4917666666666662, 0.0], [1.583875911265013, 1691.4049481057689, 0.0, 0.4917666666666662]]"
2026-07-27 10:08:00,56.34526813898013,19.305460583176377,132.0,parking,64250.70873475731,24560.763426794103,0.0,0.0,0.0,"[[7779303.852881426, 14661.950516127697, 1696.849523963647, 1.583875911265013], [14661.950516127697, 7719664.482589254, 1.0146218685405743, 1691.4049481057689], [1696.849523963647, 1.0146218685405743, 0.4917666666666662, 0.0], [1.583875911265013, 1691.4049481057689, 0.0, 0.4917666666666662]]"
2026-07-27 10:18:00,56.34526813898013,19.305460583176377,132.0,parking,64250.70873475731,24560.763426794103,0.0,0.0,0.0,"[[7779303.852881426, 14661.950516127697, 1696.849523963647, 1.583875911265013], [14661.950516127697, 7719664.482589254, 1.0146218685405743, 1691.4049481057689], [1696.849523963647, 1.0146218685405743, 0.4917666666666662, 0.0], [1.583875911265013, 1691.4049481057689, 0.0, 0.4917666666666662]]"
2026-07-27 10:28:00,56.34526813898013,19.305460583176377,132.0,parking,64250.70873475731,24560.763426794103,0.0,0.0,0.0,"[[7779303.852881426, 14661.950516127697, 1696.849523963647, 1.583875911265013], [14661.950516127697, 7719664.482589254, 1.0146218685405743, 1691.4049481057689], [1696.849523963647, 1.0146218685405743, 0.4917666666666662, 0.0], [1.583875911265013, 1691.4049481057689, 0.0, 0.4917666666666662]]"
2026-07-27 10:38:00,56.34526813898013,19.305460583176377,132.0,parking,64250.70873475731,24560.763426794103,0.0,0.0,0.0,"[[7779303.852881426, 14661.950516127697, 1696.849523963647, 1.583875911265013], [14661.950516127697, 7719664.482589254, 1.0146218685405743, 1691.4049481057689], [1696.849523963647, 1.0146218685405743, 0.4917666666666662, 0.0], [1.583875911265013, 1691.4049481057689, 0.0, 0.4917666666666662]]"
2026-07-27 10:48:00,56.34526813898013,19.305460583176377,132.0,parking,64250.70873475731,24560.763426794103,0.0,0.0,0.0,"[[7779303.852881426, 14661.950516127697, 1696.849523963647, 1.583875911265013], [14661.950516127697, 7719664.482589254, 1.0146218685405743, 1691.4049481057689], [1696.849523963647, 1.0146218685405743, 0.4917666666666662, 0.0], [1.583875911265013, 1691.4049481057689, 0.0, 0.4917666666666662]]"
2026-07-27 10:58:00,56.34526813898013,19.305460583176377,132.0,parking,64250.70873475731,24560.763426794103,0.0,0.0,0.0,"[[7779303.852881426, 14661.950516127697, 1696.849523963647, 1.583875911265013], [14661.950516127697, 7719664.482589254, 1.0146218685405743, 1691.4049481057689], [1696.849523963647, 1.0146218685405743, 0.4917666666666662, 0.0], [1.583875911265013, 1691.4049481057689, 0.0, 0.4917666666666662]]"
2026-07-27 11:08:00,56.34526813898013,19.305460583176377,132.0,parking,64250.70873475731,24560.763426794103,0.0,0.0,0.0,"[[7779303.852881426, 14661.950516127697, 1696.849523963647, 1.583875911265013], [14661.950516127697, 7719664.482589254, 1.0146218685405743, 1691.4049481057689], [1696.849523963647, 1.0146218685405743, 0.4917666666666662, 0.0], [1.583875911265013, 1691.4049481057689, 0.0, 0.4917666666666662]]"
2026-07-27 11:18:00,56.34526813898013,19.305460583176377,132.0,parking,64250.70873475731,24560.763426794103,0.0,0.0,0.0,"[[7779303.852881426, 14661.950516127697, 1696.849523963647, 1.583875911265013], [14661.950516127697, 7719664.482589254, 1.0146218685405743, 1691.4049481057689], [1696.849523963647, 1.0146218685405743, 0.4917666666666662, 0.0], [1.583875911265013, 1691.4049481057689, 0.0, 0.4917666666666662]]"
2026-07-27 11:28:00,56.34526813898013,19.305460583176377,132.0,parking,64250.70873475731,24560.763426794103,0.0,0.0,0.0,"[[7779303.852881426, 14661.950516127697, 1696.849523963647, 1.583875911265013], [14661.950516127697, 7719664.482589254, 1.0146218685405743, 1691.4049481057689], [1696.849523963647, 1.0146218685405743, 0.4917666666666662, 0.0], [1.583875911265013, 1691.4049481057689, 0.0, 0.4917666666666662]]"
2026-07-27 11:38:00,56.34526813898013,19.305460583176377,132.0,parking,64250.70873475731,24560.763426794103,0.0,0.0,0.0,"[[7779303.852881426, 14661.950516127697, 1696.849523963647, 1.583875911265013], [14661.950516127697, 7719664.482589254, 1.0146218685405743, 1691.4049481057689], [1696.849523963647, 1.0146218685405743, 0.4917666666666662, 0.0], [1.583875911265013, 1691.4049481057689, 0.0, 0.4917666666666662]]"
2026-07-27 11:48:00,56.34526813898013,19.305460583176377,132.0,parking,64250.70873475731,24560.763426794103,0.0,0.0,0.0,"[[7779303.852881426, 14661.950516127697, 1696.849523963647, 1.583875911265013], [14661.950516127697, 7719664.482589254, 1.0146218685405743, 1691.4049481057689], [1696.849523963647, 1.0146218685405743, 0.4917666666666662, 0.0], [1.583875911265013, 1691.4049481057689, 0.0, 0.4917666666666662]]"
2026-07-27 11:58:00,56.34526813898013,19.305460583176377,132.0,parking,64250.70873475731,24560.763426794103,0.0,0.0,0.0,"[[7779303.852881426, 14661.950516127697, 1696.849523963647, 1.583875911265013], [14661.950516127697, 7719664.482589254, 1.0146218685405743, 1691.4049481057689], [1696.849523963647, 1.0146218685405743, 0.4917666666666662, 0.0], [1.583875911265013, 1691.4049481057689, 0.0, 0.4917666666666662]]"
2026-07-27 12:08:00,56.34526813898013,19.305460583176377,132.0,parking,64250.70873475731,24560.763426794103,0.0,0.0,0.0,"[[7779303.852881426, 14661.950516127697, 1696.849523963647, 1.583875911265013], [14661.950516127697, 7719664.482589254, 1.0146218685405743, 1691.4049481057689], [1696.849523963647, 1.0146218685405743, 0.4917666666666662, 0.0], [1.583875911265013, 1691.4049481057689, 0.0, 0.4917666666666662]]"
2026-07-27 12:18:00,56.34526813898013,19.305460583176377,132.0,parking,64250.70873475731,24560.763426794103,0.0,0.0,0.0,"[[7779303.852881426, 14661.950516127697, 1696.849523963647, 1.583875911265013], [14661.950516127697, 7719664.482589254, 1.0146218685405743, 1691.4049481057689], [1696.849523963647, 1.0146218685405743, 0.4917666666666662, 0.0], [1.583875911265013, 1691.4049481057689, 0.0, 0.4917666666666662]]"
2026-07-27 12:28:00,56.34526813898013,19.305460583176377,132.0,parking,64250.70873475731,24560.763426794103,0.0,0.0,0.0,"[[7779303.852881426, 14661.950516127697, 1696.849523963647, 1.583875911265013], [14661.950516127697, 7719664.482589254, 1.0146218685405743, 1691.4049481057689], [1696.849523963647, 1.0146218685405743, 0.4917666666666662, 0.0], [1.583875911265013, 1691.4049481057689, 0.0, 0.4917666666666662]]"
2026-07-27 12:38:00,56.34526813898013,19.305460583176377,132.0,parking,64250.70873475731,24560.763426794103,0.0,0.0,0.0,"[[7779303.852881426, 14661.950516127697, 1696.849523963647, 1.583875911265013], [14661.950516127697, 7719664.482589254, 1.0146218685405743, 1691.4049481057689], [1696.849523963647, 1.0146218685405743, 0.4917666666666662, 0.0], [1.583875911265013, 1691.4049481057689, 0.0, 0.4917666666666662]]"
2026-07-27 12:48:00,56.34526813898013,19.305460583176377,132.0,parking,64250.70873475731,24560.763426794103,0.0,0.0,0.0,"[[7779303.852881426, 14661.950516127697, 1696.849523963647, 1.583875911265013], [14661.950516127697, 7719664.482589254, 1.0146218685405743, 1691.4049481057689], [1696.849523963647, 1.0146218685405743, 0.4917666666666662, 0.0], [1.583875911265013, 1691.4049481057689, 0.0, 0.4917666666666662]]"
2026-07-27 12:58:00,56.34526813898013,19.305460583176377,132.0,parking,64250.70873475731,24560.763426794103,0.0,0.0,0.0,"[[7779303.852881426, 14661.950516127697, 1696.849523963647, 1.583875911265013], [14661.950516127697, 7719664.482589254, 1.0146218685405743, 1691.4049481057689], [1696.849523963647, 1.0146218685405743, 0.4917666666666662, 0.0], [1.583875911265013, 1691.4049481057689, 0.0, 0.4917666666666662]]"
2026-07-27 13:08:00,56.34526813898013,19.305460583176377,132.0,parking,64250.70873475731,24560.763426794103,0.0,0.0,0.0,"[[7779303.852881426, 14661.950516127697, 1696.849523963647, 1.583875911265013], [14661.950516127697, 7719664.482589254, 1.0146218685405743, 1691.4049481057689], [1696.849523963647, 1.0146218685405743, 0.4917666666666662, 0.0], [1.583875911265013, 1691.4049481057689, 0.0, 0.4917666666666662]]"
2026-07-27 13:18:00,56.34526813898013,19.305460583176377,132.0,parking,64250.70873475731,24560.763426794103,0.0,0.0,0.0,"[[7779303.852881426, 14661.950516127697, 1696.849523963647, 1.583875911265013], [14661.950516127697, 7719664.482589254, 1.0146218685405743, 1691.4049481057689], [1696.849523963647, 1.0146218685405743, 0.4917666666666662, 0.0], [1.583875911265013, 1691.4049481057689, 0.0, 0.4917666666666662]]"
2026-07-27 13:28:00,56.34526813898013,19.305460583176377,132.0,parking,64250.70873475731,24560.763426794103,0.0,0.0,0.0,"[[7779303.852881426, 14661.950516127697, 1696.849523963647, 1.583875911265013], [14661.950516127697, 7719664.482589254, 1.0146218685405743, 1691.4049481057689], [1696.849523963647, 1.0146218685405743, 0.4917666666666662, 0.0], [1.583875911265013, 1691.4049481057689, 0.0, 0.4917666666666662]]"
2026-07-27 13:38:00,56.34526813898013,19.305460583176377,132.0,parking,64250.70873475731,24560.763426794103,0.0,0.0,0.0,"[[7779303.852881426, 14661.950516127697, 1696.849523963647, 1.583875911265013], [14661.950516127697, 7719664.482589254, 1.0146218685405743, 1691.4049481057689], [1696.849523963647, 1.0146218685405743, 0.4917666666666662, 0.0], [1.583875911265013, 1691.4049481057689, 0.0, 0.4917666666666662]]"
2026-07-27 13:48:00,56.34526813898013,19.305460583176377,132.0,parking,64250.70873475731,24560.763426794103,0.0,0.0,0.0,"[[7779303.852881426, 14661.950516127697, 1696.849523963647, 1.583875911265013], [14661.950516127697, 7719664.482589254, 1.0146218685405743, 1691.4049481057689], [1696.849523963647, 1.0146218685405743, 0.4917666666666662, 0.0], [1.583875911265013, 1691.4049481057689, 0.0, 0.4917666666666662]]"
2026-07-27 13:58:00,56.34526813898013,19.305460583176377,132.0,parking,64250.70873475731,24560.763426794103,0.0,0.0,0.0,"[[7779303.852881426, 14661.950516127697, 1696.849523963647, 1.583875911265013], [14661.950516127697, 7719664.482589254, 1.0146218685405743, 1691.4049481057689], [1696.849523963647, 1.0146218685405743, 0.4917666666666662, 0.0], [1.583875911265013, 1691.4049481057689, 0.0, 0.4917666666666662]]"
2026-07-27 14:08:00,56.34526813898013,19.305460583176377,132.0,parking,64250.70873475731,24560.763426794103,0.0,0.0,0.0,"[[7779303.852881426, 14661.950516127697, 1696.849523963647, 1.583875911265013], [14661.950516127697, 7719664.482589254, 1.0146218685405743, 1691.4049481057689], [1696.849523963647, 1.0146218685405743, 0.4917666666666662, 0.0], [1.583875911265013, 1691.4049481057689, 0.0, 0.4917666666666662]]"
2026-07-27 14:18:00,56.34526813898013,19.305460583176377,132.0,parking,64250.70873475731,24560.763426794103,0.0,0.0,0.0,"[[7779303.852881426, 14661.950516127697, 1696.849523963647, 1.583875911265013], [14661.950516127697, 7719664.482589254, 1.0146218685405743, 1691.4049481057689], [1696.849523963647, 1.0146218685405743, 0.4917666666666662, 0.0], [1.583875911265013, 1691.4049481057689, 0.0, 0.4917666666666662]]"
2026-07-27 14:28:00,56.34526813898013,19.305460583176377,132.0,parking,64250.70873475731,24560.763426794103,0.0,0.0,0.0,"[[7779303.852881426, 14661.950516127697, 1696.849523963647, 1.583875911265013], [14661.950516127697, 7719664.482589254, 1.0146218685405743, 1691.4049481057689], [1696.849523963647, 1.0146218685405743, 0.4917666666666662, 0.0], [1.583875911265013, 1691.4049481057689, 0.0, 0.4917666666666662]]"
2026-07-27 14:38:00,56.34526813898013,19.305460583176377,132.0,parking,64250.70873475731,24560.763426794103,0.0,0.0,0.0,"[[7779303.852881426, 14661.950516127697, 1696.849523963647, 1.583875911265013], [14661.950516127697, 7719664.482589254, 1.0146218685405743, 1691.4049481057689], [1696.849523963647, 1.0146218685405743, 0.4917666666666662, 0.0], [1.583875911265013, 1691.4049481057689, 0.0, 0.4917666666666662]]"
2026-07-27 14:48:00,56.34526813898013,19.305460583176377,132.0,parking,64250.70873475731,24560.763426794103,0.0,0.0,0.0,"[[7779303.852881426, 14661.950516127697, 1696.849523963647, 1.583875911265013], [14661.950516127697, 7719664.482589254, 1.0146218685405743, 1691.4049481057689], [1696.849523963647, 1.0146218685405743, 0.4917666666666662, 0.0], [1.583875911265013, 1691.4049481057689, 0.0, 0.4917666666666662]]"
2026-07-27 14:58:00,56.34526813898013,19.305460583176377,132.0,parking,64250.70873475731,24560.763426794103,0.0,0.0,0.0,"[[7779303.852881426, 14661.950516127697, 1696.849523963647, 1.583875911265013], [14661.950516127697, 7719664.482589254, 1.0146218685405743, 1691.4049481057689], [1696.849523963647, 1.0146218685405743, 0.4917666666666662, 0.0], [1.583875911265013, 1691.4049481057689, 0.0, 0.4917666666666662]]"
2026-07-27 15:08:00,56.34526813898013,19.305460583176377,132.0,parking,64250.70873475731,24560.763426794103,0.0,0.0,0.0,"[[7779303.852881426, 14661.950516127697, 1696.849523963647, 1.583875911265013], [14661.950516127697, 7719664.482589254, 1.0146218685405743, 1691.4049481057689], [1696.849523963647, 1.0146218685405743, 0.4917666666666662, 0.0], [1.583875911265013, 1691.4049481057689, 0.0, 0.4917666666666662]]"
2026-07-27 15:18:00,56.34526813898013,19.305460583176377,132.0,parking,64250.70873475731,24560.763426794103,0.0,0.0,0.0,"[[7779303.852881426, 14661.950516127697, 1696.849523963647, 1.583875911265013], [14661.950516127697, 7719664.482589254, 1.0146218685405743, 1691.4049481057689], [1696.849523963647, 1.0146218685405743, 0.4917666666666662, 0.0], [1.583875911265013, 1691.4049481057689, 0.0, 0.4917666666666662]]"
2026-07-27 15:28:00,56.34526813898013,19.305460583176377,132.0,parking,64250.70873475731,24560.763426794103,0.0,0.0,0.0,"[[7779303.852881426, 14661.950516127697, 1696.849523963647, 1.583875911265013], [14661.950516127697, 7719664.482589254, 1.0146218685405743, 1691.4049481057689], [1696.849523963647, 1.0146218685405743, 0.4917666666666662, 0.0], [1.583875911265013, 1691.4049481057689, 0.0, 0.4917666666666662]]"
2026-07-27 15:38:00,56.34526813898013,19.305460583176377,132.0,parking,64250.70873475731,24560.763426794103,0.0,0.0,0.0,"[[7779303.852881426, 14661.950516127697, 1696.849523963647, 1.583875911265013], [14661.950516127697, 7719664.482589254, 1.0146218685405743, 1691.4049481057689], [1696.849523963647, 1.0146218685405743, 0.4917666666666662, 0.0], [1.583875911265013, 1691.4049481057689, 0.0, 0.4917666666666662]]"
2026-07-27 15:48:00,56.34526813898013,19.305460583176377,132.0,parking,64250.70873475731,24560.763426794103,0.0,0.0,0.0,"[[7779303.852881426, 14661.950516127697, 1696.849523963647, 1.583875911265013], [14661.950516127697, 7719664.482589254, 1.0146218685405743, 1691.4049481057689], [1696.849523963647, 1.0146218685405743, 0.4917666666666662, 0.0], [1.583875911265013, 1691.4049481057689, 0.0, 0.4917666666666662]]"
2026-07-27 15:58:00,56.34526813898013,19.305460583176377,132.0,parking,64250.70873475731,24560.763426794103,0.0,0.0,0.0,"[[7779303.852881426, 14661.950516127697, 1696.849523963647, 1.583875911265013], [14661.950516127697, 7719664.482589254, 1.0146218685405743, 1691.4049481057689], [1696.849523963647, 1.0146218685405743, 0.4917666666666662, 0.0], [1.583875911265013, 1691.4049481057689, 0.0, 0.4917666666666662]]"
2026-07-27 16:08:00,56.34526813898013,19.305460583176377,132.0,parking,64250.70873475731,24560.763426794103,0.0,0.0,0.0,"[[7779303.852881426, 14661.950516127697, 1696.849523963647, 1.583875911265013], [14661.950516127697, 7719664.482589254, 1.0146218685405743, 1691.4049481057689], [1696.849523963647, 1.0146218685405743, 0.4917666666666662, 0.0], [1.583875911265013, 1691.4049481057689, 0.0, 0.4917666666666662]]"
2026-07-27 16:18:00,56.34526813898013,19.305460583176377,132.0,parking,64250.70873475731,24560.763426794103,0.0,0.0,0.0,"[[7779303.852881426, 14661.950516127697, 1696.849523963647, 1.583875911265013], [14661.950516127697, 7719664.482589254, 1.0146218685405743, 1691.4049481057689], [1696.849523963647, 1.0146218685405743, 0.4917666666666662, 0.0], [1.583875911265013, 1691.4049481057689, 0.0, 0.4917666666666662]]"
2026-07-27 16:28:00,56.34526813898013,19.305460583176377,132.0,parking,64250.70873475731,24560.763426794103,0.0,0.0,0.0,"[[7779303.852881426, 14661.950516127697, 1696.849523963647, 1.583875911265013], [14661.950516127697, 7719664.482589254, 1.0146218685405743, 1691.4049481057689], [1696.849523963647, 1.0146218685405743, 0.4917666666666662, 0.0], [1.583875911265013, 1691.4049481057689, 0.0, 0.4917666666666662]]"
2026-07-27 16:38:00,56.34526813898013,19.305460583176377,132.0,parking,64250.70873475731,24560.763426794103,0.0,0.0,0.0,"[[7779303.852881426, 14661.950516127697, 1696.849523963647, 1.583875911265013], [14661.950516127697, 7719664.482589254, 1.0146218685405743, 1691.4049481057689], [1696.849523963647, 1.0146218685405743, 0.4917666666666662, 0.0], [1.583875911265013, 1691.4049481057689, 0.0, 0.4917666666666662]]"
2026-07-27 16:48:00,56.34526813898013,19.305460583176377,132.0,parking,64250.70873475731,24560.763426794103,0.0,0.0,0.0,"[[7779303.852881426, 14661.950516127697, 1696.849523963647, 1.583875911265013], [14661.950516127697, 7719664.482589254, 1.0146218685405743, 1691.4049481057689], [1696.849523963647, 1.0146218685405743, 0.4917666666666662, 0.0], [1.583875911265013, 1691.4049481057689, 0.0, 0.4917666666666662]]"
2026-07-27 16:58:00,56.34526813898013,19.305460583176377,132.0,parking,64250.70873475731,24560.763426794103,0.0,0.0,0.0,"[[7779303.852881426, 14661.950516127697, 1696.849523963647, 1.583875911265013], [14661.950516127697, 7719664.482589254, 1.0146218685405743, 1691.4049481057689], [1696.849523963647, 1.0146218685405743, 0.4917666666666662, 0.0], [1.583875911265013, 1691.4049481057689, 0.0, 0.4917666666666662]]"
2026-07-27 17:08:00,56.34526813898013,19.305460583176377,132.0,parking,64250.70873475731,24560.763426794103,0.0,0.0,0.0,"[[7779303.852881426, 14661.950516127697, 1696.849523963647, 1.583875911265013], [14661.950516127697, 7719664.482589254, 1.0146218685405743, 1691.4049481057689], [1696.849523963647, 1.0146218685405743, 0.4917666666666662, 0.0], [1.583875911265013, 1691.4049481057689, 0.0, 0.4917666666666662]]"
2026-07-27 17:18:00,56.34526813898013,19.305460583176377,132.0,parking,64250.70873475731,24560.763426794103,0.0,0.0,0.0,"[[7779303.852881426, 14661.950516127697, 1696.849523963647, 1.583875911265013], [14661.950516127697, 7719664.482589254, 1.0146218685405743, 1691.4049481057689], [1696.849523963647, 1.0146218685405743, 0.4917666666666662, 0.0], [1.583875911265013, 1691.4049481057689, 0.0, 0.4917666666666662]]"
2026-07-27 17:28:00,56.34526813898013,19.305460583176377,132.0,parking,64250.70873475731,24560.763426794103,0.0,0.0,0.0,"[[7779303.852881426, 14661.950516127697, 1696.849523963647, 1.583875911265013], [14661.950516127697, 7719664.482589254, 1.0146218685405743, 1691.4049481057689], [1696.849523963647, 1.0146218685405743, 0.4917666666666662, 0.0], [1.583875911265013, 1691.4049481057689, 0.0, 0.4917666666666662]]"
2026-07-27 17:38:00,56.34526813898013,19.305460583176377,132.0,parking,64250.70873475731,24560.763426794103,0.0,0.0,0.0,"[[7779303.852881426, 14661.950516127697, 1696.849523963647, 1.583875911265013], [14661.950516127697, 7719664.482589254, 1.0146218685405743, 1691.4049481057689], [1696.849523963647, 1.0146218685405743, 0.4917666666666662, 0.0], [1.583875911265013, 1691.4049481057689, 0.0, 0.4917666666666662]]"
2026-07-27 17:48:00,56.34526813898013,19.305460583176377,132.0,parking,64250.70873475731,24560.763426794103,0.0,0.0,0.0,"[[7779303.852881426, 14661.950516127697, 1696.849523963647, 1.583875911265013], [14661.950516127697, 7719664.482589254, 1.0146218685405743, 1691.4049481057689], [1696.849523963647, 1.0146218685405743, 0.4917666666666662, 0.0], [1.583875911265013, 1691.4049481057689, 0.0, 0.4917666666666662]]"
2026-07-27 17:58:00,56.34526813898013,19.305460583176377,132.0,parking,64250.70873475731,24560.763426794103,0.0,0.0,0.0,"[[7779303.852881426, 14661.950516127697, 1696.849523963647, 1.583875911265013], [14661.950516127697, 7719664.482589254, 1.0146218685405743, 1691.4049481057689], [1696.849523963647, 1.0146218685405743, 0.4917666666666662, 0.0], [1.583875911265013, 1691.4049481057689, 0.0, 0.4917666666666662]]"
2026-07-27 18:08:00,56.34526813898013,19.305460583176377,132.0,parking,64250.70873475731,24560.763426794103,0.0,0.0,0.0,"[[7779303.852881426, 14661.950516127697, 1696.849523963647, 1.583875911265013], [14661.950516127697, 7719664.482589254, 1.0146218685405743, 1691.4049481057689], [1696.849523963647, 1.0146218685405743, 0.4917666666666662, 0.0], [1.583875911265013, 1691.4049481057689, 0.0, 0.4917666666666662]]"
2026-07-27 18:18:00,56.34526813898013,19.305460583176377,132.0,parking,64250.70873475731,24560.763426794103,0.0,0.0,0.0,"[[7779303.852881426, 14661.950516127697, 1696.849523963647, 1.583875911265013], [14661.950516127697, 7719664.482589254, 1.0146218685405743, 1691.4049481057689], [1696.849523963647, 1.0146218685405743, 0.4917666666666662, 0.0], [1.583875911265013, 1691.4049481057689, 0.0, 0.4917666666666662]]"
2026-07-27 18:28:00,56.34526813898013,19.305460583176377,132.0,parking,64250.70873475731,24560.763426794103,0.0,0.0,0.0,"[[7779303.852881426, 14661.950516127697, 1696.849523963647, 1.583875911265013], [14661.950516127697, 7719664.482589254, 1.0146218685405743, 1691.4049481057689], [1696.849523963647, 1.0146218685405743, 0.4917666666666662, 0.0], [1.583875911265013, 1691.4049481057689, 0.0, 0.4917666666666662]]"
2026-07-27 18:38:00,56.34526813898013,19.305460583176377,132.0,parking,64250.70873475731,24560.763426794103,0.0,0.0,0.0,"[[7779303.852881426, 14661.950516127697, 1696.849523963647, 1.583875911265013], [14661.950516127697, 7719664.482589254, 1.0146218685405743, 1691.4049481057689], [1696.849523963647, 1.0146218685405743, 0.4917666666666662, 0.0], [1.583875911265013, 1691.4049481057689, 0.0, 0.4917666666666662]]"
2026-07-27 18:48:00,56.34526813898013,19.305460583176377,132.0,parking,64250.70873475731,24560.763426794103,0.0,0.0,0.0,"[[7779303.852881426, 14661.950516127697, 1696.849523963647, 1.583875911265013], [14661.950516127697, 7719664.482589254, 1.0146218685405743, 1691.4049481057689], [1696.849523963647, 1.0146218685405743, 0.4917666666666662, 0.0], [1.583875911265013, 1691.4049481057689, 0.0, 0.4917666666666662]]"
2026-07-27 18:58:00,56.34526813898013,19.305460583176377,132.0,parking,64250.70873475731,24560.763426794103,0.0,0.0,0.0,"[[7779303.852881426, 14661.950516127697, 1696.849523963647, 1.583875911265013], [14661.950516127697, 7719664.482589254, 1.0146218685405743, 1691.4049481057689], [1696.849523963647, 1.0146218685405743, 0.4917666666666662, 0.0], [1.583875911265013, 1691.4049481057689, 0.0, 0.4917666666666662]]"
2026-07-27 19:08:00,56.34526813898013,19.305460583176377,132.0,parking,64250.70873475731,24560.763426794103,0.0,0.0,0.0,"[[7779303.852881426, 14661.950516127697, 1696.849523963647, 1.583875911265013], [14661.950516127697, 7719664.482589254, 1.0146218685405743, 1691.4049481057689], [1696.849523963647, 1.0146218685405743, 0.4917666666666662, 0.0], [1.583875911265013, 1691.4049481057689, 0.0, 0.4917666666666662]]"
2026-07-27 19:18:00,56.34526813898013,19.305460583176377,132.0,parking,64250.70873475731,24560.763426794103,0.0,0.0,0.0,"[[7779303.852881426, 14661.950516127697, 1696.849523963647, 1.583875911265013], [14661.950516127697, 7719664.482589254, 1.0146218685405743, 1691.4049481057689], [1696.849523963647, 1.0146218685405743, 0.4917666666666662, 0.0], [1.583875911265013, 1691.4049481057689, 0.0, 0.4917666666666662]]"
2026-07-27 19:28:00,56.34526813898013,19.305460583176377,132.0,parking,64250.70873475731,24560.763426794103,0.0,0.0,0.0,"[[7779303.852881426, 14661.950516127697, 1696.849523963647, 1.583875911265013], [14661.950516127697, 7719664.482589254, 1.0146218685405743, 1691.4049481057689], [1696.849523963647, 1.0146218685405743, 0.4917666666666662, 0.0], [1.583875911265013, 1691.4049481057689, 0.0, 0.4917666666666662]]"
2026-07-27 19:38:00,56.34526813898013,19.305460583176377,132.0,parking,64250.70873475731,24560.763426794103,0.0,0.0,0.0,"[[7779303.852881426, 14661.950516127697, 1696.849523963647, 1.583875911265013], [14661.950516127697, 7719664.482589254, 1.0146218685405743, 1691.4049481057689], [1696.849523963647, 1.0146218685405743, 0.4917666666666662, 0.0], [1.583875911265013, 1691.4049481057689, 0.0, 0.4917666666666662]]"
2026-07-27 19:48:00,56.34526813898013,19.305460583176377,132.0,parking,64250.70873475731,24560.763426794103,0.0,0.0,0.0,"[[7779303.852881426, 14661.950516127697, 1696.849523963647, 1.583875911265013], [14661.950516127697, 7719664.482589254, 1.0146218685405743, 1691.4049481057689], [1696.849523963647, 1.0146218685405743, 0.4917666666666662, 0.0], [1.583875911265013, 1691.4049481057689, 0.0, 0.4917666666666662]]"
2026-07-27 19:58:00,56.34526813898013,19.305460583176377,132.0,parking,64250.70873475731,24560.763426794103,0.0,0.0,0.0,"[[7779303.852881426, 14661.950516127697, 1696.849523963647, 1.583875911265013], [14661.950516127697, 7719664.482589254, 1.0146218685405743, 1691.4049481057689], [1696.849523963647, 1.0146218685405743, 0.4917666666666662, 0.0], [1.583875911265013, 1691.4049481057689, 0.0, 0.4917666666666662]]"
2026-07-27 20:08:00,56.34526813898013,19.305460583176377,132.0,parking,64250.70873475731,24560.763426794103,0.0,0.0,0.0,"[[7779303.852881426, 14661.950516127697, 1696.849523963647, 1.583875911265013], [14661.950516127697, 7719664.482589254, 1.0146218685405743, 1691.4049481057689], [1696.849523963647, 1.0146218685405743, 0.4917666666666662, 0.0], [1.583875911265013, 1691.4049481057689, 0.0, 0.4917666666666662]]"
2026-07-27 20:18:00,56.34526813898013,19.305460583176377,132.0,parking,64250.70873475731,24560.763426794103,0.0,0.0,0.0,"[[7779303.852881426, 14661.950516127697, 1696.849523963647, 1.583875911265013], [14661.950516127697, 7719664.482589254, 1.0146218685405743, 1691.4049481057689], [1696.849523963647, 1.0146218685405743, 0.4917666666666662, 0.0], [1.583875911265013, 1691.4049481057689, 0.0, 0.4917666666666662]]"
2026-07-27 20:28:00,56.34526813898013,19.305460583176377,132.0,parking,64250.70873475731,24560.763426794103,0.0,0.0,0.0,"[[7779303.852881426, 14661.950516127697, 1696.849523963647, 1.583875911265013], [14661.950516127697, 7719664.482589254, 1.0146218685405743, 1691.4049481057689], [1696.849523963647, 1.0146218685405743, 0.4917666666666662, 0.0], [1.583875911265013, 1691.4049481057689, 0.0, 0.4917666666666662]]"
2026-07-27 20:38:00,56.34526813898013,19.305460583176377,132.0,parking,64250.70873475731,24560.763426794103,0.0,0.0,0.0,"[[7779303.852881426, 14661.950516127697, 1696.849523963647, 1.583875911265013], [14661.950516127697, 7719664.482589254, 1.0146218685405743, 1691.4049481057689], [1696.849523963647, 1.0146218685405743, 0.4917666666666662, 0.0], [1.583875911265013, 1691.4049481057689, 0.0, 0.4917666666666662]]"
2026-07-27 20:48:00,56.34526813898013,19.305460583176377,132.0,parking,64250.70873475731,24560.763426794103,0.0,0.0,0.0,"[[7779303.852881426, 14661.950516127697, 1696.849523963647, 1.583875911265013], [14661.950516127697, 7719664.482589254, 1.0146218685405743, 1691.4049481057689], [1696.849523963647, 1.0146218685405743, 0.4917666666666662, 0.0], [1.583875911265013, 1691.4049481057689, 0.0, 0.4917666666666662]]"
2026-07-27 20:58:00,56.34526813898013,19.305460583176377,132.0,parking,64250.70873475731,24560.763426794103,0.0,0.0,0.0,"[[7779303.852881426, 14661.950516127697, 1696.849523963647, 1.583875911265013], [14661.950516127697, 7719664.482589254, 1.0146218685405743, 1691.4049481057689], [1696.849523963647, 1.0146218685405743, 0.4917666666666662, 0.0], [1.583875911265013, 1691.4049481057689, 0.0, 0.4917666666666662]]"
2026-07-27 21:08:00,56.34526813898013,19.305460583176377,132.0,parking,64250.70873475731,24560.763426794103,0.0,0.0,0.0,"[[7779303.852881426, 14661.950516127697, 1696.849523963647, 1.583875911265013], [14661.950516127697, 7719664.482589254, 1.0146218685405743, 1691.4049481057689], [1696.849523963647, 1.0146218685405743, 0.4917666666666662, 0.0], [1.583875911265013, 1691.4049481057689, 0.0, 0.4917666666666662]]"
2026-07-27 21:18:00,56.34526813898013,19.305460583176377,132.0,parking,64250.70873475731,24560.763426794103,0.0,0.0,0.0,"[[7779303.852881426, 14661.950516127697, 1696.849523963647, 1.583875911265013], [14661.950516127697, 7719664.482589254, 1.0146218685405743, 1691.4049481057689], [1696.849523963647, 1.0146218685405743, 0.4917666666666662, 0.0], [1.583875911265013, 1691.4049481057689, 0.0, 0.4917666666666662]]"
2026-07-27 21:28:00,56.34526813898013,19.305460583176377,132.0,parking,64250.70873475731,24560.763426794103,0.0,0.0,0.0,"[[7779303.852881426, 14661.950516127697, 1696.849523963647, 1.583875911265013], [14661.950516127697, 7719664.482589254, 1.0146218685405743, 1691.4049481057689], [1696.849523963647, 1.0146218685405743, 0.4917666666666662, 0.0], [1.583875911265013, 1691.4049481057689, 0.0, 0.4917666666666662]]"
2026-07-27 21:38:00,56.34526813898013,19.305460583176377,132.0,parking,64250.70873475731,24560.763426794103,0.0,0.0,0.0,"[[7779303.852881426, 14661.950516127697, 1696.849523963647, 1.583875911265013], [14661.950516127697, 7719664.482589254, 1.0146218685405743, 1691.4049481057689], [1696.849523963647, 1.0146218685405743, 0.4917666666666662, 0.0], [1.583875911265013, 1691.4049481057689, 0.0, 0.4917666666666662]]"
2026-07-27 21:48:00,56.34526813898013,19.305460583176377,132.0,parking,64250.70873475731,24560.763426794103,0.0,0.0,0.0,"[[7779303.852881426, 14661.950516127697, 1696.849523963647, 1.583875911265013], [14661.950516127697, 7719664.482589254, 1.0146218685405743, 1691.4049481057689], [1696.849523963647, 1.0146218685405743, 0.4917666666666662, 0.0], [1.583875911265013, 1691.4049481057689, 0.0, 0.4917666666666662]]"
2026-07-27 21:58:00,56.34526813898013,19.305460583176377,132.0,parking,64250.70873475731,24560.763426794103,0.0,0.0,0.0,"[[7779303.852881426, 14661.950516127697, 1696.849523963647, 1.583875911265013], [14661.950516127697, 7719664.482589254, 1.0146218685405743, 1691.4049481057689], [1696.849523963647, 1.0146218685405743, 0.4917666666666662, 0.0], [1.583875911265013, 1691.4049481057689, 0.0, 0.4917666666666662]]"
2026-07-27 22:08:00,56.34526813898013,19.305460583176377,132.0,parking,64250.70873475731,24560.763426794103,0.0,0.0,0.0,"[[7779303.852881426, 14661.950516127697, 1696.849523963647, 1.583875911265013], [14661.950516127697, 7719664.482589254, 1.0146218685405743, 1691.4049481057689], [1696.849523963647, 1.0146218685405743, 0.4917666666666662, 0.0], [1.583875911265013, 1691.4049481057689, 0.0, 0.4917666666666662]]"
2026-07-27 22:18:00,56.34526813898013,19.305460583176377,132.0,parking,64250.70873475731,24560.763426794103,0.0,0.0,0.0,"[[7779303.852881426, 14661.950516127697, 1696.849523963647, 1.583875911265013], [14661.950516127697, 7719664.482589254, 1.0146218685405743, 1691.4049481057689], [1696.849523963647, 1.0146218685405743, 0.4917666666666662, 0.0], [1.583875911265013, 1691.4049481057689, 0.0, 0.4917666666666662]]"
2026-07-27 22:28:00,56.34526813898013,19.305460583176377,132.0,parking,64250.70873475731,24560.763426794103,0.0,0.0,0.0,"[[7779303.852881426, 14661.950516127697, 1696.849523963647, 1.583875911265013], [14661.950516127697, 7719664.482589254, 1.0146218685405743, 1691.4049481057689], [1696.849523963647, 1.0146218685405743, 0.4917666666666662, 0.0], [1.583875911265013, 1691.4049481057689, 0.0, 0.4917666666666662]]"
2026-07-27 22:38:00,56.34526813898013,19.305460583176377,132.0,parking,64250.70873475731,24560.763426794103,0.0,0.0,0.0,"[[7779303.852881426, 14661.950516127697, 1696.849523963647, 1.583875911265013], [14661.950516127697, 7719664.482589254, 1.0146218685405743, 1691.4049481057689], [1696.849523963647, 1.0146218685405743, 0.4917666666666662, 0.0], [1.583875911265013, 1691.4049481057689, 0.0, 0.4917666666666662]]"
2026-07-27 22:48:00,56.34526813898013,19.305460583176377,132.0,parking,64250.70873475731,24560.763426794103,0.0,0.0,0.0,"[[7779303.852881426, 14661.950516127697, 1696.849523963647, 1.583875911265013], [14661.950516127697, 7719664.482589254, 1.0146218685405743, 1691.4049481057689], [1696.849523963647, 1.0146218685405743, 0.4917666666666662, 0.0], [1.583875911265013, 1691.4049481057689, 0.0, 0.4917666666666662]]"
2026-07-27 22:58:00,56.34526813898013,19.305460583176377,132.0,parking,64250.70873475731,24560.763426794103,0.0,0.0,0.0,"[[7779303.852881426, 14661.950516127697, 1696.849523963647, 1.583875911265013], [14661.950516127697, 7719664.482589254, 1.0146218685405743, 1691.4049481057689], [1696.849523963647, 1.0146218685405743, 0.4917666666666662, 0.0], [1.583875911265013, 1691.4049481057689, 0.0, 0.4917666666666662]]"
2026-07-27 23:08:00,56.34526813898013,19.305460583176377,132.0,parking,64250.70873475731,24560.763426794103,0.0,0.0,0.0,"[[7779303.852881426, 14661.950516127697, 1696.849523963647, 1.583875911265013], [14661.950516127697, 7719664.482589254, 1.0146218685405743, 1691.4049481057689], [1696.849523963647, 1.0146218685405743, 0.4917666666666662, 0.0], [1.583875911265013, 1691.4049481057689, 0.0, 0.4917666666666662]]"
2026-07-27 23:18:00,56.34526813898013,19.305460583176377,132.0,parking,64250.70873475731,24560.763426794103,0.0,0.0,0.0,"[[7779303.852881426, 14661.950516127697, 1696.849523963647, 1.583875911265013], [14661.950516127697, 7719664.482589254, 1.0146218685405743, 1691.4049481057689], [1696.849523963647, 1.0146218685405743, 0.4917666666666662, 0.0], [1.583875911265013, 1691.4049481057689, 0.0, 0.4917666666666662]]"
2026-07-27 23:28:00,56.34526813898013,19.305460583176377,132.0,parking,64250.70873475731,24560.763426794103,0.0,0.0,0.0,"[[7779303.852881426, 14661.950516127697, 1696.849523963647, 1.583875911265013], [14661.950516127697, 7719664.482589254, 1.0146218685405743, 1691.4049481057689], [1696.849523963647, 1.0146218685405743, 0.4917666666666662, 0.0], [1.583875911265013, 1691.4049481057689, 0.0, 0.4917666666666662]]"
2026-07-27 23:38:00,56.34526813898013,19.305460583176377,132.0,parking,64250.70873475731,24560.763426794103,0.0,0.0,0.0,"[[7779303.852881426, 14661.950516127697, 1696.849523963647, 1.583875911265013], [14661.950516127697, 7719664.482589254, 1.0146218685405743, 1691.4049481057689], [1696.849523963647, 1.0146218685405743, 0.4917666666666662, 0.0], [1.583875911265013, 1691.4049481057689, 0.0, 0.4917666666666662]]"
2026-07-27 23:48:00,56.34526813898013,19.305460583176377,132.0,parking,64250.70873475731,24560.763426794103,0.0,0.0,0.0,"[[7779303.852881426, 14661.950516127697, 1696.849523963647, 1.583875911265013], [14661.950516127697, 7719664.482589254, 1.0146218685405743, 1691.4049481057689], [1696.849523963647, 1.0146218685405743, 0.4917666666666662, 0.0], [1.583875911265013, 1691.4049481057689, 0.0, 0.4917666666666662]]"
2026-07-27 23:58:00,56.34526813898013,19.305460583176377,132.0,parking,64250.70873475731,24560.763426794103,0.0,0.0,0.0,"[[7779303.852881426, 14661.950516127697, 1696.849523963647, 1.583875911265013], [14661.950516127697, 7719664.482589254, 1.0146218685405743, 1691.4049481057689], [1696.849523963647, 1.0146218685405743, 0.4917666666666662, 0.0], [1.583875911265013, 1691.4049481057689, 0.0, 0.4917666666666662]]"
2026-07-28 00:08:00,56.34526813898013,19.305460583176377,132.0,parking,64250.70873475731,24560.763426794103,0.0,0.0,0.0,"[[7779303.852881426, 14661.950516127697, 1696.849523963647, 1.583875911265013], [14661.950516127697, 7719664.482589254, 1.0146218685405743, 1691.4049481057689], [1696.849523963647, 1.0146218685405743, 0.4917666666666662, 0.0], [1.583875911265013, 1691.4049481057689, 0.0, 0.4917666666666662]]"
2026-07-28 00:18:00,56.34526813898013,19.305460583176377,132.0,parking,64250.70873475731,24560.763426794103,0.0,0.0,0.0,"[[7779303.852881426, 14661.950516127697, 1696.849523963647, 1.583875911265013], [14661.950516127697, 7719664.482589254, 1.0146218685405743, 1691.4049481057689], [1696.849523963647, 1.0146218685405743, 0.4917666666666662, 0.0], [1.583875911265013, 1691.4049481057689, 0.0, 0.4917666666666662]]"
2026-07-28 00:28:00,56.34526813898013,19.305460583176377,132.0,parking,64250.70873475731,24560.763426794103,0.0,0.0,0.0,"[[7779303.852881426, 14661.950516127697, 1696.849523963647, 1.583875911265013], [14661.950516127697, 7719664.482589254, 1.0146218685405743, 1691.4049481057689], [1696.849523963647, 1.0146218685405743, 0.4917666666666662, 0.0], [1.583875911265013, 1691.4049481057689, 0.0, 0.4917666666666662]]"
2026-07-28 00:38:00,56.34526813898013,19.305460583176377,132.0,parking,64250.70873475731,24560.763426794103,0.0,0.0,0.0,"[[7779303.852881426, 14661.950516127697, 1696.849523963647, 1.583875911265013], [14661.950516127697, 7719664.482589254, 1.0146218685405743, 1691.4049481057689], [1696.849523963647, 1.0146218685405743, 0.4917666666666662, 0.0], [1.583875911265013, 1691.4049481057689, 0.0, 0.4917666666666662]]"
2026-07-28 00:48:00,56.34526813898013,19.305460583176377,132.0,parking,64250.70873475731,24560.763426794103,0.0,0.0,0.0,"[[7779303.852881426, 14661.950516127697, 1696.849523963647, 1.583875911265013], [14661.950516127697, 7719664.482589254, 1.0146218685405743, 1691.4049481057689], [1696.849523963647, 1.0146218685405743, 0.4917666666666662, 0.0], [1.583875911265013, 1691.4049481057689, 0.0, 0.4917666666666662]]"
2026-07-28 00:58:00,56.34526813898013,19.305460583176377,132.0,parking,64250.70873475731,24560.763426794103,0.0,0.0,0.0,"[[7779303.852881426, 14661.950516127697, 1696.849523963647, 1.583875911265013], [14661.950516127697, 7719664.482589254, 1.0146218685405743, 1691.4049481057689], [1696.849523963647, 1.0146218685405743, 0.4917666666666662, 0.0], [1.583875911265013, 1691.4049481057689, 0.0, 0.4917666666666662]]"
2026-07-28 01:08:00,56.34526813898013,19.305460583176377,132.0,parking,64250.70873475731,24560.763426794103,0.0,0.0,0.0,"[[7779303.852881426, 14661.950516127697, 1696.849523963647, 1.583875911265013], [14661.950516127697, 7719664.482589254, 1.0146218685405743, 1691.4049481057689], [1696.849523963647, 1.0146218685405743, 0.4917666666666662, 0.0], [1.583875911265013, 1691.4049481057689, 0.0, 0.4917666666666662]]"
2026-07-28 01:18:00,56.34526813898013,19.305460583176377,132.0,parking,64250.70873475731,24560.763426794103,0.0,0.0,0.0,"[[7779303.852881426, 14661.950516127697, 1696.849523963647, 1.583875911265013], [14661.950516127697, 7719664.482589254, 1.0146218685405743, 1691.4049481057689], [1696.849523963647, 1.0146218685405743, 0.4917666666666662, 0.0], [1.583875911265013, 1691.4049481057689, 0.0, 0.4917666666666662]]"
2026-07-28 01:28:00,56.34526813898013,19.305460583176377,132.0,parking,64250.70873475731,24560.763426794103,0.0,0.0,0.0,"[[7779303.852881426, 14661.950516127697, 1696.849523963647, 1.583875911265013], [14661.950516127697, 7719664.482589254, 1.0146218685405743, 1691.4049481057689], [1696.849523963647, 1.0146218685405743, 0.4917666666666662, 0.0], [1.583875911265013, 1691.4049481057689, 0.0, 0.4917666666666662]]"
2026-07-28 01:38:00,56.34526813898013,19.305460583176377,132.0,parking,64250.70873475731,24560.763426794103,0.0,0.0,0.0,"[[7779303.852881426, 14661.950516127697, 1696.849523963647, 1.583875911265013], [14661.950516127697, 7719664.482589254, 1.0146218685405743, 1691.4049481057689], [1696.849523963647, 1.0146218685405743, 0.4917666666666662, 0.0], [1.583875911265013, 1691.4049481057689, 0.0, 0.4917666666666662]]"
2026-07-28 01:48:00,56.34526813898013,19.305460583176377,132.0,parking,64250.70873475731,24560.763426794103,0.0,0.0,0.0,"[[7779303.852881426, 14661.950516127697, 1696.849523963647, 1.583875911265013], [14661.950516127697, 7719664.482589254, 1.0146218685405743, 1691.4049481057689], [1696.849523963647, 1.0146218685405743, 0.4917666666666662, 0.0], [1.583875911265013, 1691.4049481057689, 0.0, 0.4917666666666662]]"
2026-07-28 01:58:00,56.34526813898013,19.305460583176377,132.0,parking,64250.70873475731,24560.763426794103,0.0,0.0,0.0,"[[7779303.852881426, 14661.950516127697, 1696.849523963647, 1.583875911265013], [14661.950516127697, 7719664.482589254, 1.0146218685405743, 1691.4049481057689], [1696.849523963647, 1.0146218685405743, 0.4917666666666662, 0.0], [1.583875911265013, 1691.4049481057689, 0.0, 0.4917666666666662]]"
2026-07-28 02:08:00,56.34526813898013,19.305460583176377,132.0,parking,64250.70873475731,24560.763426794103,0.0,0.0,0.0,"[[7779303.852881426, 14661.950516127697, 1696.849523963647, 1.583875911265013], [14661.950516127697, 7719664.482589254, 1.0146218685405743, 1691.4049481057689], [1696.849523963647, 1.0146218685405743, 0.4917666666666662, 0.0], [1.583875911265013, 1691.4049481057689, 0.0, 0.4917666666666662]]"
2026-07-28 02:18:00,56.34526813898013,19.305460583176377,132.0,parking,64250.70873475731,24560.763426794103,0.0,0.0,0.0,"[[7779303.852881426, 14661.950516127697, 1696.849523963647, 1.583875911265013], [14661.950516127697, 7719664.482589254, 1.0146218685405743, 1691.4049481057689], [1696.849523963647, 1.0146218685405743, 0.4917666666666662, 0.0], [1.583875911265013, 1691.4049481057689, 0.0, 0.4917666666666662]]"
2026-07-28 02:28:00,56.34526813898013,19.305460583176377,132.0,parking,64250.70873475731,24560.763426794103,0.0,0.0,0.0,"[[7779303.852881426, 14661.950516127697, 1696.849523963647, 1.583875911265013], [14661.950516127697, 7719664.482589254, 1.0146218685405743, 1691.4049481057689], [1696.849523963647, 1.0146218685405743, 0.4917666666666662, 0.0], [1.583875911265013, 1691.4049481057689, 0.0, 0.4917666666666662]]"
2026-07-28 02:38:00,56.34526813898013,19.305460583176377,132.0,parking,64250.70873475731,24560.763426794103,0.0,0.0,0.0,"[[7779303.852881426, 14661.950516127697, 1696.849523963647, 1.583875911265013], [14661.950516127697, 7719664.482589254, 1.0146218685405743, 1691.4049481057689], [1696.849523963647, 1.0146218685405743, 0.4917666666666662, 0.0], [1.583875911265013, 1691.4049481057689, 0.0, 0.4917666666666662]]"
2026-07-28 02:48:00,56.34526813898013,19.305460583176377,132.0,parking,64250.70873475731,24560.763426794103,0.0,0.0,0.0,"[[7779303.852881426, 14661.950516127697, 1696.849523963647, 1.583875911265013], [14661.950516127697, 7719664.482589254, 1.0146218685405743, 1691.4049481057689], [1696.849523963647, 1.0146218685405743, 0.4917666666666662, 0.0], [1.583875911265013, 1691.4049481057689, 0.0, 0.4917666666666662]]"
2026-07-28 02:58:00,56.34526813898013,19.305460583176377,132.0,parking,64250.70873475731,24560.763426794103,0.0,0.0,0.0,"[[7779303.852881426, 14661.950516127697, 1696.849523963647, 1.583875911265013], [14661.950516127697, 7719664.482589254, 1.0146218685405743, 1691.4049481057689], [1696.849523963647, 1.0146218685405743, 0.4917666666666662, 0.0], [1.583875911265013, 1691.4049481057689, 0.0, 0.4917666666666662]]"
2026-07-28 03:08:00,56.34526813898013,19.305460583176377,132.0,parking,64250.70873475731,24560.763426794103,0.0,0.0,0.0,"[[7779303.852881426, 14661.950516127697, 1696.849523963647, 1.583875911265013], [14661.950516127697, 7719664.482589254, 1.0146218685405743, 1691.4049481057689], [1696.849523963647, 1.0146218685405743, 0.4917666666666662, 0.0], [1.583875911265013, 1691.4049481057689, 0.0, 0.4917666666666662]]"
2026-07-28 03:18:00,56.34526813898013,19.305460583176377,132.0,parking,64250.70873475731,24560.763426794103,0.0,0.0,0.0,"[[7779303.852881426, 14661.950516127697, 1696.849523963647, 1.583875911265013], [14661.950516127697, 7719664.482589254, 1.0146218685405743, 1691.4049481057689], [1696.849523963647, 1.0146218685405743, 0.4917666666666662, 0.0], [1.583875911265013, 1691.4049481057689, 0.0, 0.4917666666666662]]"
2026-07-28 03:28:00,56.34526813898013,19.305460583176377,132.0,parking,64250.70873475731,24560.763426794103,0.0,0.0,0.0,"[[7779303.852881426, 14661.950516127697, 1696.849523963647, 1.583875911265013], [14661.950516127697, 7719664.482589254, 1.0146218685405743, 1691.4049481057689], [1696.849523963647, 1.0146218685405743, 0.4917666666666662, 0.0], [1.583875911265013, 1691.4049481057689, 0.0, 0.4917666666666662]]"
2026-07-28 03:38:00,56.34526813898013,19.305460583176377,132.0,parking,64250.70873475731,24560.763426794103,0.0,0.0,0.0,"[[7779303.852881426, 14661.950516127697, 1696.849523963647, 1.583875911265013], [14661.950516127697, 7719664.482589254, 1.0146218685405743, 1691.4049481057689], [1696.849523963647, 1.0146218685405743, 0.4917666666666662, 0.0], [1.583875911265013, 1691.4049481057689, 0.0, 0.4917666666666662]]"
2026-07-28 03:48:00,56.34526813898013,19.305460583176377,132.0,parking,64250.70873475731,24560.763426794103,0.0,0.0,0.0,"[[7779303.852881426, 14661.950516127697, 1696.849523963647, 1.583875911265013], [14661.950516127697, 7719664.482589254, 1.0146218685405743, 1691.4049481057689], [1696.849523963647, 1.0146218685405743, 0.4917666666666662, 0.0], [1.583875911265013, 1691.4049481057689, 0.0, 0.4917666666666662]]"
2026-07-28 03:58:00,56.34526813898013,19.305460583176377,132.0,parking,64250.70873475731,24560.763426794103,0.0,0.0,0.0,"[[7779303.852881426, 14661.950516127697, 1696.849523963647, 1.583875911265013], [14661.950516127697, 7719664.482589254, 1.0146218685405743, 1691.4049481057689], [1696.849523963647, 1.0146218685405743, 0.4917666666666662, 0.0], [1.583875911265013, 1691.4049481057689, 0.0, 0.4917666666666662]]"
2026-07-28 04:08:00,56.34526813898013,19.305460583176377,132.0,parking,64250.70873475731,24560.763426794103,0.0,0.0,0.0,"[[7779303.852881426, 14661.950516127697, 1696.849523963647, 1.583875911265013], [14661.950516127697, 7719664.482589254, 1.0146218685405743, 1691.4049481057689], [1696.849523963647, 1.0146218685405743, 0.4917666666666662, 0.0], [1.583875911265013, 1691.4049481057689, 0.0, 0.4917666666666662]]"
2026-07-28 04:18:00,56.34526813898013,19.305460583176377,132.0,parking,64250.70873475731,24560.763426794103,0.0,0.0,0.0,"[[7779303.852881426, 14661.950516127697, 1696.849523963647, 1.583875911265013], [14661.950516127697, 7719664.482589254, 1.0146218685405743, 1691.4049481057689], [1696.849523963647, 1.0146218685405743, 0.4917666666666662, 0.0], [1.583875911265013, 1691.4049481057689, 0.0, 0.4917666666666662]]"
2026-07-28 04:28:00,56.34526813898013,19.305460583176377,132.0,parking,64250.70873475731,24560.763426794103,0.0,0.0,0.0,"[[7779303.852881426, 14661.950516127697, 1696.849523963647, 1.583875911265013], [14661.950516127697, 7719664.482589254, 1.0146218685405743, 1691.4049481057689], [1696.849523963647, 1.0146218685405743, 0.4917666666666662, 0.0], [1.583875911265013, 1691.4049481057689, 0.0, 0.4917666666666662]]"
2026-07-28 04:38:00,56.34526813898013,19.305460583176377,132.0,parking,64250.70873475731,24560.763426794103,0.0,0.0,0.0,"[[7779303.852881426, 14661.950516127697, 1696.849523963647, 1.583875911265013], [14661.950516127697, 7719664.482589254, 1.0146218685405743, 1691.4049481057689], [1696.849523963647, 1.0146218685405743, 0.4917666666666662, 0.0], [1.583875911265013, 1691.4049481057689, 0.0, 0.4917666666666662]]"
2026-07-28 04:48:00,56.34526813898013,19.305460583176377,132.0,parking,64250.70873475731,24560.763426794103,0.0,0.0,0.0,"[[7779303.852881426, 14661.950516127697, 1696.849523963647, 1.583875911265013], [14661.950516127697, 7719664.482589254, 1.0146218685405743, 1691.4049481057689], [1696.849523963647, 1.0146218685405743, 0.4917666666666662, 0.0], [1.583875911265013, 1691.4049481057689, 0.0, 0.4917666666666662]]"
2026-07-28 04:58:00,56.34526813898013,19.305460583176377,132.0,parking,64250.70873475731,24560.763426794103,0.0,0.0,0.0,"[[7779303.852881426, 14661.950516127697, 1696.849523963647, 1.583875911265013], [14661.950516127697, 7719664.482589254, 1.0146218685405743, 1691.4049481057689], [1696.849523963647, 1.0146218685405743, 0.4917666666666662, 0.0], [1.583875911265013, 1691.4049481057689, 0.0, 0.4917666666666662]]"
2026-07-28 05:08:00,56.34526813898013,19.305460583176377,132.0,parking,64250.70873475731,24560.763426794103,0.0,0.0,0.0,"[[7779303.852881426, 14661.950516127697, 1696.849523963647, 1.583875911265013], [14661.950516127697, 7719664.482589254, 1.0146218685405743, 1691.4049481057689], [1696.849523963647, 1.0146218685405743, 0.4917666666666662, 0.0], [1.583875911265013, 1691.4049481057689, 0.0, 0.4917666666666662]]"
2026-07-28 05:18:00,56.34526813898013,19.305460583176377,132.0,parking,64250.70873475731,24560.763426794103,0.0,0.0,0.0,"[[7779303.852881426, 14661.950516127697, 1696.849523963647, 1.583875911265013], [14661.950516127697, 7719664.482589254, 1.0146218685405743, 1691.4049481057689], [1696.849523963647, 1.0146218685405743, 0.4917666666666662, 0.0], [1.583875911265013, 1691.4049481057689, 0.0, 0.4917666666666662]]"
2026-07-28 05:28:00,56.34526813898013,19.305460583176377,132.0,parking,64250.70873475731,24560.763426794103,0.0,0.0,0.0,"[[7779303.852881426, 14661.950516127697, 1696.849523963647, 1.583875911265013], [14661.950516127697, 7719664.482589254, 1.0146218685405743, 1691.4049481057689], [1696.849523963647, 1.0146218685405743, 0.4917666666666662, 0.0], [1.583875911265013, 1691.4049481057689, 0.0, 0.4917666666666662]]"
2026-07-28 05:38:00,56.34526813898013,19.305460583176377,132.0,parking,64250.70873475731,24560.763426794103,0.0,0.0,0.0,"[[7779303.852881426, 14661.950516127697, 1696.849523963647, 1.583875911265013], [14661.950516127697, 7719664.482589254, 1.0146218685405743, 1691.4049481057689], [1696.849523963647, 1.0146218685405743, 0.4917666666666662, 0.0], [1.583875911265013, 1691.4049481057689, 0.0, 0.4917666666666662]]"
2026-07-28 05:48:00,56.34526813898013,19.305460583176377,132.0,parking,64250.70873475731,24560.763426794103,0.0,0.0,0.0,"[[7779303.852881426, 14661.950516127697, 1696.849523963647, 1.583875911265013], [14661.950516127697, 7719664.482589254, 1.0146218685405743, 1691.4049481057689], [1696.849523963647, 1.0146218685405743, 0.4917666666666662, 0.0], [1.583875911265013, 1691.4049481057689, 0.0, 0.4917666666666662]]"
2026-07-28 05:58:00,56.34526813898013,19.305460583176377,132.0,parking,64250.70873475731,24560.763426794103,0.0,0.0,0.0,"[[7779303.852881426, 14661.950516127697, 1696.849523963647, 1.583875911265013], [14661.950516127697, 7719664.482589254, 1.0146218685405743, 1691.4049481057689], [1696.849523963647, 1.0146218685405743, 0.4917666666666662, 0.0], [1.583875911265013, 1691.4049481057689, 0.0, 0.4917666666666662]]"
2026-07-28 06:08:00,56.34526813898013,19.305460583176377,132.0,parking,64250.70873475731,24560.763426794103,0.0,0.0,0.0,"[[7779303.852881426, 14661.950516127697, 1696.849523963647, 1.583875911265013], [14661.950516127697, 7719664.482589254, 1.0146218685405743, 1691.4049481057689], [1696.849523963647, 1.0146218685405743, 0.4917666666666662, 0.0], [1.583875911265013, 1691.4049481057689, 0.0, 0.4917666666666662]]"
2026-07-28 06:18:00,56.34526813898013,19.305460583176377,132.0,parking,64250.70873475731,24560.763426794103,0.0,0.0,0.0,"[[7779303.852881426, 14661.950516127697, 1696.849523963647, 1.583875911265013], [14661.950516127697, 7719664.482589254, 1.0146218685405743, 1691.4049481057689], [1696.849523963647, 1.0146218685405743, 0.4917666666666662, 0.0], [1.583875911265013, 1691.4049481057689, 0.0, 0.4917666666666662]]"
2026-07-28 06:28:00,56.34526813898013,19.305460583176377,132.0,parking,64250.70873475731,24560.763426794103,0.0,0.0,0.0,"[[7779303.852881426, 14661.950516127697, 1696.849523963647, 1.583875911265013], [14661.950516127697, 7719664.482589254, 1.0146218685405743, 1691.4049481057689], [1696.849523963647, 1.0146218685405743, 0.4917666666666662, 0.0], [1.583875911265013, 1691.4049481057689, 0.0, 0.4917666666666662]]"
2026-07-28 06:38:00,56.34526813898013,19.305460583176377,132.0,parking,64250.70873475731,24560.763426794103,0.0,0.0,0.0,"[[7779303.852881426, 14661.950516127697, 1696.849523963647, 1.583875911265013], [14661.950516127697, 7719664.482589254, 1.0146218685405743, 1691.4049481057689], [1696.849523963647, 1.0146218685405743, 0.4917666666666662, 0.0], [1.583875911265013, 1691.4049481057689, 0.0, 0.4917666666666662]]"
2026-07-28 06:48:00,56.34526813898013,19.305460583176377,132.0,parking,64250.70873475731,24560.763426794103,0.0,0.0,0.0,"[[7779303.852881426, 14661.950516127697, 1696.849523963647, 1.583875911265013], [14661.950516127697, 7719664.482589254, 1.0146218685405743, 1691.4049481057689], [1696.849523963647, 1.0146218685405743, 0.4917666666666662, 0.0], [1.583875911265013, 1691.4049481057689, 0.0, 0.4917666666666662]]"
2026-07-28 06:58:00,56.34526813898013,19.305460583176377,132.0,parking,64250.70873475731,24560.763426794103,0.0,0.0,0.0,"[[7779303.852881426, 14661.950516127697, 1696.849523963647, 1.583875911265013], [14661.950516127697, 7719664.482589254, 1.0146218685405743, 1691.4049481057689], [1696.849523963647, 1.0146218685405743, 0.4917666666666662, 0.0], [1.583875911265013, 1691.4049481057689, 0.0, 0.4917666666666662]]"
2026-07-28 07:08:00,56.34526813898013,19.305460583176377,132.0,parking,64250.70873475731,24560.763426794103,0.0,0.0,0.0,"[[7779303.852881426, 14661.950516127697, 1696.849523963647, 1.583875911265013], [14661.950516127697, 7719664.482589254, 1.0146218685405743, 1691.4049481057689], [1696.849523963647, 1.0146218685405743, 0.4917666666666662, 0.0], [1.583875911265013, 1691.4049481057689, 0.0, 0.4917666666666662]]"
2026-07-28 07:18:00,56.34526813898013,19.305460583176377,132.0,parking,64250.70873475731,24560.763426794103,0.0,0.0,0.0,"[[7779303.852881426, 14661.950516127697, 1696.849523963647, 1.583875911265013], [14661.950516127697, 7719664.482589254, 1.0146218685405743, 1691.4049481057689], [1696.849523963647, 1.0146218685405743, 0.4917666666666662, 0.0], [1.583875911265013, 1691.4049481057689, 0.0, 0.4917666666666662]]"
2026-07-28 07:28:00,56.34526813898013,19.305460583176377,132.0,parking,64250.70873475731,24560.763426794103,0.0,0.0,0.0,"[[7779303.852881426, 14661.950516127697, 1696.849523963647, 1.583875911265013], [14661.950516127697, 7719664.482589254, 1.0146218685405743, 1691.4049481057689], [1696.849523963647, 1.0146218685405743, 0.4917666666666662, 0.0], [1.583875911265013, 1691.4049481057689, 0.0, 0.4917666666666662]]"
2026-07-28 07:38:00,56.34526813898013,19.305460583176377,132.0,parking,64250.70873475731,24560.763426794103,0.0,0.0,0.0,"[[7779303.852881426, 14661.950516127697, 1696.849523963647, 1.583875911265013], [14661.950516127697, 7719664.482589254, 1.0146218685405743, 1691.4049481057689], [1696.849523963647, 1.0146218685405743, 0.4917666666666662, 0.0], [1.583875911265013, 1691.4049481057689, 0.0, 0.4917666666666662]]"
2026-07-28 07:48:00,56.34526813898013,19.305460583176377,132.0,parking,64250.70873475731,24560.763426794103,0.0,0.0,0.0,"[[7779303.852881426, 14661.950516127697, 1696.849523963647, 1.583875911265013], [14661.950516127697, 7719664.482589254, 1.0146218685405743, 1691.4049481057689], [1696.849523963647, 1.0146218685405743, 0.4917666666666662, 0.0], [1.583875911265013, 1691.4049481057689, 0.0, 0.4917666666666662]]"
2026-07-28 07:58:00,56.34526813898013,19.305460583176377,132.0,parking,64250.70873475731,24560.763426794103,0.0,0.0,0.0,"[[7779303.852881426, 14661.950516127697, 1696.849523963647, 1.583875911265013], [14661.950516127697, 7719664.482589254, 1.0146218685405743, 1691.4049481057689], [1696.849523963647, 1.0146218685405743, 0.4917666666666662, 0.0], [1.583875911265013, 1691.4049481057689, 0.0, 0.4917666666666662]]"
2026-07-28 08:08:00,56.34526813898013,19.305460583176377,132.0,parking,64250.70873475731,24560.763426794103,0.0,0.0,0.0,"[[7779303.852881426, 14661.950516127697, 1696.849523963647, 1.583875911265013], [14661.950516127697, 7719664.482589254, 1.0146218685405743, 1691.4049481057689], [1696.849523963647, 1.0146218685405743, 0.4917666666666662, 0.0], [1.583875911265013, 1691.4049481057689, 0.0, 0.4917666666666662]]"
2026-07-28 08:18:00,56.34526813898013,19.305460583176377,132.0,parking,64250.70873475731,24560.763426794103,0.0,0.0,0.0,"[[7779303.852881426, 14661.950516127697, 1696.849523963647, 1.583875911265013], [14661.950516127697, 7719664.482589254, 1.0146218685405743, 1691.4049481057689], [1696.849523963647, 1.0146218685405743, 0.4917666666666662, 0.0], [1.583875911265013, 1691.4049481057689, 0.0, 0.4917666666666662]]"
2026-07-28 08:28:00,56.34526813898013,19.305460583176377,132.0,parking,64250.70873475731,24560.763426794103,0.0,0.0,0.0,"[[7779303.852881426, 14661.950516127697, 1696.849523963647, 1.583875911265013], [14661.950516127697, 7719664.482589254, 1.0146218685405743, 1691.4049481057689], [1696.849523963647, 1.0146218685405743, 0.4917666666666662, 0.0], [1.583875911265013, 1691.4049481057689, 0.0, 0.4917666666666662]]"
2026-07-28 08:38:00,56.34526813898013,19.305460583176377,132.0,parking,64250.70873475731,24560.763426794103,0.0,0.0,0.0,"[[7779303.852881426, 14661.950516127697, 1696.849523963647, 1.583875911265013], [14661.950516127697, 7719664.482589254, 1.0146218685405743, 1691.4049481057689], [1696.849523963647, 1.0146218685405743, 0.4917666666666662, 0.0], [1.583875911265013, 1691.4049481057689, 0.0, 0.4917666666666662]]"
2026-07-28 08:48:00,56.34526813898013,19.305460583176377,132.0,parking,64250.70873475731,24560.763426794103,0.0,0.0,0.0,"[[7779303.852881426, 14661.950516127697, 1696.849523963647, 1.583875911265013], [14661.950516127697, 7719664.482589254, 1.0146218685405743, 1691.4049481057689], [1696.849523963647, 1.0146218685405743, 0.4917666666666662, 0.0], [1.583875911265013, 1691.4049481057689, 0.0, 0.4917666666666662]]"
2026-07-28 08:58:00,56.34526813898013,19.305460583176377,132.0,parking,64250.70873475731,24560.763426794103,0.0,0.0,0.0,"[[7779303.852881426, 14661.950516127697, 1696.849523963647, 1.583875911265013], [14661.950516127697, 7719664.482589254, 1.0146218685405743, 1691.4049481057689], [1696.849523963647, 1.0146218685405743, 0.4917666666666662, 0.0], [1.583875911265013, 1691.4049481057689, 0.0, 0.4917666666666662]]"
2026-07-28 09:08:00,56.34526813898013,19.305460583176377,132.0,parking,64250.70873475731,24560.763426794103,0.0,0.0,0.0,"[[7779303.852881426, 14661.950516127697, 1696.849523963647, 1.583875911265013], [14661.950516127697, 7719664.482589254, 1.0146218685405743, 1691.4049481057689], [1696.849523963647, 1.0146218685405743, 0.4917666666666662, 0.0], [1.583875911265013, 1691.4049481057689, 0.0, 0.4917666666666662]]"
2026-07-28 09:18:00,56.34526813898013,19.305460583176377,132.0,parking,64250.70873475731,24560.763426794103,0.0,0.0,0.0,"[[7779303.852881426, 14661.950516127697, 1696.849523963647, 1.583875911265013], [14661.950516127697, 7719664.482589254, 1.0146218685405743, 1691.4049481057689], [1696.849523963647, 1.0146218685405743, 0.4917666666666662, 0.0], [1.583875911265013, 1691.4049481057689, 0.0, 0.4917666666666662]]"
2026-07-28 09:28:00,56.34526813898013,19.305460583176377,132.0,parking,64250.70873475731,24560.763426794103,0.0,0.0,0.0,"[[7779303.852881426, 14661.950516127697, 1696.849523963647, 1.583875911265013], [14661.950516127697, 7719664.482589254, 1.0146218685405743, 1691.4049481057689], [1696.849523963647, 1.0146218685405743, 0.4917666666666662, 0.0], [1.583875911265013, 1691.4049481057689, 0.0, 0.4917666666666662]]"
2026-07-28 09:38:00,56.34526813898013,19.305460583176377,132.0,parking,64250.70873475731,24560.763426794103,0.0,0.0,0.0,"[[7779303.852881426, 14661.950516127697, 1696.849523963647, 1.583875911265013], [14661.950516127697, 7719664.482589254, 1.0146218685405743, 1691.4049481057689], [1696.849523963647, 1.0146218685405743, 0.4917666666666662, 0.0], [1.583875911265013, 1691.4049481057689, 0.0, 0.4917666666666662]]"
2026-07-28 09:48:00,56.34526813898013,19.305460583176377,132.0,parking,64250.70873475731,24560.763426794103,0.0,0.0,0.0,"[[7779303.852881426, 14661.950516127697, 1696.849523963647, 1.583875911265013], [14661.950516127697, 7719664.482589254, 1.0146218685405743, 1691.4049481057689], [1696.849523963647, 1.0146218685405743, 0.4917666666666662, 0.0], [1.583875911265013, 1691.4049481057689, 0.0, 0.4917666666666662]]"
2026-07-28 09:58:00,56.34526813898013,19.305460583176377,132.0,parking,64250.70873475731,24560.763426794103,0.0,0.0,0.0,"[[7779303.852881426, 14661.950516127697, 1696.849523963647, 1.583875911265013], [14661.950516127697, 7719664.482589254, 1.0146218685405743, 1691.4049481057689], [1696.849523963647, 1.0146218685405743, 0.4917666666666662, 0.0], [1.583875911265013, 1691.4049481057689, 0.0, 0.4917666666666662]]"
2026-07-28 10:08:00,56.34526813898013,19.305460583176377,132.0,parking,64250.70873475731,24560.763426794103,0.0,0.0,0.0,"[[7779303.852881426, 14661.950516127697, 1696.849523963647, 1.583875911265013], [14661.950516127697, 7719664.482589254, 1.0146218685405743, 1691.4049481057689], [1696.849523963647, 1.0146218685405743, 0.4917666666666662, 0.0], [1.583875911265013, 1691.4049481057689, 0.0, 0.4917666666666662]]"
2026-07-28 10:18:00,56.34526813898013,19.305460583176377,132.0,parking,64250.70873475731,24560.763426794103,0.0,0.0,0.0,"[[7779303.852881426, 14661.950516127697, 1696.849523963647, 1.583875911265013], [14661.950516127697, 7719664.482589254, 1.0146218685405743, 1691.4049481057689], [1696.849523963647, 1.0146218685405743, 0.4917666666666662, 0.0], [1.583875911265013, 1691.4049481057689, 0.0, 0.4917666666666662]]"
2026-07-28 10:28:00,56.34526813898013,19.305460583176377,132.0,parking,64250.70873475731,24560.763426794103,0.0,0.0,0.0,"[[7779303.852881426, 14661.950516127697, 1696.849523963647, 1.583875911265013], [14661.950516127697, 7719664.482589254, 1.0146218685405743, 1691.4049481057689], [1696.849523963647, 1.0146218685405743, 0.4917666666666662, 0.0], [1.583875911265013, 1691.4049481057689, 0.0, 0.4917666666666662]]"
2026-07-28 10:38:00,56.34526813898013,19.305460583176377,132.0,parking,64250.70873475731,24560.763426794103,0.0,0.0,0.0,"[[7779303.852881426, 14661.950516127697, 1696.849523963647, 1.583875911265013], [14661.950516127697, 7719664.482589254, 1.0146218685405743, 1691.4049481057689], [1696.849523963647, 1.0146218685405743, 0.4917666666666662, 0.0], [1.583875911265013, 1691.4049481057689, 0.0, 0.4917666666666662]]"
2026-07-28 10:48:00,56.34526813898013,19.305460583176377,132.0,parking,64250.70873475731,24560.763426794103,0.0,0.0,0.0,"[[7779303.852881426, 14661.950516127697, 1696.849523963647, 1.583875911265013], [14661.950516127697, 7719664.482589254, 1.0146218685405743, 1691.4049481057689], [1696.849523963647, 1.0146218685405743, 0.4917666666666662, 0.0], [1.583875911265013, 1691.4049481057689, 0.0, 0.4917666666666662]]"
2026-07-28 10:58:00,56.34526813898013,19.305460583176377,132.0,parking,64250.70873475731,24560.763426794103,0.0,0.0,0.0,"[[7779303.852881426, 14661.950516127697, 1696.849523963647, 1.583875911265013], [14661.950516127697, 7719664.482589254, 1.0146218685405743, 1691.4049481057689], [1696.849523963647, 1.0146218685405743, 0.4917666666666662, 0.0], [1.583875911265013, 1691.4049481057689, 0.0, 0.4917666666666662]]"
2026-07-28 11:08:00,56.34526813898013,19.305460583176377,132.0,parking,64250.70873475731,24560.763426794103,0.0,0.0,0.0,"[[7779303.852881426, 14661.950516127697, 1696.849523963647, 1.583875911265013], [14661.950516127697, 7719664.482589254, 1.0146218685405743, 1691.4049481057689], [1696.849523963647, 1.0146218685405743, 0.4917666666666662, 0.0], [1.583875911265013, 1691.4049481057689, 0.0, 0.4917666666666662]]"
2026-07-28 11:18:00,56.34526813898013,19.305460583176377,132.0,parking,64250.70873475731,24560.763426794103,0.0,0.0,0.0,"[[7779303.852881426, 14661.950516127697, 1696.849523963647, 1.583875911265013], [14661.950516127697, 7719664.482589254, 1.0146218685405743, 1691.4049481057689], [1696.849523963647, 1.0146218685405743, 0.4917666666666662, 0.0], [1.583875911265013, 1691.4049481057689, 0.0, 0.4917666666666662]]"
2026-07-28 11:28:00,56.34526813898013,19.305460583176377,132.0,parking,64250.70873475731,24560.763426794103,0.0,0.0,0.0,"[[7779303.852881426, 14661.950516127697, 1696.849523963647, 1.583875911265013], [14661.950516127697, 7719664.482589254, 1.0146218685405743, 1691.4049481057689], [1696.849523963647, 1.0146218685405743, 0.4917666666666662, 0.0], [1.583875911265013, 1691.4049481057689, 0.0, 0.4917666666666662]]"
2026-07-28 11:38:00,56.34526813898013,19.305460583176377,132.0,parking,64250.70873475731,24560.763426794103,0.0,0.0,0.0,"[[7779303.852881426, 14661.950516127697, 1696.849523963647, 1.583875911265013], [14661.950516127697, 7719664.482589254, 1.0146218685405743, 1691.4049481057689], [1696.849523963647, 1.0146218685405743, 0.4917666666666662, 0.0], [1.583875911265013, 1691.4049481057689, 0.0, 0.4917666666666662]]"
2026-07-28 11:48:00,56.34526813898013,19.305460583176377,132.0,parking,64250.70873475731,24560.763426794103,0.0,0.0,0.0,"[[7779303.852881426, 14661.950516127697, 1696.849523963647, 1.583875911265013], [14661.950516127697, 7719664.482589254, 1.0146218685405743, 1691.4049481057689], [1696.849523963647, 1.0146218685405743, 0.4917666666666662, 0.0], [1.583875911265013, 1691.4049481057689, 0.0, 0.4917666666666662]]"
2026-07-28 11:58:00,56.34526813898013,19.305460583176377,132.0,parking,64250.70873475731,24560.763426794103,0.0,0.0,0.0,"[[7779303.852881426, 14661.950516127697, 1696.849523963647, 1.583875911265013], [14661.950516127697, 7719664.482589254, 1.0146218685405743, 1691.4049481057689], [1696.849523963647, 1.0146218685405743, 0.4917666666666662, 0.0], [1.583875911265013, 1691.4049481057689, 0.0, 0.4917666666666662]]"
2026-07-28 12:08:00,56.34526813898013,19.305460583176377,132.0,parking,64250.70873475731,24560.763426794103,0.0,0.0,0.0,"[[7779303.852881426, 14661.950516127697, 1696.849523963647, 1.583875911265013], [14661.950516127697, 7719664.482589254, 1.0146218685405743, 1691.4049481057689], [1696.849523963647, 1.0146218685405743, 0.4917666666666662, 0.0], [1.583875911265013, 1691.4049481057689, 0.0, 0.4917666666666662]]"
2026-07-28 12:18:00,56.34526813898013,19.305460583176377,132.0,parking,64250.70873475731,24560.763426794103,0.0,0.0,0.0,"[[7779303.852881426, 14661.950516127697, 1696.849523963647, 1.583875911265013], [14661.950516127697, 7719664.482589254, 1.0146218685405743, 1691.4049481057689], [1696.849523963647, 1.0146218685405743, 0.4917666666666662, 0.0], [1.583875911265013, 1691.4049481057689, 0.0, 0.4917666666666662]]"
2026-07-28 12:28:00,56.34526813898013,19.305460583176377,132.0,parking,64250.70873475731,24560.763426794103,0.0,0.0,0.0,"[[7779303.852881426, 14661.950516127697, 1696.849523963647, 1.583875911265013], [14661.950516127697, 7719664.482589254, 1.0146218685405743, 1691.4049481057689], [1696.849523963647, 1.0146218685405743, 0.4917666666666662, 0.0], [1.583875911265013, 1691.4049481057689, 0.0, 0.4917666666666662]]"
2026-07-28 12:38:00,56.34526813898013,19.305460583176377,132.0,parking,64250.70873475731,24560.763426794103,0.0,0.0,0.0,"[[7779303.852881426, 14661.950516127697, 1696.849523963647, 1.583875911265013], [14661.950516127697, 7719664.482589254, 1.0146218685405743, 1691.4049481057689], [1696.849523963647, 1.0146218685405743, 0.4917666666666662, 0.0], [1.583875911265013, 1691.4049481057689, 0.0, 0.4917666666666662]]"
2026-07-28 12:48:00,56.34526813898013,19.305460583176377,132.0,parking,64250.70873475731,24560.763426794103,0.0,0.0,0.0,"[[7779303.852881426, 14661.950516127697, 1696.849523963647, 1.583875911265013], [14661.950516127697, 7719664.482589254, 1.0146218685405743, 1691.4049481057689], [1696.849523963647, 1.0146218685405743, 0.4917666666666662, 0.0], [1.583875911265013, 1691.4049481057689, 0.0, 0.4917666666666662]]"
2026-07-28 12:58:00,56.34526813898013,19.305460583176377,132.0,parking,64250.70873475731,24560.763426794103,0.0,0.0,0.0,"[[7779303.852881426, 14661.950516127697, 1696.849523963647, 1.583875911265013], [14661.950516127697, 7719664.482589254, 1.0146218685405743, 1691.4049481057689], [1696.849523963647, 1.0146218685405743, 0.4917666666666662, 0.0], [1.583875911265013, 1691.4049481057689, 0.0, 0.4917666666666662]]"
2026-07-28 13:08:00,56.34526813898013,19.305460583176377,132.0,parking,64250.70873475731,24560.763426794103,0.0,0.0,0.0,"[[7779303.852881426, 14661.950516127697, 1696.849523963647, 1.583875911265013], [14661.950516127697, 7719664.482589254, 1.0146218685405743, 1691.4049481057689], [1696.849523963647, 1.0146218685405743, 0.4917666666666662, 0.0], [1.583875911265013, 1691.4049481057689, 0.0, 0.4917666666666662]]"
2026-07-28 13:18:00,56.34526813898013,19.305460583176377,132.0,parking,64250.70873475731,24560.763426794103,0.0,0.0,0.0,"[[7779303.852881426, 14661.950516127697, 1696.849523963647, 1.583875911265013], [14661.950516127697, 7719664.482589254, 1.0146218685405743, 1691.4049481057689], [1696.849523963647, 1.0146218685405743, 0.4917666666666662, 0.0], [1.583875911265013, 1691.4049481057689, 0.0, 0.4917666666666662]]"
2026-07-28 13:28:00,56.34526813898013,19.305460583176377,132.0,parking,64250.70873475731,24560.763426794103,0.0,0.0,0.0,"[[7779303.852881426, 14661.950516127697, 1696.849523963647, 1.583875911265013], [14661.950516127697, 7719664.482589254, 1.0146218685405743, 1691.4049481057689], [1696.849523963647, 1.0146218685405743, 0.4917666666666662, 0.0], [1.583875911265013, 1691.4049481057689, 0.0, 0.4917666666666662]]"
2026-07-28 13:38:00,56.34526813898013,19.305460583176377,132.0,parking,64250.70873475731,24560.763426794103,0.0,0.0,0.0,"[[7779303.852881426, 14661.950516127697, 1696.849523963647, 1.583875911265013], [14661.950516127697, 7719664.482589254, 1.0146218685405743, 1691.4049481057689], [1696.849523963647, 1.0146218685405743, 0.4917666666666662, 0.0], [1.583875911265013, 1691.4049481057689, 0.0, 0.4917666666666662]]"
2026-07-28 13:48:00,56.34526813898013,19.305460583176377,132.0,parking,64250.70873475731,24560.763426794103,0.0,0.0,0.0,"[[7779303.852881426, 14661.950516127697, 1696.849523963647, 1.583875911265013], [14661.950516127697, 7719664.482589254, 1.0146218685405743, 1691.4049481057689], [1696.849523963647, 1.0146218685405743, 0.4917666666666662, 0.0], [1.583875911265013, 1691.4049481057689, 0.0, 0.4917666666666662]]"
2026-07-28 13:58:00,56.34526813898013,19.305460583176377,132.0,parking,64250.70873475731,24560.763426794103,0.0,0.0,0.0,"[[7779303.852881426, 14661.950516127697, 1696.849523963647, 1.583875911265013], [14661.950516127697, 7719664.482589254, 1.0146218685405743, 1691.4049481057689], [1696.849523963647, 1.0146218685405743, 0.4917666666666662, 0.0], [1.583875911265013, 1691.4049481057689, 0.0, 0.4917666666666662]]"
2026-07-28 14:08:00,56.34526813898013,19.305460583176377,132.0,parking,64250.70873475731,24560.763426794103,0.0,0.0,0.0,"[[7779303.852881426, 14661.950516127697, 1696.849523963647, 1.583875911265013], [14661.950516127697, 7719664.482589254, 1.0146218685405743, 1691.4049481057689], [1696.849523963647, 1.0146218685405743, 0.4917666666666662, 0.0], [1.583875911265013, 1691.4049481057689, 0.0, 0.4917666666666662]]"
2026-07-28 14:18:00,56.34526813898013,19.305460583176377,132.0,parking,64250.70873475731,24560.763426794103,0.0,0.0,0.0,"[[7779303.852881426, 14661.950516127697, 1696.849523963647, 1.583875911265013], [14661.950516127697, 7719664.482589254, 1.0146218685405743, 1691.4049481057689], [1696.849523963647, 1.0146218685405743, 0.4917666666666662, 0.0], [1.583875911265013, 1691.4049481057689, 0.0, 0.4917666666666662]]"
2026-07-28 14:28:00,56.34526813898013,19.305460583176377,132.0,parking,64250.70873475731,24560.763426794103,0.0,0.0,0.0,"[[7779303.852881426, 14661.950516127697, 1696.849523963647, 1.583875911265013], [14661.950516127697, 7719664.482589254, 1.0146218685405743, 1691.4049481057689], [1696.849523963647, 1.0146218685405743, 0.4917666666666662, 0.0], [1.583875911265013, 1691.4049481057689, 0.0, 0.4917666666666662]]"
2026-07-28 14:38:00,56.34526813898013,19.305460583176377,132.0,parking,64250.70873475731,24560.763426794103,0.0,0.0,0.0,"[[7779303.852881426, 14661.950516127697, 1696.849523963647, 1.583875911265013], [14661.950516127697, 7719664.482589254, 1.0146218685405743, 1691.4049481057689], [1696.849523963647, 1.0146218685405743, 0.4917666666666662, 0.0], [1.583875911265013, 1691.4049481057689, 0.0, 0.4917666666666662]]"
2026-07-28 14:48:00,56.34526813898013,19.305460583176377,132.0,parking,64250.70873475731,24560.763426794103,0.0,0.0,0.0,"[[7779303.852881426, 14661.950516127697, 1696.849523963647, 1.583875911265013], [14661.950516127697, 7719664.482589254, 1.0146218685405743, 1691.4049481057689], [1696.849523963647, 1.0146218685405743, 0.4917666666666662, 0.0], [1.583875911265013, 1691.4049481057689, 0.0, 0.4917666666666662]]"
2026-07-28 14:58:00,56.34526813898013,19.305460583176377,132.0,parking,64250.70873475731,24560.763426794103,0.0,0.0,0.0,"[[7779303.852881426, 14661.950516127697, 1696.849523963647, 1.583875911265013], [14661.950516127697, 7719664.482589254, 1.0146218685405743, 1691.4049481057689], [1696.849523963647, 1.0146218685405743, 0.4917666666666662, 0.0], [1.583875911265013, 1691.4049481057689, 0.0, 0.4917666666666662]]"
2026-07-28 15:08:00,56.34526813898013,19.305460583176377,132.0,parking,64250.70873475731,24560.763426794103,0.0,0.0,0.0,"[[7779303.852881426, 14661.950516127697, 1696.849523963647, 1.583875911265013], [14661.950516127697, 7719664.482589254, 1.0146218685405743, 1691.4049481057689], [1696.849523963647, 1.0146218685405743, 0.4917666666666662, 0.0], [1.583875911265013, 1691.4049481057689, 0.0, 0.4917666666666662]]"
2026-07-28 15:18:00,56.34526813898013,19.305460583176377,132.0,parking,64250.70873475731,24560.763426794103,0.0,0.0,0.0,"[[7779303.852881426, 14661.950516127697, 1696.849523963647, 1.583875911265013], [14661.950516127697, 7719664.482589254, 1.0146218685405743, 1691.4049481057689], [1696.849523963647, 1.0146218685405743, 0.4917666666666662, 0.0], [1.583875911265013, 1691.4049481057689, 0.0, 0.4917666666666662]]"
2026-07-28 15:28:00,56.34526813898013,19.305460583176377,132.0,parking,64250.70873475731,24560.763426794103,0.0,0.0,0.0,"[[7779303.852881426, 14661.950516127697, 1696.849523963647, 1.583875911265013], [14661.950516127697, 7719664.482589254, 1.0146218685405743, 1691.4049481057689], [1696.849523963647, 1.0146218685405743, 0.4917666666666662, 0.0], [1.583875911265013, 1691.4049481057689, 0.0, 0.4917666666666662]]"
2026-07-28 15:38:00,56.34526813898013,19.305460583176377,132.0,parking,64250.70873475731,24560.763426794103,0.0,0.0,0.0,"[[7779303.852881426, 14661.950516127697, 1696.849523963647, 1.583875911265013], [14661.950516127697, 7719664.482589254, 1.0146218685405743, 1691.4049481057689], [1696.849523963647, 1.0146218685405743, 0.4917666666666662, 0.0], [1.583875911265013, 1691.4049481057689, 0.0, 0.4917666666666662]]"
2026-07-28 15:48:00,56.34526813898013,19.305460583176377,132.0,parking,64250.70873475731,24560.763426794103,0.0,0.0,0.0,"[[7779303.852881426, 14661.950516127697, 1696.849523963647, 1.583875911265013], [14661.950516127697, 7719664.482589254, 1.0146218685405743, 1691.4049481057689], [1696.849523963647, 1.0146218685405743, 0.4917666666666662, 0.0], [1.583875911265013, 1691.4049481057689, 0.0, 0.4917666666666662]]"
2026-07-28 15:58:00,56.34526813898013,19.305460583176377,132.0,parking,64250.70873475731,24560.763426794103,0.0,0.0,0.0,"[[7779303.852881426, 14661.950516127697, 1696.849523963647, 1.583875911265013], [14661.950516127697, 7719664.482589254, 1.0146218685405743, 1691.4049481057689], [1696.849523963647, 1.0146218685405743, 0.4917666666666662, 0.0], [1.583875911265013, 1691.4049481057689, 0.0, 0.4917666666666662]]"
2026-07-28 16:08:00,56.34526813898013,19.305460583176377,132.0,parking,64250.70873475731,24560.763426794103,0.0,0.0,0.0,"[[7779303.852881426, 14661.950516127697, 1696.849523963647, 1.583875911265013], [14661.950516127697, 7719664.482589254, 1.0146218685405743, 1691.4049481057689], [1696.849523963647, 1.0146218685405743, 0.4917666666666662, 0.0], [1.583875911265013, 1691.4049481057689, 0.0, 0.4917666666666662]]"
2026-07-28 16:18:00,56.34526813898013,19.305460583176377,132.0,parking,64250.70873475731,24560.763426794103,0.0,0.0,0.0,"[[7779303.852881426, 14661.950516127697, 1696.849523963647, 1.583875911265013], [14661.950516127697, 7719664.482589254, 1.0146218685405743, 1691.4049481057689], [1696.849523963647, 1.0146218685405743, 0.4917666666666662, 0.0], [1.583875911265013, 1691.4049481057689, 0.0, 0.4917666666666662]]"
2026-07-28 16:28:00,56.34526813898013,19.305460583176377,132.0,parking,64250.70873475731,24560.763426794103,0.0,0.0,0.0,"[[7779303.852881426, 14661.950516127697, 1696.849523963647, 1.583875911265013], [14661.950516127697, 7719664.482589254, 1.0146218685405743, 1691.4049481057689], [1696.849523963647, 1.0146218685405743, 0.4917666666666662, 0.0], [1.583875911265013, 1691.4049481057689, 0.0, 0.4917666666666662]]"
2026-07-28 16:38:00,56.34526813898013,19.305460583176377,132.0,parking,64250.70873475731,24560.763426794103,0.0,0.0,0.0,"[[7779303.852881426, 14661.950516127697, 1696.849523963647, 1.583875911265013], [14661.950516127697, 7719664.482589254, 1.0146218685405743, 1691.4049481057689], [1696.849523963647, 1.0146218685405743, 0.4917666666666662, 0.0], [1.583875911265013, 1691.4049481057689, 0.0, 0.4917666666666662]]"
2026-07-28 16:48:00,56.34526813898013,19.305460583176377,132.0,parking,64250.70873475731,24560.763426794103,0.0,0.0,0.0,"[[7779303.852881426, 14661.950516127697, 1696.849523963647, 1.583875911265013], [14661.950516127697, 7719664.482589254, 1.0146218685405743, 1691.4049481057689], [1696.849523963647, 1.0146218685405743, 0.4917666666666662, 0.0], [1.583875911265013, 1691.4049481057689, 0.0, 0.4917666666666662]]"
2026-07-28 16:58:00,56.34526813898013,19.305460583176377,132.0,parking,64250.70873475731,24560.763426794103,0.0,0.0,0.0,"[[7779303.852881426, 14661.950516127697, 1696.849523963647, 1.583875911265013], [14661.950516127697, 7719664.482589254, 1.0146218685405743, 1691.4049481057689], [1696.849523963647, 1.0146218685405743, 0.4917666666666662, 0.0], [1.583875911265013, 1691.4049481057689, 0.0, 0.4917666666666662]]"
2026-07-28 17:08:00,56.34526813898013,19.305460583176377,132.0,parking,64250.70873475731,24560.763426794103,0.0,0.0,0.0,"[[7779303.852881426, 14661.950516127697, 1696.849523963647, 1.583875911265013], [14661.950516127697, 7719664.482589254, 1.0146218685405743, 1691.4049481057689], [1696.849523963647, 1.0146218685405743, 0.4917666666666662, 0.0], [1.583875911265013, 1691.4049481057689, 0.0, 0.4917666666666662]]"
2026-07-28 17:18:00,56.34526813898013,19.305460583176377,132.0,parking,64250.70873475731,24560.763426794103,0.0,0.0,0.0,"[[7779303.852881426, 14661.950516127697, 1696.849523963647, 1.583875911265013], [14661.950516127697, 7719664.482589254, 1.0146218685405743, 1691.4049481057689], [1696.849523963647, 1.0146218685405743, 0.4917666666666662, 0.0], [1.583875911265013, 1691.4049481057689, 0.0, 0.4917666666666662]]"
2026-07-28 17:28:00,56.34526813898013,19.305460583176377,132.0,parking,64250.70873475731,24560.763426794103,0.0,0.0,0.0,"[[7779303.852881426, 14661.950516127697, 1696.849523963647, 1.583875911265013], [14661.950516127697, 7719664.482589254, 1.0146218685405743, 1691.4049481057689], [1696.849523963647, 1.0146218685405743, 0.4917666666666662, 0.0], [1.583875911265013, 1691.4049481057689, 0.0, 0.4917666666666662]]"
2026-07-28 17:38:00,56.34526813898013,19.305460583176377,132.0,parking,64250.70873475731,24560.763426794103,0.0,0.0,0.0,"[[7779303.852881426, 14661.950516127697, 1696.849523963647, 1.583875911265013], [14661.950516127697, 7719664.482589254, 1.0146218685405743, 1691.4049481057689], [1696.849523963647, 1.0146218685405743, 0.4917666666666662, 0.0], [1.583875911265013, 1691.4049481057689, 0.0, 0.4917666666666662]]"
2026-07-28 17:48:00,56.34526813898013,19.305460583176377,132.0,parking,64250.70873475731,24560.763426794103,0.0,0.0,0.0,"[[7779303.852881426, 14661.950516127697, 1696.849523963647, 1.583875911265013], [14661.950516127697, 7719664.482589254, 1.0146218685405743, 1691.4049481057689], [1696.849523963647, 1.0146218685405743, 0.4917666666666662, 0.0], [1.583875911265013, 1691.4049481057689, 0.0, 0.4917666666666662]]"
2026-07-28 17:58:00,56.34526813898013,19.305460583176377,132.0,parking,64250.70873475731,24560.763426794103,0.0,0.0,0.0,"[[7779303.852881426, 14661.950516127697, 1696.849523963647, 1.583875911265013], [14661.950516127697, 7719664.482589254, 1.0146218685405743, 1691.4049481057689], [1696.849523963647, 1.0146218685405743, 0.4917666666666662, 0.0], [1.583875911265013, 1691.4049481057689, 0.0, 0.4917666666666662]]"
2026-07-28 18:08:00,56.34526813898013,19.305460583176377,132.0,parking,64250.70873475731,24560.763426794103,0.0,0.0,0.0,"[[7779303.852881426, 14661.950516127697, 1696.849523963647, 1.583875911265013], [14661.950516127697, 7719664.482589254, 1.0146218685405743, 1691.4049481057689], [1696.849523963647, 1.0146218685405743, 0.4917666666666662, 0.0], [1.583875911265013, 1691.4049481057689, 0.0, 0.4917666666666662]]"
2026-07-28 18:18:00,56.34526813898013,19.305460583176377,132.0,parking,64250.70873475731,24560.763426794103,0.0,0.0,0.0,"[[7779303.852881426, 14661.950516127697, 1696.849523963647, 1.583875911265013], [14661.950516127697, 7719664.482589254, 1.0146218685405743, 1691.4049481057689], [1696.849523963647, 1.0146218685405743, 0.4917666666666662, 0.0], [1.583875911265013, 1691.4049481057689, 0.0, 0.4917666666666662]]"
2026-07-28 18:28:00,56.34526813898013,19.305460583176377,132.0,parking,64250.70873475731,24560.763426794103,0.0,0.0,0.0,"[[7779303.852881426, 14661.950516127697, 1696.849523963647, 1.583875911265013], [14661.950516127697, 7719664.482589254, 1.0146218685405743, 1691.4049481057689], [1696.849523963647, 1.0146218685405743, 0.4917666666666662, 0.0], [1.583875911265013, 1691.4049481057689, 0.0, 0.4917666666666662]]"
2026-07-28 18:38:00,56.34526813898013,19.305460583176377,132.0,parking,64250.70873475731,24560.763426794103,0.0,0.0,0.0,"[[7779303.852881426, 14661.950516127697, 1696.849523963647, 1.583875911265013], [14661.950516127697, 7719664.482589254, 1.0146218685405743, 1691.4049481057689], [1696.849523963647, 1.0146218685405743, 0.4917666666666662, 0.0], [1.583875911265013, 1691.4049481057689, 0.0, 0.4917666666666662]]"
2026-07-28 18:48:00,56.34526813898013,19.305460583176377,132.0,parking,64250.70873475731,24560.763426794103,0.0,0.0,0.0,"[[7779303.852881426, 14661.950516127697, 1696.849523963647, 1.583875911265013], [14661.950516127697, 7719664.482589254, 1.0146218685405743, 1691.4049481057689], [1696.849523963647, 1.0146218685405743, 0.4917666666666662, 0.0], [1.583875911265013, 1691.4049481057689, 0.0, 0.4917666666666662]]"
2026-07-28 18:58:00,56.34526813898013,19.305460583176377,132.0,parking,64250.70873475731,24560.763426794103,0.0,0.0,0.0,"[[7779303.852881426, 14661.950516127697, 1696.849523963647, 1.583875911265013], [14661.950516127697, 7719664.482589254, 1.0146218685405743, 1691.4049481057689], [1696.849523963647, 1.0146218685405743, 0.4917666666666662, 0.0], [1.583875911265013, 1691.4049481057689, 0.0, 0.4917666666666662]]"
2026-07-28 19:08:00,56.34526813898013,19.305460583176377,132.0,parking,64250.70873475731,24560.763426794103,0.0,0.0,0.0,"[[7779303.852881426, 14661.950516127697, 1696.849523963647, 1.583875911265013], [14661.950516127697, 7719664.482589254, 1.0146218685405743, 1691.4049481057689], [1696.849523963647, 1.0146218685405743, 0.4917666666666662, 0.0], [1.583875911265013, 1691.4049481057689, 0.0, 0.4917666666666662]]"
2026-07-28 19:18:00,56.34526813898013,19.305460583176377,132.0,parking,64250.70873475731,24560.763426794103,0.0,0.0,0.0,"[[7779303.852881426, 14661.950516127697, 1696.849523963647, 1.583875911265013], [14661.950516127697, 7719664.482589254, 1.0146218685405743, 1691.4049481057689], [1696.849523963647, 1.0146218685405743, 0.4917666666666662, 0.0], [1.583875911265013, 1691.4049481057689, 0.0, 0.4917666666666662]]"
2026-07-28 19:28:00,56.34526813898013,19.305460583176377,132.0,parking,64250.70873475731,24560.763426794103,0.0,0.0,0.0,"[[7779303.852881426, 14661.950516127697, 1696.849523963647, 1.583875911265013], [14661.950516127697, 7719664.482589254, 1.0146218685405743, 1691.4049481057689], [1696.849523963647, 1.0146218685405743, 0.4917666666666662, 0.0], [1.583875911265013, 1691.4049481057689, 0.0, 0.4917666666666662]]"
2026-07-28 19:38:00,56.34526813898013,19.305460583176377,132.0,parking,64250.70873475731,24560.763426794103,0.0,0.0,0.0,"[[7779303.852881426, 14661.950516127697, 1696.849523963647, 1.583875911265013], [14661.950516127697, 7719664.482589254, 1.0146218685405743, 1691.4049481057689], [1696.849523963647, 1.0146218685405743, 0.4917666666666662, 0.0], [1.583875911265013, 1691.4049481057689, 0.0, 0.4917666666666662]]"
2026-07-28 19:48:00,56.34526813898013,19.305460583176377,132.0,parking,64250.70873475731,24560.763426794103,0.0,0.0,0.0,"[[7779303.852881426, 14661.950516127697, 1696.849523963647, 1.583875911265013], [14661.950516127697, 7719664.482589254, 1.0146218685405743, 1691.4049481057689], [1696.849523963647, 1.0146218685405743, 0.4917666666666662, 0.0], [1.583875911265013, 1691.4049481057689, 0.0, 0.4917666666666662]]"
2026-07-28 19:58:00,56.34526813898013,19.305460583176377,132.0,parking,64250.70873475731,24560.763426794103,0.0,0.0,0.0,"[[7779303.852881426, 14661.950516127697, 1696.849523963647, 1.583875911265013], [14661.950516127697, 7719664.482589254, 1.0146218685405743, 1691.4049481057689], [1696.849523963647, 1.0146218685405743, 0.4917666666666662, 0.0], [1.583875911265013, 1691.4049481057689, 0.0, 0.4917666666666662]]"
2026-07-28 20:08:00,56.34526813898013,19.305460583176377,132.0,parking,64250.70873475731,24560.763426794103,0.0,0.0,0.0,"[[7779303.852881426, 14661.950516127697, 1696.849523963647, 1.583875911265013], [14661.950516127697, 7719664.482589254, 1.0146218685405743, 1691.4049481057689], [1696.849523963647, 1.0146218685405743, 0.4917666666666662, 0.0], [1.583875911265013, 1691.4049481057689, 0.0, 0.4917666666666662]]"
2026-07-28 20:18:00,56.34526813898013,19.305460583176377,132.0,parking,64250.70873475731,24560.763426794103,0.0,0.0,0.0,"[[7779303.852881426, 14661.950516127697, 1696.849523963647, 1.583875911265013], [14661.950516127697, 7719664.482589254, 1.0146218685405743, 1691.4049481057689], [1696.849523963647, 1.0146218685405743, 0.4917666666666662, 0.0], [1.583875911265013, 1691.4049481057689, 0.0, 0.4917666666666662]]"
2026-07-28 20:28:00,56.34526813898013,19.305460583176377,132.0,parking,64250.70873475731,24560.763426794103,0.0,0.0,0.0,"[[7779303.852881426, 14661.950516127697, 1696.849523963647, 1.583875911265013], [14661.950516127697, 7719664.482589254, 1.0146218685405743, 1691.4049481057689], [1696.849523963647, 1.0146218685405743, 0.4917666666666662, 0.0], [1.583875911265013, 1691.4049481057689, 0.0, 0.4917666666666662]]"
2026-07-28 20:38:00,56.34526813898013,19.305460583176377,132.0,parking,64250.70873475731,24560.763426794103,0.0,0.0,0.0,"[[7779303.852881426, 14661.950516127697, 1696.849523963647, 1.583875911265013], [14661.950516127697, 7719664.482589254, 1.0146218685405743, 1691.4049481057689], [1696.849523963647, 1.0146218685405743, 0.4917666666666662, 0.0], [1.583875911265013, 1691.4049481057689, 0.0, 0.4917666666666662]]"
2026-07-28 20:48:00,56.34526813898013,19.305460583176377,132.0,parking,64250.70873475731,24560.763426794103,0.0,0.0,0.0,"[[7779303.852881426, 14661.950516127697, 1696.849523963647, 1.583875911265013], [14661.950516127697, 7719664.482589254, 1.0146218685405743, 1691.4049481057689], [1696.849523963647, 1.0146218685405743, 0.4917666666666662, 0.0], [1.583875911265013, 1691.4049481057689, 0.0, 0.4917666666666662]]"
2026-07-28 20:58:00,56.34526813898013,19.305460583176377,132.0,parking,64250.70873475731,24560.763426794103,0.0,0.0,0.0,"[[7779303.852881426, 14661.950516127697, 1696.849523963647, 1.583875911265013], [14661.950516127697, 7719664.482589254, 1.0146218685405743, 1691.4049481057689], [1696.849523963647, 1.0146218685405743, 0.4917666666666662, 0.0], [1.583875911265013, 1691.4049481057689, 0.0, 0.4917666666666662]]"
2026-07-28 21:08:00,56.34526813898013,19.305460583176377,132.0,parking,64250.70873475731,24560.763426794103,0.0,0.0,0.0,"[[7779303.852881426, 14661.950516127697, 1696.849523963647, 1.583875911265013], [14661.950516127697, 7719664.482589254, 1.0146218685405743, 1691.4049481057689], [1696.849523963647, 1.0146218685405743, 0.4917666666666662, 0.0], [1.583875911265013, 1691.4049481057689, 0.0, 0.4917666666666662]]"
2026-07-28 21:18:00,56.34526813898013,19.305460583176377,132.0,parking,64250.70873475731,24560.763426794103,0.0,0.0,0.0,"[[7779303.852881426, 14661.950516127697, 1696.849523963647, 1.583875911265013], [14661.950516127697, 7719664.482589254, 1.0146218685405743, 1691.4049481057689], [1696.849523963647, 1.0146218685405743, 0.4917666666666662, 0.0], [1.583875911265013, 1691.4049481057689, 0.0, 0.4917666666666662]]"
2026-07-28 21:28:00,56.34526813898013,19.305460583176377,132.0,parking,64250.70873475731,24560.763426794103,0.0,0.0,0.0,"[[7779303.852881426, 14661.950516127697, 1696.849523963647, 1.583875911265013], [14661.950516127697, 7719664.482589254, 1.0146218685405743, 1691.4049481057689], [1696.849523963647, 1.0146218685405743, 0.4917666666666662, 0.0], [1.583875911265013, 1691.4049481057689, 0.0, 0.4917666666666662]]"
2026-07-28 21:38:00,56.34526813898013,19.305460583176377,132.0,parking,64250.70873475731,24560.763426794103,0.0,0.0,0.0,"[[7779303.852881426, 14661.950516127697, 1696.849523963647, 1.583875911265013], [14661.950516127697, 7719664.482589254, 1.0146218685405743, 1691.4049481057689], [1696.849523963647, 1.0146218685405743, 0.4917666666666662, 0.0], [1.583875911265013, 1691.4049481057689, 0.0, 0.4917666666666662]]"
2026-07-28 21:48:00,56.34526813898013,19.305460583176377,132.0,parking,64250.70873475731,24560.763426794103,0.0,0.0,0.0,"[[7779303.852881426, 14661.950516127697, 1696.849523963647, 1.583875911265013], [14661.950516127697, 7719664.482589254, 1.0146218685405743, 1691.4049481057689], [1696.849523963647, 1.0146218685405743, 0.4917666666666662, 0.0], [1.583875911265013, 1691.4049481057689, 0.0, 0.4917666666666662]]"
2026-07-28 21:58:00,56.34526813898013,19.305460583176377,132.0,parking,64250.70873475731,24560.763426794103,0.0,0.0,0.0,"[[7779303.852881426, 14661.950516127697, 1696.849523963647, 1.583875911265013], [14661.950516127697, 7719664.482589254, 1.0146218685405743, 1691.4049481057689], [1696.849523963647, 1.0146218685405743, 0.4917666666666662, 0.0], [1.583875911265013, 1691.4049481057689, 0.0, 0.4917666666666662]]"
2026-07-28 22:08:00,56.34526813898013,19.305460583176377,132.0,parking,64250.70873475731,24560.763426794103,0.0,0.0,0.0,"[[7779303.852881426, 14661.950516127697, 1696.849523963647, 1.583875911265013], [14661.950516127697, 7719664.482589254, 1.0146218685405743, 1691.4049481057689], [1696.849523963647, 1.0146218685405743, 0.4917666666666662, 0.0], [1.583875911265013, 1691.4049481057689, 0.0, 0.4917666666666662]]"
2026-07-28 22:18:00,56.34526813898013,19.305460583176377,132.0,parking,64250.70873475731,24560.763426794103,0.0,0.0,0.0,"[[7779303.852881426, 14661.950516127697, 1696.849523963647, 1.583875911265013], [14661.950516127697, 7719664.482589254, 1.0146218685405743, 1691.4049481057689], [1696.849523963647, 1.0146218685405743, 0.4917666666666662, 0.0], [1.583875911265013, 1691.4049481057689, 0.0, 0.4917666666666662]]"
2026-07-28 22:28:00,56.34526813898013,19.305460583176377,132.0,parking,64250.70873475731,24560.763426794103,0.0,0.0,0.0,"[[7779303.852881426, 14661.950516127697, 1696.849523963647, 1.583875911265013], [14661.950516127697, 7719664.482589254, 1.0146218685405743, 1691.4049481057689], [1696.849523963647, 1.0146218685405743, 0.4917666666666662, 0.0], [1.583875911265013, 1691.4049481057689, 0.0, 0.4917666666666662]]"
2026-07-28 22:38:00,56.34526813898013,19.305460583176377,132.0,parking,64250.70873475731,24560.763426794103,0.0,0.0,0.0,"[[7779303.852881426, 14661.950516127697, 1696.849523963647, 1.583875911265013], [14661.950516127697, 7719664.482589254, 1.0146218685405743, 1691.4049481057689], [1696.849523963647, 1.0146218685405743, 0.4917666666666662, 0.0], [1.583875911265013, 1691.4049481057689, 0.0, 0.4917666666666662]]"
2026-07-28 22:48:00,56.34526813898013,19.305460583176377,132.0,parking,64250.70873475731,24560.763426794103,0.0,0.0,0.0,"[[7779303.852881426, 14661.950516127697, 1696.849523963647, 1.583875911265013], [14661.950516127697, 7719664.482589254, 1.0146218685405743, 1691.4049481057689], [1696.849523963647, 1.0146218685405743, 0.4917666666666662, 0.0], [1.583875911265013, 1691.4049481057689, 0.0, 0.4917666666666662]]"
2026-07-28 22:58:00,56.34526813898013,19.305460583176377,132.0,parking,64250.70873475731,24560.763426794103,0.0,0.0,0.0,"[[7779303.852881426, 14661.950516127697, 1696.849523963647, 1.583875911265013], [14661.950516127697, 7719664.482589254, 1.0146218685405743, 1691.4049481057689], [1696.849523963647, 1.0146218685405743, 0.4917666666666662, 0.0], [1.583875911265013, 1691.4049481057689, 0.0, 0.4917666666666662]]"
2026-07-28 23:08:00,56.34526813898013,19.305460583176377,132.0,parking,64250.70873475731,24560.763426794103,0.0,0.0,0.0,"[[7779303.852881426, 14661.950516127697, 1696.849523963647, 1.583875911265013], [14661.950516127697, 7719664.482589254, 1.0146218685405743, 1691.4049481057689], [1696.849523963647, 1.0146218685405743, 0.4917666666666662, 0.0], [1.583875911265013, 1691.4049481057689, 0.0, 0.4917666666666662]]"
2026-07-28 23:18:00,56.34526813898013,19.305460583176377,132.0,parking,64250.70873475731,24560.763426794103,0.0,0.0,0.0,"[[7779303.852881426, 14661.950516127697, 1696.849523963647, 1.583875911265013], [14661.950516127697, 7719664.482589254, 1.0146218685405743, 1691.4049481057689], [1696.849523963647, 1.0146218685405743, 0.4917666666666662, 0.0], [1.583875911265013, 1691.4049481057689, 0.0, 0.4917666666666662]]"
2026-07-28 23:28:00,56.34526813898013,19.305460583176377,132.0,parking,64250.70873475731,24560.763426794103,0.0,0.0,0.0,"[[7779303.852881426, 14661.950516127697, 1696.849523963647, 1.583875911265013], [14661.950516127697, 7719664.482589254, 1.0146218685405743, 1691.4049481057689], [1696.849523963647, 1.0146218685405743, 0.4917666666666662, 0.0], [1.583875911265013, 1691.4049481057689, 0.0, 0.4917666666666662]]"
2026-07-28 23:38:00,56.34526813898013,19.305460583176377,132.0,parking,64250.70873475731,24560.763426794103,0.0,0.0,0.0,"[[7779303.852881426, 14661.950516127697, 1696.849523963647, 1.583875911265013], [14661.950516127697, 7719664.482589254, 1.0146218685405743, 1691.4049481057689], [1696.849523963647, 1.0146218685405743, 0.4917666666666662, 0.0], [1.583875911265013, 1691.4049481057689, 0.0, 0.4917666666666662]]"
2026-07-28 23:48:00,56.34526813898013,19.305460583176377,132.0,parking,64250.70873475731,24560.763426794103,0.0,0.0,0.0,"[[7779303.852881426, 14661.950516127697, 1696.849523963647, 1.583875911265013], [14661.950516127697, 7719664.482589254, 1.0146218685405743, 1691.4049481057689], [1696.849523963647, 1.0146218685405743, 0.4917666666666662, 0.0], [1.583875911265013, 1691.4049481057689, 0.0, 0.4917666666666662]]"
2026-07-28 23:58:00,56.34526813898013,19.305460583176377,132.0,parking,64250.70873475731,24560.763426794103,0.0,0.0,0.0,"[[7779303.852881426, 14661.950516127697, 1696.849523963647, 1.583875911265013], [14661.950516127697, 7719664.482589254, 1.0146218685405743, 1691.4049481057689], [1696.849523963647, 1.0146218685405743, 0.4917666666666662, 0.0], [1.583875911265013, 1691.4049481057689, 0.0, 0.4917666666666662]]"
2026-07-29 00:08:00,56.34526813898013,19.305460583176377,132.0,parking,64250.70873475731,24560.763426794103,0.0,0.0,0.0,"[[7779303.852881426, 14661.950516127697, 1696.849523963647, 1.583875911265013], [14661.950516127697, 7719664.482589254, 1.0146218685405743, 1691.4049481057689], [1696.849523963647, 1.0146218685405743, 0.4917666666666662, 0.0], [1.583875911265013, 1691.4049481057689, 0.0, 0.4917666666666662]]"
2026-07-29 00:18:00,56.34526813898013,19.305460583176377,132.0,parking,64250.70873475731,24560.763426794103,0.0,0.0,0.0,"[[7779303.852881426, 14661.950516127697, 1696.849523963647, 1.583875911265013], [14661.950516127697, 7719664.482589254, 1.0146218685405743, 1691.4049481057689], [1696.849523963647, 1.0146218685405743, 0.4917666666666662, 0.0], [1.583875911265013, 1691.4049481057689, 0.0, 0.4917666666666662]]"
2026-07-29 00:28:00,56.34526813898013,19.305460583176377,132.0,parking,64250.70873475731,24560.763426794103,0.0,0.0,0.0,"[[7779303.852881426, 14661.950516127697, 1696.849523963647, 1.583875911265013], [14661.950516127697, 7719664.482589254, 1.0146218685405743, 1691.4049481057689], [1696.849523963647, 1.0146218685405743, 0.4917666666666662, 0.0], [1.583875911265013, 1691.4049481057689, 0.0, 0.4917666666666662]]"
2026-07-29 00:38:00,56.34526813898013,19.305460583176377,132.0,parking,64250.70873475731,24560.763426794103,0.0,0.0,0.0,"[[7779303.852881426, 14661.950516127697, 1696.849523963647, 1.583875911265013], [14661.950516127697, 7719664.482589254, 1.0146218685405743, 1691.4049481057689], [1696.849523963647, 1.0146218685405743, 0.4917666666666662, 0.0], [1.583875911265013, 1691.4049481057689, 0.0, 0.4917666666666662]]"
2026-07-29 00:48:00,56.34526813898013,19.305460583176377,132.0,parking,64250.70873475731,24560.763426794103,0.0,0.0,0.0,"[[7779303.852881426, 14661.950516127697, 1696.849523963647, 1.583875911265013], [14661.950516127697, 7719664.482589254, 1.0146218685405743, 1691.4049481057689], [1696.849523963647, 1.0146218685405743, 0.4917666666666662, 0.0], [1.583875911265013, 1691.4049481057689, 0.0, 0.4917666666666662]]"
2026-07-29 00:58:00,56.34526813898013,19.305460583176377,132.0,parking,64250.70873475731,24560.763426794103,0.0,0.0,0.0,"[[7779303.852881426, 14661.950516127697, 1696.849523963647, 1.583875911265013], [14661.950516127697, 7719664.482589254, 1.0146218685405743, 1691.4049481057689], [1696.849523963647, 1.0146218685405743, 0.4917666666666662, 0.0], [1.583875911265013, 1691.4049481057689, 0.0, 0.4917666666666662]]"
2026-07-29 01:08:00,56.34526813898013,19.305460583176377,132.0,parking,64250.70873475731,24560.763426794103,0.0,0.0,0.0,"[[7779303.852881426, 14661.950516127697, 1696.849523963647, 1.583875911265013], [14661.950516127697, 7719664.482589254, 1.0146218685405743, 1691.4049481057689], [1696.849523963647, 1.0146218685405743, 0.4917666666666662, 0.0], [1.583875911265013, 1691.4049481057689, 0.0, 0.4917666666666662]]"
2026-07-29 01:18:00,56.34526813898013,19.305460583176377,132.0,parking,64250.70873475731,24560.763426794103,0.0,0.0,0.0,"[[7779303.852881426, 14661.950516127697, 1696.849523963647, 1.583875911265013], [14661.950516127697, 7719664.482589254, 1.0146218685405743, 1691.4049481057689], [1696.849523963647, 1.0146218685405743, 0.4917666666666662, 0.0], [1.583875911265013, 1691.4049481057689, 0.0, 0.4917666666666662]]"
2026-07-29 01:28:00,56.34526813898013,19.305460583176377,132.0,parking,64250.70873475731,24560.763426794103,0.0,0.0,0.0,"[[7779303.852881426, 14661.950516127697, 1696.849523963647, 1.583875911265013], [14661.950516127697, 7719664.482589254, 1.0146218685405743, 1691.4049481057689], [1696.849523963647, 1.0146218685405743, 0.4917666666666662, 0.0], [1.583875911265013, 1691.4049481057689, 0.0, 0.4917666666666662]]"
2026-07-29 01:38:00,56.34526813898013,19.305460583176377,132.0,parking,64250.70873475731,24560.763426794103,0.0,0.0,0.0,"[[7779303.852881426, 14661.950516127697, 1696.849523963647, 1.583875911265013], [14661.950516127697, 7719664.482589254, 1.0146218685405743, 1691.4049481057689], [1696.849523963647, 1.0146218685405743, 0.4917666666666662, 0.0], [1.583875911265013, 1691.4049481057689, 0.0, 0.4917666666666662]]"
2026-07-29 01:48:00,56.34526813898013,19.305460583176377,132.0,parking,64250.70873475731,24560.763426794103,0.0,0.0,0.0,"[[7779303.852881426, 14661.950516127697, 1696.849523963647, 1.583875911265013], [14661.950516127697, 7719664.482589254, 1.0146218685405743, 1691.4049481057689], [1696.849523963647, 1.0146218685405743, 0.4917666666666662, 0.0], [1.583875911265013, 1691.4049481057689, 0.0, 0.4917666666666662]]"
2026-07-29 01:58:00,56.34526813898013,19.305460583176377,132.0,parking,64250.70873475731,24560.763426794103,0.0,0.0,0.0,"[[7779303.852881426, 14661.950516127697, 1696.849523963647, 1.583875911265013], [14661.950516127697, 7719664.482589254, 1.0146218685405743, 1691.4049481057689], [1696.849523963647, 1.0146218685405743, 0.4917666666666662, 0.0], [1.583875911265013, 1691.4049481057689, 0.0, 0.4917666666666662]]"
2026-07-29 02:08:00,56.34526813898013,19.305460583176377,132.0,parking,64250.70873475731,24560.763426794103,0.0,0.0,0.0,"[[7779303.852881426, 14661.950516127697, 1696.849523963647, 1.583875911265013], [14661.950516127697, 7719664.482589254, 1.0146218685405743, 1691.4049481057689], [1696.849523963647, 1.0146218685405743, 0.4917666666666662, 0.0], [1.583875911265013, 1691.4049481057689, 0.0, 0.4917666666666662]]"
2026-07-29 02:18:00,56.34526813898013,19.305460583176377,132.0,parking,64250.70873475731,24560.763426794103,0.0,0.0,0.0,"[[7779303.852881426, 14661.950516127697, 1696.849523963647, 1.583875911265013], [14661.950516127697, 7719664.482589254, 1.0146218685405743, 1691.4049481057689], [1696.849523963647, 1.0146218685405743, 0.4917666666666662, 0.0], [1.583875911265013, 1691.4049481057689, 0.0, 0.4917666666666662]]"
2026-07-29 02:28:00,56.34526813898013,19.305460583176377,132.0,parking,64250.70873475731,24560.763426794103,0.0,0.0,0.0,"[[7779303.852881426, 14661.950516127697, 1696.849523963647, 1.583875911265013], [14661.950516127697, 7719664.482589254, 1.0146218685405743, 1691.4049481057689], [1696.849523963647, 1.0146218685405743, 0.4917666666666662, 0.0], [1.583875911265013, 1691.4049481057689, 0.0, 0.4917666666666662]]"
2026-07-29 02:38:00,56.34526813898013,19.305460583176377,132.0,parking,64250.70873475731,24560.763426794103,0.0,0.0,0.0,"[[7779303.852881426, 14661.950516127697, 1696.849523963647, 1.583875911265013], [14661.950516127697, 7719664.482589254, 1.0146218685405743, 1691.4049481057689], [1696.849523963647, 1.0146218685405743, 0.4917666666666662, 0.0], [1.583875911265013, 1691.4049481057689, 0.0, 0.4917666666666662]]"
2026-07-29 02:48:00,56.34526813898013,19.305460583176377,132.0,parking,64250.70873475731,24560.763426794103,0.0,0.0,0.0,"[[7779303.852881426, 14661.950516127697, 1696.849523963647, 1.583875911265013], [14661.950516127697, 7719664.482589254, 1.0146218685405743, 1691.4049481057689], [1696.849523963647, 1.0146218685405743, 0.4917666666666662, 0.0], [1.583875911265013, 1691.4049481057689, 0.0, 0.4917666666666662]]"
2026-07-29 02:58:00,56.34526813898013,19.305460583176377,132.0,parking,64250.70873475731,24560.763426794103,0.0,0.0,0.0,"[[7779303.852881426, 14661.950516127697, 1696.849523963647, 1.583875911265013], [14661.950516127697, 7719664.482589254, 1.0146218685405743, 1691.4049481057689], [1696.849523963647, 1.0146218685405743, 0.4917666666666662, 0.0], [1.583875911265013, 1691.4049481057689, 0.0, 0.4917666666666662]]"
2026-07-29 03:08:00,56.34526813898013,19.305460583176377,132.0,parking,64250.70873475731,24560.763426794103,0.0,0.0,0.0,"[[7779303.852881426, 14661.950516127697, 1696.849523963647, 1.583875911265013], [14661.950516127697, 7719664.482589254, 1.0146218685405743, 1691.4049481057689], [1696.849523963647, 1.0146218685405743, 0.4917666666666662, 0.0], [1.583875911265013, 1691.4049481057689, 0.0, 0.4917666666666662]]"
2026-07-29 03:18:00,56.34526813898013,19.305460583176377,132.0,parking,64250.70873475731,24560.763426794103,0.0,0.0,0.0,"[[7779303.852881426, 14661.950516127697, 1696.849523963647, 1.583875911265013], [14661.950516127697, 7719664.482589254, 1.0146218685405743, 1691.4049481057689], [1696.849523963647, 1.0146218685405743, 0.4917666666666662, 0.0], [1.583875911265013, 1691.4049481057689, 0.0, 0.4917666666666662]]"
2026-07-29 03:28:00,56.34526813898013,19.305460583176377,132.0,parking,64250.70873475731,24560.763426794103,0.0,0.0,0.0,"[[7779303.852881426, 14661.950516127697, 1696.849523963647, 1.583875911265013], [14661.950516127697, 7719664.482589254, 1.0146218685405743, 1691.4049481057689], [1696.849523963647, 1.0146218685405743, 0.4917666666666662, 0.0], [1.583875911265013, 1691.4049481057689, 0.0, 0.4917666666666662]]"
2026-07-29 03:38:00,56.34526813898013,19.305460583176377,132.0,parking,64250.70873475731,24560.763426794103,0.0,0.0,0.0,"[[7779303.852881426, 14661.950516127697, 1696.849523963647, 1.583875911265013], [14661.950516127697, 7719664.482589254, 1.0146218685405743, 1691.4049481057689], [1696.849523963647, 1.0146218685405743, 0.4917666666666662, 0.0], [1.583875911265013, 1691.4049481057689, 0.0, 0.4917666666666662]]"
2026-07-29 03:48:00,56.34526813898013,19.305460583176377,132.0,parking,64250.70873475731,24560.763426794103,0.0,0.0,0.0,"[[7779303.852881426, 14661.950516127697, 1696.849523963647, 1.583875911265013], [14661.950516127697, 7719664.482589254, 1.0146218685405743, 1691.4049481057689], [1696.849523963647, 1.0146218685405743, 0.4917666666666662, 0.0], [1.583875911265013, 1691.4049481057689, 0.0, 0.4917666666666662]]"
2026-07-29 03:58:00,56.34526813898013,19.305460583176377,132.0,parking,64250.70873475731,24560.763426794103,0.0,0.0,0.0,"[[7779303.852881426, 14661.950516127697, 1696.849523963647, 1.583875911265013], [14661.950516127697, 7719664.482589254, 1.0146218685405743, 1691.4049481057689], [1696.849523963647, 1.0146218685405743, 0.4917666666666662, 0.0], [1.583875911265013, 1691.4049481057689, 0.0, 0.4917666666666662]]"
2026-07-29 04:08:00,56.34526813898013,19.305460583176377,132.0,parking,64250.70873475731,24560.763426794103,0.0,0.0,0.0,"[[7779303.852881426, 14661.950516127697, 1696.849523963647, 1.583875911265013], [14661.950516127697, 7719664.482589254, 1.0146218685405743, 1691.4049481057689], [1696.849523963647, 1.0146218685405743, 0.4917666666666662, 0.0], [1.583875911265013, 1691.4049481057689, 0.0, 0.4917666666666662]]"
2026-07-29 04:18:00,56.34526813898013,19.305460583176377,132.0,parking,64250.70873475731,24560.763426794103,0.0,0.0,0.0,"[[7779303.852881426, 14661.950516127697, 1696.849523963647, 1.583875911265013], [14661.950516127697, 7719664.482589254, 1.0146218685405743, 1691.4049481057689], [1696.849523963647, 1.0146218685405743, 0.4917666666666662, 0.0], [1.583875911265013, 1691.4049481057689, 0.0, 0.4917666666666662]]"
2026-07-29 04:28:00,56.34526813898013,19.305460583176377,132.0,parking,64250.70873475731,24560.763426794103,0.0,0.0,0.0,"[[7779303.852881426, 14661.950516127697, 1696.849523963647, 1.583875911265013], [14661.950516127697, 7719664.482589254, 1.0146218685405743, 1691.4049481057689], [1696.849523963647, 1.0146218685405743, 0.4917666666666662, 0.0], [1.583875911265013, 1691.4049481057689, 0.0, 0.4917666666666662]]"
2026-07-29 04:38:00,56.34526813898013,19.305460583176377,132.0,parking,64250.70873475731,24560.763426794103,0.0,0.0,0.0,"[[7779303.852881426, 14661.950516127697, 1696.849523963647, 1.583875911265013], [14661.950516127697, 7719664.482589254, 1.0146218685405743, 1691.4049481057689], [1696.849523963647, 1.0146218685405743, 0.4917666666666662, 0.0], [1.583875911265013, 1691.4049481057689, 0.0, 0.4917666666666662]]"
2026-07-29 04:48:00,56.34526813898013,19.305460583176377,132.0,parking,64250.70873475731,24560.763426794103,0.0,0.0,0.0,"[[7779303.852881426, 14661.950516127697, 1696.849523963647, 1.583875911265013], [14661.950516127697, 7719664.482589254, 1.0146218685405743, 1691.4049481057689], [1696.849523963647, 1.0146218685405743, 0.4917666666666662, 0.0], [1.583875911265013, 1691.4049481057689, 0.0, 0.4917666666666662]]"
2026-07-29 04:58:00,56.34526813898013,19.305460583176377,132.0,parking,64250.70873475731,24560.763426794103,0.0,0.0,0.0,"[[7779303.852881426, 14661.950516127697, 1696.849523963647, 1.583875911265013], [14661.950516127697, 7719664.482589254, 1.0146218685405743, 1691.4049481057689], [1696.849523963647, 1.0146218685405743, 0.4917666666666662, 0.0], [1.583875911265013, 1691.4049481057689, 0.0, 0.4917666666666662]]"
2026-07-29 05:08:00,56.34526813898013,19.305460583176377,132.0,parking,64250.70873475731,24560.763426794103,0.0,0.0,0.0,"[[7779303.852881426, 14661.950516127697, 1696.849523963647, 1.583875911265013], [14661.950516127697, 7719664.482589254, 1.0146218685405743, 1691.4049481057689], [1696.849523963647, 1.0146218685405743, 0.4917666666666662, 0.0], [1.583875911265013, 1691.4049481057689, 0.0, 0.4917666666666662]]"
2026-07-29 05:18:00,56.34526813898013,19.305460583176377,132.0,parking,64250.70873475731,24560.763426794103,0.0,0.0,0.0,"[[7779303.852881426, 14661.950516127697, 1696.849523963647, 1.583875911265013], [14661.950516127697, 7719664.482589254, 1.0146218685405743, 1691.4049481057689], [1696.849523963647, 1.0146218685405743, 0.4917666666666662, 0.0], [1.583875911265013, 1691.4049481057689, 0.0, 0.4917666666666662]]"
2026-07-29 05:28:00,56.34526813898013,19.305460583176377,132.0,parking,64250.70873475731,24560.763426794103,0.0,0.0,0.0,"[[7779303.852881426, 14661.950516127697, 1696.849523963647, 1.583875911265013], [14661.950516127697, 7719664.482589254, 1.0146218685405743, 1691.4049481057689], [1696.849523963647, 1.0146218685405743, 0.4917666666666662, 0.0], [1.583875911265013, 1691.4049481057689, 0.0, 0.4917666666666662]]"
2026-07-29 05:38:00,56.34526813898013,19.305460583176377,132.0,parking,64250.70873475731,24560.763426794103,0.0,0.0,0.0,"[[7779303.852881426, 14661.950516127697, 1696.849523963647, 1.583875911265013], [14661.950516127697, 7719664.482589254, 1.0146218685405743, 1691.4049481057689], [1696.849523963647, 1.0146218685405743, 0.4917666666666662, 0.0], [1.583875911265013, 1691.4049481057689, 0.0, 0.4917666666666662]]"
2026-07-29 05:48:00,56.34526813898013,19.305460583176377,132.0,parking,64250.70873475731,24560.763426794103,0.0,0.0,0.0,"[[7779303.852881426, 14661.950516127697, 1696.849523963647, 1.583875911265013], [14661.950516127697, 7719664.482589254, 1.0146218685405743, 1691.4049481057689], [1696.849523963647, 1.0146218685405743, 0.4917666666666662, 0.0], [1.583875911265013, 1691.4049481057689, 0.0, 0.4917666666666662]]"
2026-07-29 05:58:00,56.34526813898013,19.305460583176377,132.0,parking,64250.70873475731,24560.763426794103,0.0,0.0,0.0,"[[7779303.852881426, 14661.950516127697, 1696.849523963647, 1.583875911265013], [14661.950516127697, 7719664.482589254, 1.0146218685405743, 1691.4049481057689], [1696.849523963647, 1.0146218685405743, 0.4917666666666662, 0.0], [1.583875911265013, 1691.4049481057689, 0.0, 0.4917666666666662]]"
2026-07-29 06:08:00,56.34526813898013,19.305460583176377,132.0,parking,64250.70873475731,24560.763426794103,0.0,0.0,0.0,"[[7779303.852881426, 14661.950516127697, 1696.849523963647, 1.583875911265013], [14661.950516127697, 7719664.482589254, 1.0146218685405743, 1691.4049481057689], [1696.849523963647, 1.0146218685405743, 0.4917666666666662, 0.0], [1.583875911265013, 1691.4049481057689, 0.0, 0.4917666666666662]]"
2026-07-29 06:18:00,56.34526813898013,19.305460583176377,132.0,parking,64250.70873475731,24560.763426794103,0.0,0.0,0.0,"[[7779303.852881426, 14661.950516127697, 1696.849523963647, 1.583875911265013], [14661.950516127697, 7719664.482589254, 1.0146218685405743, 1691.4049481057689], [1696.849523963647, 1.0146218685405743, 0.4917666666666662, 0.0], [1.583875911265013, 1691.4049481057689, 0.0, 0.4917666666666662]]"
2026-07-29 06:28:00,56.34526813898013,19.305460583176377,132.0,parking,64250.70873475731,24560.763426794103,0.0,0.0,0.0,"[[7779303.852881426, 14661.950516127697, 1696.849523963647, 1.583875911265013], [14661.950516127697, 7719664.482589254, 1.0146218685405743, 1691.4049481057689], [1696.849523963647, 1.0146218685405743, 0.4917666666666662, 0.0], [1.583875911265013, 1691.4049481057689, 0.0, 0.4917666666666662]]"
2026-07-29 06:38:00,56.34526813898013,19.305460583176377,132.0,parking,64250.70873475731,24560.763426794103,0.0,0.0,0.0,"[[7779303.852881426, 14661.950516127697, 1696.849523963647, 1.583875911265013], [14661.950516127697, 7719664.482589254, 1.0146218685405743, 1691.4049481057689], [1696.849523963647, 1.0146218685405743, 0.4917666666666662, 0.0], [1.583875911265013, 1691.4049481057689, 0.0, 0.4917666666666662]]"
2026-07-29 06:48:00,56.34526813898013,19.305460583176377,132.0,parking,64250.70873475731,24560.763426794103,0.0,0.0,0.0,"[[7779303.852881426, 14661.950516127697, 1696.849523963647, 1.583875911265013], [14661.950516127697, 7719664.482589254, 1.0146218685405743, 1691.4049481057689], [1696.849523963647, 1.0146218685405743, 0.4917666666666662, 0.0], [1.583875911265013, 1691.4049481057689, 0.0, 0.4917666666666662]]"
2026-07-29 06:58:00,56.34526813898013,19.305460583176377,132.0,parking,64250.70873475731,24560.763426794103,0.0,0.0,0.0,"[[7779303.852881426, 14661.950516127697, 1696.849523963647, 1.583875911265013], [14661.950516127697, 7719664.482589254, 1.0146218685405743, 1691.4049481057689], [1696.849523963647, 1.0146218685405743, 0.4917666666666662, 0.0], [1.583875911265013, 1691.4049481057689, 0.0, 0.4917666666666662]]"
2026-07-29 07:08:00,56.34526813898013,19.305460583176377,132.0,parking,64250.70873475731,24560.763426794103,0.0,0.0,0.0,"[[7779303.852881426, 14661.950516127697, 1696.849523963647, 1.583875911265013], [14661.950516127697, 7719664.482589254, 1.0146218685405743, 1691.4049481057689], [1696.849523963647, 1.0146218685405743, 0.4917666666666662, 0.0], [1.583875911265013, 1691.4049481057689, 0.0, 0.4917666666666662]]"
2026-07-29 07:18:00,56.34526813898013,19.305460583176377,132.0,parking,64250.70873475731,24560.763426794103,0.0,0.0,0.0,"[[7779303.852881426, 14661.950516127697, 1696.849523963647, 1.583875911265013], [14661.950516127697, 7719664.482589254, 1.0146218685405743, 1691.4049481057689], [1696.849523963647, 1.0146218685405743, 0.4917666666666662, 0.0], [1.583875911265013, 1691.4049481057689, 0.0, 0.4917666666666662]]"
2026-07-29 07:28:00,56.34526813898013,19.305460583176377,132.0,parking,64250.70873475731,24560.763426794103,0.0,0.0,0.0,"[[7779303.852881426, 14661.950516127697, 1696.849523963647, 1.583875911265013], [14661.950516127697, 7719664.482589254, 1.0146218685405743, 1691.4049481057689], [1696.849523963647, 1.0146218685405743, 0.4917666666666662, 0.0], [1.583875911265013, 1691.4049481057689, 0.0, 0.4917666666666662]]"
2026-07-29 07:38:00,56.34526813898013,19.305460583176377,132.0,parking,64250.70873475731,24560.763426794103,0.0,0.0,0.0,"[[7779303.852881426, 14661.950516127697, 1696.849523963647, 1.583875911265013], [14661.950516127697, 7719664.482589254, 1.0146218685405743, 1691.4049481057689], [1696.849523963647, 1.0146218685405743, 0.4917666666666662, 0.0], [1.583875911265013, 1691.4049481057689, 0.0, 0.4917666666666662]]"
2026-07-29 07:48:00,56.34526813898013,19.305460583176377,132.0,parking,64250.70873475731,24560.763426794103,0.0,0.0,0.0,"[[7779303.852881426, 14661.950516127697, 1696.849523963647, 1.583875911265013], [14661.950516127697, 7719664.482589254, 1.0146218685405743, 1691.4049481057689], [1696.849523963647, 1.0146218685405743, 0.4917666666666662, 0.0], [1.583875911265013, 1691.4049481057689, 0.0, 0.4917666666666662]]"
2026-07-29 07:58:00,56.34526813898013,19.305460583176377,132.0,parking,64250.70873475731,24560.763426794103,0.0,0.0,0.0,"[[7779303.852881426, 14661.950516127697, 1696.849523963647, 1.583875911265013], [14661.950516127697, 7719664.482589254, 1.0146218685405743, 1691.4049481057689], [1696.849523963647, 1.0146218685405743, 0.4917666666666662, 0.0], [1.583875911265013, 1691.4049481057689, 0.0, 0.4917666666666662]]"
2026-07-29 08:08:00,56.34526813898013,19.305460583176377,132.0,parking,64250.70873475731,24560.763426794103,0.0,0.0,0.0,"[[7779303.852881426, 14661.950516127697, 1696.849523963647, 1.583875911265013], [14661.950516127697, 7719664.482589254, 1.0146218685405743, 1691.4049481057689], [1696.849523963647, 1.0146218685405743, 0.4917666666666662, 0.0], [1.583875911265013, 1691.4049481057689, 0.0, 0.4917666666666662]]"
2026-07-29 08:18:00,56.34526813898013,19.305460583176377,132.0,parking,64250.70873475731,24560.763426794103,0.0,0.0,0.0,"[[7779303.852881426, 14661.950516127697, 1696.849523963647, 1.583875911265013], [14661.950516127697, 7719664.482589254, 1.0146218685405743, 1691.4049481057689], [1696.849523963647, 1.0146218685405743, 0.4917666666666662, 0.0], [1.583875911265013, 1691.4049481057689, 0.0, 0.4917666666666662]]"
2026-07-29 08:28:00,56.34526813898013,19.305460583176377,132.0,parking,64250.70873475731,24560.763426794103,0.0,0.0,0.0,"[[7779303.852881426, 14661.950516127697, 1696.849523963647, 1.583875911265013], [14661.950516127697, 7719664.482589254, 1.0146218685405743, 1691.4049481057689], [1696.849523963647, 1.0146218685405743, 0.4917666666666662, 0.0], [1.583875911265013, 1691.4049481057689, 0.0, 0.4917666666666662]]"
2026-07-29 08:38:00,56.34526813898013,19.305460583176377,132.0,parking,64250.70873475731,24560.763426794103,0.0,0.0,0.0,"[[7779303.852881426, 14661.950516127697, 1696.849523963647, 1.583875911265013], [14661.950516127697, 7719664.482589254, 1.0146218685405743, 1691.4049481057689], [1696.849523963647, 1.0146218685405743, 0.4917666666666662, 0.0], [1.583875911265013, 1691.4049481057689, 0.0, 0.4917666666666662]]"
2026-07-29 08:48:00,56.34526813898013,19.305460583176377,132.0,parking,64250.70873475731,24560.763426794103,0.0,0.0,0.0,"[[7779303.852881426, 14661.950516127697, 1696.849523963647, 1.583875911265013], [14661.950516127697, 7719664.482589254, 1.0146218685405743, 1691.4049481057689], [1696.849523963647, 1.0146218685405743, 0.4917666666666662, 0.0], [1.583875911265013, 1691.4049481057689, 0.0, 0.4917666666666662]]"
2026-07-29 08:58:00,56.34526813898013,19.305460583176377,132.0,parking,64250.70873475731,24560.763426794103,0.0,0.0,0.0,"[[7779303.852881426, 14661.950516127697, 1696.849523963647, 1.583875911265013], [14661.950516127697, 7719664.482589254, 1.0146218685405743, 1691.4049481057689], [1696.849523963647, 1.0146218685405743, 0.4917666666666662, 0.0], [1.583875911265013, 1691.4049481057689, 0.0, 0.4917666666666662]]"
2026-07-29 09:08:00,56.34526813898013,19.305460583176377,132.0,parking,64250.70873475731,24560.763426794103,0.0,0.0,0.0,"[[7779303.852881426, 14661.950516127697, 1696.849523963647, 1.583875911265013], [14661.950516127697, 7719664.482589254, 1.0146218685405743, 1691.4049481057689], [1696.849523963647, 1.0146218685405743, 0.4917666666666662, 0.0], [1.583875911265013, 1691.4049481057689, 0.0, 0.4917666666666662]]"
2026-07-29 09:18:00,56.34526813898013,19.305460583176377,132.0,parking,64250.70873475731,24560.763426794103,0.0,0.0,0.0,"[[7779303.852881426, 14661.950516127697, 1696.849523963647, 1.583875911265013], [14661.950516127697, 7719664.482589254, 1.0146218685405743, 1691.4049481057689], [1696.849523963647, 1.0146218685405743, 0.4917666666666662, 0.0], [1.583875911265013, 1691.4049481057689, 0.0, 0.4917666666666662]]"
2026-07-29 09:28:00,56.34526813898013,19.305460583176377,132.0,parking,64250.70873475731,24560.763426794103,0.0,0.0,0.0,"[[7779303.852881426, 14661.950516127697, 1696.849523963647, 1.583875911265013], [14661.950516127697, 7719664.482589254, 1.0146218685405743, 1691.4049481057689], [1696.849523963647, 1.0146218685405743, 0.4917666666666662, 0.0], [1.583875911265013, 1691.4049481057689, 0.0, 0.4917666666666662]]"
2026-07-29 09:38:00,56.34526813898013,19.305460583176377,132.0,parking,64250.70873475731,24560.763426794103,0.0,0.0,0.0,"[[7779303.852881426, 14661.950516127697, 1696.849523963647, 1.583875911265013], [14661.950516127697, 7719664.482589254, 1.0146218685405743, 1691.4049481057689], [1696.849523963647, 1.0146218685405743, 0.4917666666666662, 0.0], [1.583875911265013, 1691.4049481057689, 0.0, 0.4917666666666662]]"
2026-07-29 09:48:00,56.34526813898013,19.305460583176377,132.0,parking,64250.70873475731,24560.763426794103,0.0,0.0,0.0,"[[7779303.852881426, 14661.950516127697, 1696.849523963647, 1.583875911265013], [14661.950516127697, 7719664.482589254, 1.0146218685405743, 1691.4049481057689], [1696.849523963647, 1.0146218685405743, 0.4917666666666662, 0.0], [1.583875911265013, 1691.4049481057689, 0.0, 0.4917666666666662]]"
2026-07-29 09:58:00,56.34526813898013,19.305460583176377,132.0,parking,64250.70873475731,24560.763426794103,0.0,0.0,0.0,"[[7779303.852881426, 14661.950516127697, 1696.849523963647, 1.583875911265013], [14661.950516127697, 7719664.482589254, 1.0146218685405743, 1691.4049481057689], [1696.849523963647, 1.0146218685405743, 0.4917666666666662, 0.0], [1.583875911265013, 1691.4049481057689, 0.0, 0.4917666666666662]]"
2026-07-29 10:08:00,56.34526813898013,19.305460583176377,132.0,parking,64250.70873475731,24560.763426794103,0.0,0.0,0.0,"[[7779303.852881426, 14661.950516127697, 1696.849523963647, 1.583875911265013], [14661.950516127697, 7719664.482589254, 1.0146218685405743, 1691.4049481057689], [1696.849523963647, 1.0146218685405743, 0.4917666666666662, 0.0], [1.583875911265013, 1691.4049481057689, 0.0, 0.4917666666666662]]"
2026-07-29 10:18:00,56.34526813898013,19.305460583176377,132.0,parking,64250.70873475731,24560.763426794103,0.0,0.0,0.0,"[[7779303.852881426, 14661.950516127697, 1696.849523963647, 1.583875911265013], [14661.950516127697, 7719664.482589254, 1.0146218685405743, 1691.4049481057689], [1696.849523963647, 1.0146218685405743, 0.4917666666666662, 0.0], [1.583875911265013, 1691.4049481057689, 0.0, 0.4917666666666662]]"
2026-07-29 10:28:00,56.34526813898013,19.305460583176377,132.0,parking,64250.70873475731,24560.763426794103,0.0,0.0,0.0,"[[7779303.852881426, 14661.950516127697, 1696.849523963647, 1.583875911265013], [14661.950516127697, 7719664.482589254, 1.0146218685405743, 1691.4049481057689], [1696.849523963647, 1.0146218685405743, 0.4917666666666662, 0.0], [1.583875911265013, 1691.4049481057689, 0.0, 0.4917666666666662]]"
2026-07-29 10:38:00,56.34526813898013,19.305460583176377,132.0,parking,64250.70873475731,24560.763426794103,0.0,0.0,0.0,"[[7779303.852881426, 14661.950516127697, 1696.849523963647, 1.583875911265013], [14661.950516127697, 7719664.482589254, 1.0146218685405743, 1691.4049481057689], [1696.849523963647, 1.0146218685405743, 0.4917666666666662, 0.0], [1.583875911265013, 1691.4049481057689, 0.0, 0.4917666666666662]]"
2026-07-29 10:48:00,56.34526813898013,19.305460583176377,132.0,parking,64250.70873475731,24560.763426794103,0.0,0.0,0.0,"[[7779303.852881426, 14661.950516127697, 1696.849523963647, 1.583875911265013], [14661.950516127697, 7719664.482589254, 1.0146218685405743, 1691.4049481057689], [1696.849523963647, 1.0146218685405743, 0.4917666666666662, 0.0], [1.583875911265013, 1691.4049481057689, 0.0, 0.4917666666666662]]"
2026-07-29 10:58:00,56.34526813898013,19.305460583176377,132.0,parking,64250.70873475731,24560.763426794103,0.0,0.0,0.0,"[[7779303.852881426, 14661.950516127697, 1696.849523963647, 1.583875911265013], [14661.950516127697, 7719664.482589254, 1.0146218685405743, 1691.4049481057689], [1696.849523963647, 1.0146218685405743, 0.4917666666666662, 0.0], [1.583875911265013, 1691.4049481057689, 0.0, 0.4917666666666662]]"
2026-07-29 11:08:00,56.34526813898013,19.305460583176377,132.0,parking,64250.70873475731,24560.763426794103,0.0,0.0,0.0,"[[7779303.852881426, 14661.950516127697, 1696.849523963647, 1.583875911265013], [14661.950516127697, 7719664.482589254, 1.0146218685405743, 1691.4049481057689], [1696.849523963647, 1.0146218685405743, 0.4917666666666662, 0.0], [1.583875911265013, 1691.4049481057689, 0.0, 0.4917666666666662]]"
2026-07-29 11:18:00,56.34526813898013,19.305460583176377,132.0,parking,64250.70873475731,24560.763426794103,0.0,0.0,0.0,"[[7779303.852881426, 14661.950516127697, 1696.849523963647, 1.583875911265013], [14661.950516127697, 7719664.482589254, 1.0146218685405743, 1691.4049481057689], [1696.849523963647, 1.0146218685405743, 0.4917666666666662, 0.0], [1.583875911265013, 1691.4049481057689, 0.0, 0.4917666666666662]]"
2026-07-29 11:28:00,56.34526813898013,19.305460583176377,132.0,parking,64250.70873475731,24560.763426794103,0.0,0.0,0.0,"[[7779303.852881426, 14661.950516127697, 1696.849523963647, 1.583875911265013], [14661.950516127697, 7719664.482589254, 1.0146218685405743, 1691.4049481057689], [1696.849523963647, 1.0146218685405743, 0.4917666666666662, 0.0], [1.583875911265013, 1691.4049481057689, 0.0, 0.4917666666666662]]"
2026-07-29 11:38:00,56.34526813898013,19.305460583176377,132.0,parking,64250.70873475731,24560.763426794103,0.0,0.0,0.0,"[[7779303.852881426, 14661.950516127697, 1696.849523963647, 1.583875911265013], [14661.950516127697, 7719664.482589254, 1.0146218685405743, 1691.4049481057689], [1696.849523963647, 1.0146218685405743, 0.4917666666666662, 0.0], [1.583875911265013, 1691.4049481057689, 0.0, 0.4917666666666662]]"
2026-07-29 11:48:00,56.34526813898013,19.305460583176377,132.0,parking,64250.70873475731,24560.763426794103,0.0,0.0,0.0,"[[7779303.852881426, 14661.950516127697, 1696.849523963647, 1.583875911265013], [14661.950516127697, 7719664.482589254, 1.0146218685405743, 1691.4049481057689], [1696.849523963647, 1.0146218685405743, 0.4917666666666662, 0.0], [1.583875911265013, 1691.4049481057689, 0.0, 0.4917666666666662]]"
2026-07-29 11:58:00,56.34526813898013,19.305460583176377,132.0,parking,64250.70873475731,24560.763426794103,0.0,0.0,0.0,"[[7779303.852881426, 14661.950516127697, 1696.849523963647, 1.583875911265013], [14661.950516127697, 7719664.482589254, 1.0146218685405743, 1691.4049481057689], [1696.849523963647, 1.0146218685405743, 0.4917666666666662, 0.0], [1.583875911265013, 1691.4049481057689, 0.0, 0.4917666666666662]]"
2026-07-29 12:08:00,56.34526813898013,19.305460583176377,132.0,parking,64250.70873475731,24560.763426794103,0.0,0.0,0.0,"[[7779303.852881426, 14661.950516127697, 1696.849523963647, 1.583875911265013], [14661.950516127697, 7719664.482589254, 1.0146218685405743, 1691.4049481057689], [1696.849523963647, 1.0146218685405743, 0.4917666666666662, 0.0], [1.583875911265013, 1691.4049481057689, 0.0, 0.4917666666666662]]"
2026-07-29 12:18:00,56.34526813898013,19.305460583176377,132.0,parking,64250.70873475731,24560.763426794103,0.0,0.0,0.0,"[[7779303.852881426, 14661.950516127697, 1696.849523963647, 1.583875911265013], [14661.950516127697, 7719664.482589254, 1.0146218685405743, 1691.4049481057689], [1696.849523963647, 1.0146218685405743, 0.4917666666666662, 0.0], [1.583875911265013, 1691.4049481057689, 0.0, 0.4917666666666662]]"
2026-07-29 12:28:00,56.34526813898013,19.305460583176377,132.0,parking,64250.70873475731,24560.763426794103,0.0,0.0,0.0,"[[7779303.852881426, 14661.950516127697, 1696.849523963647, 1.583875911265013], [14661.950516127697, 7719664.482589254, 1.0146218685405743, 1691.4049481057689], [1696.849523963647, 1.0146218685405743, 0.4917666666666662, 0.0], [1.583875911265013, 1691.4049481057689, 0.0, 0.4917666666666662]]"
2026-07-29 12:38:00,56.34526813898013,19.305460583176377,132.0,parking,64250.70873475731,24560.763426794103,0.0,0.0,0.0,"[[7779303.852881426, 14661.950516127697, 1696.849523963647, 1.583875911265013], [14661.950516127697, 7719664.482589254, 1.0146218685405743, 1691.4049481057689], [1696.849523963647, 1.0146218685405743, 0.4917666666666662, 0.0], [1.583875911265013, 1691.4049481057689, 0.0, 0.4917666666666662]]"
2026-07-29 12:48:00,56.34526813898013,19.305460583176377,132.0,parking,64250.70873475731,24560.763426794103,0.0,0.0,0.0,"[[7779303.852881426, 14661.950516127697, 1696.849523963647, 1.583875911265013], [14661.950516127697, 7719664.482589254, 1.0146218685405743, 1691.4049481057689], [1696.849523963647, 1.0146218685405743, 0.4917666666666662, 0.0], [1.583875911265013, 1691.4049481057689, 0.0, 0.4917666666666662]]"
2026-07-29 12:58:00,56.34526813898013,19.305460583176377,132.0,parking,64250.70873475731,24560.763426794103,0.0,0.0,0.0,"[[7779303.852881426, 14661.950516127697, 1696.849523963647, 1.583875911265013], [14661.950516127697, 7719664.482589254, 1.0146218685405743, 1691.4049481057689], [1696.849523963647, 1.0146218685405743, 0.4917666666666662, 0.0], [1.583875911265013, 1691.4049481057689, 0.0, 0.4917666666666662]]"
2026-07-29 13:08:00,56.34526813898013,19.305460583176377,132.0,parking,64250.70873475731,24560.763426794103,0.0,0.0,0.0,"[[7779303.852881426, 14661.950516127697, 1696.849523963647, 1.583875911265013], [14661.950516127697, 7719664.482589254, 1.0146218685405743, 1691.4049481057689], [1696.849523963647, 1.0146218685405743, 0.4917666666666662, 0.0], [1.583875911265013, 1691.4049481057689, 0.0, 0.4917666666666662]]"
2026-07-29 13:18:00,56.34526813898013,19.305460583176377,132.0,parking,64250.70873475731,24560.763426794103,0.0,0.0,0.0,"[[7779303.852881426, 14661.950516127697, 1696.849523963647, 1.583875911265013], [14661.950516127697, 7719664.482589254, 1.0146218685405743, 1691.4049481057689], [1696.849523963647, 1.0146218685405743, 0.4917666666666662, 0.0], [1.583875911265013, 1691.4049481057689, 0.0, 0.4917666666666662]]"
2026-07-29 13:28:00,56.34526813898013,19.305460583176377,132.0,parking,64250.70873475731,24560.763426794103,0.0,0.0,0.0,"[[7779303.852881426, 14661.950516127697, 1696.849523963647, 1.583875911265013], [14661.950516127697, 7719664.482589254, 1.0146218685405743, 1691.4049481057689], [1696.849523963647, 1.0146218685405743, 0.4917666666666662, 0.0], [1.583875911265013, 1691.4049481057689, 0.0, 0.4917666666666662]]"
2026-07-29 13:38:00,56.34526813898013,19.305460583176377,132.0,parking,64250.70873475731,24560.763426794103,0.0,0.0,0.0,"[[7779303.852881426, 14661.950516127697, 1696.849523963647, 1.583875911265013], [14661.950516127697, 7719664.482589254, 1.0146218685405743, 1691.4049481057689], [1696.849523963647, 1.0146218685405743, 0.4917666666666662, 0.0], [1.583875911265013, 1691.4049481057689, 0.0, 0.4917666666666662]]"
2026-07-29 13:48:00,56.34526813898013,19.305460583176377,132.0,parking,64250.70873475731,24560.763426794103,0.0,0.0,0.0,"[[7779303.852881426, 14661.950516127697, 1696.849523963647, 1.583875911265013], [14661.950516127697, 7719664.482589254, 1.0146218685405743, 1691.4049481057689], [1696.849523963647, 1.0146218685405743, 0.4917666666666662, 0.0], [1.583875911265013, 1691.4049481057689, 0.0, 0.4917666666666662]]"
2026-07-29 13:58:00,56.34526813898013,19.305460583176377,132.0,parking,64250.70873475731,24560.763426794103,0.0,0.0,0.0,"[[7779303.852881426, 14661.950516127697, 1696.849523963647, 1.583875911265013], [14661.950516127697, 7719664.482589254, 1.0146218685405743, 1691.4049481057689], [1696.849523963647, 1.0146218685405743, 0.4917666666666662, 0.0], [1.583875911265013, 1691.4049481057689, 0.0, 0.4917666666666662]]"
2026-07-29 14:08:00,56.34526813898013,19.305460583176377,132.0,parking,64250.70873475731,24560.763426794103,0.0,0.0,0.0,"[[7779303.852881426, 14661.950516127697, 1696.849523963647, 1.583875911265013], [14661.950516127697, 7719664.482589254, 1.0146218685405743, 1691.4049481057689], [1696.849523963647, 1.0146218685405743, 0.4917666666666662, 0.0], [1.583875911265013, 1691.4049481057689, 0.0, 0.4917666666666662]]"
2026-07-29 14:18:00,56.34526813898013,19.305460583176377,132.0,parking,64250.70873475731,24560.763426794103,0.0,0.0,0.0,"[[7779303.852881426, 14661.950516127697, 1696.849523963647, 1.583875911265013], [14661.950516127697, 7719664.482589254, 1.0146218685405743, 1691.4049481057689], [1696.849523963647, 1.0146218685405743, 0.4917666666666662, 0.0], [1.583875911265013, 1691.4049481057689, 0.0, 0.4917666666666662]]"
2026-07-29 14:28:00,56.34526813898013,19.305460583176377,132.0,parking,64250.70873475731,24560.763426794103,0.0,0.0,0.0,"[[7779303.852881426, 14661.950516127697, 1696.849523963647, 1.583875911265013], [14661.950516127697, 7719664.482589254, 1.0146218685405743, 1691.4049481057689], [1696.849523963647, 1.0146218685405743, 0.4917666666666662, 0.0], [1.583875911265013, 1691.4049481057689, 0.0, 0.4917666666666662]]"
2026-07-29 14:38:00,56.34526813898013,19.305460583176377,132.0,parking,64250.70873475731,24560.763426794103,0.0,0.0,0.0,"[[7779303.852881426, 14661.950516127697, 1696.849523963647, 1.583875911265013], [14661.950516127697, 7719664.482589254, 1.0146218685405743, 1691.4049481057689], [1696.849523963647, 1.0146218685405743, 0.4917666666666662, 0.0], [1.583875911265013, 1691.4049481057689, 0.0, 0.4917666666666662]]"
2026-07-29 14:48:00,56.34526813898013,19.305460583176377,132.0,parking,64250.70873475731,24560.763426794103,0.0,0.0,0.0,"[[7779303.852881426, 14661.950516127697, 1696.849523963647, 1.583875911265013], [14661.950516127697, 7719664.482589254, 1.0146218685405743, 1691.4049481057689], [1696.849523963647, 1.0146218685405743, 0.4917666666666662, 0.0], [1.583875911265013, 1691.4049481057689, 0.0, 0.4917666666666662]]"
2026-07-29 14:58:00,56.34526813898013,19.305460583176377,132.0,parking,64250.70873475731,24560.763426794103,0.0,0.0,0.0,"[[7779303.852881426, 14661.950516127697, 1696.849523963647, 1.583875911265013], [14661.950516127697, 7719664.482589254, 1.0146218685405743, 1691.4049481057689], [1696.849523963647, 1.0146218685405743, 0.4917666666666662, 0.0], [1.583875911265013, 1691.4049481057689, 0.0, 0.4917666666666662]]"
2026-07-29 15:08:00,56.34526813898013,19.305460583176377,132.0,parking,64250.70873475731,24560.763426794103,0.0,0.0,0.0,"[[7779303.852881426, 14661.950516127697, 1696.849523963647, 1.583875911265013], [14661.950516127697, 7719664.482589254, 1.0146218685405743, 1691.4049481057689], [1696.849523963647, 1.0146218685405743, 0.4917666666666662, 0.0], [1.583875911265013, 1691.4049481057689, 0.0, 0.4917666666666662]]"
2026-07-29 15:18:00,56.34526813898013,19.305460583176377,132.0,parking,64250.70873475731,24560.763426794103,0.0,0.0,0.0,"[[7779303.852881426, 14661.950516127697, 1696.849523963647, 1.583875911265013], [14661.950516127697, 7719664.482589254, 1.0146218685405743, 1691.4049481057689], [1696.849523963647, 1.0146218685405743, 0.4917666666666662, 0.0], [1.583875911265013, 1691.4049481057689, 0.0, 0.4917666666666662]]"
2026-07-29 15:28:00,56.34526813898013,19.305460583176377,132.0,parking,64250.70873475731,24560.763426794103,0.0,0.0,0.0,"[[7779303.852881426, 14661.950516127697, 1696.849523963647, 1.583875911265013], [14661.950516127697, 7719664.482589254, 1.0146218685405743, 1691.4049481057689], [1696.849523963647, 1.0146218685405743, 0.4917666666666662, 0.0], [1.583875911265013, 1691.4049481057689, 0.0, 0.4917666666666662]]"
2026-07-29 15:38:00,56.34526813898013,19.305460583176377,132.0,parking,64250.70873475731,24560.763426794103,0.0,0.0,0.0,"[[7779303.852881426, 14661.950516127697, 1696.849523963647, 1.583875911265013], [14661.950516127697, 7719664.482589254, 1.0146218685405743, 1691.4049481057689], [1696.849523963647, 1.0146218685405743, 0.4917666666666662, 0.0], [1.583875911265013, 1691.4049481057689, 0.0, 0.4917666666666662]]"
2026-07-29 15:48:00,56.34526813898013,19.305460583176377,132.0,parking,64250.70873475731,24560.763426794103,0.0,0.0,0.0,"[[7779303.852881426, 14661.950516127697, 1696.849523963647, 1.583875911265013], [14661.950516127697, 7719664.482589254, 1.0146218685405743, 1691.4049481057689], [1696.849523963647, 1.0146218685405743, 0.4917666666666662, 0.0], [1.583875911265013, 1691.4049481057689, 0.0, 0.4917666666666662]]"
2026-07-29 15:58:00,56.34526813898013,19.305460583176377,132.0,parking,64250.70873475731,24560.763426794103,0.0,0.0,0.0,"[[7779303.852881426, 14661.950516127697, 1696.849523963647, 1.583875911265013], [14661.950516127697, 7719664.482589254, 1.0146218685405743, 1691.4049481057689], [1696.849523963647, 1.0146218685405743, 0.4917666666666662, 0.0], [1.583875911265013, 1691.4049481057689, 0.0, 0.4917666666666662]]"
2026-07-29 16:08:00,56.34526813898013,19.305460583176377,132.0,parking,64250.70873475731,24560.763426794103,0.0,0.0,0.0,"[[7779303.852881426, 14661.950516127697, 1696.849523963647, 1.583875911265013], [14661.950516127697, 7719664.482589254, 1.0146218685405743, 1691.4049481057689], [1696.849523963647, 1.0146218685405743, 0.4917666666666662, 0.0], [1.583875911265013, 1691.4049481057689, 0.0, 0.4917666666666662]]"
2026-07-29 16:18:00,56.34526813898013,19.305460583176377,132.0,parking,64250.70873475731,24560.763426794103,0.0,0.0,0.0,"[[7779303.852881426, 14661.950516127697, 1696.849523963647, 1.583875911265013], [14661.950516127697, 7719664.482589254, 1.0146218685405743, 1691.4049481057689], [1696.849523963647, 1.0146218685405743, 0.4917666666666662, 0.0], [1.583875911265013, 1691.4049481057689, 0.0, 0.4917666666666662]]"
2026-07-29 16:28:00,56.34526813898013,19.305460583176377,132.0,parking,64250.70873475731,24560.763426794103,0.0,0.0,0.0,"[[7779303.852881426, 14661.950516127697, 1696.849523963647, 1.583875911265013], [14661.950516127697, 7719664.482589254, 1.0146218685405743, 1691.4049481057689], [1696.849523963647, 1.0146218685405743, 0.4917666666666662, 0.0], [1.583875911265013, 1691.4049481057689, 0.0, 0.4917666666666662]]"
2026-07-29 16:38:00,56.34526813898013,19.305460583176377,132.0,parking,64250.70873475731,24560.763426794103,0.0,0.0,0.0,"[[7779303.852881426, 14661.950516127697, 1696.849523963647, 1.583875911265013], [14661.950516127697, 7719664.482589254, 1.0146218685405743, 1691.4049481057689], [1696.849523963647, 1.0146218685405743, 0.4917666666666662, 0.0], [1.583875911265013, 1691.4049481057689, 0.0, 0.4917666666666662]]"
2026-07-29 16:48:00,56.34526813898013,19.305460583176377,132.0,parking,64250.70873475731,24560.763426794103,0.0,0.0,0.0,"[[7779303.852881426, 14661.950516127697, 1696.849523963647, 1.583875911265013], [14661.950516127697, 7719664.482589254, 1.0146218685405743, 1691.4049481057689], [1696.849523963647, 1.0146218685405743, 0.4917666666666662, 0.0], [1.583875911265013, 1691.4049481057689, 0.0, 0.4917666666666662]]"
2026-07-29 16:58:00,56.34526813898013,19.305460583176377,132.0,parking,64250.70873475731,24560.763426794103,0.0,0.0,0.0,"[[7779303.852881426, 14661.950516127697, 1696.849523963647, 1.583875911265013], [14661.950516127697, 7719664.482589254, 1.0146218685405743, 1691.4049481057689], [1696.849523963647, 1.0146218685405743, 0.4917666666666662, 0.0], [1.583875911265013, 1691.4049481057689, 0.0, 0.4917666666666662]]"
2026-07-29 17:08:00,56.34526813898013,19.305460583176377,132.0,parking,64250.70873475731,24560.763426794103,0.0,0.0,0.0,"[[7779303.852881426, 14661.950516127697, 1696.849523963647, 1.583875911265013], [14661.950516127697, 7719664.482589254, 1.0146218685405743, 1691.4049481057689], [1696.849523963647, 1.0146218685405743, 0.4917666666666662, 0.0], [1.583875911265013, 1691.4049481057689, 0.0, 0.4917666666666662]]"
2026-07-29 17:18:00,56.34526813898013,19.305460583176377,132.0,parking,64250.70873475731,24560.763426794103,0.0,0.0,0.0,"[[7779303.852881426, 14661.950516127697, 1696.849523963647, 1.583875911265013], [14661.950516127697, 7719664.482589254, 1.0146218685405743, 1691.4049481057689], [1696.849523963647, 1.0146218685405743, 0.4917666666666662, 0.0], [1.583875911265013, 1691.4049481057689, 0.0, 0.4917666666666662]]"
2026-07-29 17:28:00,56.34526813898013,19.305460583176377,132.0,parking,64250.70873475731,24560.763426794103,0.0,0.0,0.0,"[[7779303.852881426, 14661.950516127697, 1696.849523963647, 1.583875911265013], [14661.950516127697, 7719664.482589254, 1.0146218685405743, 1691.4049481057689], [1696.849523963647, 1.0146218685405743, 0.4917666666666662, 0.0], [1.583875911265013, 1691.4049481057689, 0.0, 0.4917666666666662]]"
2026-07-29 17:38:00,56.34526813898013,19.305460583176377,132.0,parking,64250.70873475731,24560.763426794103,0.0,0.0,0.0,"[[7779303.852881426, 14661.950516127697, 1696.849523963647, 1.583875911265013], [14661.950516127697, 7719664.482589254, 1.0146218685405743, 1691.4049481057689], [1696.849523963647, 1.0146218685405743, 0.4917666666666662, 0.0], [1.583875911265013, 1691.4049481057689, 0.0, 0.4917666666666662]]"
2026-07-29 17:48:00,56.34526813898013,19.305460583176377,132.0,parking,64250.70873475731,24560.763426794103,0.0,0.0,0.0,"[[7779303.852881426, 14661.950516127697, 1696.849523963647, 1.583875911265013], [14661.950516127697, 7719664.482589254, 1.0146218685405743, 1691.4049481057689], [1696.849523963647, 1.0146218685405743, 0.4917666666666662, 0.0], [1.583875911265013, 1691.4049481057689, 0.0, 0.4917666666666662]]"
2026-07-29 17:58:00,56.34526813898013,19.305460583176377,132.0,parking,64250.70873475731,24560.763426794103,0.0,0.0,0.0,"[[7779303.852881426, 14661.950516127697, 1696.849523963647, 1.583875911265013], [14661.950516127697, 7719664.482589254, 1.0146218685405743, 1691.4049481057689], [1696.849523963647, 1.0146218685405743, 0.4917666666666662, 0.0], [1.583875911265013, 1691.4049481057689, 0.0, 0.4917666666666662]]"
2026-07-29 18:08:00,56.34526813898013,19.305460583176377,132.0,parking,64250.70873475731,24560.763426794103,0.0,0.0,0.0,"[[7779303.852881426, 14661.950516127697, 1696.849523963647, 1.583875911265013], [14661.950516127697, 7719664.482589254, 1.0146218685405743, 1691.4049481057689], [1696.849523963647, 1.0146218685405743, 0.4917666666666662, 0.0], [1.583875911265013, 1691.4049481057689, 0.0, 0.4917666666666662]]"
2026-07-29 18:18:00,56.34526813898013,19.305460583176377,132.0,parking,64250.70873475731,24560.763426794103,0.0,0.0,0.0,"[[7779303.852881426, 14661.950516127697, 1696.849523963647, 1.583875911265013], [14661.950516127697, 7719664.482589254, 1.0146218685405743, 1691.4049481057689], [1696.849523963647, 1.0146218685405743, 0.4917666666666662, 0.0], [1.583875911265013, 1691.4049481057689, 0.0, 0.4917666666666662]]"
2026-07-29 18:28:00,56.34526813898013,19.305460583176377,132.0,parking,64250.70873475731,24560.763426794103,0.0,0.0,0.0,"[[7779303.852881426, 14661.950516127697, 1696.849523963647, 1.583875911265013], [14661.950516127697, 7719664.482589254, 1.0146218685405743, 1691.4049481057689], [1696.849523963647, 1.0146218685405743, 0.4917666666666662, 0.0], [1.583875911265013, 1691.4049481057689, 0.0, 0.4917666666666662]]"
2026-07-29 18:38:00,56.34526813898013,19.305460583176377,132.0,parking,64250.70873475731,24560.763426794103,0.0,0.0,0.0,"[[7779303.852881426, 14661.950516127697, 1696.849523963647, 1.583875911265013], [14661.950516127697, 7719664.482589254, 1.0146218685405743, 1691.4049481057689], [1696.849523963647, 1.0146218685405743, 0.4917666666666662, 0.0], [1.583875911265013, 1691.4049481057689, 0.0, 0.4917666666666662]]"
2026-07-29 18:48:00,56.34526813898013,19.305460583176377,132.0,parking,64250.70873475731,24560.763426794103,0.0,0.0,0.0,"[[7779303.852881426, 14661.950516127697, 1696.849523963647, 1.583875911265013], [14661.950516127697, 7719664.482589254, 1.0146218685405743, 1691.4049481057689], [1696.849523963647, 1.0146218685405743, 0.4917666666666662, 0.0], [1.583875911265013, 1691.4049481057689, 0.0, 0.4917666666666662]]"
2026-07-29 18:58:00,56.34526813898013,19.305460583176377,132.0,parking,64250.70873475731,24560.763426794103,0.0,0.0,0.0,"[[7779303.852881426, 14661.950516127697, 1696.849523963647, 1.583875911265013], [14661.950516127697, 7719664.482589254, 1.0146218685405743, 1691.4049481057689], [1696.849523963647, 1.0146218685405743, 0.4917666666666662, 0.0], [1.583875911265013, 1691.4049481057689, 0.0, 0.4917666666666662]]"
2026-07-29 19:08:00,56.34526813898013,19.305460583176377,132.0,parking,64250.70873475731,24560.763426794103,0.0,0.0,0.0,"[[7779303.852881426, 14661.950516127697, 1696.849523963647, 1.583875911265013], [14661.950516127697, 7719664.482589254, 1.0146218685405743, 1691.4049481057689], [1696.849523963647, 1.0146218685405743, 0.4917666666666662, 0.0], [1.583875911265013, 1691.4049481057689, 0.0, 0.4917666666666662]]"
2026-07-29 19:18:00,56.34526813898013,19.305460583176377,132.0,parking,64250.70873475731,24560.763426794103,0.0,0.0,0.0,"[[7779303.852881426, 14661.950516127697, 1696.849523963647, 1.583875911265013], [14661.950516127697, 7719664.482589254, 1.0146218685405743, 1691.4049481057689], [1696.849523963647, 1.0146218685405743, 0.4917666666666662, 0.0], [1.583875911265013, 1691.4049481057689, 0.0, 0.4917666666666662]]"
2026-07-29 19:28:00,56.34526813898013,19.305460583176377,132.0,parking,64250.70873475731,24560.763426794103,0.0,0.0,0.0,"[[7779303.852881426, 14661.950516127697, 1696.849523963647, 1.583875911265013], [14661.950516127697, 7719664.482589254, 1.0146218685405743, 1691.4049481057689], [1696.849523963647, 1.0146218685405743, 0.4917666666666662, 0.0], [1.583875911265013, 1691.4049481057689, 0.0, 0.4917666666666662]]"
2026-07-29 19:38:00,56.34526813898013,19.305460583176377,132.0,parking,64250.70873475731,24560.763426794103,0.0,0.0,0.0,"[[7779303.852881426, 14661.950516127697, 1696.849523963647, 1.583875911265013], [14661.950516127697, 7719664.482589254, 1.0146218685405743, 1691.4049481057689], [1696.849523963647, 1.0146218685405743, 0.4917666666666662, 0.0], [1.583875911265013, 1691.4049481057689, 0.0, 0.4917666666666662]]"
2026-07-29 19:48:00,56.34526813898013,19.305460583176377,132.0,parking,64250.70873475731,24560.763426794103,0.0,0.0,0.0,"[[7779303.852881426, 14661.950516127697, 1696.849523963647, 1.583875911265013], [14661.950516127697, 7719664.482589254, 1.0146218685405743, 1691.4049481057689], [1696.849523963647, 1.0146218685405743, 0.4917666666666662, 0.0], [1.583875911265013, 1691.4049481057689, 0.0, 0.4917666666666662]]"
2026-07-29 19:58:00,56.34526813898013,19.305460583176377,132.0,parking,64250.70873475731,24560.763426794103,0.0,0.0,0.0,"[[7779303.852881426, 14661.950516127697, 1696.849523963647, 1.583875911265013], [14661.950516127697, 7719664.482589254, 1.0146218685405743, 1691.4049481057689], [1696.849523963647, 1.0146218685405743, 0.4917666666666662, 0.0], [1.583875911265013, 1691.4049481057689, 0.0, 0.4917666666666662]]"
2026-07-29 20:08:00,56.34526813898013,19.305460583176377,132.0,parking,64250.70873475731,24560.763426794103,0.0,0.0,0.0,"[[7779303.852881426, 14661.950516127697, 1696.849523963647, 1.583875911265013], [14661.950516127697, 7719664.482589254, 1.0146218685405743, 1691.4049481057689], [1696.849523963647, 1.0146218685405743, 0.4917666666666662, 0.0], [1.583875911265013, 1691.4049481057689, 0.0, 0.4917666666666662]]"
2026-07-29 20:18:00,56.34526813898013,19.305460583176377,132.0,parking,64250.70873475731,24560.763426794103,0.0,0.0,0.0,"[[7779303.852881426, 14661.950516127697, 1696.849523963647, 1.583875911265013], [14661.950516127697, 7719664.482589254, 1.0146218685405743, 1691.4049481057689], [1696.849523963647, 1.0146218685405743, 0.4917666666666662, 0.0], [1.583875911265013, 1691.4049481057689, 0.0, 0.4917666666666662]]"
2026-07-29 20:28:00,56.34526813898013,19.305460583176377,132.0,parking,64250.70873475731,24560.763426794103,0.0,0.0,0.0,"[[7779303.852881426, 14661.950516127697, 1696.849523963647, 1.583875911265013], [14661.950516127697, 7719664.482589254, 1.0146218685405743, 1691.4049481057689], [1696.849523963647, 1.0146218685405743, 0.4917666666666662, 0.0], [1.583875911265013, 1691.4049481057689, 0.0, 0.4917666666666662]]"
2026-07-29 20:38:00,56.34526813898013,19.305460583176377,132.0,parking,64250.70873475731,24560.763426794103,0.0,0.0,0.0,"[[7779303.852881426, 14661.950516127697, 1696.849523963647, 1.583875911265013], [14661.950516127697, 7719664.482589254, 1.0146218685405743, 1691.4049481057689], [1696.849523963647, 1.0146218685405743, 0.4917666666666662, 0.0], [1.583875911265013, 1691.4049481057689, 0.0, 0.4917666666666662]]"
2026-07-29 20:48:00,56.34526813898013,19.305460583176377,132.0,parking,64250.70873475731,24560.763426794103,0.0,0.0,0.0,"[[7779303.852881426, 14661.950516127697, 1696.849523963647, 1.583875911265013], [14661.950516127697, 7719664.482589254, 1.0146218685405743, 1691.4049481057689], [1696.849523963647, 1.0146218685405743, 0.4917666666666662, 0.0], [1.583875911265013, 1691.4049481057689, 0.0, 0.4917666666666662]]"
2026-07-29 20:58:00,56.34526813898013,19.305460583176377,132.0,parking,64250.70873475731,24560.763426794103,0.0,0.0,0.0,"[[7779303.852881426, 14661.950516127697, 1696.849523963647, 1.583875911265013], [14661.950516127697, 7719664.482589254, 1.0146218685405743, 1691.4049481057689], [1696.849523963647, 1.0146218685405743, 0.4917666666666662, 0.0], [1.583875911265013, 1691.4049481057689, 0.0, 0.4917666666666662]]"
2026-07-29 21:08:00,56.34526813898013,19.305460583176377,132.0,parking,64250.70873475731,24560.763426794103,0.0,0.0,0.0,"[[7779303.852881426, 14661.950516127697, 1696.849523963647, 1.583875911265013], [14661.950516127697, 7719664.482589254, 1.0146218685405743, 1691.4049481057689], [1696.849523963647, 1.0146218685405743, 0.4917666666666662, 0.0], [1.583875911265013, 1691.4049481057689, 0.0, 0.4917666666666662]]"
2026-07-29 21:18:00,56.34526813898013,19.305460583176377,132.0,parking,64250.70873475731,24560.763426794103,0.0,0.0,0.0,"[[7779303.852881426, 14661.950516127697, 1696.849523963647, 1.583875911265013], [14661.950516127697, 7719664.482589254, 1.0146218685405743, 1691.4049481057689], [1696.849523963647, 1.0146218685405743, 0.4917666666666662, 0.0], [1.583875911265013, 1691.4049481057689, 0.0, 0.4917666666666662]]"
2026-07-29 21:28:00,56.34526813898013,19.305460583176377,132.0,parking,64250.70873475731,24560.763426794103,0.0,0.0,0.0,"[[7779303.852881426, 14661.950516127697, 1696.849523963647, 1.583875911265013], [14661.950516127697, 7719664.482589254, 1.0146218685405743, 1691.4049481057689], [1696.849523963647, 1.0146218685405743, 0.4917666666666662, 0.0], [1.583875911265013, 1691.4049481057689, 0.0, 0.4917666666666662]]"
2026-07-29 21:38:00,56.34526813898013,19.305460583176377,132.0,parking,64250.70873475731,24560.763426794103,0.0,0.0,0.0,"[[7779303.852881426, 14661.950516127697, 1696.849523963647, 1.583875911265013], [14661.950516127697, 7719664.482589254, 1.0146218685405743, 1691.4049481057689], [1696.849523963647, 1.0146218685405743, 0.4917666666666662, 0.0], [1.583875911265013, 1691.4049481057689, 0.0, 0.4917666666666662]]"
2026-07-29 21:48:00,56.34526813898013,19.305460583176377,132.0,parking,64250.70873475731,24560.763426794103,0.0,0.0,0.0,"[[7779303.852881426, 14661.950516127697, 1696.849523963647, 1.583875911265013], [14661.950516127697, 7719664.482589254, 1.0146218685405743, 1691.4049481057689], [1696.849523963647, 1.0146218685405743, 0.4917666666666662, 0.0], [1.583875911265013, 1691.4049481057689, 0.0, 0.4917666666666662]]"
2026-07-29 21:58:00,56.34526813898013,19.305460583176377,132.0,parking,64250.70873475731,24560.763426794103,0.0,0.0,0.0,"[[7779303.852881426, 14661.950516127697, 1696.849523963647, 1.583875911265013], [14661.950516127697, 7719664.482589254, 1.0146218685405743, 1691.4049481057689], [1696.849523963647, 1.0146218685405743, 0.4917666666666662, 0.0], [1.583875911265013, 1691.4049481057689, 0.0, 0.4917666666666662]]"
2026-07-29 22:08:00,56.34526813898013,19.305460583176377,132.0,parking,64250.70873475731,24560.763426794103,0.0,0.0,0.0,"[[7779303.852881426, 14661.950516127697, 1696.849523963647, 1.583875911265013], [14661.950516127697, 7719664.482589254, 1.0146218685405743, 1691.4049481057689], [1696.849523963647, 1.0146218685405743, 0.4917666666666662, 0.0], [1.583875911265013, 1691.4049481057689, 0.0, 0.4917666666666662]]"
2026-07-29 22:18:00,56.34526813898013,19.305460583176377,132.0,parking,64250.70873475731,24560.763426794103,0.0,0.0,0.0,"[[7779303.852881426, 14661.950516127697, 1696.849523963647, 1.583875911265013], [14661.950516127697, 7719664.482589254, 1.0146218685405743, 1691.4049481057689], [1696.849523963647, 1.0146218685405743, 0.4917666666666662, 0.0], [1.583875911265013, 1691.4049481057689, 0.0, 0.4917666666666662]]"
2026-07-29 22:28:00,56.34526813898013,19.305460583176377,132.0,parking,64250.70873475731,24560.763426794103,0.0,0.0,0.0,"[[7779303.852881426, 14661.950516127697, 1696.849523963647, 1.583875911265013], [14661.950516127697, 7719664.482589254, 1.0146218685405743, 1691.4049481057689], [1696.849523963647, 1.0146218685405743, 0.4917666666666662, 0.0], [1.583875911265013, 1691.4049481057689, 0.0, 0.4917666666666662]]"
2026-07-29 22:38:00,56.34526813898013,19.305460583176377,132.0,parking,64250.70873475731,24560.763426794103,0.0,0.0,0.0,"[[7779303.852881426, 14661.950516127697, 1696.849523963647, 1.583875911265013], [14661.950516127697, 7719664.482589254, 1.0146218685405743, 1691.4049481057689], [1696.849523963647, 1.0146218685405743, 0.4917666666666662, 0.0], [1.583875911265013, 1691.4049481057689, 0.0, 0.4917666666666662]]"
2026-07-29 22:48:00,56.34526813898013,19.305460583176377,132.0,parking,64250.70873475731,24560.763426794103,0.0,0.0,0.0,"[[7779303.852881426, 14661.950516127697, 1696.849523963647, 1.583875911265013], [14661.950516127697, 7719664.482589254, 1.0146218685405743, 1691.4049481057689], [1696.849523963647, 1.0146218685405743, 0.4917666666666662, 0.0], [1.583875911265013, 1691.4049481057689, 0.0, 0.4917666666666662]]"
2026-07-29 22:58:00,56.34526813898013,19.305460583176377,132.0,parking,64250.70873475731,24560.763426794103,0.0,0.0,0.0,"[[7779303.852881426, 14661.950516127697, 1696.849523963647, 1.583875911265013], [14661.950516127697, 7719664.482589254, 1.0146218685405743, 1691.4049481057689], [1696.849523963647, 1.0146218685405743, 0.4917666666666662, 0.0], [1.583875911265013, 1691.4049481057689, 0.0, 0.4917666666666662]]"
2026-07-29 23:08:00,56.34526813898013,19.305460583176377,132.0,parking,64250.70873475731,24560.763426794103,0.0,0.0,0.0,"[[7779303.852881426, 14661.950516127697, 1696.849523963647, 1.583875911265013], [14661.950516127697, 7719664.482589254, 1.0146218685405743, 1691.4049481057689], [1696.849523963647, 1.0146218685405743, 0.4917666666666662, 0.0], [1.583875911265013, 1691.4049481057689, 0.0, 0.4917666666666662]]"
2026-07-29 23:18:00,56.34526813898013,19.305460583176377,132.0,parking,64250.70873475731,24560.763426794103,0.0,0.0,0.0,"[[7779303.852881426, 14661.950516127697, 1696.849523963647, 1.583875911265013], [14661.950516127697, 7719664.482589254, 1.0146218685405743, 1691.4049481057689], [1696.849523963647, 1.0146218685405743, 0.4917666666666662, 0.0], [1.583875911265013, 1691.4049481057689, 0.0, 0.4917666666666662]]"
2026-07-29 23:28:00,56.34526813898013,19.305460583176377,132.0,parking,64250.70873475731,24560.763426794103,0.0,0.0,0.0,"[[7779303.852881426, 14661.950516127697, 1696.849523963647, 1.583875911265013], [14661.950516127697, 7719664.482589254, 1.0146218685405743, 1691.4049481057689], [1696.849523963647, 1.0146218685405743, 0.4917666666666662, 0.0], [1.583875911265013, 1691.4049481057689, 0.0, 0.4917666666666662]]"
2026-07-29 23:38:00,56.34526813898013,19.305460583176377,132.0,parking,64250.70873475731,24560.763426794103,0.0,0.0,0.0,"[[7779303.852881426, 14661.950516127697, 1696.849523963647, 1.583875911265013], [14661.950516127697, 7719664.482589254, 1.0146218685405743, 1691.4049481057689], [1696.849523963647, 1.0146218685405743, 0.4917666666666662, 0.0], [1.583875911265013, 1691.4049481057689, 0.0, 0.4917666666666662]]"
2026-07-29 23:48:00,56.34526813898013,19.305460583176377,132.0,parking,64250.70873475731,24560.763426794103,0.0,0.0,0.0,"[[7779303.852881426, 14661.950516127697, 1696.849523963647, 1.583875911265013], [14661.950516127697, 7719664.482589254, 1.0146218685405743, 1691.4049481057689], [1696.849523963647, 1.0146218685405743, 0.4917666666666662, 0.0], [1.583875911265013, 1691.4049481057689, 0.0, 0.4917666666666662]]"
2026-07-29 23:58:00,56.34526813898013,19.305460583176377,132.0,parking,64250.70873475731,24560.763426794103,0.0,0.0,0.0,"[[7779303.852881426, 14661.950516127697, 1696.849523963647, 1.583875911265013], [14661.950516127697, 7719664.482589254, 1.0146218685405743, 1691.4049481057689], [1696.849523963647, 1.0146218685405743, 0.4917666666666662, 0.0], [1.583875911265013, 1691.4049481057689, 0.0, 0.4917666666666662]]"
2026-07-30 00:08:00,56.34526813898013,19.305460583176377,132.0,parking,64250.70873475731,24560.763426794103,0.0,0.0,0.0,"[[7779303.852881426, 14661.950516127697, 1696.849523963647, 1.583875911265013], [14661.950516127697, 7719664.482589254, 1.0146218685405743, 1691.4049481057689], [1696.849523963647, 1.0146218685405743, 0.4917666666666662, 0.0], [1.583875911265013, 1691.4049481057689, 0.0, 0.4917666666666662]]"
2026-07-30 00:18:00,56.34526813898013,19.305460583176377,132.0,parking,64250.70873475731,24560.763426794103,0.0,0.0,0.0,"[[7779303.852881426, 14661.950516127697, 1696.849523963647, 1.583875911265013], [14661.950516127697, 7719664.482589254, 1.0146218685405743, 1691.4049481057689], [1696.849523963647, 1.0146218685405743, 0.4917666666666662, 0.0], [1.583875911265013, 1691.4049481057689, 0.0, 0.4917666666666662]]"
2026-07-30 00:28:00,56.34526813898013,19.305460583176377,132.0,parking,64250.70873475731,24560.763426794103,0.0,0.0,0.0,"[[7779303.852881426, 14661.950516127697, 1696.849523963647, 1.583875911265013], [14661.950516127697, 7719664.482589254, 1.0146218685405743, 1691.4049481057689], [1696.849523963647, 1.0146218685405743, 0.4917666666666662, 0.0], [1.583875911265013, 1691.4049481057689, 0.0, 0.4917666666666662]]"
2026-07-30 00:38:00,56.34526813898013,19.305460583176377,132.0,parking,64250.70873475731,24560.763426794103,0.0,0.0,0.0,"[[7779303.852881426, 14661.950516127697, 1696.849523963647, 1.583875911265013], [14661.950516127697, 7719664.482589254, 1.0146218685405743, 1691.4049481057689], [1696.849523963647, 1.0146218685405743, 0.4917666666666662, 0.0], [1.583875911265013, 1691.4049481057689, 0.0, 0.4917666666666662]]"
2026-07-30 00:39:00,56.34526813898013,19.305460583176377,126.6,ascending,64250.70873475731,24560.763426794103,0.0,0.0,0.0,"[[7984936.155757063, 14817.860382916033, 1726.3555239636469, 1.583875911265013], [14817.860382916033, 7924643.436361946, 1.0146218685405743, 1720.9109481057687], [1726.3555239636469, 1.0146218685405743, 0.49593333333333284, 0.0], [1.583875911265013, 1720.9109481057687, 0.0, 0.49593333333333284]]"
2026-07-30 00:40:00,56.34526813898013,19.305460583176377,121.19999999999999,ascending,64250.70873475731,24560.763426794103,0.0,0.0,0.0,"[[8194124.178632701, 14973.770249704368, 1756.1115239636467, 1.583875911265013], [14973.770249704368, 8133178.110134638, 1.0146218685405743, 1750.6669481057686], [1756.1115239636467, 1.0146218685405743, 0.5000999999999995, 0.0], [1.583875911265013, 1750.6669481057686, 0.0, 0.5000999999999995]]"
2026-07-30 00:41:00,56.34521679829936,19.3053948632024,115.79999999999998,ascending,64246.64256703332,24555.06461122881,0.0,0.0,0.0,"[[8396760.599720502, 13334.072350888635, 1785.0440616397327, 2.0552553919613987], [13334.072350888635, 8344359.000307404, 0.16595108574928613, 1780.5736991490826], [1785.0440616397327, 0.16595108574928613, 0.5042666666666662, 0.0], [2.0552553919613987, 1780.5736991490826, 0.0, 0.5042666666666662]]"
2026-07-30 00:42:00,56.34517578971188,19.305342165297485,110.39999999999998,ascending,64243.38208917348,24550.51265801863,0.0,0.0,0.0,"[[8606901.420213262, 14330.451495432584, 1814.6568433262564, 2.548459074408952], [14330.451495432584, 8559543.152245166, -0.14398511212911946, 1810.7729155151637], [1814.6568433262564, -0.14398511212911946, 0.5084333333333328, 0.0], [2.548459074408952, 1810.7729155151637, 0.0, 0.5084333333333328]]"
2026-07-30 00:43:00,56.34514496790811,19.305302698729648,104.99999999999997,ascending,64240.9402488225,24547.091437800365,0.0,0.0,0.0,"[[8824892.833314624, 18110.20438612471, 1844.9705536437702, 3.0650165915028245], [18110.204386124708, 8778792.815708196, 0.09819717775896102, 1841.266986393888], [1844.9705536437702, 0.09819717775896102, 0.5125999999999995, 0.0], [3.0650165915028245, 1841.266986393888, 0.0, 0.5125999999999995]]"
2026-07-30 00:44:00,56.345127013148364,19.30527343009968,99.59999999999997,ascending,64239.12936620495,24545.09845946788,0.0,0.0,0.0,"[[9048297.307895225, 22310.88771100064, 1875.7175185434435, 3.562144439763148], [22310.887711000636, 9002630.553519068, 0.4306183754483138, 1872.1057130088034], [1875.7175185434435, 0.4306183754483138, 0.5167666666666662, 0.0], [3.562144439763148, 1872.1057130088034, 0.0, 0.5167666666666662]]"
2026-07-30 00:45:00,56.345122632624296,19.305253750585802,94.19999999999996,ascending,64237.911772841595,24544.612221296506,0.0,0.0,0.0,"[[9276447.311047206, 26238.655188477354, 1906.8210716839342, 4.028458640225045], [26238.65518847735, 9231286.284400158, 0.7203695641922286, 1903.3069110894537], [1906.8210716839342, 0.7203695641922286, 0.5209333333333328, 0.0], [4.028458640225045, 1903.3069110894537, 0.0, 0.5209333333333328]]"
2026-07-30 00:46:00,56.34512879716681,19.305241832264503,88.79999999999995,ascending,64237.174373076145,24545.296485515522,0.0,0.0,0.0,"[[9508797.223852193, 30982.90456314148, 1938.2192544792938, 4.638233295061107], [30982.90456314148, 9464739.20825964, 1.01694740455216, 1934.8621087003428], [1938.2192544792938, 1.01694740455216, 0.5250999999999995, 0.0], [4.638233295061107, 1934.8621087003428, 0.0, 0.5250999999999995]]"
2026-07-30 00:47:00,56.345142061264696,19.305235339986677,83.39999999999995,ascending,64236.772688642144,24546.768800380574,0.0,0.0,0.0,"[[9744660.845379842, 37915.25695868558, 1969.8378913577328, 5.6015317890147545], [37915.25695868558, 9702928.715678252, 1.382700949294596, 1966.7590704862203], [1969.8378913577328, 1.382700949294596, 0.5292666666666661, 0.0], [5.6015317890147545, 1966.7590704862203, 0.0, 0.5292666666666661]]"
2026-07-30 00:48:00,56.3451624962031,19.305234751150532,77.99999999999994,ascending,64236.73625669641,24549.037078543868,0.0,0.0,0.0,"[[9984316.836881485, 45560.332345006726, 2001.7026408654845, 6.788981686429592], [45560.332345006726, 9945693.880338058, 1.6397953711728008, 1998.9762072308883], [2001.7026408654845, 1.6397953711728008, 0.5334333333333328, 0.0], [6.788981686429592, 1998.9762072308883, 0.0, 0.5334333333333328]]"
2026-07-30 00:49:00,56.345190231131774,19.305240849923063,72.59999999999994,ascending,64237.11359452102,24552.11565562674,0.0,0.0,0.0,"[[10228211.537459662, 51283.26611364036, 2033.8554448426517, 7.975518690693813], [51283.26611364036, 10192718.312792674, 1.4874529512172534, 2031.477506873664], [2033.8554448426517, 1.4874529512172534, 0.5375999999999994, 0.0], [7.975518690693813, 2031.477506873664, 0.0, 0.5375999999999994]]"
2026-07-30 00:50:00,56.34522471095586,19.30525156479031,67.19999999999993,ascending,64237.776535248864,24555.9429161,0.0,0.0,0.0,"[[10476596.112821434, 54842.890536060535, 2066.3182246907686, 8.898254351043432], [54842.89053606052, 10442492.262809617, 1.152764497963471, 2064.110114945201], [2066.3182246907686, 1.152764497963471, 0.5417666666666661, 0.0], [8.898254351043432, 2064.110114945201, 0.0, 0.5417666666666661]]"
2026-07-30 00:51:00,56.34526547592626,19.305265236226102,61.79999999999993,ascending,64238.622402153334,24560.46782781502,0.0,0.0,0.0,"[[10729745.73388704, 55971.830744616345, 2099.114749673262, 9.311497447812897], [55971.83074461634, 10693563.111026749, 0.8421295842342621, 2096.7323428832005], [2099.114749673262, 0.8421295842342621, 0.5459333333333327, 0.0], [9.311497447812897, 2096.7323428832005, 0.0, 0.5459333333333327]]"
2026-07-30 00:52:00,56.34530794700752,19.305287403591688,56.399999999999935,ascending,64239.99392166295,24565.182117834072,0.0,0.0,0.0,"[[10987832.678223897, 59054.28756723108, 2132.25453044934, 9.67136625119288], [59054.28756723106, 10945319.556057712, 0.9619612180039062, 2129.2889384795953], [2132.25453044934, 0.9619612180039062, 0.5500999999999994, 0.0], [9.67136625119288, 2129.2889384795953, 0.0, 0.5500999999999994]]"
2026-07-30 00:53:00,56.345349832461046,19.305318097340564,50.999999999999936,ascending,64241.892977968775,24569.83140317588,0.0,0.0,0.0,"[[11250594.632991936, 64207.34977639659, 2165.706538318229, 10.066578377894299], [64207.34977639659, 11198994.704678074, 1.4353234882145178, 2161.904105966897], [2165.706538318229, 1.4353234882145178, 0.554266666666666, 0.0], [10.066578377894299, 2161.904105966897, 0.0, 0.554266666666666]]"
2026-07-30 00:54:00,56.34538932285305,19.30535585343535,45.59999999999994,ascending,64244.22898945392,24574.21483668813,0.0,0.0,0.0,"[[11517666.949656844, 70815.68837940777, 2199.431264662621, 10.54294871567237], [70815.68837940779, 11456403.888169583, 2.088021214981584, 2194.753308716014], [2199.431264662621, 2.088021214981584, 0.5584333333333327, 0.0], [10.54294871567237, 2194.753308716014, 0.0, 0.5584333333333327]]"
2026-07-30 00:55:00,56.34542735467684,19.30539818566072,40.19999999999994,ascending,64246.848131216684,24578.436369129566,0.0,0.0,0.0,"[[11788887.101531176, 78304.2025682523, 2233.4099167709296, 11.092027834926796], [78304.20256825232, 11718329.476343233, 2.8125345286411063, 2227.908249952862], [2233.4099167709296, 2.8125345286411063, 0.5625999999999993, 0.0], [11.092027834926796, 2227.908249952862, 0.0, 0.5625999999999993]]"
2026-07-30 00:56:00,56.34546207315849,19.305441203800612,34.79999999999994,ascending,64249.509711272,24582.290120592144,0.0,0.0,0.0,"[[12062380.654986016, 86708.10132848506, 2267.4637573462624, 11.75621578055111], [86708.1013284851, 11984656.744316043, 3.569786092253798, 2261.3538798008503], [2267.4637573462624, 3.569786092253798, 0.566766666666666, 0.0], [11.75621578055111, 2261.3538798008503, 0.0, 0.566766666666666]]"
2026-07-30 00:57:00,56.3454764201458,19.305478354121778,29.39999999999994,ascending,64251.808242870844,24583.88263618328,0.0,0.0,0.0,"[[12336441.89342927, 94318.09189797213, 2301.4364116006377, 12.470878449752583], [94318.09189797218, 12257940.781818034, 4.101703369388851, 2295.3252789658527], [2301.4364116006377, 4.101703369388851, 0.5709333333333326, 0.0], [12.470878449752583, 2295.3252789658527, 0.0, 0.5709333333333326]]"
2026-07-30 00:58:00,56.345478863536535,19.3054537689118,23.999999999999943,ascending,64250.28712864567,24584.153852555453,0.0,0.0,0.0,"[[12611243.983101549, 93455.02666692476, 2335.3537323192963, 12.557542398082253], [93455.02666692481, 12540522.425387139, 3.670726652929511, 2330.030945100332], [2335.3537323192963, 3.670726652929511, 0.5750999999999993, 0.0], [12.557542398082253, 2330.030945100332, 0.0, 0.5750999999999993]]"
2026-07-30 00:59:00,56.34547928658814,19.305419615451044,18.599999999999945,ascending,64248.17401612619,24584.200811283157,0.0,0.0,0.0,"[[12896888.890694043, 91587.40258447302, 2370.1458880321516, 12.026799131613462], [91587.40258447311, 12824771.668794284, 3.677567728299261, 2364.7514677968584], [2370.1458880321516, 3.677567728299261, 0.5792666666666659, 0.0], [12.026799131613462, 2364.7514677968584, 0.0, 0.5792666666666659]]"
2026-07-30 01:00:00,56.34548892105305,19.305387358963763,13.199999999999946,ascending,64246.17827146075,24585.270236887867,0.0,0.0,0.0,"[[13189549.824303156, 89200.2114395028, 2405.4445866942456, 11.10887404070902], [89200.21143950289, 13113044.94192691, 3.985098928062071, 2399.7053954158405], [2405.4445866942456, 3.985098928062071, 0.5834333333333326, 0.0], [11.10887404070902, 2399.7053954158405, 0.0, 0.5834333333333326]]"
