time,latitude,longitude,depth,phase,x,y,z,bx,by,Q_x,Q_y,Q_bx,Q_by,P
2026-07-27 16:34:03,57.084706088961944,19.952193621373958,0.0,communicating,-15.594972947674195,61.96637477687841,0.0,0.0,0.0,4.0,4.0,6.944444444444444e-05,6.944444444444444e-05,"[[2436.0, 0.0, 0.060000000000000005, 0.0], [0.0, 2436.0, 0.0, 0.060000000000000005], [0.060000000000000005, 0.0, 0.04176666666666667, 0.0], [0.0, 0.060000000000000005, 0.0, 0.04176666666666667]]"
2026-07-27 16:44:03,57.08527459408148,19.95199880135721,0.0,communicating,-27.346155338104737,125.0704430456158,0.0,0.0,0.0,4.0,4.0,6.944444444444444e-05,6.944444444444444e-05,"[[19927.922372739056, 6.868753412442604, 25.11980439574749, -0.00014523559918633953], [6.868753412442603, 19956.017741559408, 0.00031330499640549, 25.120144867948177], [25.11980439574749, 0.00031330499640549, 0.08343333333333333, 0.0], [-0.00014523559918633953, 25.120144867948177, 0.0, 0.08343333333333333]]"
2026-07-27 16:54:03,57.08585362537565,19.95186760857768,0.0,communicating,-35.25946068690274,189.34291669794771,0.0,0.0,0.0,4.0,4.0,6.944444444444444e-05,6.944444444444444e-05,"[[82289.78501013505, 113.0324655408327, 75.10151176498283, -0.05830051055528907], [113.03246554083269, 82711.12686145779, 0.1349627729143517, 75.24259518564968], [75.10151176498283, 0.1349627729143517, 0.1251, 0.0], [-0.05830051055528907, 75.24259518564968, 0.0, 0.1251]]"
2026-07-27 17:04:03,57.08644347229549,19.951799974339806,0.0,communicating,-39.33903258293226,254.81592480064614,0.0,0.0,0.0,4.0,4.0,6.944444444444444e-05,6.944444444444444e-05,"[[219091.59341497617, 574.3316474811762, 149.9382161486109, -0.2244715831705846], [574.3316474811761, 221096.57214048327, 0.5478254188882025, 150.49484294445273], [149.9382161486109, 0.5478254188882025, 0.16676666666666665, 0.0], [-0.2244715831705846, 150.49484294445273, 0.0, 0.16676666666666665]]"
2026-07-27 17:14:03,57.08703764709974,19.95179513702297,0.0,communicating,-39.6308105705114,320.7693280723355,0.0,0.0,0.0,4.0,4.0,6.944444444444444e-05,6.944444444444444e-05,"[[459722.3822867629, 1841.5045736969066, 249.57741551316474, -0.5399544060529763], [1841.5045736969066, 465773.5550594233, 1.3889433853212894, 250.94839842429212], [249.57741551316474, 1.3889433853212894, 0.2084333333333333, 0.0], [-0.5399544060529763, 250.94839842429212, 0.0, 0.2084333333333333]]"
2026-07-27 17:24:03,57.08762644778243,19.951852080316048,0.0,communicating,-36.19609665312339,386.12620384996137,0.0,0.0,0.0,4.0,4.0,6.944444444444444e-05,6.944444444444444e-05,"[[833481.0268323103, 4580.109761324472, 373.9867122490831, -1.0355911603878147], [4580.109761324472, 847678.7612554611, 2.8078971430756647, 376.6762809279421], [373.9867122490831, 2.8078971430756647, 0.2501, 0.0], [-1.0355911603878147, 376.6762809279421, 0.0, 0.2501]]"
2026-07-27 17:25:03,57.087684814832095,19.95186396601458,1.3548946451716444,descending,-35.47917334305979,392.6049463635668,0.0,0.0,0.0,4.0,4.0,6.944444444444444e-05,6.944444444444444e-05,"[[879089.0777553254, 5011.8068919304305, 388.90282679325003, -1.1069015724039222], [5011.80689193043, 894500.6171388086, 3.023039585149859, 391.7844445535098], [388.90282679325003, 3.023039585149859, 0.25426666666666664, 0.0], [-1.1069015724039222, 391.7844445535098, 0.0, 0.25426666666666664]]"
2026-07-27 17:26:03,57.087742244318385,19.951872442237796,2.7097892903432887,descending,-34.96790326596779,398.97961934141995,0.0,0.0,0.0,4.0,4.0,6.944444444444444e-05,6.944444444444444e-05,"[[926483.0998996081, 5470.690092228391, 404.0660750212886, -1.180811390702588], [5470.690092228391, 943179.0313248733, 3.2469412426215762, 407.14712046112953], [404.0660750212886, 3.2469412426215762, 0.2584333333333333, 0.0], [-1.180811390702588, 407.14712046112953, 0.0, 0.2584333333333333]]"
2026-07-27 17:27:03,57.08779889539682,19.951877533225286,4.064683935514934,descending,-34.660824334573896,405.26788904814015,0.0,0.0,0.0,4.0,4.0,6.944444444444444e-05,6.944444444444444e-05,"[[975691.9293734325, 5956.962724612438, 419.4763865974804, -1.2574207076956743], [5956.962724612437, 993747.6004869425, 3.479429584125108, 422.76478837712426], [419.4763865974804, 3.479429584125108, 0.26259999999999994, 0.0], [-1.2574207076956743, 422.76478837712426, 0.0, 0.26259999999999994]]"
2026-07-27 17:28:03,57.08785498272835,19.95187978380061,5.4195785806865775,descending,-34.52507380151695,411.4935828483023,0.0,0.0,0.0,4.0,4.0,6.944444444444444e-05,6.944444444444444e-05,"[[1026744.4237301534, 6471.013551234959, 435.13370028343536, -1.3368041828469874], [6471.013551234958, 1046240.1786813863, 3.720401707190166, 438.6379476302872], [435.13370028343536, 3.720401707190166, 0.2667666666666666, 0.0], [-1.3368041828469874, 438.6379476302872, 0.0, 0.2667666666666666]]"
2026-07-27 17:29:03,57.0879106726188,19.951879689800343,6.774473225858221,descending,-34.53074372342921,417.6751606871828,0.0,0.0,0.0,4.0,4.0,6.944444444444444e-05,6.944444444444444e-05,"[[1079669.4408316845, 7013.367029169646, 451.03795888323754, -1.4190310518876583], [7013.367029169645, 1100690.9986763694, 3.9698170001295363, 454.7671397447848], [451.03795888323754, 3.9698170001295363, 0.27093333333333325, 0.0], [-1.4190310518876583, 454.7671397447848, 0.0, 0.27093333333333325]]"
2026-07-27 17:30:03,57.08796609714987,19.951877703529558,8.129367871029865,descending,-34.650551896527986,423.8272836361152,0.0,0.0,0.0,4.0,4.0,6.944444444444444e-05,6.944444444444444e-05,"[[1134495.818915426, 7584.640398922618, 467.18910484292337, -1.5041951567697855], [7584.640398922616, 1157134.6856858449, 4.227705010180246, 471.1529470850586], [467.18910484292337, 4.227705010180246, 0.2750999999999999, 0.0], [-1.5041951567697855, 471.1529470850586, 0.0, 0.2750999999999999]]"
2026-07-27 17:31:03,57.08802136603616,19.95187424732612,9.48426251620151,descending,-34.85902368315629,429.9621300143251,0.0,0.0,0.0,4.0,4.0,6.944444444444444e-05,6.944444444444444e-05,"[[1191252.233881716, 8185.4310345786425, 483.5870514572669, -1.5924828223092646], [8185.431034578642, 1215606.3463418186, 4.494185835620177, 487.7960064050585], [483.5870514572669, 4.494185835620177, 0.27926666666666655, 0.0], [-1.5924828223092646, 487.7960064050585, 0.0, 0.27926666666666655]]"
2026-07-27 17:32:03,57.08807656682181,19.951869672657587,10.839157161373153,descending,-35.13495921186408,436.08941722169203,0.0,0.0,0.0,4.0,4.0,6.944444444444444e-05,6.944444444444444e-05,"[[1249966.6379150206, 8816.082615318894, 500.2315735231273, -1.684321047423097], [8816.082615318894, 1276141.6151700148, 4.769529144430962, 504.69701231807096], [500.2315735231273, 4.769529144430962, 0.2834333333333332, 0.0], [-1.684321047423097, 504.69701231807096, 0.0, 0.2834333333333332]]"
2026-07-27 17:33:03,57.08813178292625,19.951864265021708,12.194051806544797,descending,-35.46113778717357,442.2184048146684,0.0,0.0,0.0,4.0,4.0,6.944444444444444e-05,6.944444444444444e-05,"[[1310665.1645577494, 9476.836936353526, 517.1221039998517, -1.7804301727373937], [9476.836936353524, 1338777.4562956665, 5.054277581961198, 521.8568654118573], [517.1221039998517, 5.054277581961198, 0.28759999999999986, 0.0], [-1.7804301727373937, 521.8568654118573, 0.0, 0.28759999999999986]]"
2026-07-27 17:34:03,57.08818712857552,19.95185819316862,13.548946451716441,descending,-35.827380713778304,448.3617718837081,0.0,0.0,0.0,4.0,4.0,6.944444444444444e-05,6.944444444444444e-05,"[[1373366.8584937067, 10168.373278946345, 534.2567435317134, -1.8822942493532497], [10168.373278946343, 1403554.9882633893, 5.349946556435437, 539.2771850966199], [534.2567435317134, 5.349946556435437, 0.2917666666666665, 0.0], [-1.8822942493532497, 539.2771850966199, 0.0, 0.2917666666666665]]"
2026-07-27 17:35:03,57.08824298773678,19.951850961292013,14.903841096888085,descending,-36.263594109355054,454.56213878333875,0.0,0.0,0.0,4.0,4.0,6.944444444444444e-05,6.944444444444444e-05,"[[1438025.8016057035, 10898.95607662666, 551.6213475605, -1.9969046604349328], [10898.956076626657, 1470531.209699421, 5.666664032542398, 556.9623663882586], [551.6213475605, 5.666664032542398, 0.29593333333333316, 0.0], [-1.9969046604349328, 556.9623663882586, 0.0, 0.29593333333333316]]"
2026-07-27 17:36:03,57.08830209050074,19.951843066422803,16.25873574205973,descending,-36.73979799020647,461.1225455831273,0.0,0.0,0.0,4.0,4.0,6.944444444444444e-05,6.944444444444444e-05,"[[1504772.5120121294, 11964.09719362484, 569.2357418066932, -2.1333144144954117], [11964.097193624835, 1539349.8414992979, 6.123613434614963, 574.8387270839374], [569.2357418066932, 6.123613434614963, 0.3000999999999998, 0.0], [-2.1333144144954117, 574.8387270839374, 0.0, 0.3000999999999998]]"
2026-07-27 17:37:03,57.08836596349692,19.951834730814138,17.613630387231375,descending,-37.24258645815881,468.21244815910813,0.0,0.0,0.0,4.0,4.0,6.944444444444444e-05,6.944444444444444e-05,"[[1573819.1889690529, 13626.982686458821, 587.1336329152853, -2.2958544749420633], [13626.982686458818, 1609661.268142992, 6.816087838692956, 592.838368546543], [587.1336329152853, 6.816087838692956, 0.30426666666666646, 0.0], [-2.2958544749420633, 592.838368546543, 0.0, 0.30426666666666646]]"
2026-07-27 17:38:03,57.088416544948025,19.951819469063953,18.96852503240302,descending,-38.16314694791422,473.82698923148376,0.0,0.0,0.0,4.0,4.0,6.944444444444444e-05,6.944444444444444e-05,"[[1645773.5062991243, 14576.866156630906, 605.4190391955492, -2.403701577554809], [14576.866156630902, 1682858.3009852238, 7.172931840427406, 611.2198329516219], [605.4190391955492, 7.172931840427406, 0.3084333333333331, 0.0], [-2.403701577554809, 611.2198329516219, 0.0, 0.3084333333333331]]"
2026-07-27 17:39:03,57.08845305561184,19.951794033441647,20.323419677574663,descending,-39.69737655068809,477.87967291541355,0.0,0.0,0.0,4.0,4.0,6.944444444444444e-05,6.944444444444444e-05,"[[1720448.1143349244, 15287.071958344863, 624.0462603936841, -2.4223693706284304], [15287.071958344859, 1758513.476594403, 7.3433892602412865, 629.894031968428], [624.0462603936841, 7.3433892602412865, 0.31259999999999977, 0.0], [-2.4223693706284304, 629.894031968428, 0.0, 0.31259999999999977]]"
2026-07-27 17:40:03,57.088474538162615,19.951754748146406,21.678314322746306,descending,-42.06699276032902,480.2642360512446,0.0,0.0,0.0,4.0,4.0,6.944444444444444e-05,6.944444444444444e-05,"[[1797583.2440428326, 16401.49465392021, 642.9594917420867, -2.310957826926038], [16401.494653920206, 1836037.6221985011, 7.519659117131812, 648.748032230459], [642.9594917420867, 7.519659117131812, 0.3167666666666664, 0.0], [-2.310957826926038, 648.748032230459, 0.0, 0.3167666666666664]]"
2026-07-27 17:41:03,57.08848637411636,19.951711912850786,23.03320896791795,descending,-44.65073841436755,481.5780269166944,0.0,0.0,0.0,4.0,4.0,6.944444444444444e-05,6.944444444444444e-05,"[[1877056.712214395, 17449.03202742988, 662.129975570772, -2.194165390997879], [17449.032027429872, 1915452.1715600062, 7.656838133885226, 667.78423430762], [662.129975570772, 7.656838133885226, 0.32093333333333307, 0.0], [-2.194165390997879, 667.78423430762, 0.0, 0.32093333333333307]]"
2026-07-27 17:42:03,57.0884913664891,19.951670939645954,24.388103613089594,descending,-47.12216620262417,482.1321802913804,0.0,0.0,0.0,4.0,4.0,6.944444444444444e-05,6.944444444444444e-05,"[[1958803.2286833383, 18137.875042864987, 681.5407482648409, -2.14370914750361], [18137.875042864984, 1996772.574653713, 7.728526145964956, 687.0036501608249], [681.5407482648409, 7.728526145964956, 0.3250999999999997, 0.0], [-2.14370914750361, 687.0036501608249, 0.0, 0.3250999999999997]]"
2026-07-27 17:43:03,57.08849198141141,19.951631953849176,25.742998258261238,descending,-49.47371721999954,482.2004366674176,0.0,0.0,0.0,4.0,4.0,6.944444444444444e-05,6.944444444444444e-05,"[[2042789.8562974941, 18699.89809504584, 701.1816442883646, -2.119420800138539], [18699.898095045835, 2080141.1920332592, 7.779500939624814, 706.4277469497346], [701.1816442883646, 7.779500939624814, 0.3292666666666664, 0.0], [-2.119420800138539, 706.4277469497346, 0.0, 0.3292666666666664]]"
2026-07-27 17:44:03,57.08848989096314,19.951595075651507,27.097892903432882,descending,-51.69814176453338,481.96839690941107,0.0,0.0,0.0,4.0,4.0,6.944444444444444e-05,6.944444444444444e-05,"[[2128995.453323423, 19316.698915048964, 721.0450489745313, -2.0916246857312335], [19316.69891504896, 2165666.587160589, 7.843141270167919, 726.0712559035996], [721.0450489745313, 7.843141270167919, 0.333433333333333, 0.0], [-2.0916246857312335, 726.0712559035996, 0.0, 0.333433333333333]]"
2026-07-27 17:45:03,57.08848555933842,19.951559939112098,28.452787548604526,descending,-53.81751271046961,481.4875865658567,0.0,0.0,0.0,4.0,4.0,6.944444444444444e-05,6.944444444444444e-05,"[[2217461.889688151, 19994.74036607991, 741.1341897953121, -2.0625573707604414], [19994.740366079906, 2253395.417466735, 7.923079635018425, 745.9382423324685], [741.1341897953121, 7.923079635018425, 0.3375999999999997, 0.0], [-2.0625573707604414, 745.9382423324685, 0.0, 0.3375999999999997]]"
2026-07-27 17:46:03,57.088480617048866,19.951525492864924,29.80768219377617,descending,-55.895246507806874,480.93899242458326,0.0,0.0,0.0,4.0,4.0,6.944444444444444e-05,6.944444444444444e-05,"[[2308308.8854418457, 20742.813766267514, 761.464852281087, -2.039736489198036], [20742.81376626751, 2343464.568991915, 8.028830998339878, 766.0471216142067], [761.464852281087, 8.028830998339878, 0.34176666666666633, 0.0], [-2.039736489198036, 766.0471216142067, 0.0, 0.34176666666666633]]"
2026-07-27 17:47:03,57.08847505876506,19.951491726416574,31.162576838947814,descending,-57.93197609988776,480.32202292297546,0.0,0.0,0.0,4.0,4.0,6.944444444444444e-05,6.944444444444444e-05,"[[2401561.9554059897, 21566.981810144513, 782.0366900443637, -2.0236058264281866], [21566.981810144513, 2435900.409097093, 8.1619187798661, 786.3976491506933], [782.0366900443637, 8.1619187798661, 0.345933333333333, 0.0], [-2.0236058264281866, 786.3976491506933, 0.0, 0.345933333333333]]"
2026-07-27 17:48:03,57.08846911028212,19.951459163494786,32.51747148411946,descending,-59.89611120016704,479.66174131649433,0.0,0.0,0.0,4.0,4.0,6.944444444444444e-05,6.944444444444444e-05,"[[2497234.5289228116, 22439.347111478422, 802.8474422534786, -2.018201679409588], [22439.347111478422, 2530766.3820443368, 8.316610286342383, 806.995547482018], [802.8474422534786, 8.316610286342383, 0.35009999999999963, 0.0], [-2.018201679409588, 806.995547482018, 0.0, 0.35009999999999963]]"
2026-07-27 17:49:03,57.088463000655494,19.951428366836108,33.87236612929111,descending,-61.75370858240011,478.98357276050217,0.0,0.0,0.0,4.0,4.0,6.944444444444444e-05,6.944444444444444e-05,"[[2595337.1578164054, 23326.333655788672, 823.8945224787642, -2.027896139148697], [23326.333655788676, 2628133.1203540373, 8.48627087367484, 827.8473621414583], [823.8945224787642, 8.48627087367484, 0.3542666666666663, 0.0], [-2.027896139148697, 827.8473621414583, 0.0, 0.3542666666666663]]"
2026-07-27 17:50:03,57.08845671488145,19.951399345685296,35.227260774462756,descending,-63.50421062054354,478.2858518422123,0.0,0.0,0.0,4.0,4.0,6.944444444444444e-05,6.944444444444444e-05,"[[2695891.754054829, 24228.304347521782, 845.1772630802932, -2.0533797948838237], [24228.304347521786, 2728035.0334717175, 8.671710195900424, 848.953600360081], [845.1772630802932, 8.671710195900424, 0.35843333333333294, 0.0], [-2.0533797948838237, 848.953600360081, 0.0, 0.35843333333333294]]"
2026-07-27 17:51:03,57.088450172826526,19.95137225413963,36.582155419634404,descending,-65.1383224517823,477.55968374544165,0.0,0.0,0.0,4.0,4.0,6.944444444444444e-05,6.944444444444444e-05,"[[2798928.816453219, 25147.098897519372, 866.6963543949342, -2.095090072213549], [25147.098897519372, 2830516.023791973, 8.873919321284804, 870.316188593413], [866.6963543949342, 8.873919321284804, 0.3625999999999996, 0.0], [-2.095090072213549, 870.316188593413, 0.0, 0.3625999999999996]]"
2026-07-27 17:52:03,57.08844321677576,19.951347408340194,37.93705006480605,descending,-66.63697503242689,476.7875621103224,0.0,0.0,0.0,4.0,4.0,6.944444444444444e-05,6.944444444444444e-05,"[[2904490.614425491, 26086.32415726582, 888.4542384152651, -2.1531291054999184], [26086.32415726582, 2935632.1794105545, 9.094042954084257, 891.9387869277077], [888.4542384152651, 9.094042954084257, 0.36676666666666624, 0.0], [-2.1531291054999184, 891.9387869277077, 0.0, 0.36676666666666624]]"
2026-07-27 17:53:03,57.088435825587,19.95132481526187,39.2919447099777,descending,-67.99974764980249,475.9671401575119,0.0,0.0,0.0,4.0,4.0,6.944444444444444e-05,6.944444444444444e-05,"[[3012601.700478656, 27046.801284608635, 910.4505637881307, -2.228130078175305], [27046.80128460864, 3043421.5074014054, 9.332897085432988, 913.8221654516343], [910.4505637881307, 9.332897085432988, 0.3709333333333329, 0.0], [-2.228130078175305, 913.8221654516343, 0.0, 0.3709333333333329]]"
2026-07-27 17:54:03,57.08842797814226,19.951304481817296,40.646839355149346,descending,-69.22622334678769,475.09607379239907,0.0,0.0,0.0,4.0,4.0,6.944444444444444e-05,6.944444444444444e-05,"[[3123286.5328951627, 28029.44062127776, 932.6849832620453, -2.3207302175029185], [28029.44062127776, 3153922.4616926163, 9.591321205329114, 935.9671168860098], [932.6849832620453, 9.591321205329114, 0.37509999999999954, 0.0], [-2.3207302175029185, 935.9671168860098, 0.0, 0.37509999999999954]]"
2026-07-27 17:55:03,57.088419359004746,19.951286001345817,42.001734000320994,descending,-70.34093114020783,474.1393495280177,0.0,0.0,0.0,4.0,4.0,6.944444444444444e-05,6.944444444444444e-05,"[[3236633.5720269857, 29017.585404801895, 955.1665553439776, -2.4316626480111827], [29017.585404801892, 3267145.8876258805, 9.864975377595346, 958.3704237602334], [955.1665553439776, 9.864975377595346, 0.3792666666666662, 0.0], [-2.4316626480111827, 958.3704237602334, 0.0, 0.3792666666666662]]"
2026-07-27 17:56:03,57.0884097859314,19.95126913668137,43.35662864549264,descending,-71.35817644803896,473.0767383860246,0.0,0.0,0.0,4.0,4.0,6.944444444444444e-05,6.944444444444444e-05,"[[3352709.492816381, 29999.891580620377, 977.9007078003032, -2.5616820799342324], [29999.891580620373, 3383112.102212861, 10.151383366045033, 981.0303791485192], [977.9007078003032, 10.151383366045033, 0.38343333333333285, 0.0], [-2.5616820799342324, 981.0303791485192, 0.0, 0.38343333333333285]]"
2026-07-27 17:57:03,57.08839924081387,19.951253877560557,44.71152329066429,descending,-72.27857833878018,471.9062303405706,0.0,0.0,0.0,4.0,4.0,6.944444444444444e-05,6.944444444444444e-05,"[[3471547.371534023, 30974.09147039961, 1000.8877719963816, -2.711511511255083], [30974.09147039961, 3501856.4088699613, 10.450863928658828, 1003.9474674052144], [1000.8877719963816, 10.450863928658828, 0.3875999999999995, 0.0], [-2.711511511255083, 1003.9474674052144, 0.0, 0.3875999999999995]]"
2026-07-27 17:58:03,57.088387705532774,19.95124021382158,46.066417935835936,descending,-73.10274975365911,470.6258141385688,0.0,0.0,0.0,4.0,4.0,6.944444444444444e-05,6.944444444444444e-05,"[[3593180.5091484613, 31937.8179336509, 1024.1280927762964, -2.8818812975766157], [31937.8179336509, 3623414.385467985, 10.763736374924992, 1027.1221860305318], [1024.1280927762964, 10.763736374924992, 0.39176666666666615, 0.0], [-2.8818812975766157, 1027.1221860305318, 0.0, 0.39176666666666615]]"
2026-07-27 17:59:03,57.088375089628556,19.95122759434831,47.421312581007584,descending,-73.86393299623789,469.22544877048074,0.0,0.0,0.0,4.0,4.0,6.944444444444444e-05,6.944444444444444e-05,"[[3717626.170815099, 32891.84829662595, 1047.6197521770723, -3.0718222066171323], [32891.84829662594, 3747807.3247957625, 11.089537625199307, 1050.5530245701098], [1047.6197521770723, 11.089537625199307, 0.3959333333333328, 0.0], [-3.0718222066171323, 1050.5530245701098, 0.0, 0.3959333333333328]]"
2026-07-27 18:00:03,57.08836126432938,19.951215116710582,48.77620722617923,descending,-74.61656098174066,467.6908405616379,0.0,0.0,0.0,4.0,4.0,6.944444444444444e-05,6.944444444444444e-05,"[[3844888.928858756, 33839.26984423988, 1071.3591710541127, -3.279211505912479], [33839.26984423987, 3875045.0523455166, 11.427279520050545, 1074.2369719915498], [1071.3591710541127, 11.427279520050545, 0.40009999999999946, 0.0], [-3.279211505912479, 1074.2369719915498, 0.0, 0.40009999999999946]]"
2026-07-27 18:01:03,57.088346227747486,19.95120276240186,50.13110187135088,descending,-75.36174999017368,466.02177997191563,0.0,0.0,0.0,4.0,4.0,6.944444444444444e-05,6.944444444444444e-05,"[[3974998.772035335, 34777.97080693903, 1095.3464250938318, -3.5046988070080913], [34777.97080693902, 4005160.1323607718, 11.777244728379076, 1098.174250339778], [1095.3464250938318, 11.777244728379076, 0.4042666666666661, 0.0], [-3.5046988070080913, 1098.174250339778, 0.0, 0.4042666666666661]]"
2026-07-27 18:02:03,57.08833007236241,19.9511905299172,51.485996516522526,descending,-76.09959079712958,464.22853222826603,0.0,0.0,0.0,4.0,4.0,6.944444444444444e-05,6.944444444444444e-05,"[[4107988.2404215904, 35705.434762735524, 1119.5819309542517, -3.7489961522243322], [35705.434762735495, 4138188.025981197, 12.139684272722226, 1122.3654614373525], [1119.5819309542517, 12.139684272722226, 0.40843333333333276, 0.0], [-3.7489961522243322, 1122.3654614373525, 0.0, 0.40843333333333276]]"
2026-07-27 18:03:03,57.088312796365265,19.951178396506595,52.840891161694174,descending,-76.83145564022588,462.31089654528836,0.0,0.0,0.0,4.0,4.0,6.944444444444444e-05,6.944444444444444e-05,"[[4243887.450311432, 36619.10973945225, 1144.0657591622019, -4.012757778328654], [36619.10973945224, 4274161.664020859, 12.514807874303012, 1146.810840437137], [1144.0657591622019, 12.514807874303012, 0.4125999999999994, 0.0], [-4.012757778328654, 1146.810840437137, 0.0, 0.4125999999999994]]"
2026-07-27 18:04:03,57.08829463187282,19.951166031836028,54.19578580686582,descending,-77.57726965590103,460.2946378838472,0.0,0.0,0.0,4.0,4.0,6.944444444444444e-05,6.944444444444444e-05,"[[4382728.665132222, 37516.37092406687, 1168.7982600953794, -4.29681535218339], [37516.37092406686, 4413114.967356217, 12.903003063608601, 1171.5107392942623], [1168.7982600953794, 12.903003063608601, 0.41676666666666606, 0.0], [-4.29681535218339, 1171.5107392942623, 0.0, 0.41676666666666606]]"
2026-07-27 18:05:03,57.088275868199,19.951153049093435,55.55068045203747,descending,-78.36036463089705,458.211870089777,0.0,0.0,0.0,4.0,4.0,6.944444444444444e-05,6.944444444444444e-05,"[[4524545.614546284, 38394.58237287622, 1193.7799585569314, -4.602014013996982], [38394.582372876204, 4555082.263112374, 13.304687531110217, 1196.465545344724], [1193.7799585569314, 13.304687531110217, 0.4209333333333327, 0.0], [-4.602014013996982, 1196.465545344724, 0.0, 0.4209333333333327]]"
2026-07-27 18:06:03,57.08825650816513,19.95113944521263,56.905575097209116,descending,-79.18092551198559,456.0629063302119,0.0,0.0,0.0,4.0,4.0,6.944444444444444e-05,6.944444444444444e-05,"[[4669370.067704415, 39250.95777044077, 1219.0110992483592, -4.928985949094829], [39250.95777044076, 4700096.948697377, 13.720049656685843, 1221.6755096805773], [1219.0110992483592, 13.720049656685843, 0.42509999999999937, 0.0], [-4.928985949094829, 1221.6755096805773, 0.0, 0.42509999999999937]]"
2026-07-27 18:07:03,57.08823655458034,19.95112521715435,58.260469742380764,descending,-80.0391356214522,453.84805841872156,0.0,0.0,0.0,4.0,4.0,6.944444444444444e-05,6.944444444444444e-05,"[[4817234.017773894, 40082.58920849078, 1244.4919429320462, -5.278369293357621], [40082.58920849076, 4848192.542885354, 14.14927364824092, 1247.1408867934128], [1244.4919429320462, 14.14927364824092, 0.429266666666666, 0.0], [-5.278369293357621, 1247.1408867934128, 0.0, 0.429266666666666]]"
2026-07-27 18:08:03,57.08821601024162,19.951110361904632,59.61536438755241,descending,-80.93517675611719,451.5676368204125,0.0,0.0,0.0,4.0,4.0,6.944444444444444e-05,6.944444444444444e-05,"[[4968169.692525516, 40886.44443643748, 1270.2227667931077, -5.650808110462549], [40886.44443643745, 4999402.6872284, 14.59253939854551, 1272.8619345574903], [1270.2227667931077, 14.59253939854551, 0.43343333333333267, 0.0], [-5.650808110462549, 1272.8619345574903, 0.0, 0.43343333333333267]]"
2026-07-27 18:09:03,57.08819487793384,19.95109487647316,60.97025903272406,descending,-81.86922928673454,449.2219506569081,0.0,0.0,0.0,4.0,4.0,6.944444444444444e-05,6.944444444444444e-05,"[[5122209.565179228, 41659.36408363344, 1296.2038648078917, -6.0469523706507795], [41659.3640836334, 5153761.1474740375, 15.050022343925212, 1298.8389142149783], [1296.2038648078917, 15.050022343925212, 0.4375999999999993, 0.0], [-6.0469523706507795, 1298.8389142149783, 0.0, 0.4375999999999993]]"
2026-07-27 18:10:03,57.08817297489871,19.9510779196573,62.325153677895706,descending,-82.89203299669417,446.790713757718,0.0,0.0,0.0,4.0,4.0,6.944444444444444e-05,6.944444444444444e-05,"[[5279298.682418508, 42432.45115758692, 1322.4246003653457, -6.472512408053293], [42432.45115758688, 5311252.748732898, 15.535659750403628, 1325.065820557305], [1322.4246003653457, 15.535659750403628, 0.441766666666666, 0.0], [-6.472512408053293, 1325.065820557305, 0.0, 0.441766666666666]]"
2026-07-27 18:11:03,57.08815026195859,19.951059236283673,63.68004832306735,descending,-84.01897947193042,444.2695774042749,0.0,0.0,0.0,4.0,4.0,6.944444444444444e-05,6.944444444444444e-05,"[[5439435.790288345, 43216.96251640902, 1348.8814445034382, -6.929867279086831], [43216.96251640897, 5471894.1111152, 16.05470861728445, 1351.5409204341424], [1348.8814445034382, 16.05470861728445, 0.4459333333333326, 0.0], [-6.929867279086831, 1351.5409204341424, 0.0, 0.4459333333333326]]"
2026-07-27 18:12:03,57.088126756391915,19.951038818690975,65.034942968239,descending,-85.25053082764691,441.6604595036281,0.0,0.0,0.0,4.0,4.0,6.944444444444444e-05,6.944444444444444e-05,"[[5602644.150763735, 44014.74867930806, 1375.5740215590615, -7.419938592741032], [44014.748679308, 5635716.002787252, 16.60850645004712, 1378.2643231971763], [1375.5740215590615, 16.60850645004712, 0.4500999999999993, 0.0], [-7.419938592741032, 1378.2643231971763, 0.0, 0.4500999999999993]]"
2026-07-27 18:13:03,57.08810247540744,19.951016659322487,66.38983761341063,descending,-86.58714287162485,438.96527022617454,0.0,0.0,0.0,4.0,4.0,6.944444444444444e-05,6.944444444444444e-05,"[[5768946.859188993, 44827.78645860315, 1402.501949224958, -7.943658010496933], [44827.786458603085, 5802749.323383296, 17.198415516778525, 1405.2361455523744], [1402.501949224958, 17.198415516778525, 0.45426666666666593, 0.0], [-7.943658010496933, 1405.2361455523744, 0.0, 0.45426666666666593]]"
2026-07-27 18:14:03,57.08807743614138,19.950992750721515,67.74473225858227,descending,-88.02926537733097,436.1859116946648,0.0,0.0,0.0,4.0,4.0,6.944444444444444e-05,6.944444444444444e-05,"[[5938366.837345867, 45658.182236883025, 1429.6648379037024, -8.501967272289663], [45658.18223688296, 5973025.111062651, 17.82582307974526, 1432.4565117558236], [1429.6648379037024, 17.82582307974526, 0.4584333333333326, 0.0], [-8.501967272289663, 1432.4565117558236, 0.0, 0.4584333333333326]]"
2026-07-27 18:15:03,57.08805165565474,19.950967085526923,69.09962690375392,descending,-89.57734235512028,433.3242776766552,0.0,0.0,0.0,4.0,4.0,6.944444444444444e-05,6.944444444444444e-05,"[[6110926.8259943, 46508.17537226584, 1457.0622900352053, -9.09581822107041], [46508.17537226578, 6146574.5498038465, 18.492141655703463, 1459.925553813586], [1457.0622900352053, 18.492141655703463, 0.46259999999999923, 0.0], [-9.09581822107041, 1459.925553813586, 0.0, 0.46259999999999923]]"
2026-07-27 18:16:03,57.08802521993289,19.950939572640177,70.45452154892556,descending,-91.23686869962364,430.3899125514914,0.0,0.0,0.0,4.0,4.0,6.944444444444444e-05,6.944444444444444e-05,"[[6286767.173944202, 47318.7370811205, 1484.7077846599736, -9.719113681176891], [47318.73708112044, 6323336.690875567, 19.177034296449484, 1487.6329107145705], [1484.7077846599736, 19.177034296449484, 0.4667666666666659, 0.0], [-9.719113681176891, 1487.6329107145705, 0.0, 0.4667666666666659]]"
2026-07-27 18:17:03,57.08799832923745,19.950909986531016,71.8094161940972,descending,-93.02144797849883,427.40504535750347,0.0,0.0,0.0,4.0,4.0,6.944444444444444e-05,6.944444444444444e-05,"[[6466228.376624682, 47920.45715548991, 1512.6376140549457, -10.354091611139184], [47920.45715548985, 6503087.469906261, 19.82288334045687, 1515.550294255962], [1512.6376140549457, 19.82288334045687, 0.47093333333333254, 0.0], [-10.354091611139184, 1515.550294255962, 0.0, 0.47093333333333254]]"
2026-07-27 18:18:03,57.08797100561875,19.95087832060009,73.16431083926884,descending,-94.93147825184938,424.3721236819204,0.0,0.0,0.0,4.0,4.0,6.944444444444444e-05,6.944444444444444e-05,"[[6649352.839525419, 48295.42757577121, 1540.8520831923695, -11.001250235976839], [48295.42757577115, 6685832.261331192, 20.42760849794084, 1543.6762381261194], [1540.8520831923695, 20.42760849794084, 0.4750999999999992, 0.0], [-11.001250235976839, 1543.6762381261194, 0.0, 0.4750999999999992]]"
2026-07-27 18:19:03,57.087943271279954,19.950844568188074,74.51920548444048,descending,-96.96736119825007,421.2936120760137,0.0,0.0,0.0,4.0,4.0,6.944444444444444e-05,6.944444444444444e-05,"[[6836182.869290878, 48424.89563957892, 1569.3514693787333, -11.661109930545912], [48424.89563957886, 6871575.769202358, 20.989069193380647, 1572.0092562133648], [1569.3514693787333, 20.989069193380647, 0.47926666666666584, 0.0], [-11.661109930545912, 1572.0092562133648, 0.0, 0.47926666666666584]]"
2026-07-27 18:20:03,57.08791514857541,19.950808722586086,75.87410012961212,descending,-99.12950148504274,418.1719918718912,0.0,0.0,0.0,4.0,4.0,6.944444444444444e-05,6.944444444444444e-05,"[[7026760.656124859, 48289.233934422344, 1598.1360216147357, -12.334213721909592], [48289.233934422286, 7060322.025757667, 21.50506262480156, 1600.5478426961997], [1598.1360216147357, 21.50506262480156, 0.4834333333333325, 0.0], [-12.334213721909592, 1600.5478426961997, 0.0, 0.4834333333333325]]"
2026-07-27 18:21:03,57.08788666000901,19.950770777046042,77.22899477478376,descending,-101.41830614382948,415.009761001006,0.0,0.0,0.0,4.0,4.0,6.944444444444444e-05,6.944444444444444e-05,"[[7221128.255718331, 47867.90950484133, 1627.2059599438976, -13.02112778777979], [47867.90950484128, 7252074.390532426, 21.97332176977014, 1629.2904721428088], [1627.2059599438976, 21.97332176977014, 0.48759999999999915, 0.0], [-13.02112778777979, 1629.2904721428088, 0.0, 0.48759999999999915]]"
2026-07-27 18:22:03,57.08785782823255,19.95073072479094,78.5838894199554,descending,-103.83418395110887,411.8094338142688,0.0,0.0,0.0,4.0,4.0,6.944444444444444e-05,6.944444444444444e-05,"[[7419327.5706883585, 47139.45220809852, 1656.5614747891127, -13.722441949996018], [47139.45220809847, 7446835.550042727, 22.391513337907657, 1658.2355996199303], [1656.5614747891127, 22.391513337907657, 0.4917666666666658, 0.0], [-13.722441949996018, 1658.2355996199303, 0.0, 0.4917666666666658]]"
2026-07-27 18:23:03,57.08782867604417,19.950688559025025,79.93878406512704,descending,-106.37754481400431,408.5735409036466,0.0,0.0,0.0,4.0,4.0,6.944444444444444e-05,6.944444444444444e-05,"[[7621400.331515368, 46081.42225359642, 1686.2027262764002, -14.438770161957262], [46081.42225359638, 7644607.51807161, 22.757235669781934, 1687.3816608111783], [1686.2027262764002, 22.757235669781934, 0.49593333333333245, 0.0], [-14.438770161957262, 1687.3816608111783, 0.0, 0.49593333333333245]]"
2026-07-27 18:24:03,57.087802519671186,19.950644159298964,81.29367871029868,descending,-109.05565401299154,405.6701835025652,0.0,0.0,0.0,4.0,4.0,6.944444444444444e-05,6.944444444444444e-05,"[[7827346.271062473, 45077.198152685676, 1716.1254385304994, -15.150294233892184], [45077.198152685625, 7845683.51512872, 23.13665088285234, 1716.7578748050305], [1716.1254385304994, 23.13665088285234, 0.5000999999999991, 0.0], [-15.150294233892184, 1716.7578748050305, 0.0, 0.5000999999999991]]"
2026-07-27 18:25:03,57.087779724569415,19.950597580507903,82.64857335547032,descending,-111.86520037507073,403.1399272060508,0.0,0.0,0.0,4.0,4.0,6.944444444444444e-05,6.944444444444444e-05,"[[8037210.039803933, 44175.35636151518, 1746.3302540025227, -15.854409816938846], [44175.356361515136, 8050113.610970274, 23.537077033125332, 1746.3668920436585], [1746.3302540025227, 23.537077033125332, 0.5042666666666658, 0.0], [-15.854409816938846, 1746.3668920436585, 0.0, 0.5042666666666658]]"
2026-07-27 18:26:03,57.087760306369034,19.95054889327434,84.00346800064196,descending,-114.80192408144148,400.9845069637567,0.0,0.0,0.0,4.0,4.0,6.944444444444444e-05,6.944444444444444e-05,"[[8251041.72904727, 43383.183447269206, 1776.8183573021488, -16.550631111502767], [43383.183447269155, 8257917.563886122, 23.95867643366966, 1776.2081148197408], [1776.8183573021488, 23.95867643366966, 0.5084333333333324, 0.0], [-16.550631111502767, 1776.2081148197408, 0.0, 0.5084333333333324]]"
2026-07-27 18:27:03,57.08774428065713,19.95049816832885,85.3583626458136,descending,-117.86155879556748,399.2056529415392,0.0,0.0,0.0,4.0,4.0,6.944444444444444e-05,6.944444444444444e-05,"[[8468892.157290448, 42708.07548642565, 1807.5909623866107, -17.238475703182406], [42708.0754864256, 8469114.59747667, 24.40160979333396, 1806.2809102592523], [1807.5909623866107, 24.40160979333396, 0.5125999999999991, 0.0], [-17.238475703182406, 1806.2809102592523, 0.0, 0.5125999999999991]]"
2026-07-27 18:28:03,57.087731662976786,19.95044547651336,86.71325729098524,descending,-121.03983146302964,397.80509042431896,0.0,0.0,0.0,4.0,4.0,6.944444444444444e-05,6.944444444444444e-05,"[[8690812.893470125, 42157.52992988985, 1838.6493133927606, -17.91746587619329], [42157.529929889795, 8683723.370579619, 24.866035925734106, 1836.5846087197463], [1838.6493133927606, 24.866035925734106, 0.5167666666666657, 0.0], [-17.91746587619329, 1836.5846087197463, 0.0, 0.5167666666666657]]"
2026-07-27 18:29:03,57.087722468826165,19.95039088878449,88.06815193615688,descending,-124.33246211222378,396.78453970549714,0.0,0.0,0.0,4.0,4.0,6.944444444444444e-05,6.944444444444444e-05,"[[8916856.28102686, 41739.136534537596, 1869.9946854944726, -18.58712999357595], [41739.13653453754, 8901761.946202243, 25.352111414249848, 1867.1185021666001], [1869.9946854944726, 25.352111414249848, 0.5209333333333324, 0.0], [-18.58712999357595, 1867.1185021666001, 0.0, 0.5209333333333324]]"
2026-07-27 18:30:03,57.087716713657315,19.950334476216828,89.42304658132852,descending,-127.73516365581948,396.14571596303256,0.0,0.0,0.0,4.0,4.0,6.944444444444444e-05,6.944444444444444e-05,"[[9147075.462809725, 41460.567313918866, 1901.6283857855958, -19.247003945114905], [41460.5673139188, 9123247.759448804, 25.859990231189812, 1897.881842527069], [1901.6283857855958, 25.859990231189812, 0.525099999999999, 0.0], [-19.247003945114905, 1897.881842527069, 0.0, 0.525099999999999]]"
2026-07-27 18:31:03,57.087714412874966,19.95027631000621,90.77794122650016,descending,-131.243641692886,395.8903291222759,0.0,0.0,0.0,4.0,4.0,6.944444444444444e-05,6.944444444444444e-05,"[[9381524.406842701, 41329.565459774036, 1933.5517541886372, -19.89663266388025], [41329.56545977398, 9348197.584432732, 26.389823309232646, 1928.873840021982], [1933.5517541886372, 26.389823309232646, 0.5292666666666657, 0.0], [-19.89663266388025, 1928.873840021982, 0.0, 0.5292666666666657]]"
2026-07-27 18:32:03,57.08771611528012,19.95021710038918,92.1328358716718,descending,-134.81505607091503,396.0792960937311,0.0,0.0,0.0,4.0,4.0,6.944444444444444e-05,6.944444444444444e-05,"[[9619846.623080581, 41150.525555571396, 1965.7239735332676, -20.570161361588394], [41150.52555557133, 9576856.710492324, 26.93572912820103, 1960.1171196953715], [1965.7239735332676, 26.93572912820103, 0.5334333333333323, 0.0], [-20.570161361588394, 1960.1171196953715, 0.0, 0.5334333333333323]]"
2026-07-27 18:33:03,57.08772216925748,19.95015734227167,93.48773051684344,descending,-138.41955498195188,396.7512875816286,0.0,0.0,0.0,4.0,4.0,6.944444444444444e-05,6.944444444444444e-05,"[[9861799.872513033, 40790.35507482962, 1998.1173628775116, -21.290483187953306], [40790.35507482955, 9809412.28625686, 27.494453710814483, 1991.6275818288343], [1998.1173628775116, 27.494453710814483, 0.537599999999999, 0.0], [-21.290483187953306, 1991.6275818288343, 0.0, 0.537599999999999]]"
2026-07-27 18:34:03,57.08773257953747,19.950097124327904,94.84262516201508,descending,-142.05178976032425,397.90682866066777,0.0,0.0,0.0,4.0,4.0,6.944444444444444e-05,6.944444444444444e-05,"[[10107394.659632742, 40242.82203852226, 2030.730754778785, -22.058608429465345], [40242.822038522194, 10045912.232209295, 28.066745940523504, 2023.406534016294], [2030.730754778785, 28.066745940523504, 0.5417666666666656, 0.0], [-22.058608429465345, 2023.406534016294, 0.0, 0.5417666666666656]]"
2026-07-27 18:35:03,57.08774735103603,19.950036534805122,96.19751980718672,descending,-145.70643749665732,399.546465000008,0.0,0.0,0.0,4.0,4.0,6.944444444444444e-05,6.944444444444444e-05,"[[10356641.001864946, 39501.8976019523, 2063.5629715796704, -22.875522191867656], [39501.89760195224, 10286405.173922686, 28.65338448447458, 2055.4553060062863], [2063.5629715796704, 28.65338448447458, 0.5459333333333323, 0.0], [-22.875522191867656, 2055.4553060062863, 0.0, 0.5459333333333323]]"
2026-07-27 18:36:03,57.087766488863025,19.949975661521886,97.55241445235836,descending,-149.37820113742433,401.67076379685926,0.0,0.0,0.0,4.0,4.0,6.944444444444444e-05,6.944444444444444e-05,"[[10609548.44482077, 38562.801840498636, 2096.612827127875, -23.74218281459451], [38562.80184049856, 10530940.45135677, 29.255380145321357, 2087.7752464417244], [2096.612827127875, 29.255380145321357, 0.5500999999999989, 0.0], [-23.74218281459451, 2087.7752464417244, 0.0, 0.5500999999999989]]"
2026-07-27 18:37:03,57.0877899983308,19.94991459186653,98.90730909753,descending,-153.06180958063774,404.28031471954216,0.0,0.0,0.0,4.0,4.0,6.944444444444444e-05,6.944444444444444e-05,"[[10866127.319854917, 37421.307087096175, 2129.87924970861, -24.659521645549802], [37421.3070870961, 10779568.112414997, 29.87382683962741, 2120.367723270232], [2129.87924970861, 29.87382683962741, 0.5542666666666656, 0.0], [-24.659521645549802, 2120.367723270232, 0.0, 0.5542666666666656]]"
2026-07-27 18:38:03,57.087817884962696,19.94985341279562,100.26220374270164,descending,-156.75201776762418,407.37573085979386,0.0,0.0,0.0,4.0,4.0,6.944444444444444e-05,6.944444444444444e-05,"[[11126388.258966288, 36070.13431457946, 2163.3612298336056, -25.628440929900723], [36070.13431457938, 11032338.885634314, 30.509197850062353, 2153.2341306670273], [2163.3612298336056, 30.509197850062353, 0.5584333333333322, 0.0], [-25.628440929900723, 2153.2341306670273, 0.0, 0.5584333333333322]]"
2026-07-27 18:39:03,57.087850154501744,19.949792210832484,101.61709838787328,descending,-160.44360677081798,410.9576496940931,0.0,0.0,0.0,4.0,4.0,6.944444444444444e-05,6.944444444444444e-05,"[[11390341.572103063, 34502.06936896863, 2197.0577575235216, -26.649811508091386], [34502.06936896855, 11289304.203127518, 31.1619694903402, 2186.3758811010325], [2197.0577575235216, 31.1619694903402, 0.5625999999999989, 0.0], [-26.649811508091386, 2186.3758811010325, 0.0, 0.5625999999999989]]"
2026-07-27 18:40:03,57.08788681291939,19.949731072065866,102.97199303304492,descending,-164.13138387750766,415.02673405377766,0.0,0.0,0.0,4.0,4.0,6.944444444444444e-05,6.944444444444444e-05,"[[11657997.253624335, 32709.974092569133, 2230.9678227811787, -27.72447118677925], [32709.974092569053, 11550516.197564095, 31.83262058343737, 2219.794404113298], [2230.9678227811787, 31.83262058343737, 0.5667666666666655, 0.0], [-27.72447118677925, 2219.794404113298, 0.0, 0.5667666666666655]]"
2026-07-27 18:41:03,57.0879269199646,19.949672433792237,104.32688767821656,descending,-167.66833588044983,419.47861607166783,0.0,0.0,0.0,4.0,4.0,6.944444444444444e-05,6.944444444444444e-05,"[[11929427.343496386, 30703.63255447863, 2265.096350480618, -28.85025556113057], [30703.63255447855, 11816071.688493244, 32.52182174059746, 2253.4953224841124], [2265.096350480618, 32.52182174059746, 0.5709333333333322, 0.0], [-28.85025556113057, 2253.4953224841124, 0.0, 0.5709333333333322]]"
2026-07-27 18:42:03,57.08796883722244,19.949620337510197,105.6817823233882,descending,-170.8106870738901,424.13143169147554,0.0,0.0,0.0,4.0,4.0,6.944444444444444e-05,6.944444444444444e-05,"[[12204750.87502293, 28508.241315291183, 2299.4525373454057, -30.02254542095104], [28508.241315291103, 12086103.681940598, 33.23058176540104, 2287.4874741233584], [2299.4525373454057, 33.23058176540104, 0.5750999999999988, 0.0], [-30.02254542095104, 2287.4874741233584, 0.0, 0.5750999999999988]]"
2026-07-27 18:43:03,57.08801251688477,19.949574815668488,107.03667696855985,descending,-173.55648020954064,428.9798742100284,0.0,0.0,0.0,4.0,4.0,6.944444444444444e-05,6.944444444444444e-05,"[[12483983.221965227, 26122.418439040768, 2334.0355531188275, -31.241601670243252], [26122.418439040684, 12360674.530006822, 33.959706306173466, 2321.7727863038012], [2334.0355531188275, 33.959706306173466, 0.5792666666666655, 0.0], [-31.241601670243252, 2321.7727863038012, 0.0, 0.5792666666666655]]"
2026-07-27 18:44:03,57.08805791131243,19.94953590050998,108.39157161373149,descending,-175.90377045740198,434.01865568090926,0.0,0.0,0.0,4.0,4.0,6.944444444444444e-05,6.944444444444444e-05,"[[12767139.301799322, 23545.047833859357, 2368.844550787598, -32.50766870418226], [23545.047833859273, 12639847.899696592, 34.710025544206815, 2356.3532400454396], [2368.844550787598, 34.710025544206815, 0.5834333333333321, 0.0], [-32.50766870418226, 2356.3532400454396, 0.0, 0.5834333333333321]]"
2026-07-27 18:45:03,57.08810497303788,19.949503624079153,109.74646625890313,descending,-177.85062495351104,439.24250720569705,0.0,0.0,0.0,4.0,4.0,6.944444444444444e-05,6.944444444444444e-05,"[[13054233.566340394, 20775.28998449679, 2403.8786663829296, -33.82097408771776], [20775.289984496703, 12923688.814831853, 35.48239468718409, 2391.2308713915427], [2403.8786663829296, 35.48239468718409, 0.5875999999999988, 0.0], [-33.82097408771776, 2391.2308713915427, 0.0, 0.5875999999999988]]"
2026-07-27 18:46:03,57.088153654767744,19.94947801822919,111.10136090407477,descending,-179.39512237340702,444.64617922018476,0.0,0.0,0.0,4.0,4.0,6.944444444444444e-05,6.944444444444444e-05,"[[13345279.992324349, 17812.592877384006, 2439.137018787832, -35.181728231155944], [17812.592877383922, 13212263.699231165, 36.27769447124159, 2426.4077727112353], [2439.137018787832, 36.27769447124159, 0.5917666666666654, 0.0], [-35.181728231155944, 2426.4077727112353, 0.0, 0.5917666666666654]]"
2026-07-27 18:47:03,57.08820390938536,19.949459114628596,112.4562555492464,descending,-180.53535253109763,450.2244417759551,0.0,0.0,0.0,4.0,4.0,6.944444444444444e-05,6.944444444444444e-05,"[[13640292.071955325, 14656.7031215328, 2474.6187095509817, -36.59012406255257], [14656.70312153272, 13505640.421189524, 37.096831671679695, 2461.88609402869], [2474.6187095509817, 37.096831671679695, 0.5959333333333321, 0.0], [-36.59012406255257, 2461.88609402869, 0.0, 0.5959333333333321]]"
2026-07-27 18:48:03,57.08825568995331,19.949446944767452,113.81115019441805,descending,-181.26941600328917,455.97208481768615,0.0,0.0,0.0,4.0,4.0,6.944444444444444e-05,6.944444444444444e-05,"[[13939282.803427994, 11307.677268738253, 2510.3228227075074, -38.0463366967336], [11307.677268738176, 13803888.33929384, 37.94073962232926, 2497.66804437897], [2510.3228227075074, 37.94073962232926, 0.6000999999999987, 0.0], [-38.0463366967336, 2497.66804437897, 0.0, 0.6000999999999987]]"
2026-07-27 18:49:03,57.08830894971582,19.949441539963225,115.16604483958969,descending,-181.59542377864116,461.88391845654917,0.0,0.0,0.0,4.0,4.0,6.944444444444444e-05,6.944444444444444e-05,"[[14242264.681433938, 7765.893336819662, 2546.2484246070317, -39.55052310073884], [7765.893336819584, 14107078.349610073, 38.81037874358678, 2533.755893190561], [2546.2484246070317, 38.81037874358678, 0.6042666666666654, 0.0], [-39.55052310073884, 2533.755893190561, 0.0, 0.6042666666666654]]"
2026-07-27 18:50:03,57.08836364210126,19.949442931366164,116.52093948476133,descending,-181.51149693178607,467.9547732400491,0.0,0.0,0.0,4.0,4.0,6.944444444444444e-05,6.944444444444444e-05,"[[14549249.687661547, 4032.062539714959, 2582.3945637493225, -41.10282175548891], [4032.0625397148806, 14415282.934278945, 39.70673707912676, 2570.1519716946123], [2582.3945637493225, 39.70673707912676, 0.608433333333332, 0.0], [-41.10282175548891, 2570.1519716946123, 0.0, 0.608433333333332]]"
2026-07-27 18:51:03,57.08841920238661,19.949450744273275,117.87583412993297,descending,-181.04023685291222,474.12196491429006,0.0,0.0,0.0,4.0,4.0,6.944444444444444e-05,6.944444444444444e-05,"[[14860402.8604984, 239.389811702409, 2618.773973556752, -42.68971861476788], [239.3898117023301, 14728344.130939381, 40.63992552380453, 2606.8380515745735], [2618.773973556752, 40.63992552380453, 0.6125999999999987, 0.0], [-42.68971861476788, 2606.8380515745735, 0.0, 0.6125999999999987]]"
2026-07-27 18:52:03,57.08847334203546,19.949463206728826,119.23072877510461,descending,-180.2885246282387,480.1314659376287,0.0,0.0,0.0,4.0,4.0,6.944444444444444e-05,6.944444444444444e-05,"[[15176429.477032252, -3025.5004833327716, 2655.4468654026014, -44.25176767627584], [-3025.500483332852, 15045287.336624645, 41.65068062362998, 2643.724446667697], [2655.4468654026014, 41.65068062362998, 0.6167666666666654, 0.0], [-44.25176767627584, 2643.724446667697, 0.0, 0.6167666666666654]]"
2026-07-27 18:53:03,57.08852602486675,19.94948027941024,120.58562342027625,descending,-179.25873212274908,485.9792602105,0.0,0.0,0.0,4.0,4.0,6.944444444444444e-05,6.944444444444444e-05,"[[15497394.26223734, -5734.842597230619, 2692.4152436420213, -45.78833370067305], [-5734.842597230699, 15366105.536797618, 42.740487196916014, 2680.809077132265], [2692.4152436420213, 42.740487196916014, 0.620933333333332, 0.0], [-45.78833370067305, 2680.809077132265, 0.0, 0.620933333333332]]"
2026-07-27 18:54:03,57.088577214904966,19.949501923093386,121.94051806544789,descending,-177.95322526305287,491.66135445184875,0.0,0.0,0.0,4.0,4.0,6.944444444444444e-05,6.944444444444444e-05,"[[15823363.249443633, -7860.363290393376, 2729.6811603131164, -47.29876512626838], [-7860.363290393456, 15690790.625988772, 43.91082375561658, 2718.089824334674], [2729.6811603131164, 43.91082375561658, 0.6250999999999987, 0.0], [-47.29876512626838, 2718.089824334674, 0.0, 0.6250999999999987]]"
2026-07-27 18:55:03,57.08862687638226,19.949528098654834,123.29541271061953,descending,-176.3743639020906,497.173778431132,0.0,0.0,0.0,4.0,4.0,6.944444444444444e-05,6.944444444444444e-05,"[[16154403.808197038, -9373.273961207466, 2767.2467153897455, -48.78239297628931], [-9373.273961207544, 16019333.37948121, 45.163161903430016, 2755.5645292888253], [2767.2467153897455, 45.163161903430016, 0.6292666666666653, 0.0], [-48.78239297628931, 2755.5645292888253, 0.0, 0.6292666666666653]]"
2026-07-27 18:56:03,57.08867497374063,19.949558767074045,124.65030735579117,descending,-174.52450168678874,502.5125852108424,0.0,0.0,0.0,4.0,4.0,6.944444444444444e-05,6.944444444444444e-05,"[[16490584.672357403, -10244.262595666352, 2805.1140570223315, -50.23852977343521], [-10244.26259566643, 16351723.42342376, 46.49896573686682, 2793.230991015216], [2805.1140570223315, 46.49896573686682, 0.633433333333332, 0.0], [-50.23852977343521, 2793.230991015216, 0.0, 0.633433333333332]]"
2026-07-27 18:57:03,57.08872147163422,19.949593889435498,126.00520200096281,descending,-172.40598592903535,507.67385139967354,0.0,0.0,0.0,4.0,4.0,6.944444444444444e-05,6.944444444444444e-05,"[[16831975.96843656, -10443.48555798473, 2843.2853817663317, -51.66646846393369], [-10443.485557984808, 16687949.203317732, 47.9196912493781, 2831.086964818481], [2843.2853817663317, 47.9196912493781, 0.6375999999999986, 0.0], [-51.66646846393369, 2831.086964818481, 0.0, 0.6375999999999986]]"
2026-07-27 18:58:03,57.08876633493167,19.949633426930777,127.36009664613445,descending,-170.02115748034595,512.6536774164572,0.0,0.0,0.0,4.0,4.0,6.944444444444444e-05,6.944444444444444e-05,"[[17178649.24417844, -9940.559244597069, 2881.76293479798, -53.065481353356844], [-9940.559244597147, 17027997.950823177, 49.426785738627764, 2869.1301604820974], [2881.76293479798, 49.426785738627764, 0.6417666666666653, 0.0], [-53.065481353356844, 2869.1301604820974, 0.0, 0.6417666666666653]]"
2026-07-27 18:59:03,57.0888095287186,19.949677340860593,128.7149912913061,descending,-167.3723506105835,517.4481877650138,0.0,0.0,0.0,4.0,4.0,6.944444444444444e-05,6.944444444444444e-05,"[[17530677.497382686, -8704.551625333994, 2920.5490101168953, -54.434819056451786], [-8704.551625334074, 17371855.648830924, 51.0216872169787, 2907.3582403789974], [2920.5490101168953, 51.0216872169787, 0.6459333333333319, 0.0], [-54.434819056451786, 2907.3582403789974, 0.0, 0.6459333333333319]]"
2026-07-27 19:00:03,57.088851018300176,19.949725592636696,130.06988593647773,descending,-164.4618928910951,522.053531320066,0.0,0.0,0.0,4.0,4.0,6.944444444444444e-05,6.944444444444444e-05,"[[17888135.20497295, -6703.973697347533, 2959.645950735112, -55.773709463301806], [-6703.973697347613, 17719506.994747143, 52.70582382525277, 2945.7688174968252], [2959.645950735112, 52.70582382525277, 0.6500999999999986, 0.0], [-55.773709463301806, 2945.7688174968252, 0.0, 0.6500999999999986]]"
2026-07-27 19:01:03,57.088890765822406,19.949778133913114,131.42478058164937,descending,-161.29270046148332,526.4655062877044,0.0,0.0,0.0,4.0,4.0,6.944444444444444e-05,6.944444444444444e-05,"[[18251097.694492873, -3906.8093916231483, 2999.0560949946366, -57.081354689306714], [-3906.809391623228, 18070934.987635255, 54.48060535825561, 2984.359422705662], [2999.0560949946366, 54.48060535825561, 0.6542666666666652, 0.0], [-57.081354689306714, 2984.359422705662, 0.0, 0.6542666666666652]]"
2026-07-27 19:02:03,57.08892877378369,19.94983433571572,132.779675226821,descending,-157.90271187531428,530.6843899910762,0.0,0.0,0.0,4.0,4.0,6.944444444444444e-05,6.944444444444444e-05,"[[18619614.41574693, -332.206001800708, 3038.7795244626723, -58.36103769627339], [-332.2060018007884, 18426132.974877477, 56.343158246968436, 3023.1285746121725], [3038.7795244626723, 56.343158246968436, 0.6584333333333319, 0.0], [-58.36103769627339, 3023.1285746121725, 0.0, 0.6584333333333319]]"
2026-07-27 19:03:03,57.08896607285779,19.949889816983408,134.13456987199265,descending,-154.55618462056077,534.8245872148724,0.0,0.0,0.0,4.0,4.0,6.944444444444444e-05,6.944444444444444e-05,"[[18993606.251401987, 3498.9915899760417, 3078.8051699949033, -59.655613873378755], [3498.99158997596, 18785272.29463423, 58.249543527180876, 3062.0901032363927], [3078.8051699949033, 58.249543527180876, 0.6625999999999985, 0.0], [-59.655613873378755, 3062.0901032363927, 0.0, 0.6625999999999985]]"
2026-07-27 19:04:03,57.08900267186916,19.949944569708133,135.4894645171643,descending,-151.2536017269617,538.8870774772823,0.0,0.0,0.0,4.0,4.0,6.944444444444444e-05,6.944444444444444e-05,"[[19373134.32717628, 7593.906765660568, 3119.1343076164862, -60.96519655439353], [7593.90676566049, 19148345.796077497, 60.200137915441786, 3101.242227195975], [3119.1343076164862, 60.200137915441786, 0.6667666666666652, 0.0], [-60.96519655439353, 3101.242227195975, 0.0, 0.6667666666666652]]"
2026-07-27 19:05:03,57.089038579654755,19.949998585839637,136.84435916233593,descending,-147.99544877173958,542.8728416790146,0.0,0.0,0.0,4.0,4.0,6.944444444444444e-05,6.944444444444444e-05,"[[19758260.452196606, 11959.663322264683, 3159.768227105201, -62.28991418553964], [11959.663322264607, 19515345.556780677, 62.19531608625806, 3140.583149217196], [3159.768227105201, 62.19531608625806, 0.6709333333333318, 0.0], [-62.28991418553964, 3140.583149217196, 0.0, 0.6709333333333318]]"
2026-07-27 19:06:03,57.08907380506368,19.9500518572849,138.19925380750757,descending,-144.78221391024957,546.782862069052,0.0,0.0,0.0,4.0,4.0,6.944444444444444e-05,6.944444444444444e-05,"[[20149047.128579196, 16603.381252951658, 3200.708232063146, -63.6299106042015], [16603.381252951578, 19886262.88445216, 64.23545066473605, 3180.1110565365107], [3200.708232063146, 64.23545066473605, 0.6750999999999985, 0.0], [-63.6299106042015, 3180.1110565365107, 0.0, 0.6750999999999985]]"
2026-07-27 19:07:03,57.089108356956835,19.950104375907674,139.55414845267921,descending,-141.61438790663007,550.6181222095536,0.0,0.0,0.0,4.0,4.0,6.944444444444444e-05,6.944444444444444e-05,"[[20545557.561133422, 21532.172560473467, 3241.9556399897847, -64.98534530574794], [21532.17256047339, 20261088.319030795, 66.32091221853513, 3219.824121306712], [3241.9556399897847, 66.32091221853513, 0.6792666666666651, 0.0], [-64.98534530574794, 3219.824121306712, 0.0, 0.6792666666666651]]"
2026-07-27 19:08:03,57.089142244206656,19.95015613352793,140.90904309785086,descending,-138.49246416446948,554.3796069399223,0.0,0.0,0.0,4.0,4.0,6.944444444444444e-05,6.944444444444444e-05,"[[20947855.06990941, 26756.88734169414, 3283.5117356865803, -66.35639276292258], [26756.88734169407, 20639811.64643836, 68.4526553838625, 3259.720489258323], [3283.5117356865803, 68.4526553838625, 0.6834333333333318, 0.0], [-66.35639276292258, 3259.720489258323, 0.0, 0.6834333333333318]]"
2026-07-27 19:09:03,57.08917547569675,19.950207121921384,142.2639377430225,descending,-135.41693875751207,558.0683023400454,0.0,0.0,0.0,4.0,4.0,6.944444444444444e-05,6.944444444444444e-05,"[[21356006.49309741, 32285.05934171019, 3325.378036378916, -67.7432479945236], [32285.05934171013, 21022421.887332138, 70.63110287615169, 3299.7983022828334], [3325.378036378916, 70.63110287615169, 0.6875999999999984, 0.0], [-67.7432479945236, 3299.7983022828334, 0.0, 0.6875999999999984]]"
2026-07-27 19:10:03,57.089208060321546,19.950257332818975,143.61883238819414,descending,-132.38831046041798,561.6851956927248,0.0,0.0,0.0,4.0,4.0,6.944444444444444e-05,6.944444444444444e-05,"[[21770079.55923961, 38124.04255367953, 3367.556080573872, -69.14612263585252], [38124.04255367947, 21408907.30367025, 72.85664880820686, 3340.0556889466734], [3367.556080573872, 72.85664880820686, 0.6917666666666651, 0.0], [-69.14612263585252, 3340.0556889466734, 0.0, 0.6917666666666651]]"
2026-07-27 19:11:03,57.08924000698599,19.950306757906343,144.97372703336578,descending,-129.40708077959428,565.2312754453096,0.0,0.0,0.0,4.0,4.0,6.944444444444444e-05,6.944444444444444e-05,"[[22190142.82164772, 44281.16783122811, 3410.047422048349, -70.56524503598669], [44281.16783122805, 21799255.402514517, 75.12968421045909, 3380.49076440656], [3410.047422048349, 75.12968421045909, 0.6959333333333317, 0.0], [-70.56524503598669, 3380.49076440656, 0.0, 0.6959333333333317]]"
2026-07-27 19:12:03,57.089271324605136,19.950355388823336,146.32862167853742,descending,-126.47375398411745,568.7075311705437,0.0,0.0,0.0,4.0,4.0,6.944444444444444e-05,6.944444444444444e-05,"[[22616265.666785117, 50763.73831407662, 3452.8536297110345, -72.00086045970632], [50763.73831407656, 22193452.939914107, 77.45059693573964, 3421.101630837495], [3452.8536297110345, 77.45059693573964, 0.7000999999999984, 0.0], [-72.00086045970632, 3421.101630837495, 0.0, 0.7000999999999984]]"
2026-07-27 19:13:03,57.08930202210384,19.950403217163487,147.68351632370906,descending,-123.58883713676059,572.1149535266467,0.0,0.0,0.0,4.0,4.0,6.944444444444444e-05,6.944444444444444e-05,"[[23048518.322622154, 57579.02489352714, 3495.9762874615026, -73.45323127730299], [57579.02489352709, 22591485.925132137, 79.81977156387171, 3461.886377863922], [3495.9762874615026, 79.81977156387171, 0.704266666666665, 0.0], [-73.45323127730299, 3461.886377863922, 0.0, 0.704266666666665]]"
2026-07-27 19:14:03,57.08933218914274,19.95045025995077,149.0384109688807,descending,-120.75130338240334,575.4634948448255,0.0,0.0,0.0,4.0,4.0,6.944444444444444e-05,6.944444444444444e-05,"[[23486876.634234704, 64799.371274502395, 3539.409971821441, -74.91609895475673], [64799.37127450234, 22993427.92550422, 82.24121425100012, 3502.849705869462], [3539.409971821441, 82.24121425100012, 0.7084333333333317, 0.0], [-74.91609895475673, 3502.849705869462, 0.0, 0.7084333333333317]]"
2026-07-27 19:15:03,57.089362565698245,19.95049674497145,150.39330561405234,descending,-117.9474130762479,578.835292505753,0.0,0.0,0.0,4.0,4.0,6.944444444444444e-05,6.944444444444444e-05,"[[23930528.890973087, 73037.47414721224, 3583.0917257087763, -76.32953899703797], [73037.47414721218, 23400075.925650902, 84.74884602340528, 3544.0501020260226], [3583.0917257087763, 84.74884602340528, 0.7125999999999983, 0.0], [-76.32953899703797, 3544.0501020260226, 0.0, 0.7125999999999983]]"
2026-07-27 19:16:03,57.089393159024006,19.950542672944522,151.74820025922398,descending,-115.17712284938648,582.2311516655059,0.0,0.0,0.0,4.0,4.0,6.944444444444444e-05,6.944444444444444e-05,"[[24379502.555167217, 82332.86844021898, 3627.0214880321964, -77.69211692783213], [82332.86844021892, 23811442.203120522, 87.34422941261364, 3585.486314765334], [3627.0214880321964, 87.34422941261364, 0.716766666666665, 0.0], [-77.69211692783213, 3585.486314765334, 0.0, 0.716766666666665]]"
2026-07-27 19:17:03,57.08942397633769,19.95058804461152,153.10309490439562,descending,-112.4403879738314,585.6518734846713,0.0,0.0,0.0,4.0,4.0,6.944444444444444e-05,6.944444444444444e-05,"[[24833825.16911317, 92725.86983095501, 3671.1992042846537, -79.00237988408816], [92725.86983095497, 24227538.124974992, 90.02894311027504, 3627.15704813081], [3671.1992042846537, 90.02894311027504, 0.7209333333333316, 0.0], [-79.00237988408816, 3627.15704813081, 0.0, 0.7209333333333316]]"
2026-07-27 19:18:03,57.08945502482066,19.95063286073735,154.45798954956726,descending,-109.73716231234302,589.0982550939257,0.0,0.0,0.0,4.0,4.0,6.944444444444444e-05,6.944444444444444e-05,"[[25293524.361930013, 104257.5845297461, 3715.624826649622, -80.25885638741161], [104257.58452974605, 24648374.12347129, 92.80458223509704, 3669.0609610375454], [3715.624826649622, 92.80458223509704, 0.7250999999999983, 0.0], [-80.25885638741161, 3669.0609610375454, 0.0, 0.7250999999999983]]"
2026-07-27 19:19:03,57.08948631161763,19.950677122111085,155.8128841947389,descending,-107.06739826907258,592.571089557396,0.0,0.0,0.0,4.0,4.0,6.944444444444444e-05,6.944444444444444e-05,"[[25758627.85659022, 116969.91916930764, 3760.2983141102663, -81.46005611110918], [116969.9191693076, 25073959.671568267, 95.6727586061909, 3711.1966665335704], [3760.2983141102663, 95.6727586061909, 0.729266666666665, 0.0], [-81.46005611110918, 3711.1966665335704, 0.0, 0.729266666666665]]"
2026-07-27 19:20:03,57.08951784383633,19.950720829546796,157.16777883991054,descending,-104.43104674101492,596.0711658338087,0.0,0.0,0.0,4.0,4.0,6.944444444444444e-05,6.944444444444444e-05,"[[26229163.477130827, 130905.59079822134, 3805.219632561736, -82.60446964290978], [130905.59079822127, 25504303.258276787, 98.63510102273776, 3753.5627310629543], [3805.219632561736, 98.63510102273776, 0.7334333333333316, 0.0], [-82.60446964290978, 3753.5627310629543, 0.0, 0.7334333333333316]]"
2026-07-27 19:21:03,57.08954962854716,19.950763983884325,158.52267348508218,descending,-101.82805707026276,599.5992687354302,0.0,0.0,0.0,4.0,4.0,6.944444444444444e-05,6.944444444444444e-05,"[[26705159.15605275, 146108.13697685685, 3850.3887549268, -83.69056824337082], [146108.13697685677, 25939412.363872383, 101.69325554987941, 3796.157673731412], [3850.3887549268, 101.69325554987941, 0.7375999999999983, 0.0], [-83.69056824337082, 3796.157673731412, 0.0, 0.7375999999999983]]"
2026-07-27 19:22:03,57.089581672782735,19.950806585990076,159.87756813025382,descending,-99.25837699705693,603.1561788848053,0.0,0.0,0.0,4.0,4.0,6.944444444444444e-05,6.944444444444444e-05,"[[27186642.94191603, 162621.9259739497, 3895.8056612750675, -84.71680359999105], [162621.92597394963, 26379293.434990693, 104.84888581073074, 3838.97996557506], [3895.8056612750675, 104.84888581073074, 0.7417666666666649, 0.0], [-84.71680359999105, 3838.97996557506, 0.0, 0.7417666666666649]]"
2026-07-27 19:23:03,57.089613983537554,19.950848636757772,161.23246277542546,descending,-96.7219526136253,606.7426726692997,0.0,0.0,0.0,4.0,4.0,6.944444444444444e-05,6.944444444444444e-05,"[[27673643.007139135, 180492.16706188305, 3941.4703389460155, -85.68160757705098], [180492.16706188297, 26823951.859627046, 108.10367328440472, 3882.0280288330127], [3941.4703389460155, 108.10367328440472, 0.7459333333333316, 0.0], [-85.68160757705098, 3882.0280288330127, 0.0, 0.7459333333333316]]"
2026-07-27 19:24:03,57.0896465677675,19.950890137109212,162.5873574205971,descending,-94.21872831880717,610.3595221934512,0.0,0.0,0.0,4.0,4.0,6.944444444444444e-05,6.944444444444444e-05,"[[28166187.656010605, 199764.92090844916, 3987.3827826760717, -86.58339196121833], [199764.92090844907, 27273391.942062516, 111.45931760993514, 3925.300236224519], [3987.3827826760717, 111.45931760993514, 0.7500999999999982, 0.0], [-86.58339196121833, 3925.300236224519, 0.0, 0.7500999999999982]]"
2026-07-27 19:25:03,57.089679432389445,19.950931087995006,163.94225206576874,descending,-91.74864677345477,614.0074952291385,0.0,0.0,0.0,4.0,4.0,6.944444444444444e-05,6.944444444444444e-05,"[[28664305.332921837, 220487.1100627306, 4033.5429947299917, -87.42054820294904], [220487.1100627305, 27727616.87774003, 114.91753689597363, 3968.7949102313537], [4033.5429947299917, 114.91753689597363, 0.7542666666666649, 0.0], [-87.42054820294904, 3968.7949102313537, 0.0, 0.7542666666666649]]"
2026-07-27 19:26:03,57.08971258428075,19.95097149039531,165.29714671094038,descending,-89.31164885661059,617.6873551635739,0.0,0.0,0.0,4.0,4.0,6.944444444444444e-05,6.944444444444444e-05,"[[29168024.630830012, 242706.52953253707, 4079.9509850367817, -88.19144715372238], [242706.529532537, 28186628.72811537, 118.48006803613431, 4012.5103223862393], [4079.9509850367817, 118.48006803613431, 0.7584333333333315, 0.0], [-88.19144715372238, 4012.5103223862393, 0.0, 0.7584333333333315]]"
2026-07-27 19:27:03,57.089746001942004,19.951011468941843,166.65204135611202,descending,-86.90021701368484,621.3967155629866,0.0,0.0,0.0,4.0,4.0,6.944444444444444e-05,6.944444444444444e-05,"[[29677375.724848345, 266430.15051235014, 4126.606787430416, -88.89836905706457], [266430.1505123501, 28649753.05150181, 122.14573560814287, 4056.397059710438], [4126.606787430416, 122.14573560814287, 0.7625999999999982, 0.0], [-88.89836905706457, 4056.397059710438, 0.0, 0.7625999999999982]]"
2026-07-27 19:28:03,57.08977962298639,19.95105131539356,168.00693600128366,descending,-84.49675288547155,625.1286514905715,0.0,0.0,0.0,4.0,4.0,6.944444444444444e-05,6.944444444444444e-05,"[[30192388.00921694, 291599.8565385417, 4173.51024456361, -89.54990054675635], [291599.85653854156, 29115363.20408906, 125.90928249725329, 4100.3400882579845], [4173.51024456361, 125.90928249725329, 0.7667666666666648, 0.0], [-89.54990054675635, 4100.3400882579845, 0.0, 0.7667666666666648]]"
2026-07-27 19:29:03,57.089813450436544,19.951091030642843,169.3618306464553,descending,-82.10120264459057,628.883498457121,0.0,0.0,0.0,4.0,4.0,6.944444444444444e-05,6.944444444444444e-05,"[[30713086.14274796, 318250.0409103134, 4220.661054488251, -90.14594955771409], [318250.0409103132, 29583391.26243057, 129.77228116540908, 4144.335873996544], [4220.661054488251, 129.77228116540908, 0.7709333333333315, 0.0], [-90.14594955771409, 4144.335873996544, 0.0, 0.7709333333333315]]"
2026-07-27 19:30:03,57.089847487276856,19.95113061559797,170.71672529162694,descending,-79.71351150586773,632.6615877316934,0.0,0.0,0.0,4.0,4.0,6.944444444444444e-05,6.944444444444444e-05,"[[31239494.759169612, 346414.9572958115, 4268.058917618586, -90.68647625549984], [346414.9572958113, 30053768.765977755, 133.73631132771922, 4188.3808931643225], [4268.058917618586, 133.73631132771922, 0.7750999999999981, 0.0], [-90.68647625549984, 4188.3808931643225, 0.0, 0.7750999999999981]]"
2026-07-27 19:31:03,57.089881736452824,19.951170071183416,172.07161993679858,descending,-77.33362370683838,636.4632462644817,0.0,0.0,0.0,4.0,4.0,6.944444444444444e-05,6.944444444444444e-05,"[[31771638.4716969, 376128.6984180275, 4315.703536961643, -91.17149413141786], [376128.6984180273, 30526426.755661137, 137.80295973170112, 4232.4716332112575], [4315.703536961643, 137.80295973170112, 0.7792666666666648, 0.0], [-91.17149413141786, 4232.4716332112575, 0.0, 0.7792666666666648]]"
2026-07-27 19:32:03,57.089916200870356,19.951209398340158,173.42651458197022,descending,-74.96148248899775,640.2887966105699,0.0,0.0,0.0,4.0,4.0,6.944444444444444e-05,6.944444444444444e-05,"[[32309541.877547067, 407425.1747534286, 4363.594618345943, -91.60107109373355], [407425.17475342855, 31001295.81281853, 141.97381993481667, 4276.604593735137], [4363.594618345943, 141.97381993481667, 0.7834333333333314, 0.0], [-91.60107109373355, 4276.604593735137, 0.0, 0.7834333333333314]]"
2026-07-27 19:33:03,57.089950883395076,19.951248598025998,174.78140922714186,descending,-72.59703007980364,644.1385568546119,0.0,0.0,0.0,4.0,4.0,6.944444444444444e-05,6.944444444444444e-05,"[[32853229.562392466, 440338.0932626684, 4411.731870648203, -91.97533055452321], [440338.09326266835, 31478306.09843815, 146.25049208048839, 4320.776287411989], [4411.731870648203, 146.25049208048839, 0.7875999999999981, 0.0], [-91.97533055452321, 4320.776287411989, 0.0, 0.7875999999999981]]"
2026-07-27 19:34:03,57.08998578685167,19.95128767121583,176.1363038723135,descending,-70.24020767543858,648.0128405364582,0.0,0.0,0.0,4.0,4.0,6.944444444444444e-05,6.944444444444444e-05,"[[33402726.104743347, 474900.9361726544, 4460.115006017699, -92.29445251165248], [474900.9361726543, 31957387.392684475, 150.63458267275982, 4364.983240920123], [4460.115006017699, 150.63458267275982, 0.7917666666666647, 0.0], [-92.29445251165248, 4364.983240920123, 0.0, 0.7917666666666647]]"
2026-07-27 19:35:03,57.09002091402321,19.95132661890192,177.49119851748515,descending,-67.89095542433788,651.9119565777578,0.0,0.0,0.0,4.0,4.0,6.944444444444444e-05,6.944444444444444e-05,"[[33958056.08025331, 511146.9398293127, 4508.743740097936, -92.55867462539621], [511146.9398293127, 32438469.134673856, 155.12770434978637, 4409.221995857172], [4508.743740097936, 155.12770434978637, 0.7959333333333314, 0.0], [-92.55867462539621, 4409.221995857172, 0.0, 0.7959333333333314]]"
2026-07-27 19:36:03,57.09005626765053,19.951365442094158,178.84609316265679,descending,-65.54921241148938,655.836209209564,0.0,0.0,0.0,4.0,4.0,6.944444444444444e-05,6.944444444444444e-05,"[[34519244.06594042, 549109.0736404037, 4557.617792245312, -92.76829328920374], [549109.0736404037, 32921480.462466806, 159.73147565633968, 4453.489109649498], [4557.617792245312, 159.73147565633968, 0.800099999999998, 0.0], [-92.76829328920374, 4453.489109649498, 0.0, 0.800099999999998]]"
2026-07-27 19:37:03,57.090091850431534,19.951404141820323,180.20098780782843,descending,-63.214916643510286,659.7858979009686,0.0,0.0,0.0,4.0,4.0,6.944444444444444e-05,6.944444444444444e-05,"[[35086314.64431679, 588820.0191277077, 4606.7368857444135, -92.9236646941182], [588820.0191277077, 33406350.25324362, 164.44752081551408, 4497.7811564533185], [4606.7368857444135, 164.44752081551408, 0.8042666666666647, 0.0], [-92.9236646941182, 4497.7811564533185, 0.0, 0.8042666666666647]]"
2026-07-27 19:38:03,57.09012766502061,19.951442719126295,181.55588245300007,descending,-60.88800503450579,663.7613172887957,0.0,0.0,0.0,4.0,4.0,6.944444444444444e-05,6.944444444444444e-05,"[[35659292.40741996, 630312.1491077861, 4656.100748019611, -93.02520588636577], [630312.1491077862, 33893007.163629465, 169.2774694998246, 4542.0947280469345], [4656.100748019611, 169.2774694998246, 0.8084333333333313, 0.0], [-93.02520588636577, 4542.0947280469345, 0.0, 0.8084333333333313]]"
2026-07-27 19:39:03,57.090163714027995,19.9514811750763,182.9107770981717,descending,-58.56841339271431,667.7627571083742,0.0,0.0,0.0,4.0,4.0,6.944444444444444e-05,6.944444444444444e-05,"[[36238201.9607392, 673617.5070205004, 4705.709110842595, -93.07339581763479], [673617.5070205005, 34381379.67013432, 174.22295660189707, 4586.426434713345], [4705.709110842595, 174.22295660189707, 0.812599999999998, 0.0], [-93.07339581763479, 4586.426434713345, 0.0, 0.812599999999998]]"
2026-07-27 19:40:03,57.09020000001914,19.951519510753098,184.26567174334335,descending,-56.256076407942764,671.7905021254224,0.0,0.0,0.0,4.0,4.0,6.944444444444444e-05,6.944444444444444e-05,"[[36823067.92703039, 718767.7864242297, 4755.561710535497, -93.06877638756175], [718767.7864242297, 34871396.10967471, 179.28562200493408, 4630.772906112716], [4755.561710535497, 179.28562200493408, 0.8167666666666646, 0.0], [-93.06877638756175, 4630.772906112716, 0.0, 0.8167666666666646]]"
2026-07-27 19:41:03,57.09023626123246,19.9515577501601,185.620566388515,descending,-53.949546238659345,675.815496803848,0.0,0.0,0.0,4.0,4.0,6.944444444444444e-05,6.944444444444444e-05,"[[37414171.983541414, 765030.7532553163, 4805.673891343856, -93.05889755971265], [765030.7532553165, 35365103.668735944, 184.41681507617997, 4675.272760630887], [4805.673891343856, 184.41681507617997, 0.8209333333333313, 0.0], [-93.05889755971265, 4675.272760630887, 0.0, 0.8209333333333313]]"
2026-07-27 19:42:03,57.09027241030155,19.951595900926513,186.97546103368663,descending,-51.64836270567136,679.8280434733462,0.0,0.0,0.0,4.0,4.0,6.944444444444444e-05,6.944444444444444e-05,"[[38011633.67857323, 812164.3601314208, 4856.0508941348, -93.05955835347716], [812164.3601314209, 35863206.050850645, 189.600295943715, 4719.972338226288], [4856.0508941348, 189.600295943715, 0.825099999999998, 0.0], [-93.05955835347716, 4719.972338226288, 0.0, 0.825099999999998]]"
2026-07-27 19:43:03,57.09030844712897,19.951633962932043,188.33035567885827,descending,-49.352533064491006,683.8281313165089,0.0,0.0,0.0,4.0,4.0,6.944444444444444e-05,6.944444444444444e-05,"[[38615489.14928065, 860175.7605983354, 4906.692834475018, -93.07094522276658], [860175.7605983354, 36365717.49705026, 194.83632319819534, 4764.871288175611], [4906.692834475018, 194.83632319819534, 0.8292666666666646, 0.0], [-93.07094522276658, 4764.871288175611, 0.0, 0.8292666666666646]]"
2026-07-27 19:44:03,57.09034437161782,19.951671936056545,189.6852503240299,descending,-47.06206456230525,687.8157495786317,0.0,0.0,0.0,4.0,4.0,6.944444444444444e-05,6.944444444444444e-05,"[[39225774.58358593, 909072.1275824662, 4957.599828372075, -93.0932454850604], [909072.1275824663, 36872652.1535731, 200.1251553298237, 4809.9692589307715], [4957.599828372075, 200.1251553298237, 0.8334333333333312, 0.0], [-93.0932454850604, 4809.9692589307715, 0.0, 0.8334333333333312]]"
2026-07-27 19:45:03,57.090380183671776,19.951709820180007,191.04014496920155,descending,-44.77696443789747,691.7908875679833,0.0,0.0,0.0,4.0,4.0,6.944444444444444e-05,6.944444444444444e-05,"[[39842526.220457, 958860.6534093594, 5008.771992275897, -93.12664731395857], [958860.6534093593, 37384024.07184302, 205.46705073010952, 4855.26589812125], [5008.771992275897, 205.46705073010952, 0.8375999999999979, 0.0], [-93.12664731395857, 4855.26589812125, 0.0, 0.8375999999999979]]"
2026-07-27 19:55:03,57.09073717890494,19.952087770205537,191.04014496920155,parking,-21.979719274612215,731.4173584488475,0.0,0.0,0.0,4.0,4.0,6.944444444444444e-05,6.944444444444444e-05,"[[46359409.30116568, 1495572.670259529, 5523.14650031936, -93.5735714918134], [1495572.670259529, 42769599.18686145, 259.4192203655958, 5310.215442473184], [5523.14650031936, 259.4192203655958, 0.8792666666666645, 0.0], [-93.5735714918134, 5310.215442473184, 0.0, 0.8792666666666645]]"
2026-07-27 20:05:03,57.0910828422014,19.952456765008165,191.04014496920155,parking,0.27736343805245056,769.785984356731,0.0,0.0,0.0,4.0,4.0,6.944444444444444e-05,6.944444444444444e-05,"[[53547479.306344464, 2127423.8675919715, 6064.088548935465, -95.26065390081052], [2127423.8675919715, 48605468.64318151, 318.735513121472, 5784.895975515366], [6064.088548935465, 318.735513121472, 0.9209333333333312, 0.0], [-95.26065390081052, 5784.895975515366, 0.0, 0.9209333333333312]]"
2026-07-27 20:15:03,57.091417262927784,19.952814429627523,191.04014496920155,parking,21.85103049161511,806.9066849849501,0.0,0.0,0.0,4.0,4.0,6.944444444444444e-05,6.944444444444444e-05,"[[61443506.36988434, 2858943.5623517814, 6631.711177974801, -98.65358371165401], [2858943.5623517814, 54908531.335356906, 383.6456252050184, 6279.164185826481], [6631.711177974801, 383.6456252050184, 0.9625999999999978, 0.0], [-98.65358371165401, 6279.164185826481, 0.0, 0.9625999999999978]]"
2026-07-27 20:25:03,57.091740553551006,19.95315833337465,191.04014496920155,parking,42.594667232488874,842.7919441622549,0.0,0.0,0.0,4.0,4.0,6.944444444444444e-05,6.944444444444444e-05,"[[70084555.401791, 3693768.8633743334, 7226.1198820848795, -104.28628589891852], [3693768.863374334, 61696125.90039593, 454.3718974838124, 6792.910618836066], [7226.1198820848795, 454.3718974838124, 1.0042666666666644, 0.0], [-104.28628589891852, 6792.910618836066, 0.0, 1.0042666666666644]]"
2026-07-27 20:35:03,57.092052872448896,19.953487070768883,191.04014496920155,parking,62.42349767148113,877.459341827952,0.0,0.0,0.0,4.0,4.0,6.944444444444444e-05,6.944444444444444e-05,"[[79508180.95803836, 4636029.426061183, 7847.426198696186, -112.46229436545256], [4636029.426061185, 68981410.55030498, 530.995451491488, 7325.82214402594], [7847.426198696186, 530.995451491488, 1.0459333333333312, 0.0], [-112.46229436545256, 7325.82214402594, 0.0, 1.0459333333333312]]"
2026-07-27 20:45:03,57.09235434648511,19.953799488196367,191.04014496920155,parking,81.26793795871029,910.9229598481911,0.0,0.0,0.0,4.0,4.0,6.944444444444444e-05,6.944444444444444e-05,"[[89752512.79219872, 5689498.530744082, 8495.746846063963, -123.49823360562043], [5689498.530744083, 76776662.45186944, 613.5931908313399, 7877.580972173034], [8495.746846063963, 613.5931908313399, 1.087599999999998, 0.0], [-123.49823360562043, 7877.580972173034, 0.0, 1.087599999999998]]"
2026-07-27 20:55:03,57.09264490818526,19.954095448041194,191.04014496920155,parking,99.11968735738327,943.1753085642366,0.0,0.0,0.0,4.0,4.0,6.944444444444444e-05,6.944444444444444e-05,"[[100856301.1934786, 6859123.614709915, 9171.204022737935, -137.72320909407975], [6859123.614709916, 85093496.0801019, 702.3753846007264, 8447.863389397935], [9171.204022737935, 702.3753846007264, 1.1292666666666646, 0.0], [-137.72320909407975, 8447.863389397935, 0.0, 1.1292666666666646]]"
2026-07-27 21:05:03,57.09292449367308,19.954374816174088,191.04014496920155,parking,115.97065543820544,974.2092977128381,0.0,0.0,0.0,4.0,4.0,6.944444444444444e-05,6.944444444444444e-05,"[[112858867.22831021, 8149775.982180529, 9873.921502763073, -155.47697273775128], [8149775.982180531, 93942746.65513575, 797.5500220245746, 9036.34159469334], [9873.921502763073, 797.5500220245746, 1.1709333333333314, 0.0], [-155.47697273775128, 9036.34159469334, 0.0, 1.1709333333333314]]"
2026-07-27 21:15:03,57.09319279031552,19.95463883065042,191.04014496920155,parking,131.89551940715472,1003.9902250234779,0.0,0.0,0.0,4.0,4.0,6.944444444444444e-05,6.944444444444444e-05,"[[125807395.54940219, 9562624.358260999, 10604.32376806718, -177.3133046025822], [9562624.358260999, 103346235.42112751, 899.1834664124716, 9643.242456045396], [10604.32376806718, 899.1834664124716, 1.2125999999999981, 0.0], [-177.3133046025822, 9643.242456045396, 0.0, 1.2125999999999981]]"
2026-07-27 21:25:03,57.093449545377794,19.95488871287151,191.04014496920155,parking,146.96795192806215,1032.4900369362742,0.0,0.0,0.0,4.0,4.0,6.944444444444444e-05,6.944444444444444e-05,"[[139752111.84822288, 11097867.792829026, 11362.885893806038, -203.8248138312246], [11097867.792829027, 113328466.73216991, 1007.3280247456869, 10268.880577313726], [11362.885893806038, 1007.3280247456869, 1.2542666666666649, 0.0], [-203.8248138312246, 10268.880577313726, 0.0, 1.2542666666666649]]"
2026-07-27 21:35:03,57.09369477835776,19.955124353319082,191.04014496920155,parking,161.18134706184503,1059.7108977120572,0.0,0.0,0.0,4.0,4.0,6.944444444444444e-05,6.944444444444444e-05,"[[154738160.81381923, 12758723.340585502, 12149.810931867345, -235.42623045143546], [12758723.340585506, 123903415.28391623, 1122.1695833257713, 10913.051235429564], [12149.810931867345, 1122.1695833257713, 1.2959333333333316, 0.0], [-235.42623045143546, 10913.051235429564, 0.0, 1.2959333333333316]]"
2026-07-27 21:45:03,57.09392850908443,19.95534564688319,191.04014496920155,parking,174.52936477104396,1085.6550083723905,0.0,0.0,0.0,4.0,4.0,6.944444444444444e-05,6.944444444444444e-05,"[[170811762.2671626, 14548237.91272817, 12965.305906360509, -272.54368233199466], [14548237.912728172, 135084703.1797968, 1243.892621507851, 11575.550781889362], [12965.305906360509, 1243.892621507851, 1.3375999999999983, 0.0], [-272.54368233199466, 11575.550781889362, 0.0, 1.3375999999999983]]"
2026-07-27 21:55:03,57.09415075780659,19.955552493245417,191.04014496920155,parking,187.00595403490377,1110.3246165319733,0.0,0.0,0.0,4.0,4.0,6.944444444444444e-05,6.944444444444444e-05,"[[188020257.01478937, 16469286.405910075, 13809.581677907341, -315.6144451418608], [16469286.405910077, 146885612.07012334, 1372.6802611628993, 12256.176607926838], [13809.581677907341, 1372.6802611628993, 1.379266666666665, 0.0], [-315.6144451418608, 12256.176607926838, 0.0, 1.379266666666665]]"
2026-07-27 22:05:03,57.094361545272434,19.955744797248634,191.04014496920155,parking,198.6053751517457,1133.7220252409745,0.0,0.0,0.0,4.0,4.0,6.944444444444444e-05,6.944444444444444e-05,"[[206412154.5074549, 18524570.404130958, 14682.852834312545, -365.08673896607513], [18524570.40413096, 159319094.47599718, 1508.7143132952745, 12954.727090312266], [14682.852834312545, 1508.7143132952745, 1.4209333333333318, 0.0], [-365.08673896607513, 12954.727090312266, 0.0, 1.4209333333333318]]"
2026-07-27 22:15:03,57.09456232810039,19.955922730074985,191.04014496920155,parking,209.3379535110678,1156.0089191435936,0.0,0.0,0.0,4.0,4.0,6.944444444444444e-05,6.944444444444444e-05,"[[226031185.32608137, 20714912.56395826, 15585.135996951274, -421.284731883469], [20714912.563958265, 172414175.94551128, 1651.9790887416639, 13671.6789558568], [15585.135996951274, 1651.9790887416639, 1.4625999999999986, 0.0], [-421.284731883469, 13671.6789558568, 0.0, 1.4625999999999986]]"
2026-07-27 22:25:03,57.094754549418305,19.956086454085987,191.04014496920155,parking,219.21348245883675,1177.3454854326003,0.0,0.0,0.0,4.0,4.0,6.944444444444444e-05,6.944444444444444e-05,"[[246920593.89305833, 23040361.97513564, 16516.421719712864, -484.5223866339269], [23040361.975135643, 186203816.052446, 1802.4330766972867, 14407.614242054162], [16516.421719712864, 1802.4330766972867, 1.5042666666666653, 0.0], [-484.5223866339269, 14407.614242054162, 0.0, 1.5042666666666653]]"
2026-07-27 22:35:03,57.094938240863875,19.956235869014186,191.04014496920155,parking,228.22591404783657,1197.7352358914118,0.0,0.0,0.0,4.0,4.0,6.944444444444444e-05,6.944444444444444e-05,"[[269129843.466318, 25501942.66879601, 17476.890113633468, -555.2537940205038], [25501942.66879601, 200706885.5171219, 1960.2132789966201, 15162.495650709447], [17476.890113633468, 1960.2132789966201, 1.545933333333332, 0.0], [-555.2537940205038, 15162.495650709447, 0.0, 1.545933333333332]]"
2026-07-27 22:45:03,57.095113432740945,19.956370877969466,191.04014496920155,parking,236.36940404616146,1217.1815342456275,0.0,0.0,0.0,4.0,4.0,6.944444444444444e-05,6.944444444444444e-05,"[[292709473.56907475, 28100313.719180018, 18466.7222326022, -633.943306889223], [28100313.719180018, 215942508.48105818, 2125.4539751200005, 15936.294420053078], [18466.7222326022, 2125.4539751200005, 1.5875999999999988, 0.0], [-633.943306889223, 15936.294420053078, 0.0, 1.5875999999999988]]"
2026-07-27 22:55:03,57.09528015405627,19.956491387769816,191.04014496920155,parking,243.63833188741478,1235.6876002468564,0.0,0.0,0.0,4.0,4.0,6.944444444444444e-05,6.944444444444444e-05,"[[317711133.76162237, 30835748.949820638, 19486.0998694289, -721.0655713247451], [30835748.94982064, 231930088.8476531, 2298.2867234557484, 16728.990273480165], [19486.0998694289, 2298.2867234557484, 1.6292666666666655, 0.0], [-721.0655713247451, 16728.990273480165, 0.0, 1.6292666666666655]]"
2026-07-27 23:05:03,57.09543843255246,19.956597309257152,191.04014496920155,parking,250.02731972097976,1253.2565133242765,0.0,0.0,0.0,4.0,4.0,6.944444444444444e-05,6.944444444444444e-05,"[[344187618.31559294, 33708115.41094618, 20535.205361292603, -817.105593299036], [33708115.41094618, 248689335.2888637, 2478.8403590948797, 17540.57134252448], [20535.205361292603, 2478.8403590948797, 1.6709333333333323, 0.0], [-817.105593299036, 17540.57134252448, 0.0, 1.6709333333333323]]"
2026-07-27 23:15:03,57.09558935629489,19.956691108194054,191.04014496920155,parking,255.68509777682112,1270.0090487331083,0.0,0.0,0.0,4.0,4.0,6.944444444444444e-05,6.944444444444444e-05,"[[372170993.0221275, 36725966.21368076, 21613.61055591224, -921.9454129104246], [36725966.21368075, 266260482.86618742, 2667.3625611777675, 18371.71870870789], [21613.61055591224, 2667.3625611777675, 1.712599999999999, 0.0], [-921.9454129104246, 18371.71870870789, 0.0, 1.712599999999999]]"
2026-07-27 23:25:03,57.09573401367218,19.956775223374862,191.04014496920155,parking,260.75876960980077,1286.066017612993,0.0,0.0,0.0,4.0,4.0,6.944444444444444e-05,6.944444444444444e-05,"[[401688791.64753014, 39899486.22750433, 22720.808132293994, -1035.3899443887271], [39899486.22750432, 284688982.99410903, 2864.1247800047277, 19223.21706109572], [22720.808132293994, 2864.1247800047277, 1.7542666666666658, 0.0], [-1035.3899443887271, 19223.21706109572, 0.0, 1.7542666666666658]]"
2026-07-27 23:35:03,57.09587245993721,19.956849603667347,191.04014496920155,parking,265.24525101884456,1301.4335530313629,0.0,0.0,0.0,4.0,4.0,6.944444444444444e-05,6.944444444444444e-05,"[[432787845.5093258, 43230362.51560402, 23856.852269682753, -1157.8212064321592], [43230362.51560401, 304003496.1744357, 3069.283044987049, 20095.228512118934], [23856.852269682753, 3069.283044987049, 1.7959333333333325, 0.0], [-1157.8212064321592, 20095.228512118934, 0.0, 1.7959333333333325]]"
2026-07-27 23:45:03,57.09600474742339,19.956914201201656,191.04014496920155,parking,269.1416545830844,1316.1174639978456,0.0,0.0,0.0,4.0,4.0,6.944444444444444e-05,6.944444444444444e-05,"[[465515362.1037677, 46719971.77549857, 25021.791846026154, -1289.6267211629252], [46719971.77549855, 324233706.265628, 3282.99347500119, 20987.929002446606], [25021.791846026154, 3282.99347500119, 1.8375999999999992, 0.0], [-1289.6267211629252, 20987.929002446606, 0.0, 1.8375999999999992]]"
2026-07-27 23:55:03,57.0961309255938,19.956968971529903,191.04014496920155,parking,272.4452992883837,1330.1232409126264,0.0,0.0,0.0,4.0,4.0,6.944444444444444e-05,6.944444444444444e-05,"[[499918911.0847246, 50369353.307730675, 26215.6701640964, -1431.1997116525315], [50369353.30773066, 345410366.58906204, 3505.4122941862993, 21901.50813464562], [26215.6701640964, 3505.4122941862993, 1.879266666666666, 0.0], [-1431.1997116525315, 21901.50813464562, 0.0, 1.879266666666666]]"
2026-07-28 00:05:03,57.096251041087704,19.957013873779076,191.04014496920155,parking,275.1537197504762,1343.4560607362212,0.0,0.0,0.0,4.0,4.0,6.944444444444444e-05,6.944444444444444e-05,"[[536047634.4013444, 54182699.26948799, 27438.567267712086, -1582.6732009922164], [54182699.26948797, 367553912.1180002, 3736.639584270734, 22835.817522249887], [27438.567267712086, 3736.639584270734, 1.9209333333333327, 0.0], [-1582.6732009922164, 22835.817522249887, 0.0, 1.9209333333333327]]"
2026-07-28 00:15:03,57.096365710036316,19.957052213007113,191.04014496920155,parking,277.4662709395302,1356.1843140316284,0.0,0.0,0.0,4.0,4.0,6.944444444444444e-05,6.944444444444444e-05,"[[573947203.7361587, 58198261.471274644, 28690.525681297957, -1742.8178597177832], [58198261.471274614, 390708464.90773976, 3977.4060733189185, 23791.334038249937], [28690.525681297957, 3977.4060733189185, 1.9625999999999995, 0.0], [-1742.8178597177832, 23791.334038249937, 0.0, 1.9625999999999995]]"
2026-07-28 00:25:03,57.096475559163316,19.95708727738537,191.04014496920155,parking,279.5812892582172,1368.3775671291903,0.0,0.0,0.0,4.0,4.0,6.944444444444444e-05,6.944444444444444e-05,"[[613661236.2228885, 62456919.6716814, 29971.54269611924, -1910.5748874904723], [62456919.67168137, 414936365.4708245, 4228.587746317209, 24768.99798909585], [29971.54269611924, 4228.587746317209, 2.004266666666666, 0.0], [-1910.5748874904723, 24768.99798909585, 0.0, 2.004266666666666]]"
2026-07-28 00:35:03,57.09658066677087,19.957119100433367,191.04014496920155,parking,281.50079654243694,1380.0445115670382,0.0,0.0,0.0,4.0,4.0,6.944444444444444e-05,6.944444444444444e-05,"[[655236586.566623, 66969092.86980337, 31281.64250731456, -2086.1718210121767], [66969092.869803324, 440277643.0915542, 4490.457654640411, 25769.09297760001], [31281.64250731456, 4490.457654640411, 2.0459333333333327, 0.0], [-2086.1718210121767, 25769.09297760001, 0.0, 2.0459333333333327]]"
2026-07-28 00:45:03,57.09668110724441,19.95714771551982,191.04014496920155,parking,283.2268055308115,1391.1934041304232,0.0,0.0,0.0,4.0,4.0,6.944444444444444e-05,6.944444444444444e-05,"[[698720187.4259958, 71745387.48570454, 32620.84390004086, -2269.8402923258614], [71745387.48570451, 466774030.73127973, 4763.2948694249635, 26791.917157974887], [32620.84390004086, 4763.2948694249635, 2.0875999999999992, 0.0], [-2269.8402923258614, 26791.917157974887, 0.0, 2.0875999999999992]]"
2026-07-28 00:55:03,57.09677695114295,19.95717315592365,191.04014496920155,parking,284.7613235463504,1401.8320768685269,0.0,0.0,0.0,4.0,4.0,6.944444444444444e-05,6.944444444444444e-05,"[[744159028.1657617, 76796592.26733185, 33989.16017639786, -2461.8161045318852], [76796592.26733182, 494469049.434107, 5047.384671515786, 27837.783419322823], [33989.16017639786, 5047.384671515786, 2.1292666666666658, 0.0], [-2461.8161045318852, 27837.783419322823, 0.0, 2.1292666666666658]]"
2026-07-28 01:05:03,57.09686826528476,19.95719545489264,191.04014496920155,parking,286.10635603391006,1411.9679466092384,0.0,0.0,0.0,4.0,4.0,6.944444444444444e-05,6.944444444444444e-05,"[[791600133.8341215, 82133672.56822315, 35386.599091356766, -2662.3393085265398], [82133672.56822313, 523408096.33757573, 5343.018745099047, 28907.019585962185], [35386.599091356766, 5343.018745099047, 2.1709333333333323, 0.0], [-2662.3393085265398, 28907.019585962185, 0.0, 2.1709333333333323]]"
2026-07-28 01:15:03,57.096954942719535,19.95721831328365,191.04014496920155,parking,287.4851318209003,1421.5891418689023,0.0,0.0,0.0,4.0,4.0,6.944444444444444e-05,6.944444444444444e-05,"[[841120861.6527289, 87808842.53845829, 36813.924924189785, -2869.988083807287], [87808842.53845827, 553642819.8990357, 5650.860383922318, 30000.010262481104], [36813.924924189785, 5650.860383922318, 2.212599999999999, 0.0], [-2869.988083807287, 30000.010262481104, 0.0, 2.212599999999999]]"
2026-07-28 01:25:03,57.09703689627938,19.957245407761977,191.04014496920155,parking,289.11942054497393,1430.685987011581,0.0,0.0,0.0,4.0,4.0,6.944444444444444e-05,6.944444444444444e-05,"[[892804656.3933158, 93882608.14024025, 38271.995545799466, -3083.184095192558], [93882608.14024025, 585228093.5443778, 5971.632535676728, 31117.16004828913], [38271.995545799466, 5971.632535676728, 2.2542666666666653, 0.0], [-3083.184095192558, 31117.16004828913, 0.0, 2.2542666666666653]]"
2026-07-28 01:35:03,57.097114220715,19.957276846030833,191.04014496920155,parking,291.01571866425934,1439.2689993655424,0.0,0.0,0.0,4.0,4.0,6.944444444444444e-05,6.944444444444444e-05,"[[946708406.4519494, 100380275.72512428, 39760.95987343859, -3301.9091905660175], [100380275.72512428, 618217632.1326439, 6305.741538374788, 32258.85266711255], [39760.95987343859, 6305.741538374788, 2.295933333333332, 0.0], [-3301.9091905660175, 32258.85266711255, 0.0, 2.295933333333332]]"
2026-07-28 01:45:03,57.09718700677243,19.957312732783496,191.04014496920155,parking,293.18034108347774,1447.3482517408852,0.0,0.0,0.0,4.0,4.0,6.944444444444444e-05,6.944444444444444e-05,"[[1002889775.3652847, 107328470.87717535, 41280.96986627736, -3526.1410777455885], [107328470.87717535, 652667676.8524626, 6653.608497402492, 33425.4874767081], [41280.96986627736, 6653.608497402492, 2.3375999999999983, 0.0], [-3526.1410777455885, 33425.4874767081, 0.0, 2.3375999999999983]]"
2026-07-28 01:55:03,57.09725534130905,19.957353169796125,191.04014496920155,parking,295.61942675163476,1454.9333853055264,0.0,0.0,0.0,4.0,4.0,6.944444444444444e-05,6.944444444444444e-05,"[[1061407232.3354172, 114755207.41398394, 42832.18081810946, -3755.8533587790416], [114755207.41398396, 688637131.383984, 7015.669998861293, 34617.47976532073], [42832.18081810946, 7015.669998861293, 2.379266666666665, 0.0], [-3755.8533587790416, 34617.47976532073, 0.0, 2.379266666666665]]"
2026-07-28 02:05:03,57.09731930740396,19.957398256016788,191.04014496920155,parking,298.3389440329519,1462.0336218397574,0.0,0.0,0.0,4.0,4.0,6.944444444444444e-05,6.944444444444444e-05,"[[1122320085.6991694, 122689960.40710337, 44414.75166785971, -3991.0155670650006], [122689960.40710339, 726187705.9794625, 7392.378854509696, 35835.26106861686], [44414.75166785971, 7392.378854509696, 2.4209333333333314, 0.0], [-3991.0155670650006, 35835.26106861686, 0.0, 2.4209333333333314]]"
2026-07-28 02:15:03,57.0973800569616,19.95745119863811,191.04014496920155,parking,301.5323448436462,1468.7768227381064,0.0,0.0,0.0,4.0,4.0,6.944444444444444e-05,6.944444444444444e-05,"[[1185730190.998722, 131180714.82953504, 46029.75514434022, -4230.192837018126], [131180714.82953505, 765330757.6733862, 7783.533580127295, 37078.09488722908], [46029.75514434022, 7783.533580127295, 2.462599999999998, 0.0], [-4230.192837018126, 37078.09488722908, 0.0, 2.462599999999998]]"
2026-07-28 02:25:03,57.097438720189174,19.95751515964458,191.04014496920155,parking,305.3903542280397,1475.2884409994442,0.0,0.0,0.0,4.0,4.0,6.944444444444444e-05,6.944444444444444e-05,"[[1251748280.0346656, 140280624.40408692, 47678.374615324574, -4471.816178879753], [140280624.40408692, 806072194.6207778, 8188.89398224433, 38345.173358008884], [47678.374615324574, 8188.89398224433, 2.5042666666666644, 0.0], [-4471.816178879753, 38345.173358008884, 0.0, 2.5042666666666644]]"
2026-07-28 02:35:03,57.09749538135358,19.95759025820572,191.04014496920155,parking,309.920160271332,1481.5778302485255,0.0,0.0,0.0,4.0,4.0,6.944444444444444e-05,6.944444444444444e-05,"[[1320449699.8959947, 150030504.19720134, 49360.957938418986, -4715.61673853627], [150030504.1972013, 848468900.65832, 8608.883135766064, 39636.83072784489], [49360.957938418986, 8608.883135766064, 2.545933333333331, 0.0], [-4715.61673853627, 39636.83072784489, 0.0, 2.545933333333331]]"
2026-07-28 02:45:03,57.09755012285349,19.957676612543832,191.04014496920155,parking,315.1288939235401,1487.6541367382827,0.0,0.0,0.0,4.0,4.0,6.944444444444444e-05,6.944444444444444e-05,"[[1391911793.2031782, 160473619.88930607, 51077.86402451811, -4961.3138861051375], [160473619.889306, 892580283.4981091, 9043.944545783374, 40953.41305609128], [51077.86402451811, 9043.944545783374, 2.5875999999999975, 0.0], [-4961.3138861051375, 40953.41305609128, 0.0, 2.5875999999999975]]"
2026-07-28 02:55:03,57.097603025296316,19.957774340066475,191.04014496920155,parking,321.02363699121645,1493.5263078919356,0.0,0.0,0.0,4.0,4.0,6.944444444444444e-05,6.944444444444444e-05,"[[1466213991.3054152, 171655841.0794432, 52829.46318780912, -5208.615041261415], [171655841.07944313, 938468416.9033648, 9494.543467276437, 42295.27845935296], [52829.46318780912, 9494.543467276437, 2.629266666666664, 0.0], [-5208.615041261415, 42295.27845935296, 0.0, 2.629266666666664]]"
2026-07-28 03:05:03,57.097654167572664,19.957883557496302,191.04014496920155,parking,327.6114299682426,1499.203100566595,0.0,0.0,0.0,4.0,4.0,6.944444444444444e-05,6.944444444444444e-05,"[[1543437912.7499948, 183625804.74330258, 54616.137510766006, -5457.215492100258], [183625804.74330255, 986198192.9221451, 9961.168290094909, 43662.79737819319], [54616.137510766006, 9961.168290094909, 2.6709333333333305, 0.0], [-5457.215492100258, 43662.79737819319, 0.0, 2.6709333333333305]]"
2026-07-28 03:15:03,57.097702854811864,19.95800367891205,191.04014496920155,parking,334.85693117002796,1504.6073841175626,0.0,0.0,0.0,4.0,4.0,6.944444444444444e-05,6.944444444444444e-05,"[[1623639154.9210877, 196392078.65857786, 56437.81029997946, -5706.531483850161], [196392078.65857783, 1035732810.5610235, 10442.572007077879, 45054.41861334808], [56437.81029997946, 10442.572007077879, 2.712599999999997, 0.0], [-5706.531483850161, 45054.41861334808, 0.0, 2.712599999999997]]"
2026-07-28 03:25:03,57.097748394432514,19.958134131589482,191.04014496920155,parking,342.7255949316794,1509.6622820096293,0.0,0.0,0.0,4.0,4.0,6.944444444444444e-05,6.944444444444444e-05,"[[1706872378.095454, 209959149.2238449, 58294.40148271228, -5955.9355071986865], [209959149.2238449, 1087022426.5932872, 10937.369168066585, 46468.479332091105], [58294.40148271228, 10937.369168066585, 2.7542666666666635, 0.0], [-5955.9355071986865, 46468.479332091105, 0.0, 2.7542666666666635]]"
2026-07-28 03:35:03,57.097790844679395,19.958275030958184,191.04014496920155,parking,351.2243837520599,1514.3742594132975,0.0,0.0,0.0,4.0,4.0,6.944444444444444e-05,6.944444444444444e-05,"[[1793220867.5045023, 224373123.85771897, 60186.302492934825, -6205.030135571547], [224373123.857719, 1140114271.685645, 11445.853825888615, 47905.17530833248], [60186.302492934825, 11445.853825888615, 2.79593333333333, 0.0], [-6205.030135571547, 47905.17530833248, 0.0, 2.79593333333333]]"
2026-07-28 03:45:03,57.09783026181144,19.958426489684022,191.04014496920155,parking,360.3600934274304,1518.7495610707122,0.0,0.0,0.0,4.0,4.0,6.944444444444444e-05,6.944444444444444e-05,"[[1882770479.9567876, 239682599.68622953, 62113.92003412537, -6453.405638664137], [239682599.68622953, 1195057312.9251642, 11968.335820526741, 49364.71005511907], [62113.92003412537, 11968.335820526741, 2.8375999999999966, 0.0], [-6453.405638664137, 49364.71005511907, 0.0, 2.8375999999999966]]"
2026-07-28 03:55:03,57.09786678451676,19.95858861692571,191.04014496920155,parking,370.13930820908985,1522.8035813609956,0.0,0.0,0.0,4.0,4.0,6.944444444444444e-05,6.944444444444444e-05,"[[1975609393.290526, 255937851.53254747, 64077.66671169229, -6700.681818466021], [255937851.5325475, 1251903209.154122, 12505.146025552993, 50847.31230191442], [64077.66671169229, 12505.146025552993, 2.879266666666663, 0.0], [-6700.681818466021, 50847.31230191442, 0.0, 2.879266666666663]]"
2026-07-28 04:05:03,57.09790054970972,19.958761525145185,191.04014496920155,parking,380.56881159269454,1526.5515177794614,0.0,0.0,0.0,4.0,4.0,6.944444444444444e-05,6.944444444444444e-05,"[[2071828576.0068061, 273191527.18374646, 66077.9700106803, -6946.472722954582], [273191527.1837465, 1310704133.5142486, 13056.625425687203, 52353.18956984752], [66077.9700106803, 13056.625425687203, 2.9209333333333296, 0.0], [-6946.472722954582, 52353.18956984752, 0.0, 2.9209333333333296]]"
2026-07-28 04:15:03,57.09792908800584,19.95894429066932,191.04014496920155,parking,391.59288932684876,1529.7192686489414,0.0,0.0,0.0,4.0,4.0,6.944444444444444e-05,6.944444444444444e-05,"[[2171374447.8435693, 291445867.5333539, 68112.92606634111, -7190.737374374794], [291445867.5333539, 1371446986.372469, 13622.141971060862, 53881.434684176296], [68112.92606634111, 13622.141971060862, 2.962599999999996, 0.0], [-7190.737374374794, 53881.434684176296, 0.0, 2.962599999999996]]"
2026-07-28 04:25:03,57.0979499730721,19.959136003998275,191.04014496920155,parking,403.15668206669864,1532.0375110037935,0.0,0.0,0.0,4.0,4.0,6.944444444444444e-05,6.944444444444444e-05,"[[2274175570.2272897, 310695977.764654, 70180.48583197212, -7433.447601258173], [310695977.7646541, 1434110716.5011823, 14200.960871486048, 55431.08351914702], [70180.48583197212, 14200.960871486048, 3.0042666666666626, 0.0], [-7433.447601258173, 55431.08351914702, 0.0, 3.0042666666666626]]"
2026-07-28 04:35:03,57.09796326217441,19.959336772691543,191.04014496920155,parking,415.2666776015131,1533.5126013600723,0.0,0.0,0.0,4.0,4.0,6.944444444444444e-05,6.944444444444444e-05,"[[2380297050.7973256, 330987022.7275893, 72280.85071952642, -7674.19616879832], [330987022.7275894, 1498735107.5345557, 14793.2718093003, 57002.22056760441], [72280.85071952642, 14793.2718093003, 3.045933333333329, 0.0], [-7674.19616879832, 57002.22056760441, 0.0, 3.045933333333329]]"
2026-07-28 04:45:03,57.09796901051055,19.95954669723574,191.04014496920155,parking,427.9289370977241,1534.1506666720402,0.0,0.0,0.0,4.0,4.0,6.944444444444444e-05,6.944444444444444e-05,"[[2489805956.563296, 352365886.3528204, 74414.23922820555, -7912.569224771224], [352365886.3528206, 1565360718.4657373, 15399.26939443118, 58594.930996094474], [74414.23922820555, 15399.26939443118, 3.0875999999999957, 0.0], [-7912.569224771224, 58594.930996094474, 0.0, 3.0875999999999957]]"
2026-07-28 04:55:03,57.09796727120771,19.959765871114154,191.04014496920155,parking,441.1490992939537,1533.957604056606,0.0,0.0,0.0,4.0,4.0,6.944444444444444e-05,6.944444444444444e-05,"[[2602771529.327746, 374881239.317644, 76580.88836628948, -8148.146653560224], [374881239.3176441, 1634028899.8212316, 16019.15352655228, 60209.30047300772], [76580.88836628948, 16019.15352655228, 3.129266666666662, 0.0], [-8148.146653560224, 60209.30047300772, 0.0, 3.129266666666662]]"
2026-07-28 05:05:03,57.09795809532218,19.95999438087776,191.04014496920155,parking,454.9323847846218,1532.9390807627078,0.0,0.0,0.0,4.0,4.0,6.944444444444444e-05,6.944444444444444e-05,"[[2719265416.909304, 398583613.3748834, 78781.05512990532, -8380.502433488278], [398583613.37488353, 1704781811.425296, 16653.12984228173, 61845.41498919069], [78781.05512990532, 16653.12984228173, 3.1709333333333287, 0.0], [-8380.502433488278, 61845.41498919069, 0.0, 3.1709333333333287]]"
2026-07-28 05:15:03,57.09794137769035,19.96023099624561,191.04014496920155,parking,469.204585302945,1531.0834236296582,0.0,0.0,0.0,4.0,4.0,6.944444444444444e-05,6.944444444444444e-05,"[[2839290169.2171545, 423511271.039596, 81013.92940915108, -8609.96944723675], [423511271.03959614, 1777644996.2071795, 17301.78539778152, 63502.908655647145], [81013.92940915108, 17301.78539778152, 3.2125999999999952, 0.0], [-8609.96944723675, 63502.908655647145, 0.0, 3.2125999999999952]]"
2026-07-28 05:25:03,57.09791700836243,19.96047449192305,191.04014496920155,parking,483.891793345973,1528.3784282302815,0.0,0.0,0.0,4.0,4.0,6.944444444444444e-05,6.944444444444444e-05,"[[2962838835.877376, 449699774.7561245, 83278.61398679017, -8836.915723685177], [449699774.7561247, 1852643086.1863039, 17965.670181121015, 65181.40965909295], [83278.61398679017, 17965.670181121015, 3.2542666666666618, 0.0], [-8836.915723685177, 65181.40965909295, 0.0, 3.2542666666666618]]"
2026-07-28 05:35:03,57.09788502078382,19.960724911923617,191.04014496920155,parking,498.99666372824436,1524.8278070053343,0.0,0.0,0.0,4.0,4.0,6.944444444444444e-05,6.944444444444444e-05,"[[3089970807.292197, 477197569.6415926, 85575.24680068389, -9060.974838958002], [477197569.6415928, 1929817595.4409475, 18644.94061067515, 66880.98842366572], [85575.24680068389, 18644.94061067515, 3.2959333333333283, 0.0], [-9060.974838958002, 66880.98842366572, 0.0, 3.2959333333333283]]"
2026-07-28 05:45:03,57.09784544682817,19.96098229399541,191.04014496920155,parking,514.52147334577,1520.4350979275832,0.0,0.0,0.0,4.0,4.0,6.944444444444444e-05,6.944444444444444e-05,"[[3220747263.9970937, 506054296.7371566, 87903.98210538963, -9281.776295579404], [506054296.7371568, 2009210781.9208846, 19339.74985328467, 68601.71868979857], [87903.98210538963, 19339.74985328467, 3.337599999999995, 0.0], [-9281.776295579404, 68601.71868979857, 0.0, 3.337599999999995]]"
2026-07-28 05:55:03,57.09779831678414,19.96124666966648,191.04014496920155,parking,530.468123911882,1515.2036630408436,0.0,0.0,0.0,4.0,4.0,6.944444444444444e-05,6.944444444444444e-05,"[[3355231367.794299, 536320826.6144428, 90264.99153861025, -9498.945791517926], [536320826.61444294, 2090865661.1074798, 20050.24807178352, 70343.67751132812], [90264.99153861025, 20050.24807178352, 3.3792666666666613, 0.0], [-9498.945791517926, 70343.67751132812, 0.0, 3.3792666666666613]]"
2026-07-28 06:05:03,57.097743659343216,19.961518064292257,191.04014496920155,parking,546.8381448190976,1509.1366870981578,0.0,0.0,0.0,4.0,4.0,6.944444444444444e-05,6.944444444444444e-05,"[[3493488462.048843, 568049300.1326562, 92658.4651954101, -9712.105482701005], [568049300.1326563, 2174826021.65668, 20776.582785007937, 72106.94524206076], [92658.4651954101, 20776.582785007937, 3.420933333333328, 0.0], [-9712.105482701005, 72106.94524206076, 0.0, 3.420933333333328]]"
2026-07-28 06:15:03,57.09768057830242,19.961792415797113,191.04014496920155,parking,563.3865191931418,1502.1346915698136,0.0,0.0,0.0,4.0,4.0,6.944444444444444e-05,6.944444444444444e-05,"[[3635624632.717471, 601385290.8234975, 95085.13590947166, -9920.610785327808], [601385290.8234975, 2261156848.2045503, 21520.96714882653, 73891.28252080928], [95085.13590947166, 21520.96714882653, 3.4625999999999943, 0.0], [-9920.610785327808, 73891.28252080928, 0.0, 3.4625999999999943]]"
2026-07-28 06:25:03,57.097608185560674,19.962065722257112,191.04014496920155,parking,579.871858397771,1494.099097235366,0.0,0.0,0.0,4.0,4.0,6.944444444444444e-05,6.944444444444444e-05,"[[3781750051.945221, 636484094.654458, 97545.74687317581, -10123.790398777875], [636484094.6544583, 2349930448.415154, 22285.6667100532, 75696.49702039866], [97545.74687317581, 22285.6667100532, 3.504266666666661, 0.0], [-10123.790398777875, 75696.49702039866, 0.0, 3.504266666666661]]"
2026-07-28 06:35:03,57.09752648244607,19.96233796082137,191.04014496920155,parking,596.2927841102804,1485.030051515002,0.0,0.0,0.0,4.0,4.0,6.944444444444444e-05,6.944444444444444e-05,"[[3931940382.3888493, 673416390.7116627, 100040.53793267481, -10321.212213480801], [673416390.7116629, 2441204361.8185015, 23070.933755596787, 77522.75258440334], [100040.53793267481, 23070.933755596787, 3.5459333333333274, 0.0], [-10321.212213480801, 77522.75258440334, 0.0, 3.5459333333333274]]"
2026-07-28 06:45:03,57.097435469201706,19.96260910190953,191.04014496920155,parking,612.6475120981285,1474.927581390231,0.0,0.0,0.0,4.0,4.0,6.944444444444444e-05,6.944444444444444e-05,"[[4086273881.5604634, 712254633.5878731, 102569.76623973562, -10512.438103632567], [712254633.587873, 2535037946.7095413, 23877.01716529953, 79370.22289048863], [102569.76623973562, 23877.01716529953, 3.587599999999994, 0.0], [-10512.438103632567, 79370.22289048863, 0.0, 3.587599999999994]]"
2026-07-28 06:55:03,57.097335144919555,19.962879109236027,191.04014496920155,parking,628.9338536837508,1463.7915860715652,0.0,0.0,0.0,4.0,4.0,6.944444444444444e-05,6.944444444444444e-05,"[[4244831596.530354, 753073121.6288594, 105133.70704926476, -10697.023902689916], [753073121.6288595, 2631492435.5751724, 24704.16291238993, 81239.09153674859], [105133.70704926476, 24704.16291238993, 3.6292666666666604, 0.0], [-10697.023902689916, 81239.09153674859, 0.0, 3.6292666666666604]]"
2026-07-28 07:05:03,57.097225507475336,19.963147939833938,191.04014496920155,parking,645.149217181434,1451.6218297633231,0.0,0.0,0.0,4.0,4.0,6.944444444444444e-05,6.944444444444444e-05,"[[4407697566.808398, 795948073.9495262, 107732.65452388713, -10874.519360405908], [795948073.9495265, 2730630993.506022, 25552.614641017524, 83129.55211976211], [107732.65452388713, 25552.614641017524, 3.670933333333327, 0.0], [-10874.519360405908, 83129.55211976211, 0.0, 3.670933333333327]]"
2026-07-28 07:15:03,57.097106699778216,19.96341299534954,191.04014496920155,parking,661.1368747098409,1438.4341753831386,0.0,0.0,0.0,4.0,4.0,6.944444444444444e-05,6.944444444444444e-05,"[[4574936202.752653, 841001465.6659468, 110366.61454485568, -11044.91593311129], [841001465.6659471, 2832472884.98096, 26423.98813362225, 85040.55973143452], [110366.61454485568, 26423.98813362225, 3.7125999999999935, 0.0], [-11044.91593311129, 85040.55973143452, 0.0, 3.7125999999999935]]"
2026-07-28 07:25:03,57.09697885942127,19.96367170835408,191.04014496920155,parking,676.7419637243921,1424.2438957616912,0.0,0.0,0.0,4.0,4.0,6.944444444444444e-05,6.944444444444444e-05,"[[4746601205.956306, 888360007.8295455, 113035.46216359676, -11208.203659514777], [888360007.8295457, 2937037828.2334647, 27319.94761049523, 86971.05088531318], [113035.46216359676, 27319.94761049523, 3.75426666666666, 0.0], [-11208.203659514777, 86971.05088531318, 0.0, 3.75426666666666]]"
2026-07-28 07:35:03,57.09684197091989,19.963923992238307,191.04014496920155,parking,691.959260115221,1409.0492721086498,0.0,0.0,0.0,4.0,4.0,6.944444444444444e-05,6.944444444444444e-05,"[[4922764884.419361, 938110407.7500062, 115739.32651569233, -11363.928345867253], [938110407.7500064, 3044391970.6118307, 28240.81614672007, 88921.18962240331], [115739.32651569233, 28240.81614672007, 3.7959333333333265, 0.0], [-11363.928345867253, 88921.18962240331, 0.0, 3.7959333333333265]]"
2026-07-28 07:45:03,57.09669601775894,19.964169755183796,191.04014496920155,parking,706.7832255653926,1392.8484712431907,0.0,0.0,0.0,4.0,4.0,6.944444444444444e-05,6.944444444444444e-05,"[[5103501400.280654, 990341321.4873787, 118478.34875974285, -11511.628742500478], [990341321.4873791, 3154603760.3872466, 29186.91394835824, 90891.15054435964], [118478.34875974285, 29186.91394835824, 3.837599999999993, 0.0], [-11511.628742500478, 90891.15054435964, 0.0, 3.837599999999993]]"
2026-07-28 07:55:03,57.09654098231847,19.964408900160283,191.04014496920155,parking,721.2080073891298,1375.6395373516755,0.0,0.0,0.0,4.0,4.0,6.944444444444444e-05,6.944444444444444e-05,"[[5288886960.072874, 1045143406.3692554, 121252.68310585454, -11650.836423148055], [1045143406.3692558, 3267743994.931843, 30158.558385343684, 92881.11879886729], [121252.68310585454, 30158.558385343684, 3.8792666666666595, 0.0], [-11650.836423148055, 92881.11879886729, 0.0, 3.8792666666666595]]"
2026-07-28 08:05:03,57.096376845801785,19.964641324919715,191.04014496920155,parking,735.2274381732594,1357.4203839987952,0.0,0.0,0.0,4.0,4.0,6.944444444444444e-05,6.944444444444444e-05,"[[5479000017.235582, 1102609378.0283904, 124062.49788023243, -11781.075644302662], [1102609378.0283906, 3383885867.9382677, 31156.064009722373, 94891.29005649623], [124062.49788023243, 31156.064009722373, 3.920933333333326, 0.0], [-11781.075644302662, 94891.29005649623, 0.0, 3.920933333333326]]"
2026-07-28 08:15:03,57.096204654385595,19.964867886213973,191.04014496920155,parking,748.8931956035884,1338.3071368014905,0.0,0.0,0.0,4.0,4.0,6.944444444444444e-05,6.944444444444444e-05,"[[5674019846.993188, 1162696535.3186178, 126908.8904660878, -11904.81655717445], [1162696535.3186176, 3503036798.1334257, 32178.50807607826, 96921.28233256213], [126908.8904660878, 32178.50807607826, 3.9625999999999926, 0.0], [-11904.81655717445, 96921.28233256213, 0.0, 3.9625999999999926]]"
2026-07-28 08:25:03,57.09602543512739,19.965089456528574,191.04014496920155,parking,762.2579063899395,1318.4137991405032,0.0,0.0,0.0,4.0,4.0,6.944444444444444e-05,6.944444444444444e-05,"[[5874132319.504546, 1225352428.9599993, 129792.96531027173, -12024.647942193233], [1225352428.959999, 3625197702.6105704, 33224.93590177821, 98970.67062746486], [129792.96531027173, 33224.93590177821, 4.004266666666659, 0.0], [-12024.647942193233, 98970.67062746486, 0.0, 4.004266666666659]]"
2026-07-28 08:35:03,57.09583917174369,19.965305975322504,191.04014496920155,parking,775.3179188101046,1297.7385635507314,0.0,0.0,0.0,4.0,4.0,6.944444444444444e-05,6.944444444444444e-05,"[[6079394625.397692, 1290584676.977047, 132714.4449452849, -12141.822184203307], [1290584676.9770467, 3750348258.2898955, 34295.200799815626, 101038.44206985446], [132714.4449452849, 34295.200799815626, 4.045933333333326, 0.0], [-12141.822184203307, 101038.44206985446, 0.0, 4.045933333333326]]"
2026-07-28 08:45:03,57.09564584727421,19.965517379877916,191.04014496920155,parking,788.0694498400647,1276.2795474384911,0.0,0.0,0.0,4.0,4.0,6.944444444444444e-05,6.944444444444444e-05,"[[6289782143.325624, 1358253625.6905394, 135672.00427087976, -12260.65274556863], [1358253625.6905391, 3878302017.7242928, 35388.40204088874, 103121.43306290807], [135672.00427087976, 35388.40204088874, 4.087599999999993, 0.0], [-12260.65274556863, 103121.43306290807, 0.0, 4.087599999999993]]"
2026-07-28 08:55:03,57.09544544404845,19.965723605286517,191.04014496920155,parking,800.5085843319893,1254.0347893791,0.0,0.0,0.0,4.0,4.0,6.944444444444444e-05,6.944444444444444e-05,"[[6505368754.348413, 1428405407.9548337, 138665.67786191855, -12381.366864270316], [1428405407.9548335, 4009104781.104902, 36504.690118752274, 105219.68606760618], [138665.67786191855, 36504.690118752274, 4.12926666666666, 0.0], [-12381.366864270316, 105219.68606760618, 0.0, 4.12926666666666]]"
2026-07-28 09:05:03,57.09523794365428,19.96592458443407,191.04014496920155,parking,812.63127407924,1231.0022456262247,0.0,0.0,0.0,4.0,4.0,6.944444444444444e-05,6.944444444444444e-05,"[[6726228376.903312, 1501085343.8720136, 141695.49756381876, -12504.209955267663], [1501085343.8720133, 4142804527.406062, 37644.20934909538, 107333.26607021932], [141695.49756381876, 37644.20934909538, 4.170933333333327, 0.0], [-12504.209955267663, 107333.26607021932, 0.0, 4.170933333333327]]"
2026-07-28 09:15:03,57.09502576486925,19.966120116170774,191.04014496920155,parking,824.4253860987083,1207.4504004875248,0.0,0.0,0.0,4.0,4.0,6.944444444444444e-05,6.944444444444444e-05,"[[6952489858.0236635, 1576156057.3339903, 144761.9180014614, -12632.12718371763], [1576156057.3339903, 4279395900.2869177, 38805.105008987026, 109462.26177596262], [144761.9180014614, 38805.105008987026, 4.212599999999994, 0.0], [-12632.12718371763, 109462.26177596262, 0.0, 4.212599999999994]]"
2026-07-28 09:25:03,57.09481126788527,19.966310033051794,191.04014496920155,parking,835.8808204279636,1183.6412352661187,0.0,0.0,0.0,4.0,4.0,6.944444444444444e-05,6.944444444444444e-05,"[[7184282291.612225, 1653475049.9757483, 147865.3851993466, -12767.902122945487], [1653475049.9757483, 4418869659.794428, 39985.47743144162, 111606.78435606419], [147865.3851993466, 39985.47743144162, 4.254266666666661, 0.0], [-12767.902122945487, 111606.78435606419, 0.0, 4.254266666666661]]"
2026-07-28 09:35:03,57.09459441574501,19.96649430529705,191.04014496920155,parking,846.9957807880837,1159.5706476966375,0.0,0.0,0.0,4.0,4.0,6.944444444444444e-05,6.944444444444444e-05,"[[7421682586.3269205, 1733074843.7257318, 151005.93532608767, -12911.600493108712], [1733074843.725732, 4561271001.762222, 41185.342341486044, 113766.9879981706], [151005.93532608767, 41185.342341486044, 4.295933333333328, 0.0], [-12911.600493108712, 113766.9879981706, 0.0, 4.295933333333328]]"
2026-07-28 09:45:03,57.09437517131752,19.966672902584115,191.04014496920155,parking,857.7684381863927,1135.2345162461227,0.0,0.0,0.0,4.0,4.0,6.944444444444444e-05,6.944444444444444e-05,"[[7664767512.667544, 1814987628.60892, 154183.60017591363, -13063.283419564461], [1814987628.6089203, 4706646905.994827, 42404.70505376042, 115943.04757944083], [154183.60017591363, 42404.70505376042, 4.337599999999995, 0.0], [-13063.283419564461, 115943.04757944083, 0.0, 4.337599999999995]]"
2026-07-28 09:55:03,57.094153497310046,19.966845794045014,191.04014496920155,parking,868.1969307238779,1110.6287014160644,0.0,0.0,0.0,4.0,4.0,6.944444444444444e-05,6.944444444444444e-05,"[[7913603726.441498, 1899219873.1240911, 157398.3086951543, -13222.99880942591], [1899219873.1240911, 4855034607.835057, 43643.081969410596, 118135.19977236018], [157398.3086951543, 43643.081969410596, 4.379266666666662, 0.0], [-13222.99880942591, 118135.19977236018, 0.0, 4.379266666666662]]"
2026-07-28 10:05:03,57.09392935628025,19.967012948263122,191.04014496920155,parking,878.2793634076959,1085.7490471081412,0.0,0.0,0.0,4.0,4.0,6.944444444444444e-05,6.944444444444444e-05,"[[8168239034.003515, 1985712989.652821, 160649.80768819514, -13390.774645689518], [1985712989.652821, 5006442345.506732, 44898.78202979415, 120343.80264327228], [160649.80768819514, 44898.78202979415, 4.420933333333329, 0.0], [-13390.774645689518, 120343.80264327228, 0.0, 4.420933333333329]]"
2026-07-28 10:15:03,57.09370351732357,19.96717633325325,191.04014496920155,parking,888.134443244466,1060.6809229172623,0.0,0.0,0.0,4.0,4.0,6.944444444444444e-05,6.944444444444444e-05,"[[8428662443.488079, 2074192325.9635165, 163937.14921558186, -13569.47067420827], [2074192325.9635165, 5160939600.226323, 46168.29526523246, 122570.88884450855], [163937.14921558186, 46168.29526523246, 4.462599999999996, 0.0], [-13569.47067420827, 122570.88884450855, 0.0, 4.462599999999996]]"
2026-07-28 10:25:03,57.09347672504992,19.967337919473653,191.04014496920155,parking,897.8810246247685,1035.50698054175,0.0,0.0,0.0,4.0,4.0,6.944444444444444e-05,6.944444444444444e-05,"[[8694849483.514465, 2164366716.7989354, 167259.3078077734, -13761.813596695403], [2164366716.7989354, 5318586541.085778, 47447.99618202735, 124818.4557852649], [167259.3078077734, 47447.99618202735, 4.504266666666663, 0.0], [-13761.813596695403, 124818.4557852649, 0.0, 4.504266666666663]]"
2026-07-28 10:35:03,57.093248935642016,19.967497735886273,191.04014496920155,parking,907.5208544793454,1010.2223562648388,0.0,0.0,0.0,4.0,4.0,6.944444444444444e-05,6.944444444444444e-05,"[[8966864200.236803, 2256226944.2869415, 170616.2748654517, -13967.735989642082], [2256226944.2869415, 5479416911.422649, 48737.5325144072, 127086.74594009928], [170616.2748654517, 48737.5325144072, 4.54593333333333, 0.0], [-13967.735989642082, 127086.74594009928, 0.0, 4.54593333333333]]"
2026-07-28 10:45:03,57.09302010541665,19.96765581130382,191.04014496920155,parking,917.0556707373023,984.8222012489707,0.0,0.0,0.0,4.0,4.0,6.944444444444444e-05,6.944444444444444e-05,"[[9244770922.880707, 2349763159.497163, 174008.04331050615, -14187.152113563876], [2349763159.4971623, 5643465517.624093, 50036.54310390114, 129376.02289720408], [174008.04331050615, 50036.54310390114, 4.587599999999997, 0.0], [-14187.152113563876, 129376.02289720408, 0.0, 4.587599999999997]]"
2026-07-28 10:55:03,57.09279019081361,19.967812174410003,191.04014496920155,parking,926.4872035467761,959.3016803113522,0.0,0.0,0.0,4.0,4.0,6.944444444444444e-05,6.944444444444444e-05,"[[9528634252.47735, 2444964891.9087725, 177434.60751443208, -14419.957392046414], [2444964891.908772, 5810768326.489669, 51344.65778509849, 131686.5719114345], [177434.60751443208, 51344.65778509849, 4.6292666666666635, 0.0], [-14419.957392046414, 131686.5719114345, 0.0, 4.6292666666666635]]"
2026-07-28 11:05:03,57.09255914838458,19.967966853779288,191.04014496920155,parking,935.8171764665765,933.6559706894128,0.0,0.0,0.0,4.0,4.0,6.944444444444444e-05,6.944444444444444e-05,"[[9818519047.59514, 2541821058.7227883, 180895.9632152172, -14666.027875127402], [2541821058.722788, 5981362566.3902855, 52661.49725924873, 134018.70046894296], [180895.9632152172, 52661.49725924873, 4.6709333333333305, 0.0], [-14666.027875127402, 134018.70046894296, 0.0, 4.6709333333333305]]"
2026-07-28 11:15:03,57.09232716761439,19.968121314187048,191.04014496920155,parking,945.1339420330664,907.9061051981939,0.0,0.0,0.0,4.0,4.0,6.944444444444444e-05,6.944444444444444e-05,"[[10114188453.668823, 2640010225.5620556, 184389.28547861957, -14926.892519194109], [2640010225.5620546, 6155452381.893379, 53983.26009093384, 136376.4521750458], [184389.28547861957, 53983.26009093384, 4.7125999999999975, 0.0], [-14926.892519194109, 136376.4521750458, 0.0, 4.7125999999999975]]"
2026-07-28 11:25:03,57.092094415366994,19.968277018576497,191.04014496920155,parking,954.5257422697938,882.0706057373909,0.0,0.0,0.0,4.0,4.0,6.944444444444444e-05,6.944444444444444e-05,"[[10415383693.618088, 2739195873.847186, 187911.6836518504, -15203.932469786592], [2739195873.8471856, 6333248967.325323, 55306.07888123669, 138763.95750395002], [187911.6836518504, 55306.07888123669, 4.754266666666664, 0.0], [-15203.932469786592, 138763.95750395002, 0.0, 4.754266666666664]]"
2026-07-28 11:35:03,57.09186082796668,19.968434034648077,191.04014496920155,parking,963.9966607420209,856.1424043017937,0.0,0.0,0.0,4.0,4.0,6.944444444444444e-05,6.944444444444444e-05,"[[10722129408.358791, 2839333535.9281697, 191462.99298487313, -15496.835652366444], [2839333535.9281697, 6514805301.731403, 56629.37001547228, 141181.76317592326], [191462.99298487313, 56629.37001547228, 4.795933333333331, 0.0], [-15496.835652366444, 141181.76317592326, 0.0, 4.795933333333331]]"
2026-07-28 11:45:03,57.09162634149569,19.96859243019258,191.04014496920155,parking,973.5507864647362,830.1144060221238,0.0,0.0,0.0,4.0,4.0,6.944444444444444e-05,6.944444444444444e-05,"[[11034450170.513508, 2940378167.1854243, 195043.0545309771, -15805.257769215297], [2940378167.1854243, 6700176950.709457, 57952.54138195512, 143630.44585347146], [195043.0545309771, 57952.54138195512, 4.837599999999998, 0.0], [-15805.257769215297, 143630.44585347146, 0.0, 4.837599999999998]]"
2026-07-28 11:55:03,57.09139089174702,19.9687522731103,191.04014496920155,parking,983.1922150578268,803.9794839200985,0.0,0.0,0.0,4.0,4.0,6.944444444444444e-05,6.944444444444444e-05,"[[11352370458.897402, 3042284219.321052, 198651.71491873535, -16128.821313306287], [3042284219.3210526, 6889422264.238483, 59274.99227907788, 146110.61277314785], [198651.71491873535, 59274.99227907788, 4.879266666666665, 0.0], [-16128.821313306287, 146110.61277314785, 0.0, 4.879266666666665]]"
2026-07-28 12:05:03,57.091154605252086,19.968914112407063,191.04014496920155,parking,992.9540615352477,777.7516829826285,0.0,0.0,0.0,4.0,4.0,6.944444444444444e-05,6.944444444444444e-05,"[[11676287812.060808, 3145176700.3758717, 202292.04571963786, -16467.375976582538], [3145176700.375872, 7082667713.630851, 60598.19421149062, 148622.73343507596], [202292.04571963786, 60598.19421149062, 4.920933333333332, 0.0], [-16467.375976582538, 148622.73343507596, 0.0, 4.920933333333332]]"
2026-07-28 12:15:03,57.09091907962614,19.969077990817638,191.04014496920155,parking,1002.8389035790287,751.6083385023907,0.0,0.0,0.0,4.0,4.0,6.944444444444444e-05,6.944444444444444e-05,"[[12005842344.139294, 3248996346.322467, 205960.5571911982, -16819.175740787625], [3248996346.3224673, 7280297348.236257, 61921.5502234785, 151171.37152914534], [205960.5571911982, 61921.5502234785, 4.962599999999999, 0.0], [-16819.175740787625, 151171.37152914534, 0.0, 4.962599999999999]]"
2026-07-28 12:25:03,57.09068579150164,19.969243747959503,191.04014496920155,parking,1012.8370672127827,725.7133566833769,0.0,0.0,0.0,4.0,4.0,6.944444444444444e-05,6.944444444444444e-05,"[[12340523200.50131, 3353629000.5305386, 209652.6418104619, -17182.154814819958], [3353629000.5305386, 7482694548.184976, 63243.74640773759, 153761.25830781384], [209652.6418104619, 63243.74640773759, 5.004266666666666, 0.0], [-17182.154814819958, 153761.25830781384, 0.0, 5.004266666666666]]"
2026-07-28 12:35:03,57.09045462502768,19.96941130881993,191.04014496920155,parking,1022.9440278076958,700.053878073416,0.0,0.0,0.0,4.0,4.0,6.944444444444444e-05,6.944444444444444e-05,"[[12680360645.320269, 3459047710.516427, 213368.3873673239, -17555.510693379514], [3459047710.516427, 7689973160.324755, 64564.20495464294, 156393.34886484224], [213368.3873673239, 64564.20495464294, 5.045933333333333, 0.0], [-17555.510693379514, 156393.34886484224, 0.0, 5.045933333333333]]"
2026-07-28 12:45:03,57.090225465033534,19.969580599186074,191.04014496920155,parking,1033.155308982684,674.6171187232028,0.0,0.0,0.0,4.0,4.0,6.944444444444444e-05,6.944444444444444e-05,"[[13025387569.349323, 3565226453.5862646, 217107.90132427198, -17938.411831630037], [3565226453.5862646, 7902252276.954529, 65882.3427617225, 159068.63222568255], [217107.90132427198, 65882.3427617225, 5.0876, 0.0], [-17938.411831630037, 159068.63222568255, 0.0, 5.0876]]"
2026-07-28 12:55:03,57.089998196972374,19.96975154561549,191.04014496920155,parking,1043.4664808253967,649.3903639341111,0.0,0.0,0.0,4.0,4.0,6.944444444444444e-05,6.944444444444444e-05,"[[13375639548.206411, 3672140262.6565523, 220871.3107146556, -18329.996699479223], [3672140262.6565523, 8119656513.543317, 67197.57123512679, 161788.13181199098], [220871.3107146556, 67197.57123512679, 5.129266666666667, 0.0], [-18329.996699479223, 161788.13181199098, 0.0, 5.129266666666667]]"
2026-07-28 13:05:03,57.089772706865375,19.969924075407175,191.04014496920155,parking,1053.873158145863,624.3609620571973,0.0,0.0,0.0,4.0,4.0,6.944444444444444e-05,6.944444444444444e-05,"[[13731154902.274132, 3779765358.950387, 224658.76205190655, -18729.372759015216], [3779765358.9503875, 8342316298.032351, 68509.29607710223, 164552.90593034434], [224658.76205190655, 68509.29607710223, 5.170933333333334, 0.0], [-18729.372759015216, 164552.90593034434, 0.0, 5.170933333333334]]"
2026-07-28 13:15:03,57.08954894186759,19.970101047406768,191.04014496920155,parking,1064.5477812157085,599.5230473037851,0.0,0.0,0.0,4.0,4.0,6.944444444444444e-05,6.944444444444444e-05,"[[14091240645.02928, 3888442768.182115, 228464.68617880065, -19130.32815092581], [3888442768.182115, 8570696760.126343, 69821.13913136757, 167365.84652403832], [228464.68617880065, 69821.13913136757, 5.212600000000001, 0.0], [-19130.32815092581, 167365.84652403832, 0.0, 5.212600000000001]]"
2026-07-28 13:25:03,57.089326856291486,19.970285219946778,191.04014496920155,parking,1075.6567275402192,574.8715483555818,0.0,0.0,0.0,4.0,4.0,6.944444444444444e-05,6.944444444444444e-05,"[[14455151310.112934, 3998535883.306434, 232283.3353628656, -19526.411678224344], [3998535883.3064337, 8805276806.99277, 71136.76018794709, 170229.76739911453], [232283.3353628656, 71136.76018794709, 5.254266666666668, 0.0], [-19526.411678224344, 170229.76739911453, 0.0, 5.254266666666668]]"
2026-07-28 13:35:03,57.08910635346625,19.9704764703762,191.04014496920155,parking,1087.1925990382083,550.3957347546152,0.0,0.0,0.0,4.0,4.0,6.944444444444444e-05,6.944444444444444e-05,"[[14822829380.532097, 4110063673.307797, 236114.4706309923, -19916.216615222722], [4110063673.3077965, 9046225936.733046, 72455.68431796187, 173145.72464548989], [236114.4706309923, 72455.68431796187, 5.295933333333335, 0.0], [-19916.216615222722, 173145.72464548989, 0.0, 5.295933333333335]]"
2026-07-28 13:45:03,57.08888733591312,19.970674674566823,191.04014496920155,parking,1099.1479085254023,526.0847863571298,0.0,0.0,0.0,4.0,4.0,6.944444444444444e-05,6.944444444444444e-05,"[[15194218037.921227, 4223048265.5708055, 239957.8676092935, -20298.29707805023], [4223048265.570804, 9293719685.965002, 73777.43235976719, 176114.79940990088], [239957.8676092935, 73777.43235976719, 5.337600000000002, 0.0], [-20298.29707805023, 176114.79940990088, 0.0, 5.337600000000002]]"
2026-07-28 13:55:03,57.088669705301925,19.97087970690108,191.04014496920155,parking,1111.5150789837467,501.92778851413243,0.0,0.0,0.0,4.0,4.0,6.944444444444444e-05,6.944444444444444e-05,"[[15569261302.702078, 4337515204.522704, 243813.3164983383, -20671.16728875497], [4337515204.522702, 9547939856.03895, 75101.52088109797, 179138.097749277], [243813.3164983383, 75101.52088109797, 5.379266666666669, 0.0], [-20671.16728875497, 179138.097749277, 0.0, 5.379266666666669]]"
2026-07-28 14:05:03,57.088453362407805,19.971091440260693,191.04014496920155,parking,1124.286442873824,477.9137272668329,0.0,0.0,0.0,4.0,4.0,6.944444444444444e-05,6.944444444444444e-05,"[[15947904182.63858, 4453493723.772394, 247680.62205374494, -21033.300773047078], [4453493723.772392, 9809074745.260412, 76427.46213970306, 182216.75047244635], [247680.62205374494, 76427.46213970306, 5.420933333333336, 0.0], [-21033.300773047078, 182216.75047244635, 0.0, 5.420933333333336]]"
2026-07-28 14:15:03,57.0882382737903,19.971310088188563,191.04014496920155,parking,1137.4748807079145,454.0388907247378,0.0,0.0,0.0,4.0,4.0,6.944444444444444e-05,6.944444444444444e-05,"[[16329816457.17307, 4571824874.497944, 251557.76663849934, -21375.731195949418], [4571824874.497942, 10077460968.182632, 77762.58222549559, 185349.65697408814], [251557.76663849934, 77762.58222549559, 5.462600000000003, 0.0], [-21375.731195949418, 185349.65697408814, 0.0, 5.462600000000003]]"
2026-07-28 14:25:03,57.08802442299483,19.971535800139403,191.04014496920155,parking,1151.0894073172235,430.30145242655135,0.0,0.0,0.0,4.0,4.0,6.944444444444444e-05,6.944444444444444e-05,"[[16714643946.510551, 4693399352.640945, 255442.63318507513, -21689.279577771966], [4693399352.640944, 10353443687.638466, 79114.34296724084, 188535.606697125], [255442.63318507513, 79114.34296724084, 5.50426666666667, 0.0], [-21689.279577771966, 188535.606697125, 0.0, 5.50426666666667]]"
2026-07-28 14:35:03,57.087811734496015,19.971768370179486,191.04014496920155,parking,1165.1176011610012,406.6930290581081,0.0,0.0,0.0,4.0,4.0,6.944444444444444e-05,6.944444444444444e-05,"[[17102290950.857195, 4818348598.391434, 259334.85988040525, -21971.85504166096], [4818348598.391432, 10637240735.879574, 80482.6307383525, 191775.58320337444], [259334.85988040525, 80482.6307383525, 5.545933333333337, 0.0], [-21971.85504166096, 191775.58320337444, 0.0, 5.545933333333337]]"
2026-07-28 14:45:03,57.08760013212756,19.97200759003842,191.04014496920155,parking,1179.5468997551927,383.20516615998906,0.0,0.0,0.0,4.0,4.0,6.944444444444444e-05,6.944444444444444e-05,"[[17492664453.41715, 4946811098.039849, 263234.1042868119, -22221.32113258561], [4946811098.039847, 10929076374.805893, 81867.33261232491, 195070.58569706458], [263234.1042868119, 81867.33261232491, 5.587600000000004, 0.0], [-22221.32113258561, 195070.58569706458, 0.0, 5.587600000000004]]"
2026-07-28 14:55:03,57.08738953905265,19.972253249140213,191.04014496920155,parking,1194.3646015460802,359.82933484478724,0.0,0.0,0.0,4.0,4.0,6.944444444444444e-05,6.944444444444444e-05,"[[17885674636.3128, 5078932777.2703, 267140.0440473542, -22435.495135306788], [5078932777.2703, 11229181458.001009, 83268.33644412327, 198421.62870822122], [267140.0440473542, 83268.33644412327, 5.629266666666671, 0.0], [-22435.495135306788, 198421.62870822122, 0.0, 5.629266666666671]]"
2026-07-28 15:05:03,57.08717987773459,19.97250513463563,191.04014496920155,parking,1209.5578678620889,336.5569285407151,0.0,0.0,0.0,4.0,4.0,6.944444444444444e-05,6.944444444444444e-05,"[[18281235422.34587, 5214867413.212001, 271052.3776024258, -22612.147321121745], [5214867413.212001, 11537793594.851435, 84685.53095397311, 201829.74175916254], [271052.3776024258, 84685.53095397311, 5.670933333333338, 0.0], [-22612.147321121745, 201829.74175916254, 0.0, 5.670933333333338]]"
2026-07-28 15:15:03,57.08697094753069,19.97276304553923,191.04014496920155,parking,1225.1145756344245,313.36567590689157,0.0,0.0,0.0,4.0,4.0,6.944444444444444e-05,6.944444444444444e-05,"[[18679717687.781956, 5355630099.204656, 274974.328715684, -22744.07163247802], [5355630099.204656, 11854919077.6726, 86126.43635710832, 205289.7508981275], [274974.328715684, 86126.43635710832, 5.712600000000005, 0.0], [-22744.07163247802, 205289.7508981275, 0.0, 5.712600000000005]]"
2026-07-28 15:25:03,57.0867625812606,19.973026753965026,191.04014496920155,parking,1241.020979201885,290.23701992722584,0.0,0.0,0.0,4.0,4.0,6.944444444444444e-05,6.944444444444444e-05,"[[19081403620.02957, 5502219383.756097, 278908.26837893686, -22826.00640365697], [5502219383.756098, 12180787272.38668, 87599.5482049203, 208798.33857007825], [278908.26837893686, 87599.5482049203, 5.7542666666666715, 0.0], [-22826.00640365697, 208798.33857007825, 0.0, 5.7542666666666715]]"
2026-07-28 15:35:03,57.086554741610264,19.973296007890706,191.04014496920155,parking,1257.2618770462766,267.16681874055797,0.0,0.0,0.0,4.0,4.0,6.944444444444444e-05,6.944444444444444e-05,"[[19486085067.172256, 5654784802.588586, 282852.7046971824, -22858.556753706944], [5654784802.588586, 12515961016.629065, 89106.31682466685, 212358.977663868], [282852.7046971824, 89106.31682466685, 5.7959333333333385, 0.0], [-22858.556753706944, 212358.977663868, 0.0, 5.7959333333333385]]"
2026-07-28 15:45:03,57.086347390776105,19.973570552937204,191.04014496920155,parking,1273.8219254934247,244.1508761481045,0.0,0.0,0.0,4.0,4.0,6.944444444444444e-05,6.944444444444444e-05,"[[19893672357.21065, 5813546196.580349, 286807.09163474396, -22840.09673440857], [5813546196.580349, 12860734160.020979, 90647.17664884268, 215972.72552893445], [286807.09163474396, 90647.17664884268, 5.8376000000000055, 0.0], [-22840.09673440857, 215972.72552893445, 0.0, 5.8376000000000055]]"
2026-07-28 15:55:03,57.08614049043434,19.97385013244863,191.04014496920155,parking,1290.6856435355612,221.18493821272318,0.0,0.0,0.0,4.0,4.0,6.944444444444444e-05,6.944444444444444e-05,"[[20304080389.02231, 5978730535.026972, 290770.90053891373, -22768.984093427687], [5978730535.026972, 13215411393.801228, 92222.57202027812, 219640.66857529205], [290770.90053891373, 92222.57202027812, 5.879266666666672, 0.0], [-22768.984093427687, 219640.66857529205, 0.0, 5.879266666666672]]"
2026-07-28 16:05:03,57.085934001710555,19.974134487573583,191.04014496920155,parking,1307.837417736029,198.26468987246352,0.0,0.0,0.0,4.0,4.0,6.944444444444444e-05,6.944444444444444e-05,"[[20717229192.69382, 6150572230.785392, 294743.6210177951, -22643.56011264737], [6150572230.785393, 13580308692.083805, 93832.9576169669, 223363.92308072528], [294743.6210177951, 93832.9576169669, 5.920933333333339, 0.0], [-22643.56011264737, 223363.92308072528, 0.0, 5.920933333333339]]"
2026-07-28 16:15:03,57.08572690033694,19.97442462774787,191.04014496920155,parking,1325.3381353920206,175.2764374006322,0.0,0.0,0.0,4.0,4.0,6.944444444444444e-05,6.944444444444444e-05,"[[21134552254.260525, 6329795975.319204, 298735.38969889755, -22462.6429596918], [6329795975.319204, 13955027215.94723, 95481.96389763526, 227134.96535040168], [298735.38969889755, 95481.96389763526, 5.962600000000006, 0.0], [-22462.6429596918, 227134.96535040168, 0.0, 5.962600000000006]]"
2026-07-28 16:25:03,57.08572690033694,19.97442462774787,191.04014496920155,parking,1325.3381353920206,175.2764374006322,0.0,0.0,0.0,4.0,4.0,6.944444444444444e-05,6.944444444444444e-05,"[[21134552254.260525, 6329795975.319204, 298735.38969889755, -22462.6429596918], [6329795975.319204, 13955027215.94723, 95481.96389763526, 227134.96535040168], [298735.38969889755, 95481.96389763526, 5.962600000000006, 0.0], [-22462.6429596918, 227134.96535040168, 0.0, 5.962600000000006]]"
2026-07-28 16:35:03,57.08572690033694,19.97442462774787,191.04014496920155,parking,1325.3381353920206,175.2764374006322,0.0,0.0,0.0,4.0,4.0,6.944444444444444e-05,6.944444444444444e-05,"[[21134552254.260525, 6329795975.319204, 298735.38969889755, -22462.6429596918], [6329795975.319204, 13955027215.94723, 95481.96389763526, 227134.96535040168], [298735.38969889755, 95481.96389763526, 5.962600000000006, 0.0], [-22462.6429596918, 227134.96535040168, 0.0, 5.962600000000006]]"
2026-07-28 16:45:03,57.08572690033694,19.97442462774787,191.04014496920155,parking,1325.3381353920206,175.2764374006322,0.0,0.0,0.0,4.0,4.0,6.944444444444444e-05,6.944444444444444e-05,"[[21134552254.260525, 6329795975.319204, 298735.38969889755, -22462.6429596918], [6329795975.319204, 13955027215.94723, 95481.96389763526, 227134.96535040168], [298735.38969889755, 95481.96389763526, 5.962600000000006, 0.0], [-22462.6429596918, 227134.96535040168, 0.0, 5.962600000000006]]"
2026-07-28 16:55:03,57.08572690033694,19.97442462774787,191.04014496920155,parking,1325.3381353920206,175.2764374006322,0.0,0.0,0.0,4.0,4.0,6.944444444444444e-05,6.944444444444444e-05,"[[21134552254.260525, 6329795975.319204, 298735.38969889755, -22462.6429596918], [6329795975.319204, 13955027215.94723, 95481.96389763526, 227134.96535040168], [298735.38969889755, 95481.96389763526, 5.962600000000006, 0.0], [-22462.6429596918, 227134.96535040168, 0.0, 5.962600000000006]]"
2026-07-28 17:05:03,57.08572690033694,19.97442462774787,191.04014496920155,parking,1325.3381353920206,175.2764374006322,0.0,0.0,0.0,4.0,4.0,6.944444444444444e-05,6.944444444444444e-05,"[[21134552254.260525, 6329795975.319204, 298735.38969889755, -22462.6429596918], [6329795975.319204, 13955027215.94723, 95481.96389763526, 227134.96535040168], [298735.38969889755, 95481.96389763526, 5.962600000000006, 0.0], [-22462.6429596918, 227134.96535040168, 0.0, 5.962600000000006]]"
2026-07-28 17:15:03,57.08572690033694,19.97442462774787,191.04014496920155,parking,1325.3381353920206,175.2764374006322,0.0,0.0,0.0,4.0,4.0,6.944444444444444e-05,6.944444444444444e-05,"[[21134552254.260525, 6329795975.319204, 298735.38969889755, -22462.6429596918], [6329795975.319204, 13955027215.94723, 95481.96389763526, 227134.96535040168], [298735.38969889755, 95481.96389763526, 5.962600000000006, 0.0], [-22462.6429596918, 227134.96535040168, 0.0, 5.962600000000006]]"
2026-07-28 17:25:03,57.08572690033694,19.97442462774787,191.04014496920155,parking,1325.3381353920206,175.2764374006322,0.0,0.0,0.0,4.0,4.0,6.944444444444444e-05,6.944444444444444e-05,"[[21134552254.260525, 6329795975.319204, 298735.38969889755, -22462.6429596918], [6329795975.319204, 13955027215.94723, 95481.96389763526, 227134.96535040168], [298735.38969889755, 95481.96389763526, 5.962600000000006, 0.0], [-22462.6429596918, 227134.96535040168, 0.0, 5.962600000000006]]"
2026-07-28 17:35:03,57.08572690033694,19.97442462774787,191.04014496920155,parking,1325.3381353920206,175.2764374006322,0.0,0.0,0.0,4.0,4.0,6.944444444444444e-05,6.944444444444444e-05,"[[21134552254.260525, 6329795975.319204, 298735.38969889755, -22462.6429596918], [6329795975.319204, 13955027215.94723, 95481.96389763526, 227134.96535040168], [298735.38969889755, 95481.96389763526, 5.962600000000006, 0.0], [-22462.6429596918, 227134.96535040168, 0.0, 5.962600000000006]]"
2026-07-28 17:45:03,57.08572690033694,19.97442462774787,191.04014496920155,parking,1325.3381353920206,175.2764374006322,0.0,0.0,0.0,4.0,4.0,6.944444444444444e-05,6.944444444444444e-05,"[[21134552254.260525, 6329795975.319204, 298735.38969889755, -22462.6429596918], [6329795975.319204, 13955027215.94723, 95481.96389763526, 227134.96535040168], [298735.38969889755, 95481.96389763526, 5.962600000000006, 0.0], [-22462.6429596918, 227134.96535040168, 0.0, 5.962600000000006]]"
2026-07-28 17:55:03,57.08572690033694,19.97442462774787,191.04014496920155,parking,1325.3381353920206,175.2764374006322,0.0,0.0,0.0,4.0,4.0,6.944444444444444e-05,6.944444444444444e-05,"[[21134552254.260525, 6329795975.319204, 298735.38969889755, -22462.6429596918], [6329795975.319204, 13955027215.94723, 95481.96389763526, 227134.96535040168], [298735.38969889755, 95481.96389763526, 5.962600000000006, 0.0], [-22462.6429596918, 227134.96535040168, 0.0, 5.962600000000006]]"
2026-07-28 18:05:03,57.08572690033694,19.97442462774787,191.04014496920155,parking,1325.3381353920206,175.2764374006322,0.0,0.0,0.0,4.0,4.0,6.944444444444444e-05,6.944444444444444e-05,"[[21134552254.260525, 6329795975.319204, 298735.38969889755, -22462.6429596918], [6329795975.319204, 13955027215.94723, 95481.96389763526, 227134.96535040168], [298735.38969889755, 95481.96389763526, 5.962600000000006, 0.0], [-22462.6429596918, 227134.96535040168, 0.0, 5.962600000000006]]"
2026-07-28 18:15:03,57.08572690033694,19.97442462774787,191.04014496920155,parking,1325.3381353920206,175.2764374006322,0.0,0.0,0.0,4.0,4.0,6.944444444444444e-05,6.944444444444444e-05,"[[21134552254.260525, 6329795975.319204, 298735.38969889755, -22462.6429596918], [6329795975.319204, 13955027215.94723, 95481.96389763526, 227134.96535040168], [298735.38969889755, 95481.96389763526, 5.962600000000006, 0.0], [-22462.6429596918, 227134.96535040168, 0.0, 5.962600000000006]]"
2026-07-28 18:25:03,57.08572690033694,19.97442462774787,191.04014496920155,parking,1325.3381353920206,175.2764374006322,0.0,0.0,0.0,4.0,4.0,6.944444444444444e-05,6.944444444444444e-05,"[[21134552254.260525, 6329795975.319204, 298735.38969889755, -22462.6429596918], [6329795975.319204, 13955027215.94723, 95481.96389763526, 227134.96535040168], [298735.38969889755, 95481.96389763526, 5.962600000000006, 0.0], [-22462.6429596918, 227134.96535040168, 0.0, 5.962600000000006]]"
2026-07-28 18:35:03,57.08572690033694,19.97442462774787,191.04014496920155,parking,1325.3381353920206,175.2764374006322,0.0,0.0,0.0,4.0,4.0,6.944444444444444e-05,6.944444444444444e-05,"[[21134552254.260525, 6329795975.319204, 298735.38969889755, -22462.6429596918], [6329795975.319204, 13955027215.94723, 95481.96389763526, 227134.96535040168], [298735.38969889755, 95481.96389763526, 5.962600000000006, 0.0], [-22462.6429596918, 227134.96535040168, 0.0, 5.962600000000006]]"
2026-07-28 18:45:03,57.08572690033694,19.97442462774787,191.04014496920155,parking,1325.3381353920206,175.2764374006322,0.0,0.0,0.0,4.0,4.0,6.944444444444444e-05,6.944444444444444e-05,"[[21134552254.260525, 6329795975.319204, 298735.38969889755, -22462.6429596918], [6329795975.319204, 13955027215.94723, 95481.96389763526, 227134.96535040168], [298735.38969889755, 95481.96389763526, 5.962600000000006, 0.0], [-22462.6429596918, 227134.96535040168, 0.0, 5.962600000000006]]"
2026-07-28 18:55:03,57.08572690033694,19.97442462774787,191.04014496920155,parking,1325.3381353920206,175.2764374006322,0.0,0.0,0.0,4.0,4.0,6.944444444444444e-05,6.944444444444444e-05,"[[21134552254.260525, 6329795975.319204, 298735.38969889755, -22462.6429596918], [6329795975.319204, 13955027215.94723, 95481.96389763526, 227134.96535040168], [298735.38969889755, 95481.96389763526, 5.962600000000006, 0.0], [-22462.6429596918, 227134.96535040168, 0.0, 5.962600000000006]]"
2026-07-28 19:05:03,57.08572690033694,19.97442462774787,191.04014496920155,parking,1325.3381353920206,175.2764374006322,0.0,0.0,0.0,4.0,4.0,6.944444444444444e-05,6.944444444444444e-05,"[[21134552254.260525, 6329795975.319204, 298735.38969889755, -22462.6429596918], [6329795975.319204, 13955027215.94723, 95481.96389763526, 227134.96535040168], [298735.38969889755, 95481.96389763526, 5.962600000000006, 0.0], [-22462.6429596918, 227134.96535040168, 0.0, 5.962600000000006]]"
2026-07-28 19:15:03,57.08572690033694,19.97442462774787,191.04014496920155,parking,1325.3381353920206,175.2764374006322,0.0,0.0,0.0,4.0,4.0,6.944444444444444e-05,6.944444444444444e-05,"[[21134552254.260525, 6329795975.319204, 298735.38969889755, -22462.6429596918], [6329795975.319204, 13955027215.94723, 95481.96389763526, 227134.96535040168], [298735.38969889755, 95481.96389763526, 5.962600000000006, 0.0], [-22462.6429596918, 227134.96535040168, 0.0, 5.962600000000006]]"
2026-07-28 19:25:03,57.08572690033694,19.97442462774787,191.04014496920155,parking,1325.3381353920206,175.2764374006322,0.0,0.0,0.0,4.0,4.0,6.944444444444444e-05,6.944444444444444e-05,"[[21134552254.260525, 6329795975.319204, 298735.38969889755, -22462.6429596918], [6329795975.319204, 13955027215.94723, 95481.96389763526, 227134.96535040168], [298735.38969889755, 95481.96389763526, 5.962600000000006, 0.0], [-22462.6429596918, 227134.96535040168, 0.0, 5.962600000000006]]"
2026-07-28 19:35:03,57.08572690033694,19.97442462774787,191.04014496920155,parking,1325.3381353920206,175.2764374006322,0.0,0.0,0.0,4.0,4.0,6.944444444444444e-05,6.944444444444444e-05,"[[21134552254.260525, 6329795975.319204, 298735.38969889755, -22462.6429596918], [6329795975.319204, 13955027215.94723, 95481.96389763526, 227134.96535040168], [298735.38969889755, 95481.96389763526, 5.962600000000006, 0.0], [-22462.6429596918, 227134.96535040168, 0.0, 5.962600000000006]]"
2026-07-28 19:45:03,57.08572690033694,19.97442462774787,191.04014496920155,parking,1325.3381353920206,175.2764374006322,0.0,0.0,0.0,4.0,4.0,6.944444444444444e-05,6.944444444444444e-05,"[[21134552254.260525, 6329795975.319204, 298735.38969889755, -22462.6429596918], [6329795975.319204, 13955027215.94723, 95481.96389763526, 227134.96535040168], [298735.38969889755, 95481.96389763526, 5.962600000000006, 0.0], [-22462.6429596918, 227134.96535040168, 0.0, 5.962600000000006]]"
2026-07-28 19:55:03,57.08572690033694,19.97442462774787,191.04014496920155,parking,1325.3381353920206,175.2764374006322,0.0,0.0,0.0,4.0,4.0,6.944444444444444e-05,6.944444444444444e-05,"[[21134552254.260525, 6329795975.319204, 298735.38969889755, -22462.6429596918], [6329795975.319204, 13955027215.94723, 95481.96389763526, 227134.96535040168], [298735.38969889755, 95481.96389763526, 5.962600000000006, 0.0], [-22462.6429596918, 227134.96535040168, 0.0, 5.962600000000006]]"
2026-07-28 20:05:03,57.08572690033694,19.97442462774787,191.04014496920155,parking,1325.3381353920206,175.2764374006322,0.0,0.0,0.0,4.0,4.0,6.944444444444444e-05,6.944444444444444e-05,"[[21134552254.260525, 6329795975.319204, 298735.38969889755, -22462.6429596918], [6329795975.319204, 13955027215.94723, 95481.96389763526, 227134.96535040168], [298735.38969889755, 95481.96389763526, 5.962600000000006, 0.0], [-22462.6429596918, 227134.96535040168, 0.0, 5.962600000000006]]"
2026-07-28 20:15:03,57.08572690033694,19.97442462774787,191.04014496920155,parking,1325.3381353920206,175.2764374006322,0.0,0.0,0.0,4.0,4.0,6.944444444444444e-05,6.944444444444444e-05,"[[21134552254.260525, 6329795975.319204, 298735.38969889755, -22462.6429596918], [6329795975.319204, 13955027215.94723, 95481.96389763526, 227134.96535040168], [298735.38969889755, 95481.96389763526, 5.962600000000006, 0.0], [-22462.6429596918, 227134.96535040168, 0.0, 5.962600000000006]]"
2026-07-28 20:25:03,57.08572690033694,19.97442462774787,191.04014496920155,parking,1325.3381353920206,175.2764374006322,0.0,0.0,0.0,4.0,4.0,6.944444444444444e-05,6.944444444444444e-05,"[[21134552254.260525, 6329795975.319204, 298735.38969889755, -22462.6429596918], [6329795975.319204, 13955027215.94723, 95481.96389763526, 227134.96535040168], [298735.38969889755, 95481.96389763526, 5.962600000000006, 0.0], [-22462.6429596918, 227134.96535040168, 0.0, 5.962600000000006]]"
2026-07-28 20:35:03,57.08572690033694,19.97442462774787,191.04014496920155,parking,1325.3381353920206,175.2764374006322,0.0,0.0,0.0,4.0,4.0,6.944444444444444e-05,6.944444444444444e-05,"[[21134552254.260525, 6329795975.319204, 298735.38969889755, -22462.6429596918], [6329795975.319204, 13955027215.94723, 95481.96389763526, 227134.96535040168], [298735.38969889755, 95481.96389763526, 5.962600000000006, 0.0], [-22462.6429596918, 227134.96535040168, 0.0, 5.962600000000006]]"
2026-07-28 20:45:03,57.08572690033694,19.97442462774787,191.04014496920155,parking,1325.3381353920206,175.2764374006322,0.0,0.0,0.0,4.0,4.0,6.944444444444444e-05,6.944444444444444e-05,"[[21134552254.260525, 6329795975.319204, 298735.38969889755, -22462.6429596918], [6329795975.319204, 13955027215.94723, 95481.96389763526, 227134.96535040168], [298735.38969889755, 95481.96389763526, 5.962600000000006, 0.0], [-22462.6429596918, 227134.96535040168, 0.0, 5.962600000000006]]"
2026-07-28 20:55:03,57.08572690033694,19.97442462774787,191.04014496920155,parking,1325.3381353920206,175.2764374006322,0.0,0.0,0.0,4.0,4.0,6.944444444444444e-05,6.944444444444444e-05,"[[21134552254.260525, 6329795975.319204, 298735.38969889755, -22462.6429596918], [6329795975.319204, 13955027215.94723, 95481.96389763526, 227134.96535040168], [298735.38969889755, 95481.96389763526, 5.962600000000006, 0.0], [-22462.6429596918, 227134.96535040168, 0.0, 5.962600000000006]]"
2026-07-28 21:05:03,57.08572690033694,19.97442462774787,191.04014496920155,parking,1325.3381353920206,175.2764374006322,0.0,0.0,0.0,4.0,4.0,6.944444444444444e-05,6.944444444444444e-05,"[[21134552254.260525, 6329795975.319204, 298735.38969889755, -22462.6429596918], [6329795975.319204, 13955027215.94723, 95481.96389763526, 227134.96535040168], [298735.38969889755, 95481.96389763526, 5.962600000000006, 0.0], [-22462.6429596918, 227134.96535040168, 0.0, 5.962600000000006]]"
2026-07-28 21:15:03,57.08572690033694,19.97442462774787,191.04014496920155,parking,1325.3381353920206,175.2764374006322,0.0,0.0,0.0,4.0,4.0,6.944444444444444e-05,6.944444444444444e-05,"[[21134552254.260525, 6329795975.319204, 298735.38969889755, -22462.6429596918], [6329795975.319204, 13955027215.94723, 95481.96389763526, 227134.96535040168], [298735.38969889755, 95481.96389763526, 5.962600000000006, 0.0], [-22462.6429596918, 227134.96535040168, 0.0, 5.962600000000006]]"
2026-07-28 21:25:03,57.08572690033694,19.97442462774787,191.04014496920155,parking,1325.3381353920206,175.2764374006322,0.0,0.0,0.0,4.0,4.0,6.944444444444444e-05,6.944444444444444e-05,"[[21134552254.260525, 6329795975.319204, 298735.38969889755, -22462.6429596918], [6329795975.319204, 13955027215.94723, 95481.96389763526, 227134.96535040168], [298735.38969889755, 95481.96389763526, 5.962600000000006, 0.0], [-22462.6429596918, 227134.96535040168, 0.0, 5.962600000000006]]"
2026-07-28 21:35:03,57.08572690033694,19.97442462774787,191.04014496920155,parking,1325.3381353920206,175.2764374006322,0.0,0.0,0.0,4.0,4.0,6.944444444444444e-05,6.944444444444444e-05,"[[21134552254.260525, 6329795975.319204, 298735.38969889755, -22462.6429596918], [6329795975.319204, 13955027215.94723, 95481.96389763526, 227134.96535040168], [298735.38969889755, 95481.96389763526, 5.962600000000006, 0.0], [-22462.6429596918, 227134.96535040168, 0.0, 5.962600000000006]]"
2026-07-28 21:45:03,57.08572690033694,19.97442462774787,191.04014496920155,parking,1325.3381353920206,175.2764374006322,0.0,0.0,0.0,4.0,4.0,6.944444444444444e-05,6.944444444444444e-05,"[[21134552254.260525, 6329795975.319204, 298735.38969889755, -22462.6429596918], [6329795975.319204, 13955027215.94723, 95481.96389763526, 227134.96535040168], [298735.38969889755, 95481.96389763526, 5.962600000000006, 0.0], [-22462.6429596918, 227134.96535040168, 0.0, 5.962600000000006]]"
2026-07-28 21:55:03,57.08572690033694,19.97442462774787,191.04014496920155,parking,1325.3381353920206,175.2764374006322,0.0,0.0,0.0,4.0,4.0,6.944444444444444e-05,6.944444444444444e-05,"[[21134552254.260525, 6329795975.319204, 298735.38969889755, -22462.6429596918], [6329795975.319204, 13955027215.94723, 95481.96389763526, 227134.96535040168], [298735.38969889755, 95481.96389763526, 5.962600000000006, 0.0], [-22462.6429596918, 227134.96535040168, 0.0, 5.962600000000006]]"
2026-07-28 22:05:03,57.08572690033694,19.97442462774787,191.04014496920155,parking,1325.3381353920206,175.2764374006322,0.0,0.0,0.0,4.0,4.0,6.944444444444444e-05,6.944444444444444e-05,"[[21134552254.260525, 6329795975.319204, 298735.38969889755, -22462.6429596918], [6329795975.319204, 13955027215.94723, 95481.96389763526, 227134.96535040168], [298735.38969889755, 95481.96389763526, 5.962600000000006, 0.0], [-22462.6429596918, 227134.96535040168, 0.0, 5.962600000000006]]"
2026-07-28 22:15:03,57.08572690033694,19.97442462774787,191.04014496920155,parking,1325.3381353920206,175.2764374006322,0.0,0.0,0.0,4.0,4.0,6.944444444444444e-05,6.944444444444444e-05,"[[21134552254.260525, 6329795975.319204, 298735.38969889755, -22462.6429596918], [6329795975.319204, 13955027215.94723, 95481.96389763526, 227134.96535040168], [298735.38969889755, 95481.96389763526, 5.962600000000006, 0.0], [-22462.6429596918, 227134.96535040168, 0.0, 5.962600000000006]]"
2026-07-28 22:25:03,57.08572690033694,19.97442462774787,191.04014496920155,parking,1325.3381353920206,175.2764374006322,0.0,0.0,0.0,4.0,4.0,6.944444444444444e-05,6.944444444444444e-05,"[[21134552254.260525, 6329795975.319204, 298735.38969889755, -22462.6429596918], [6329795975.319204, 13955027215.94723, 95481.96389763526, 227134.96535040168], [298735.38969889755, 95481.96389763526, 5.962600000000006, 0.0], [-22462.6429596918, 227134.96535040168, 0.0, 5.962600000000006]]"
2026-07-28 22:35:03,57.08572690033694,19.97442462774787,191.04014496920155,parking,1325.3381353920206,175.2764374006322,0.0,0.0,0.0,4.0,4.0,6.944444444444444e-05,6.944444444444444e-05,"[[21134552254.260525, 6329795975.319204, 298735.38969889755, -22462.6429596918], [6329795975.319204, 13955027215.94723, 95481.96389763526, 227134.96535040168], [298735.38969889755, 95481.96389763526, 5.962600000000006, 0.0], [-22462.6429596918, 227134.96535040168, 0.0, 5.962600000000006]]"
2026-07-28 22:45:03,57.08572690033694,19.97442462774787,191.04014496920155,parking,1325.3381353920206,175.2764374006322,0.0,0.0,0.0,4.0,4.0,6.944444444444444e-05,6.944444444444444e-05,"[[21134552254.260525, 6329795975.319204, 298735.38969889755, -22462.6429596918], [6329795975.319204, 13955027215.94723, 95481.96389763526, 227134.96535040168], [298735.38969889755, 95481.96389763526, 5.962600000000006, 0.0], [-22462.6429596918, 227134.96535040168, 0.0, 5.962600000000006]]"
2026-07-28 22:55:03,57.08572690033694,19.97442462774787,191.04014496920155,parking,1325.3381353920206,175.2764374006322,0.0,0.0,0.0,4.0,4.0,6.944444444444444e-05,6.944444444444444e-05,"[[21134552254.260525, 6329795975.319204, 298735.38969889755, -22462.6429596918], [6329795975.319204, 13955027215.94723, 95481.96389763526, 227134.96535040168], [298735.38969889755, 95481.96389763526, 5.962600000000006, 0.0], [-22462.6429596918, 227134.96535040168, 0.0, 5.962600000000006]]"
2026-07-28 23:05:03,57.08572690033694,19.97442462774787,191.04014496920155,parking,1325.3381353920206,175.2764374006322,0.0,0.0,0.0,4.0,4.0,6.944444444444444e-05,6.944444444444444e-05,"[[21134552254.260525, 6329795975.319204, 298735.38969889755, -22462.6429596918], [6329795975.319204, 13955027215.94723, 95481.96389763526, 227134.96535040168], [298735.38969889755, 95481.96389763526, 5.962600000000006, 0.0], [-22462.6429596918, 227134.96535040168, 0.0, 5.962600000000006]]"
2026-07-28 23:15:03,57.08572690033694,19.97442462774787,191.04014496920155,parking,1325.3381353920206,175.2764374006322,0.0,0.0,0.0,4.0,4.0,6.944444444444444e-05,6.944444444444444e-05,"[[21134552254.260525, 6329795975.319204, 298735.38969889755, -22462.6429596918], [6329795975.319204, 13955027215.94723, 95481.96389763526, 227134.96535040168], [298735.38969889755, 95481.96389763526, 5.962600000000006, 0.0], [-22462.6429596918, 227134.96535040168, 0.0, 5.962600000000006]]"
2026-07-28 23:25:03,57.08572690033694,19.97442462774787,191.04014496920155,parking,1325.3381353920206,175.2764374006322,0.0,0.0,0.0,4.0,4.0,6.944444444444444e-05,6.944444444444444e-05,"[[21134552254.260525, 6329795975.319204, 298735.38969889755, -22462.6429596918], [6329795975.319204, 13955027215.94723, 95481.96389763526, 227134.96535040168], [298735.38969889755, 95481.96389763526, 5.962600000000006, 0.0], [-22462.6429596918, 227134.96535040168, 0.0, 5.962600000000006]]"
2026-07-28 23:35:03,57.08572690033694,19.97442462774787,191.04014496920155,parking,1325.3381353920206,175.2764374006322,0.0,0.0,0.0,4.0,4.0,6.944444444444444e-05,6.944444444444444e-05,"[[21134552254.260525, 6329795975.319204, 298735.38969889755, -22462.6429596918], [6329795975.319204, 13955027215.94723, 95481.96389763526, 227134.96535040168], [298735.38969889755, 95481.96389763526, 5.962600000000006, 0.0], [-22462.6429596918, 227134.96535040168, 0.0, 5.962600000000006]]"
2026-07-28 23:45:03,57.08572690033694,19.97442462774787,191.04014496920155,parking,1325.3381353920206,175.2764374006322,0.0,0.0,0.0,4.0,4.0,6.944444444444444e-05,6.944444444444444e-05,"[[21134552254.260525, 6329795975.319204, 298735.38969889755, -22462.6429596918], [6329795975.319204, 13955027215.94723, 95481.96389763526, 227134.96535040168], [298735.38969889755, 95481.96389763526, 5.962600000000006, 0.0], [-22462.6429596918, 227134.96535040168, 0.0, 5.962600000000006]]"
2026-07-28 23:55:03,57.08572690033694,19.97442462774787,191.04014496920155,parking,1325.3381353920206,175.2764374006322,0.0,0.0,0.0,4.0,4.0,6.944444444444444e-05,6.944444444444444e-05,"[[21134552254.260525, 6329795975.319204, 298735.38969889755, -22462.6429596918], [6329795975.319204, 13955027215.94723, 95481.96389763526, 227134.96535040168], [298735.38969889755, 95481.96389763526, 5.962600000000006, 0.0], [-22462.6429596918, 227134.96535040168, 0.0, 5.962600000000006]]"
2026-07-29 00:05:03,57.08572690033694,19.97442462774787,191.04014496920155,parking,1325.3381353920206,175.2764374006322,0.0,0.0,0.0,4.0,4.0,6.944444444444444e-05,6.944444444444444e-05,"[[21134552254.260525, 6329795975.319204, 298735.38969889755, -22462.6429596918], [6329795975.319204, 13955027215.94723, 95481.96389763526, 227134.96535040168], [298735.38969889755, 95481.96389763526, 5.962600000000006, 0.0], [-22462.6429596918, 227134.96535040168, 0.0, 5.962600000000006]]"
2026-07-29 00:15:03,57.08572690033694,19.97442462774787,191.04014496920155,parking,1325.3381353920206,175.2764374006322,0.0,0.0,0.0,4.0,4.0,6.944444444444444e-05,6.944444444444444e-05,"[[21134552254.260525, 6329795975.319204, 298735.38969889755, -22462.6429596918], [6329795975.319204, 13955027215.94723, 95481.96389763526, 227134.96535040168], [298735.38969889755, 95481.96389763526, 5.962600000000006, 0.0], [-22462.6429596918, 227134.96535040168, 0.0, 5.962600000000006]]"
2026-07-29 00:25:03,57.08572690033694,19.97442462774787,191.04014496920155,parking,1325.3381353920206,175.2764374006322,0.0,0.0,0.0,4.0,4.0,6.944444444444444e-05,6.944444444444444e-05,"[[21134552254.260525, 6329795975.319204, 298735.38969889755, -22462.6429596918], [6329795975.319204, 13955027215.94723, 95481.96389763526, 227134.96535040168], [298735.38969889755, 95481.96389763526, 5.962600000000006, 0.0], [-22462.6429596918, 227134.96535040168, 0.0, 5.962600000000006]]"
2026-07-29 00:35:03,57.08572690033694,19.97442462774787,191.04014496920155,parking,1325.3381353920206,175.2764374006322,0.0,0.0,0.0,4.0,4.0,6.944444444444444e-05,6.944444444444444e-05,"[[21134552254.260525, 6329795975.319204, 298735.38969889755, -22462.6429596918], [6329795975.319204, 13955027215.94723, 95481.96389763526, 227134.96535040168], [298735.38969889755, 95481.96389763526, 5.962600000000006, 0.0], [-22462.6429596918, 227134.96535040168, 0.0, 5.962600000000006]]"
2026-07-29 00:45:03,57.08572690033694,19.97442462774787,191.04014496920155,parking,1325.3381353920206,175.2764374006322,0.0,0.0,0.0,4.0,4.0,6.944444444444444e-05,6.944444444444444e-05,"[[21134552254.260525, 6329795975.319204, 298735.38969889755, -22462.6429596918], [6329795975.319204, 13955027215.94723, 95481.96389763526, 227134.96535040168], [298735.38969889755, 95481.96389763526, 5.962600000000006, 0.0], [-22462.6429596918, 227134.96535040168, 0.0, 5.962600000000006]]"
2026-07-29 00:55:03,57.08572690033694,19.97442462774787,191.04014496920155,parking,1325.3381353920206,175.2764374006322,0.0,0.0,0.0,4.0,4.0,6.944444444444444e-05,6.944444444444444e-05,"[[21134552254.260525, 6329795975.319204, 298735.38969889755, -22462.6429596918], [6329795975.319204, 13955027215.94723, 95481.96389763526, 227134.96535040168], [298735.38969889755, 95481.96389763526, 5.962600000000006, 0.0], [-22462.6429596918, 227134.96535040168, 0.0, 5.962600000000006]]"
2026-07-29 01:05:03,57.08572690033694,19.97442462774787,191.04014496920155,parking,1325.3381353920206,175.2764374006322,0.0,0.0,0.0,4.0,4.0,6.944444444444444e-05,6.944444444444444e-05,"[[21134552254.260525, 6329795975.319204, 298735.38969889755, -22462.6429596918], [6329795975.319204, 13955027215.94723, 95481.96389763526, 227134.96535040168], [298735.38969889755, 95481.96389763526, 5.962600000000006, 0.0], [-22462.6429596918, 227134.96535040168, 0.0, 5.962600000000006]]"
2026-07-29 01:15:03,57.08572690033694,19.97442462774787,191.04014496920155,parking,1325.3381353920206,175.2764374006322,0.0,0.0,0.0,4.0,4.0,6.944444444444444e-05,6.944444444444444e-05,"[[21134552254.260525, 6329795975.319204, 298735.38969889755, -22462.6429596918], [6329795975.319204, 13955027215.94723, 95481.96389763526, 227134.96535040168], [298735.38969889755, 95481.96389763526, 5.962600000000006, 0.0], [-22462.6429596918, 227134.96535040168, 0.0, 5.962600000000006]]"
2026-07-29 01:25:03,57.08572690033694,19.97442462774787,191.04014496920155,parking,1325.3381353920206,175.2764374006322,0.0,0.0,0.0,4.0,4.0,6.944444444444444e-05,6.944444444444444e-05,"[[21134552254.260525, 6329795975.319204, 298735.38969889755, -22462.6429596918], [6329795975.319204, 13955027215.94723, 95481.96389763526, 227134.96535040168], [298735.38969889755, 95481.96389763526, 5.962600000000006, 0.0], [-22462.6429596918, 227134.96535040168, 0.0, 5.962600000000006]]"
2026-07-29 01:35:03,57.08572690033694,19.97442462774787,191.04014496920155,parking,1325.3381353920206,175.2764374006322,0.0,0.0,0.0,4.0,4.0,6.944444444444444e-05,6.944444444444444e-05,"[[21134552254.260525, 6329795975.319204, 298735.38969889755, -22462.6429596918], [6329795975.319204, 13955027215.94723, 95481.96389763526, 227134.96535040168], [298735.38969889755, 95481.96389763526, 5.962600000000006, 0.0], [-22462.6429596918, 227134.96535040168, 0.0, 5.962600000000006]]"
2026-07-29 01:45:03,57.08572690033694,19.97442462774787,191.04014496920155,parking,1325.3381353920206,175.2764374006322,0.0,0.0,0.0,4.0,4.0,6.944444444444444e-05,6.944444444444444e-05,"[[21134552254.260525, 6329795975.319204, 298735.38969889755, -22462.6429596918], [6329795975.319204, 13955027215.94723, 95481.96389763526, 227134.96535040168], [298735.38969889755, 95481.96389763526, 5.962600000000006, 0.0], [-22462.6429596918, 227134.96535040168, 0.0, 5.962600000000006]]"
2026-07-29 01:55:03,57.08572690033694,19.97442462774787,191.04014496920155,parking,1325.3381353920206,175.2764374006322,0.0,0.0,0.0,4.0,4.0,6.944444444444444e-05,6.944444444444444e-05,"[[21134552254.260525, 6329795975.319204, 298735.38969889755, -22462.6429596918], [6329795975.319204, 13955027215.94723, 95481.96389763526, 227134.96535040168], [298735.38969889755, 95481.96389763526, 5.962600000000006, 0.0], [-22462.6429596918, 227134.96535040168, 0.0, 5.962600000000006]]"
2026-07-29 02:05:03,57.08572690033694,19.97442462774787,191.04014496920155,parking,1325.3381353920206,175.2764374006322,0.0,0.0,0.0,4.0,4.0,6.944444444444444e-05,6.944444444444444e-05,"[[21134552254.260525, 6329795975.319204, 298735.38969889755, -22462.6429596918], [6329795975.319204, 13955027215.94723, 95481.96389763526, 227134.96535040168], [298735.38969889755, 95481.96389763526, 5.962600000000006, 0.0], [-22462.6429596918, 227134.96535040168, 0.0, 5.962600000000006]]"
2026-07-29 02:15:03,57.08572690033694,19.97442462774787,191.04014496920155,parking,1325.3381353920206,175.2764374006322,0.0,0.0,0.0,4.0,4.0,6.944444444444444e-05,6.944444444444444e-05,"[[21134552254.260525, 6329795975.319204, 298735.38969889755, -22462.6429596918], [6329795975.319204, 13955027215.94723, 95481.96389763526, 227134.96535040168], [298735.38969889755, 95481.96389763526, 5.962600000000006, 0.0], [-22462.6429596918, 227134.96535040168, 0.0, 5.962600000000006]]"
2026-07-29 02:25:03,57.08572690033694,19.97442462774787,191.04014496920155,parking,1325.3381353920206,175.2764374006322,0.0,0.0,0.0,4.0,4.0,6.944444444444444e-05,6.944444444444444e-05,"[[21134552254.260525, 6329795975.319204, 298735.38969889755, -22462.6429596918], [6329795975.319204, 13955027215.94723, 95481.96389763526, 227134.96535040168], [298735.38969889755, 95481.96389763526, 5.962600000000006, 0.0], [-22462.6429596918, 227134.96535040168, 0.0, 5.962600000000006]]"
2026-07-29 02:35:03,57.08572690033694,19.97442462774787,191.04014496920155,parking,1325.3381353920206,175.2764374006322,0.0,0.0,0.0,4.0,4.0,6.944444444444444e-05,6.944444444444444e-05,"[[21134552254.260525, 6329795975.319204, 298735.38969889755, -22462.6429596918], [6329795975.319204, 13955027215.94723, 95481.96389763526, 227134.96535040168], [298735.38969889755, 95481.96389763526, 5.962600000000006, 0.0], [-22462.6429596918, 227134.96535040168, 0.0, 5.962600000000006]]"
2026-07-29 02:45:03,57.08572690033694,19.97442462774787,191.04014496920155,parking,1325.3381353920206,175.2764374006322,0.0,0.0,0.0,4.0,4.0,6.944444444444444e-05,6.944444444444444e-05,"[[21134552254.260525, 6329795975.319204, 298735.38969889755, -22462.6429596918], [6329795975.319204, 13955027215.94723, 95481.96389763526, 227134.96535040168], [298735.38969889755, 95481.96389763526, 5.962600000000006, 0.0], [-22462.6429596918, 227134.96535040168, 0.0, 5.962600000000006]]"
2026-07-29 02:55:03,57.08572690033694,19.97442462774787,191.04014496920155,parking,1325.3381353920206,175.2764374006322,0.0,0.0,0.0,4.0,4.0,6.944444444444444e-05,6.944444444444444e-05,"[[21134552254.260525, 6329795975.319204, 298735.38969889755, -22462.6429596918], [6329795975.319204, 13955027215.94723, 95481.96389763526, 227134.96535040168], [298735.38969889755, 95481.96389763526, 5.962600000000006, 0.0], [-22462.6429596918, 227134.96535040168, 0.0, 5.962600000000006]]"
2026-07-29 03:05:03,57.08572690033694,19.97442462774787,191.04014496920155,parking,1325.3381353920206,175.2764374006322,0.0,0.0,0.0,4.0,4.0,6.944444444444444e-05,6.944444444444444e-05,"[[21134552254.260525, 6329795975.319204, 298735.38969889755, -22462.6429596918], [6329795975.319204, 13955027215.94723, 95481.96389763526, 227134.96535040168], [298735.38969889755, 95481.96389763526, 5.962600000000006, 0.0], [-22462.6429596918, 227134.96535040168, 0.0, 5.962600000000006]]"
2026-07-29 03:15:03,57.08572690033694,19.97442462774787,191.04014496920155,parking,1325.3381353920206,175.2764374006322,0.0,0.0,0.0,4.0,4.0,6.944444444444444e-05,6.944444444444444e-05,"[[21134552254.260525, 6329795975.319204, 298735.38969889755, -22462.6429596918], [6329795975.319204, 13955027215.94723, 95481.96389763526, 227134.96535040168], [298735.38969889755, 95481.96389763526, 5.962600000000006, 0.0], [-22462.6429596918, 227134.96535040168, 0.0, 5.962600000000006]]"
2026-07-29 03:25:03,57.08572690033694,19.97442462774787,191.04014496920155,parking,1325.3381353920206,175.2764374006322,0.0,0.0,0.0,4.0,4.0,6.944444444444444e-05,6.944444444444444e-05,"[[21134552254.260525, 6329795975.319204, 298735.38969889755, -22462.6429596918], [6329795975.319204, 13955027215.94723, 95481.96389763526, 227134.96535040168], [298735.38969889755, 95481.96389763526, 5.962600000000006, 0.0], [-22462.6429596918, 227134.96535040168, 0.0, 5.962600000000006]]"
2026-07-29 03:35:03,57.08572690033694,19.97442462774787,191.04014496920155,parking,1325.3381353920206,175.2764374006322,0.0,0.0,0.0,4.0,4.0,6.944444444444444e-05,6.944444444444444e-05,"[[21134552254.260525, 6329795975.319204, 298735.38969889755, -22462.6429596918], [6329795975.319204, 13955027215.94723, 95481.96389763526, 227134.96535040168], [298735.38969889755, 95481.96389763526, 5.962600000000006, 0.0], [-22462.6429596918, 227134.96535040168, 0.0, 5.962600000000006]]"
2026-07-29 03:45:03,57.08572690033694,19.97442462774787,191.04014496920155,parking,1325.3381353920206,175.2764374006322,0.0,0.0,0.0,4.0,4.0,6.944444444444444e-05,6.944444444444444e-05,"[[21134552254.260525, 6329795975.319204, 298735.38969889755, -22462.6429596918], [6329795975.319204, 13955027215.94723, 95481.96389763526, 227134.96535040168], [298735.38969889755, 95481.96389763526, 5.962600000000006, 0.0], [-22462.6429596918, 227134.96535040168, 0.0, 5.962600000000006]]"
2026-07-29 03:55:03,57.08572690033694,19.97442462774787,191.04014496920155,parking,1325.3381353920206,175.2764374006322,0.0,0.0,0.0,4.0,4.0,6.944444444444444e-05,6.944444444444444e-05,"[[21134552254.260525, 6329795975.319204, 298735.38969889755, -22462.6429596918], [6329795975.319204, 13955027215.94723, 95481.96389763526, 227134.96535040168], [298735.38969889755, 95481.96389763526, 5.962600000000006, 0.0], [-22462.6429596918, 227134.96535040168, 0.0, 5.962600000000006]]"
2026-07-29 04:05:03,57.08572690033694,19.97442462774787,191.04014496920155,parking,1325.3381353920206,175.2764374006322,0.0,0.0,0.0,4.0,4.0,6.944444444444444e-05,6.944444444444444e-05,"[[21134552254.260525, 6329795975.319204, 298735.38969889755, -22462.6429596918], [6329795975.319204, 13955027215.94723, 95481.96389763526, 227134.96535040168], [298735.38969889755, 95481.96389763526, 5.962600000000006, 0.0], [-22462.6429596918, 227134.96535040168, 0.0, 5.962600000000006]]"
2026-07-29 04:15:03,57.08572690033694,19.97442462774787,191.04014496920155,parking,1325.3381353920206,175.2764374006322,0.0,0.0,0.0,4.0,4.0,6.944444444444444e-05,6.944444444444444e-05,"[[21134552254.260525, 6329795975.319204, 298735.38969889755, -22462.6429596918], [6329795975.319204, 13955027215.94723, 95481.96389763526, 227134.96535040168], [298735.38969889755, 95481.96389763526, 5.962600000000006, 0.0], [-22462.6429596918, 227134.96535040168, 0.0, 5.962600000000006]]"
2026-07-29 04:25:03,57.08572690033694,19.97442462774787,191.04014496920155,parking,1325.3381353920206,175.2764374006322,0.0,0.0,0.0,4.0,4.0,6.944444444444444e-05,6.944444444444444e-05,"[[21134552254.260525, 6329795975.319204, 298735.38969889755, -22462.6429596918], [6329795975.319204, 13955027215.94723, 95481.96389763526, 227134.96535040168], [298735.38969889755, 95481.96389763526, 5.962600000000006, 0.0], [-22462.6429596918, 227134.96535040168, 0.0, 5.962600000000006]]"
2026-07-29 04:35:03,57.08572690033694,19.97442462774787,191.04014496920155,parking,1325.3381353920206,175.2764374006322,0.0,0.0,0.0,4.0,4.0,6.944444444444444e-05,6.944444444444444e-05,"[[21134552254.260525, 6329795975.319204, 298735.38969889755, -22462.6429596918], [6329795975.319204, 13955027215.94723, 95481.96389763526, 227134.96535040168], [298735.38969889755, 95481.96389763526, 5.962600000000006, 0.0], [-22462.6429596918, 227134.96535040168, 0.0, 5.962600000000006]]"
2026-07-29 04:45:03,57.08572690033694,19.97442462774787,191.04014496920155,parking,1325.3381353920206,175.2764374006322,0.0,0.0,0.0,4.0,4.0,6.944444444444444e-05,6.944444444444444e-05,"[[21134552254.260525, 6329795975.319204, 298735.38969889755, -22462.6429596918], [6329795975.319204, 13955027215.94723, 95481.96389763526, 227134.96535040168], [298735.38969889755, 95481.96389763526, 5.962600000000006, 0.0], [-22462.6429596918, 227134.96535040168, 0.0, 5.962600000000006]]"
2026-07-29 04:55:03,57.08572690033694,19.97442462774787,191.04014496920155,parking,1325.3381353920206,175.2764374006322,0.0,0.0,0.0,4.0,4.0,6.944444444444444e-05,6.944444444444444e-05,"[[21134552254.260525, 6329795975.319204, 298735.38969889755, -22462.6429596918], [6329795975.319204, 13955027215.94723, 95481.96389763526, 227134.96535040168], [298735.38969889755, 95481.96389763526, 5.962600000000006, 0.0], [-22462.6429596918, 227134.96535040168, 0.0, 5.962600000000006]]"
2026-07-29 05:05:03,57.08572690033694,19.97442462774787,191.04014496920155,parking,1325.3381353920206,175.2764374006322,0.0,0.0,0.0,4.0,4.0,6.944444444444444e-05,6.944444444444444e-05,"[[21134552254.260525, 6329795975.319204, 298735.38969889755, -22462.6429596918], [6329795975.319204, 13955027215.94723, 95481.96389763526, 227134.96535040168], [298735.38969889755, 95481.96389763526, 5.962600000000006, 0.0], [-22462.6429596918, 227134.96535040168, 0.0, 5.962600000000006]]"
2026-07-29 05:15:03,57.08572690033694,19.97442462774787,191.04014496920155,parking,1325.3381353920206,175.2764374006322,0.0,0.0,0.0,4.0,4.0,6.944444444444444e-05,6.944444444444444e-05,"[[21134552254.260525, 6329795975.319204, 298735.38969889755, -22462.6429596918], [6329795975.319204, 13955027215.94723, 95481.96389763526, 227134.96535040168], [298735.38969889755, 95481.96389763526, 5.962600000000006, 0.0], [-22462.6429596918, 227134.96535040168, 0.0, 5.962600000000006]]"
2026-07-29 05:25:03,57.08572690033694,19.97442462774787,191.04014496920155,parking,1325.3381353920206,175.2764374006322,0.0,0.0,0.0,4.0,4.0,6.944444444444444e-05,6.944444444444444e-05,"[[21134552254.260525, 6329795975.319204, 298735.38969889755, -22462.6429596918], [6329795975.319204, 13955027215.94723, 95481.96389763526, 227134.96535040168], [298735.38969889755, 95481.96389763526, 5.962600000000006, 0.0], [-22462.6429596918, 227134.96535040168, 0.0, 5.962600000000006]]"
2026-07-29 05:35:03,57.08572690033694,19.97442462774787,191.04014496920155,parking,1325.3381353920206,175.2764374006322,0.0,0.0,0.0,4.0,4.0,6.944444444444444e-05,6.944444444444444e-05,"[[21134552254.260525, 6329795975.319204, 298735.38969889755, -22462.6429596918], [6329795975.319204, 13955027215.94723, 95481.96389763526, 227134.96535040168], [298735.38969889755, 95481.96389763526, 5.962600000000006, 0.0], [-22462.6429596918, 227134.96535040168, 0.0, 5.962600000000006]]"
2026-07-29 05:45:03,57.08572690033694,19.97442462774787,191.04014496920155,parking,1325.3381353920206,175.2764374006322,0.0,0.0,0.0,4.0,4.0,6.944444444444444e-05,6.944444444444444e-05,"[[21134552254.260525, 6329795975.319204, 298735.38969889755, -22462.6429596918], [6329795975.319204, 13955027215.94723, 95481.96389763526, 227134.96535040168], [298735.38969889755, 95481.96389763526, 5.962600000000006, 0.0], [-22462.6429596918, 227134.96535040168, 0.0, 5.962600000000006]]"
2026-07-29 05:55:03,57.08572690033694,19.97442462774787,191.04014496920155,parking,1325.3381353920206,175.2764374006322,0.0,0.0,0.0,4.0,4.0,6.944444444444444e-05,6.944444444444444e-05,"[[21134552254.260525, 6329795975.319204, 298735.38969889755, -22462.6429596918], [6329795975.319204, 13955027215.94723, 95481.96389763526, 227134.96535040168], [298735.38969889755, 95481.96389763526, 5.962600000000006, 0.0], [-22462.6429596918, 227134.96535040168, 0.0, 5.962600000000006]]"
2026-07-29 06:05:03,57.08572690033694,19.97442462774787,191.04014496920155,parking,1325.3381353920206,175.2764374006322,0.0,0.0,0.0,4.0,4.0,6.944444444444444e-05,6.944444444444444e-05,"[[21134552254.260525, 6329795975.319204, 298735.38969889755, -22462.6429596918], [6329795975.319204, 13955027215.94723, 95481.96389763526, 227134.96535040168], [298735.38969889755, 95481.96389763526, 5.962600000000006, 0.0], [-22462.6429596918, 227134.96535040168, 0.0, 5.962600000000006]]"
2026-07-29 06:15:03,57.08572690033694,19.97442462774787,191.04014496920155,parking,1325.3381353920206,175.2764374006322,0.0,0.0,0.0,4.0,4.0,6.944444444444444e-05,6.944444444444444e-05,"[[21134552254.260525, 6329795975.319204, 298735.38969889755, -22462.6429596918], [6329795975.319204, 13955027215.94723, 95481.96389763526, 227134.96535040168], [298735.38969889755, 95481.96389763526, 5.962600000000006, 0.0], [-22462.6429596918, 227134.96535040168, 0.0, 5.962600000000006]]"
2026-07-29 06:25:03,57.08572690033694,19.97442462774787,191.04014496920155,parking,1325.3381353920206,175.2764374006322,0.0,0.0,0.0,4.0,4.0,6.944444444444444e-05,6.944444444444444e-05,"[[21134552254.260525, 6329795975.319204, 298735.38969889755, -22462.6429596918], [6329795975.319204, 13955027215.94723, 95481.96389763526, 227134.96535040168], [298735.38969889755, 95481.96389763526, 5.962600000000006, 0.0], [-22462.6429596918, 227134.96535040168, 0.0, 5.962600000000006]]"
2026-07-29 06:35:03,57.08572690033694,19.97442462774787,191.04014496920155,parking,1325.3381353920206,175.2764374006322,0.0,0.0,0.0,4.0,4.0,6.944444444444444e-05,6.944444444444444e-05,"[[21134552254.260525, 6329795975.319204, 298735.38969889755, -22462.6429596918], [6329795975.319204, 13955027215.94723, 95481.96389763526, 227134.96535040168], [298735.38969889755, 95481.96389763526, 5.962600000000006, 0.0], [-22462.6429596918, 227134.96535040168, 0.0, 5.962600000000006]]"
2026-07-29 06:45:03,57.08572690033694,19.97442462774787,191.04014496920155,parking,1325.3381353920206,175.2764374006322,0.0,0.0,0.0,4.0,4.0,6.944444444444444e-05,6.944444444444444e-05,"[[21134552254.260525, 6329795975.319204, 298735.38969889755, -22462.6429596918], [6329795975.319204, 13955027215.94723, 95481.96389763526, 227134.96535040168], [298735.38969889755, 95481.96389763526, 5.962600000000006, 0.0], [-22462.6429596918, 227134.96535040168, 0.0, 5.962600000000006]]"
2026-07-29 06:55:03,57.08572690033694,19.97442462774787,191.04014496920155,parking,1325.3381353920206,175.2764374006322,0.0,0.0,0.0,4.0,4.0,6.944444444444444e-05,6.944444444444444e-05,"[[21134552254.260525, 6329795975.319204, 298735.38969889755, -22462.6429596918], [6329795975.319204, 13955027215.94723, 95481.96389763526, 227134.96535040168], [298735.38969889755, 95481.96389763526, 5.962600000000006, 0.0], [-22462.6429596918, 227134.96535040168, 0.0, 5.962600000000006]]"
2026-07-29 07:05:03,57.08572690033694,19.97442462774787,191.04014496920155,parking,1325.3381353920206,175.2764374006322,0.0,0.0,0.0,4.0,4.0,6.944444444444444e-05,6.944444444444444e-05,"[[21134552254.260525, 6329795975.319204, 298735.38969889755, -22462.6429596918], [6329795975.319204, 13955027215.94723, 95481.96389763526, 227134.96535040168], [298735.38969889755, 95481.96389763526, 5.962600000000006, 0.0], [-22462.6429596918, 227134.96535040168, 0.0, 5.962600000000006]]"
2026-07-29 07:15:03,57.08572690033694,19.97442462774787,191.04014496920155,parking,1325.3381353920206,175.2764374006322,0.0,0.0,0.0,4.0,4.0,6.944444444444444e-05,6.944444444444444e-05,"[[21134552254.260525, 6329795975.319204, 298735.38969889755, -22462.6429596918], [6329795975.319204, 13955027215.94723, 95481.96389763526, 227134.96535040168], [298735.38969889755, 95481.96389763526, 5.962600000000006, 0.0], [-22462.6429596918, 227134.96535040168, 0.0, 5.962600000000006]]"
2026-07-29 07:25:03,57.08572690033694,19.97442462774787,191.04014496920155,parking,1325.3381353920206,175.2764374006322,0.0,0.0,0.0,4.0,4.0,6.944444444444444e-05,6.944444444444444e-05,"[[21134552254.260525, 6329795975.319204, 298735.38969889755, -22462.6429596918], [6329795975.319204, 13955027215.94723, 95481.96389763526, 227134.96535040168], [298735.38969889755, 95481.96389763526, 5.962600000000006, 0.0], [-22462.6429596918, 227134.96535040168, 0.0, 5.962600000000006]]"
2026-07-29 07:35:03,57.08572690033694,19.97442462774787,191.04014496920155,parking,1325.3381353920206,175.2764374006322,0.0,0.0,0.0,4.0,4.0,6.944444444444444e-05,6.944444444444444e-05,"[[21134552254.260525, 6329795975.319204, 298735.38969889755, -22462.6429596918], [6329795975.319204, 13955027215.94723, 95481.96389763526, 227134.96535040168], [298735.38969889755, 95481.96389763526, 5.962600000000006, 0.0], [-22462.6429596918, 227134.96535040168, 0.0, 5.962600000000006]]"
2026-07-29 07:45:03,57.08572690033694,19.97442462774787,191.04014496920155,parking,1325.3381353920206,175.2764374006322,0.0,0.0,0.0,4.0,4.0,6.944444444444444e-05,6.944444444444444e-05,"[[21134552254.260525, 6329795975.319204, 298735.38969889755, -22462.6429596918], [6329795975.319204, 13955027215.94723, 95481.96389763526, 227134.96535040168], [298735.38969889755, 95481.96389763526, 5.962600000000006, 0.0], [-22462.6429596918, 227134.96535040168, 0.0, 5.962600000000006]]"
2026-07-29 07:55:03,57.08572690033694,19.97442462774787,191.04014496920155,parking,1325.3381353920206,175.2764374006322,0.0,0.0,0.0,4.0,4.0,6.944444444444444e-05,6.944444444444444e-05,"[[21134552254.260525, 6329795975.319204, 298735.38969889755, -22462.6429596918], [6329795975.319204, 13955027215.94723, 95481.96389763526, 227134.96535040168], [298735.38969889755, 95481.96389763526, 5.962600000000006, 0.0], [-22462.6429596918, 227134.96535040168, 0.0, 5.962600000000006]]"
2026-07-29 08:05:03,57.08572690033694,19.97442462774787,191.04014496920155,parking,1325.3381353920206,175.2764374006322,0.0,0.0,0.0,4.0,4.0,6.944444444444444e-05,6.944444444444444e-05,"[[21134552254.260525, 6329795975.319204, 298735.38969889755, -22462.6429596918], [6329795975.319204, 13955027215.94723, 95481.96389763526, 227134.96535040168], [298735.38969889755, 95481.96389763526, 5.962600000000006, 0.0], [-22462.6429596918, 227134.96535040168, 0.0, 5.962600000000006]]"
2026-07-29 08:15:03,57.08572690033694,19.97442462774787,191.04014496920155,parking,1325.3381353920206,175.2764374006322,0.0,0.0,0.0,4.0,4.0,6.944444444444444e-05,6.944444444444444e-05,"[[21134552254.260525, 6329795975.319204, 298735.38969889755, -22462.6429596918], [6329795975.319204, 13955027215.94723, 95481.96389763526, 227134.96535040168], [298735.38969889755, 95481.96389763526, 5.962600000000006, 0.0], [-22462.6429596918, 227134.96535040168, 0.0, 5.962600000000006]]"
2026-07-29 08:25:03,57.08572690033694,19.97442462774787,191.04014496920155,parking,1325.3381353920206,175.2764374006322,0.0,0.0,0.0,4.0,4.0,6.944444444444444e-05,6.944444444444444e-05,"[[21134552254.260525, 6329795975.319204, 298735.38969889755, -22462.6429596918], [6329795975.319204, 13955027215.94723, 95481.96389763526, 227134.96535040168], [298735.38969889755, 95481.96389763526, 5.962600000000006, 0.0], [-22462.6429596918, 227134.96535040168, 0.0, 5.962600000000006]]"
2026-07-29 08:35:03,57.08572690033694,19.97442462774787,191.04014496920155,parking,1325.3381353920206,175.2764374006322,0.0,0.0,0.0,4.0,4.0,6.944444444444444e-05,6.944444444444444e-05,"[[21134552254.260525, 6329795975.319204, 298735.38969889755, -22462.6429596918], [6329795975.319204, 13955027215.94723, 95481.96389763526, 227134.96535040168], [298735.38969889755, 95481.96389763526, 5.962600000000006, 0.0], [-22462.6429596918, 227134.96535040168, 0.0, 5.962600000000006]]"
2026-07-29 08:45:03,57.08572690033694,19.97442462774787,191.04014496920155,parking,1325.3381353920206,175.2764374006322,0.0,0.0,0.0,4.0,4.0,6.944444444444444e-05,6.944444444444444e-05,"[[21134552254.260525, 6329795975.319204, 298735.38969889755, -22462.6429596918], [6329795975.319204, 13955027215.94723, 95481.96389763526, 227134.96535040168], [298735.38969889755, 95481.96389763526, 5.962600000000006, 0.0], [-22462.6429596918, 227134.96535040168, 0.0, 5.962600000000006]]"
2026-07-29 08:55:03,57.08572690033694,19.97442462774787,191.04014496920155,parking,1325.3381353920206,175.2764374006322,0.0,0.0,0.0,4.0,4.0,6.944444444444444e-05,6.944444444444444e-05,"[[21134552254.260525, 6329795975.319204, 298735.38969889755, -22462.6429596918], [6329795975.319204, 13955027215.94723, 95481.96389763526, 227134.96535040168], [298735.38969889755, 95481.96389763526, 5.962600000000006, 0.0], [-22462.6429596918, 227134.96535040168, 0.0, 5.962600000000006]]"
2026-07-29 09:05:03,57.08572690033694,19.97442462774787,191.04014496920155,parking,1325.3381353920206,175.2764374006322,0.0,0.0,0.0,4.0,4.0,6.944444444444444e-05,6.944444444444444e-05,"[[21134552254.260525, 6329795975.319204, 298735.38969889755, -22462.6429596918], [6329795975.319204, 13955027215.94723, 95481.96389763526, 227134.96535040168], [298735.38969889755, 95481.96389763526, 5.962600000000006, 0.0], [-22462.6429596918, 227134.96535040168, 0.0, 5.962600000000006]]"
2026-07-29 09:15:03,57.08572690033694,19.97442462774787,191.04014496920155,parking,1325.3381353920206,175.2764374006322,0.0,0.0,0.0,4.0,4.0,6.944444444444444e-05,6.944444444444444e-05,"[[21134552254.260525, 6329795975.319204, 298735.38969889755, -22462.6429596918], [6329795975.319204, 13955027215.94723, 95481.96389763526, 227134.96535040168], [298735.38969889755, 95481.96389763526, 5.962600000000006, 0.0], [-22462.6429596918, 227134.96535040168, 0.0, 5.962600000000006]]"
2026-07-29 09:25:03,57.08572690033694,19.97442462774787,191.04014496920155,parking,1325.3381353920206,175.2764374006322,0.0,0.0,0.0,4.0,4.0,6.944444444444444e-05,6.944444444444444e-05,"[[21134552254.260525, 6329795975.319204, 298735.38969889755, -22462.6429596918], [6329795975.319204, 13955027215.94723, 95481.96389763526, 227134.96535040168], [298735.38969889755, 95481.96389763526, 5.962600000000006, 0.0], [-22462.6429596918, 227134.96535040168, 0.0, 5.962600000000006]]"
2026-07-29 09:35:03,57.08572690033694,19.97442462774787,191.04014496920155,parking,1325.3381353920206,175.2764374006322,0.0,0.0,0.0,4.0,4.0,6.944444444444444e-05,6.944444444444444e-05,"[[21134552254.260525, 6329795975.319204, 298735.38969889755, -22462.6429596918], [6329795975.319204, 13955027215.94723, 95481.96389763526, 227134.96535040168], [298735.38969889755, 95481.96389763526, 5.962600000000006, 0.0], [-22462.6429596918, 227134.96535040168, 0.0, 5.962600000000006]]"
2026-07-29 09:45:03,57.08572690033694,19.97442462774787,191.04014496920155,parking,1325.3381353920206,175.2764374006322,0.0,0.0,0.0,4.0,4.0,6.944444444444444e-05,6.944444444444444e-05,"[[21134552254.260525, 6329795975.319204, 298735.38969889755, -22462.6429596918], [6329795975.319204, 13955027215.94723, 95481.96389763526, 227134.96535040168], [298735.38969889755, 95481.96389763526, 5.962600000000006, 0.0], [-22462.6429596918, 227134.96535040168, 0.0, 5.962600000000006]]"
2026-07-29 09:55:03,57.08572690033694,19.97442462774787,191.04014496920155,parking,1325.3381353920206,175.2764374006322,0.0,0.0,0.0,4.0,4.0,6.944444444444444e-05,6.944444444444444e-05,"[[21134552254.260525, 6329795975.319204, 298735.38969889755, -22462.6429596918], [6329795975.319204, 13955027215.94723, 95481.96389763526, 227134.96535040168], [298735.38969889755, 95481.96389763526, 5.962600000000006, 0.0], [-22462.6429596918, 227134.96535040168, 0.0, 5.962600000000006]]"
2026-07-29 10:05:03,57.08572690033694,19.97442462774787,191.04014496920155,parking,1325.3381353920206,175.2764374006322,0.0,0.0,0.0,4.0,4.0,6.944444444444444e-05,6.944444444444444e-05,"[[21134552254.260525, 6329795975.319204, 298735.38969889755, -22462.6429596918], [6329795975.319204, 13955027215.94723, 95481.96389763526, 227134.96535040168], [298735.38969889755, 95481.96389763526, 5.962600000000006, 0.0], [-22462.6429596918, 227134.96535040168, 0.0, 5.962600000000006]]"
2026-07-29 10:15:03,57.08572690033694,19.97442462774787,191.04014496920155,parking,1325.3381353920206,175.2764374006322,0.0,0.0,0.0,4.0,4.0,6.944444444444444e-05,6.944444444444444e-05,"[[21134552254.260525, 6329795975.319204, 298735.38969889755, -22462.6429596918], [6329795975.319204, 13955027215.94723, 95481.96389763526, 227134.96535040168], [298735.38969889755, 95481.96389763526, 5.962600000000006, 0.0], [-22462.6429596918, 227134.96535040168, 0.0, 5.962600000000006]]"
2026-07-29 10:25:03,57.08572690033694,19.97442462774787,191.04014496920155,parking,1325.3381353920206,175.2764374006322,0.0,0.0,0.0,4.0,4.0,6.944444444444444e-05,6.944444444444444e-05,"[[21134552254.260525, 6329795975.319204, 298735.38969889755, -22462.6429596918], [6329795975.319204, 13955027215.94723, 95481.96389763526, 227134.96535040168], [298735.38969889755, 95481.96389763526, 5.962600000000006, 0.0], [-22462.6429596918, 227134.96535040168, 0.0, 5.962600000000006]]"
2026-07-29 10:35:03,57.08572690033694,19.97442462774787,191.04014496920155,parking,1325.3381353920206,175.2764374006322,0.0,0.0,0.0,4.0,4.0,6.944444444444444e-05,6.944444444444444e-05,"[[21134552254.260525, 6329795975.319204, 298735.38969889755, -22462.6429596918], [6329795975.319204, 13955027215.94723, 95481.96389763526, 227134.96535040168], [298735.38969889755, 95481.96389763526, 5.962600000000006, 0.0], [-22462.6429596918, 227134.96535040168, 0.0, 5.962600000000006]]"
2026-07-29 10:45:03,57.08572690033694,19.97442462774787,191.04014496920155,parking,1325.3381353920206,175.2764374006322,0.0,0.0,0.0,4.0,4.0,6.944444444444444e-05,6.944444444444444e-05,"[[21134552254.260525, 6329795975.319204, 298735.38969889755, -22462.6429596918], [6329795975.319204, 13955027215.94723, 95481.96389763526, 227134.96535040168], [298735.38969889755, 95481.96389763526, 5.962600000000006, 0.0], [-22462.6429596918, 227134.96535040168, 0.0, 5.962600000000006]]"
2026-07-29 10:55:03,57.08572690033694,19.97442462774787,191.04014496920155,parking,1325.3381353920206,175.2764374006322,0.0,0.0,0.0,4.0,4.0,6.944444444444444e-05,6.944444444444444e-05,"[[21134552254.260525, 6329795975.319204, 298735.38969889755, -22462.6429596918], [6329795975.319204, 13955027215.94723, 95481.96389763526, 227134.96535040168], [298735.38969889755, 95481.96389763526, 5.962600000000006, 0.0], [-22462.6429596918, 227134.96535040168, 0.0, 5.962600000000006]]"
2026-07-29 11:05:03,57.08572690033694,19.97442462774787,191.04014496920155,parking,1325.3381353920206,175.2764374006322,0.0,0.0,0.0,4.0,4.0,6.944444444444444e-05,6.944444444444444e-05,"[[21134552254.260525, 6329795975.319204, 298735.38969889755, -22462.6429596918], [6329795975.319204, 13955027215.94723, 95481.96389763526, 227134.96535040168], [298735.38969889755, 95481.96389763526, 5.962600000000006, 0.0], [-22462.6429596918, 227134.96535040168, 0.0, 5.962600000000006]]"
2026-07-29 11:15:03,57.08572690033694,19.97442462774787,191.04014496920155,parking,1325.3381353920206,175.2764374006322,0.0,0.0,0.0,4.0,4.0,6.944444444444444e-05,6.944444444444444e-05,"[[21134552254.260525, 6329795975.319204, 298735.38969889755, -22462.6429596918], [6329795975.319204, 13955027215.94723, 95481.96389763526, 227134.96535040168], [298735.38969889755, 95481.96389763526, 5.962600000000006, 0.0], [-22462.6429596918, 227134.96535040168, 0.0, 5.962600000000006]]"
2026-07-29 11:25:03,57.08572690033694,19.97442462774787,191.04014496920155,parking,1325.3381353920206,175.2764374006322,0.0,0.0,0.0,4.0,4.0,6.944444444444444e-05,6.944444444444444e-05,"[[21134552254.260525, 6329795975.319204, 298735.38969889755, -22462.6429596918], [6329795975.319204, 13955027215.94723, 95481.96389763526, 227134.96535040168], [298735.38969889755, 95481.96389763526, 5.962600000000006, 0.0], [-22462.6429596918, 227134.96535040168, 0.0, 5.962600000000006]]"
2026-07-29 11:35:03,57.08572690033694,19.97442462774787,191.04014496920155,parking,1325.3381353920206,175.2764374006322,0.0,0.0,0.0,4.0,4.0,6.944444444444444e-05,6.944444444444444e-05,"[[21134552254.260525, 6329795975.319204, 298735.38969889755, -22462.6429596918], [6329795975.319204, 13955027215.94723, 95481.96389763526, 227134.96535040168], [298735.38969889755, 95481.96389763526, 5.962600000000006, 0.0], [-22462.6429596918, 227134.96535040168, 0.0, 5.962600000000006]]"
2026-07-29 11:45:03,57.08572690033694,19.97442462774787,191.04014496920155,parking,1325.3381353920206,175.2764374006322,0.0,0.0,0.0,4.0,4.0,6.944444444444444e-05,6.944444444444444e-05,"[[21134552254.260525, 6329795975.319204, 298735.38969889755, -22462.6429596918], [6329795975.319204, 13955027215.94723, 95481.96389763526, 227134.96535040168], [298735.38969889755, 95481.96389763526, 5.962600000000006, 0.0], [-22462.6429596918, 227134.96535040168, 0.0, 5.962600000000006]]"
2026-07-29 11:55:03,57.08572690033694,19.97442462774787,191.04014496920155,parking,1325.3381353920206,175.2764374006322,0.0,0.0,0.0,4.0,4.0,6.944444444444444e-05,6.944444444444444e-05,"[[21134552254.260525, 6329795975.319204, 298735.38969889755, -22462.6429596918], [6329795975.319204, 13955027215.94723, 95481.96389763526, 227134.96535040168], [298735.38969889755, 95481.96389763526, 5.962600000000006, 0.0], [-22462.6429596918, 227134.96535040168, 0.0, 5.962600000000006]]"
2026-07-29 12:05:03,57.08572690033694,19.97442462774787,191.04014496920155,parking,1325.3381353920206,175.2764374006322,0.0,0.0,0.0,4.0,4.0,6.944444444444444e-05,6.944444444444444e-05,"[[21134552254.260525, 6329795975.319204, 298735.38969889755, -22462.6429596918], [6329795975.319204, 13955027215.94723, 95481.96389763526, 227134.96535040168], [298735.38969889755, 95481.96389763526, 5.962600000000006, 0.0], [-22462.6429596918, 227134.96535040168, 0.0, 5.962600000000006]]"
2026-07-29 12:15:03,57.08572690033694,19.97442462774787,191.04014496920155,parking,1325.3381353920206,175.2764374006322,0.0,0.0,0.0,4.0,4.0,6.944444444444444e-05,6.944444444444444e-05,"[[21134552254.260525, 6329795975.319204, 298735.38969889755, -22462.6429596918], [6329795975.319204, 13955027215.94723, 95481.96389763526, 227134.96535040168], [298735.38969889755, 95481.96389763526, 5.962600000000006, 0.0], [-22462.6429596918, 227134.96535040168, 0.0, 5.962600000000006]]"
2026-07-29 12:25:03,57.08572690033694,19.97442462774787,191.04014496920155,parking,1325.3381353920206,175.2764374006322,0.0,0.0,0.0,4.0,4.0,6.944444444444444e-05,6.944444444444444e-05,"[[21134552254.260525, 6329795975.319204, 298735.38969889755, -22462.6429596918], [6329795975.319204, 13955027215.94723, 95481.96389763526, 227134.96535040168], [298735.38969889755, 95481.96389763526, 5.962600000000006, 0.0], [-22462.6429596918, 227134.96535040168, 0.0, 5.962600000000006]]"
2026-07-29 12:35:03,57.08572690033694,19.97442462774787,191.04014496920155,parking,1325.3381353920206,175.2764374006322,0.0,0.0,0.0,4.0,4.0,6.944444444444444e-05,6.944444444444444e-05,"[[21134552254.260525, 6329795975.319204, 298735.38969889755, -22462.6429596918], [6329795975.319204, 13955027215.94723, 95481.96389763526, 227134.96535040168], [298735.38969889755, 95481.96389763526, 5.962600000000006, 0.0], [-22462.6429596918, 227134.96535040168, 0.0, 5.962600000000006]]"
2026-07-29 12:45:03,57.08572690033694,19.97442462774787,191.04014496920155,parking,1325.3381353920206,175.2764374006322,0.0,0.0,0.0,4.0,4.0,6.944444444444444e-05,6.944444444444444e-05,"[[21134552254.260525, 6329795975.319204, 298735.38969889755, -22462.6429596918], [6329795975.319204, 13955027215.94723, 95481.96389763526, 227134.96535040168], [298735.38969889755, 95481.96389763526, 5.962600000000006, 0.0], [-22462.6429596918, 227134.96535040168, 0.0, 5.962600000000006]]"
2026-07-29 12:55:03,57.08572690033694,19.97442462774787,191.04014496920155,parking,1325.3381353920206,175.2764374006322,0.0,0.0,0.0,4.0,4.0,6.944444444444444e-05,6.944444444444444e-05,"[[21134552254.260525, 6329795975.319204, 298735.38969889755, -22462.6429596918], [6329795975.319204, 13955027215.94723, 95481.96389763526, 227134.96535040168], [298735.38969889755, 95481.96389763526, 5.962600000000006, 0.0], [-22462.6429596918, 227134.96535040168, 0.0, 5.962600000000006]]"
2026-07-29 13:05:03,57.08572690033694,19.97442462774787,191.04014496920155,parking,1325.3381353920206,175.2764374006322,0.0,0.0,0.0,4.0,4.0,6.944444444444444e-05,6.944444444444444e-05,"[[21134552254.260525, 6329795975.319204, 298735.38969889755, -22462.6429596918], [6329795975.319204, 13955027215.94723, 95481.96389763526, 227134.96535040168], [298735.38969889755, 95481.96389763526, 5.962600000000006, 0.0], [-22462.6429596918, 227134.96535040168, 0.0, 5.962600000000006]]"
2026-07-29 13:15:03,57.08572690033694,19.97442462774787,191.04014496920155,parking,1325.3381353920206,175.2764374006322,0.0,0.0,0.0,4.0,4.0,6.944444444444444e-05,6.944444444444444e-05,"[[21134552254.260525, 6329795975.319204, 298735.38969889755, -22462.6429596918], [6329795975.319204, 13955027215.94723, 95481.96389763526, 227134.96535040168], [298735.38969889755, 95481.96389763526, 5.962600000000006, 0.0], [-22462.6429596918, 227134.96535040168, 0.0, 5.962600000000006]]"
2026-07-29 13:25:03,57.08572690033694,19.97442462774787,191.04014496920155,parking,1325.3381353920206,175.2764374006322,0.0,0.0,0.0,4.0,4.0,6.944444444444444e-05,6.944444444444444e-05,"[[21134552254.260525, 6329795975.319204, 298735.38969889755, -22462.6429596918], [6329795975.319204, 13955027215.94723, 95481.96389763526, 227134.96535040168], [298735.38969889755, 95481.96389763526, 5.962600000000006, 0.0], [-22462.6429596918, 227134.96535040168, 0.0, 5.962600000000006]]"
2026-07-29 13:35:03,57.08572690033694,19.97442462774787,191.04014496920155,parking,1325.3381353920206,175.2764374006322,0.0,0.0,0.0,4.0,4.0,6.944444444444444e-05,6.944444444444444e-05,"[[21134552254.260525, 6329795975.319204, 298735.38969889755, -22462.6429596918], [6329795975.319204, 13955027215.94723, 95481.96389763526, 227134.96535040168], [298735.38969889755, 95481.96389763526, 5.962600000000006, 0.0], [-22462.6429596918, 227134.96535040168, 0.0, 5.962600000000006]]"
2026-07-29 13:45:03,57.08572690033694,19.97442462774787,191.04014496920155,parking,1325.3381353920206,175.2764374006322,0.0,0.0,0.0,4.0,4.0,6.944444444444444e-05,6.944444444444444e-05,"[[21134552254.260525, 6329795975.319204, 298735.38969889755, -22462.6429596918], [6329795975.319204, 13955027215.94723, 95481.96389763526, 227134.96535040168], [298735.38969889755, 95481.96389763526, 5.962600000000006, 0.0], [-22462.6429596918, 227134.96535040168, 0.0, 5.962600000000006]]"
2026-07-29 13:55:03,57.08572690033694,19.97442462774787,191.04014496920155,parking,1325.3381353920206,175.2764374006322,0.0,0.0,0.0,4.0,4.0,6.944444444444444e-05,6.944444444444444e-05,"[[21134552254.260525, 6329795975.319204, 298735.38969889755, -22462.6429596918], [6329795975.319204, 13955027215.94723, 95481.96389763526, 227134.96535040168], [298735.38969889755, 95481.96389763526, 5.962600000000006, 0.0], [-22462.6429596918, 227134.96535040168, 0.0, 5.962600000000006]]"
2026-07-29 14:05:03,57.08572690033694,19.97442462774787,191.04014496920155,parking,1325.3381353920206,175.2764374006322,0.0,0.0,0.0,4.0,4.0,6.944444444444444e-05,6.944444444444444e-05,"[[21134552254.260525, 6329795975.319204, 298735.38969889755, -22462.6429596918], [6329795975.319204, 13955027215.94723, 95481.96389763526, 227134.96535040168], [298735.38969889755, 95481.96389763526, 5.962600000000006, 0.0], [-22462.6429596918, 227134.96535040168, 0.0, 5.962600000000006]]"
2026-07-29 14:15:03,57.08572690033694,19.97442462774787,191.04014496920155,parking,1325.3381353920206,175.2764374006322,0.0,0.0,0.0,4.0,4.0,6.944444444444444e-05,6.944444444444444e-05,"[[21134552254.260525, 6329795975.319204, 298735.38969889755, -22462.6429596918], [6329795975.319204, 13955027215.94723, 95481.96389763526, 227134.96535040168], [298735.38969889755, 95481.96389763526, 5.962600000000006, 0.0], [-22462.6429596918, 227134.96535040168, 0.0, 5.962600000000006]]"
2026-07-29 14:25:03,57.08572690033694,19.97442462774787,191.04014496920155,parking,1325.3381353920206,175.2764374006322,0.0,0.0,0.0,4.0,4.0,6.944444444444444e-05,6.944444444444444e-05,"[[21134552254.260525, 6329795975.319204, 298735.38969889755, -22462.6429596918], [6329795975.319204, 13955027215.94723, 95481.96389763526, 227134.96535040168], [298735.38969889755, 95481.96389763526, 5.962600000000006, 0.0], [-22462.6429596918, 227134.96535040168, 0.0, 5.962600000000006]]"
2026-07-29 14:35:03,57.08572690033694,19.97442462774787,191.04014496920155,parking,1325.3381353920206,175.2764374006322,0.0,0.0,0.0,4.0,4.0,6.944444444444444e-05,6.944444444444444e-05,"[[21134552254.260525, 6329795975.319204, 298735.38969889755, -22462.6429596918], [6329795975.319204, 13955027215.94723, 95481.96389763526, 227134.96535040168], [298735.38969889755, 95481.96389763526, 5.962600000000006, 0.0], [-22462.6429596918, 227134.96535040168, 0.0, 5.962600000000006]]"
2026-07-29 14:45:03,57.08572690033694,19.97442462774787,191.04014496920155,parking,1325.3381353920206,175.2764374006322,0.0,0.0,0.0,4.0,4.0,6.944444444444444e-05,6.944444444444444e-05,"[[21134552254.260525, 6329795975.319204, 298735.38969889755, -22462.6429596918], [6329795975.319204, 13955027215.94723, 95481.96389763526, 227134.96535040168], [298735.38969889755, 95481.96389763526, 5.962600000000006, 0.0], [-22462.6429596918, 227134.96535040168, 0.0, 5.962600000000006]]"
2026-07-29 14:55:03,57.08572690033694,19.97442462774787,191.04014496920155,parking,1325.3381353920206,175.2764374006322,0.0,0.0,0.0,4.0,4.0,6.944444444444444e-05,6.944444444444444e-05,"[[21134552254.260525, 6329795975.319204, 298735.38969889755, -22462.6429596918], [6329795975.319204, 13955027215.94723, 95481.96389763526, 227134.96535040168], [298735.38969889755, 95481.96389763526, 5.962600000000006, 0.0], [-22462.6429596918, 227134.96535040168, 0.0, 5.962600000000006]]"
2026-07-29 15:05:03,57.08572690033694,19.97442462774787,191.04014496920155,parking,1325.3381353920206,175.2764374006322,0.0,0.0,0.0,4.0,4.0,6.944444444444444e-05,6.944444444444444e-05,"[[21134552254.260525, 6329795975.319204, 298735.38969889755, -22462.6429596918], [6329795975.319204, 13955027215.94723, 95481.96389763526, 227134.96535040168], [298735.38969889755, 95481.96389763526, 5.962600000000006, 0.0], [-22462.6429596918, 227134.96535040168, 0.0, 5.962600000000006]]"
2026-07-29 15:15:03,57.08572690033694,19.97442462774787,191.04014496920155,parking,1325.3381353920206,175.2764374006322,0.0,0.0,0.0,4.0,4.0,6.944444444444444e-05,6.944444444444444e-05,"[[21134552254.260525, 6329795975.319204, 298735.38969889755, -22462.6429596918], [6329795975.319204, 13955027215.94723, 95481.96389763526, 227134.96535040168], [298735.38969889755, 95481.96389763526, 5.962600000000006, 0.0], [-22462.6429596918, 227134.96535040168, 0.0, 5.962600000000006]]"
2026-07-29 15:25:03,57.08572690033694,19.97442462774787,191.04014496920155,parking,1325.3381353920206,175.2764374006322,0.0,0.0,0.0,4.0,4.0,6.944444444444444e-05,6.944444444444444e-05,"[[21134552254.260525, 6329795975.319204, 298735.38969889755, -22462.6429596918], [6329795975.319204, 13955027215.94723, 95481.96389763526, 227134.96535040168], [298735.38969889755, 95481.96389763526, 5.962600000000006, 0.0], [-22462.6429596918, 227134.96535040168, 0.0, 5.962600000000006]]"
2026-07-29 15:35:03,57.08572690033694,19.97442462774787,191.04014496920155,parking,1325.3381353920206,175.2764374006322,0.0,0.0,0.0,4.0,4.0,6.944444444444444e-05,6.944444444444444e-05,"[[21134552254.260525, 6329795975.319204, 298735.38969889755, -22462.6429596918], [6329795975.319204, 13955027215.94723, 95481.96389763526, 227134.96535040168], [298735.38969889755, 95481.96389763526, 5.962600000000006, 0.0], [-22462.6429596918, 227134.96535040168, 0.0, 5.962600000000006]]"
2026-07-29 15:45:03,57.08572690033694,19.97442462774787,191.04014496920155,parking,1325.3381353920206,175.2764374006322,0.0,0.0,0.0,4.0,4.0,6.944444444444444e-05,6.944444444444444e-05,"[[21134552254.260525, 6329795975.319204, 298735.38969889755, -22462.6429596918], [6329795975.319204, 13955027215.94723, 95481.96389763526, 227134.96535040168], [298735.38969889755, 95481.96389763526, 5.962600000000006, 0.0], [-22462.6429596918, 227134.96535040168, 0.0, 5.962600000000006]]"
2026-07-29 15:55:03,57.08572690033694,19.97442462774787,191.04014496920155,parking,1325.3381353920206,175.2764374006322,0.0,0.0,0.0,4.0,4.0,6.944444444444444e-05,6.944444444444444e-05,"[[21134552254.260525, 6329795975.319204, 298735.38969889755, -22462.6429596918], [6329795975.319204, 13955027215.94723, 95481.96389763526, 227134.96535040168], [298735.38969889755, 95481.96389763526, 5.962600000000006, 0.0], [-22462.6429596918, 227134.96535040168, 0.0, 5.962600000000006]]"
2026-07-29 16:05:03,57.08572690033694,19.97442462774787,191.04014496920155,parking,1325.3381353920206,175.2764374006322,0.0,0.0,0.0,4.0,4.0,6.944444444444444e-05,6.944444444444444e-05,"[[21134552254.260525, 6329795975.319204, 298735.38969889755, -22462.6429596918], [6329795975.319204, 13955027215.94723, 95481.96389763526, 227134.96535040168], [298735.38969889755, 95481.96389763526, 5.962600000000006, 0.0], [-22462.6429596918, 227134.96535040168, 0.0, 5.962600000000006]]"
2026-07-29 16:15:03,57.08572690033694,19.97442462774787,191.04014496920155,parking,1325.3381353920206,175.2764374006322,0.0,0.0,0.0,4.0,4.0,6.944444444444444e-05,6.944444444444444e-05,"[[21134552254.260525, 6329795975.319204, 298735.38969889755, -22462.6429596918], [6329795975.319204, 13955027215.94723, 95481.96389763526, 227134.96535040168], [298735.38969889755, 95481.96389763526, 5.962600000000006, 0.0], [-22462.6429596918, 227134.96535040168, 0.0, 5.962600000000006]]"
2026-07-29 16:25:03,57.08572690033694,19.97442462774787,191.04014496920155,parking,1325.3381353920206,175.2764374006322,0.0,0.0,0.0,4.0,4.0,6.944444444444444e-05,6.944444444444444e-05,"[[21134552254.260525, 6329795975.319204, 298735.38969889755, -22462.6429596918], [6329795975.319204, 13955027215.94723, 95481.96389763526, 227134.96535040168], [298735.38969889755, 95481.96389763526, 5.962600000000006, 0.0], [-22462.6429596918, 227134.96535040168, 0.0, 5.962600000000006]]"
2026-07-29 16:35:03,57.08572690033694,19.97442462774787,191.04014496920155,parking,1325.3381353920206,175.2764374006322,0.0,0.0,0.0,4.0,4.0,6.944444444444444e-05,6.944444444444444e-05,"[[21134552254.260525, 6329795975.319204, 298735.38969889755, -22462.6429596918], [6329795975.319204, 13955027215.94723, 95481.96389763526, 227134.96535040168], [298735.38969889755, 95481.96389763526, 5.962600000000006, 0.0], [-22462.6429596918, 227134.96535040168, 0.0, 5.962600000000006]]"
2026-07-29 16:45:03,57.08572690033694,19.97442462774787,191.04014496920155,parking,1325.3381353920206,175.2764374006322,0.0,0.0,0.0,4.0,4.0,6.944444444444444e-05,6.944444444444444e-05,"[[21134552254.260525, 6329795975.319204, 298735.38969889755, -22462.6429596918], [6329795975.319204, 13955027215.94723, 95481.96389763526, 227134.96535040168], [298735.38969889755, 95481.96389763526, 5.962600000000006, 0.0], [-22462.6429596918, 227134.96535040168, 0.0, 5.962600000000006]]"
2026-07-29 16:55:03,57.08572690033694,19.97442462774787,191.04014496920155,parking,1325.3381353920206,175.2764374006322,0.0,0.0,0.0,4.0,4.0,6.944444444444444e-05,6.944444444444444e-05,"[[21134552254.260525, 6329795975.319204, 298735.38969889755, -22462.6429596918], [6329795975.319204, 13955027215.94723, 95481.96389763526, 227134.96535040168], [298735.38969889755, 95481.96389763526, 5.962600000000006, 0.0], [-22462.6429596918, 227134.96535040168, 0.0, 5.962600000000006]]"
2026-07-29 17:05:03,57.08572690033694,19.97442462774787,191.04014496920155,parking,1325.3381353920206,175.2764374006322,0.0,0.0,0.0,4.0,4.0,6.944444444444444e-05,6.944444444444444e-05,"[[21134552254.260525, 6329795975.319204, 298735.38969889755, -22462.6429596918], [6329795975.319204, 13955027215.94723, 95481.96389763526, 227134.96535040168], [298735.38969889755, 95481.96389763526, 5.962600000000006, 0.0], [-22462.6429596918, 227134.96535040168, 0.0, 5.962600000000006]]"
2026-07-29 17:15:03,57.08572690033694,19.97442462774787,191.04014496920155,parking,1325.3381353920206,175.2764374006322,0.0,0.0,0.0,4.0,4.0,6.944444444444444e-05,6.944444444444444e-05,"[[21134552254.260525, 6329795975.319204, 298735.38969889755, -22462.6429596918], [6329795975.319204, 13955027215.94723, 95481.96389763526, 227134.96535040168], [298735.38969889755, 95481.96389763526, 5.962600000000006, 0.0], [-22462.6429596918, 227134.96535040168, 0.0, 5.962600000000006]]"
2026-07-29 17:25:03,57.08572690033694,19.97442462774787,191.04014496920155,parking,1325.3381353920206,175.2764374006322,0.0,0.0,0.0,4.0,4.0,6.944444444444444e-05,6.944444444444444e-05,"[[21134552254.260525, 6329795975.319204, 298735.38969889755, -22462.6429596918], [6329795975.319204, 13955027215.94723, 95481.96389763526, 227134.96535040168], [298735.38969889755, 95481.96389763526, 5.962600000000006, 0.0], [-22462.6429596918, 227134.96535040168, 0.0, 5.962600000000006]]"
2026-07-29 17:35:03,57.08572690033694,19.97442462774787,191.04014496920155,parking,1325.3381353920206,175.2764374006322,0.0,0.0,0.0,4.0,4.0,6.944444444444444e-05,6.944444444444444e-05,"[[21134552254.260525, 6329795975.319204, 298735.38969889755, -22462.6429596918], [6329795975.319204, 13955027215.94723, 95481.96389763526, 227134.96535040168], [298735.38969889755, 95481.96389763526, 5.962600000000006, 0.0], [-22462.6429596918, 227134.96535040168, 0.0, 5.962600000000006]]"
2026-07-29 17:45:03,57.08572690033694,19.97442462774787,191.04014496920155,parking,1325.3381353920206,175.2764374006322,0.0,0.0,0.0,4.0,4.0,6.944444444444444e-05,6.944444444444444e-05,"[[21134552254.260525, 6329795975.319204, 298735.38969889755, -22462.6429596918], [6329795975.319204, 13955027215.94723, 95481.96389763526, 227134.96535040168], [298735.38969889755, 95481.96389763526, 5.962600000000006, 0.0], [-22462.6429596918, 227134.96535040168, 0.0, 5.962600000000006]]"
2026-07-29 17:55:03,57.08572690033694,19.97442462774787,191.04014496920155,parking,1325.3381353920206,175.2764374006322,0.0,0.0,0.0,4.0,4.0,6.944444444444444e-05,6.944444444444444e-05,"[[21134552254.260525, 6329795975.319204, 298735.38969889755, -22462.6429596918], [6329795975.319204, 13955027215.94723, 95481.96389763526, 227134.96535040168], [298735.38969889755, 95481.96389763526, 5.962600000000006, 0.0], [-22462.6429596918, 227134.96535040168, 0.0, 5.962600000000006]]"
2026-07-29 18:05:03,57.08572690033694,19.97442462774787,191.04014496920155,parking,1325.3381353920206,175.2764374006322,0.0,0.0,0.0,4.0,4.0,6.944444444444444e-05,6.944444444444444e-05,"[[21134552254.260525, 6329795975.319204, 298735.38969889755, -22462.6429596918], [6329795975.319204, 13955027215.94723, 95481.96389763526, 227134.96535040168], [298735.38969889755, 95481.96389763526, 5.962600000000006, 0.0], [-22462.6429596918, 227134.96535040168, 0.0, 5.962600000000006]]"
2026-07-29 18:15:03,57.08572690033694,19.97442462774787,191.04014496920155,parking,1325.3381353920206,175.2764374006322,0.0,0.0,0.0,4.0,4.0,6.944444444444444e-05,6.944444444444444e-05,"[[21134552254.260525, 6329795975.319204, 298735.38969889755, -22462.6429596918], [6329795975.319204, 13955027215.94723, 95481.96389763526, 227134.96535040168], [298735.38969889755, 95481.96389763526, 5.962600000000006, 0.0], [-22462.6429596918, 227134.96535040168, 0.0, 5.962600000000006]]"
2026-07-29 18:25:03,57.08572690033694,19.97442462774787,191.04014496920155,parking,1325.3381353920206,175.2764374006322,0.0,0.0,0.0,4.0,4.0,6.944444444444444e-05,6.944444444444444e-05,"[[21134552254.260525, 6329795975.319204, 298735.38969889755, -22462.6429596918], [6329795975.319204, 13955027215.94723, 95481.96389763526, 227134.96535040168], [298735.38969889755, 95481.96389763526, 5.962600000000006, 0.0], [-22462.6429596918, 227134.96535040168, 0.0, 5.962600000000006]]"
2026-07-29 18:35:03,57.08572690033694,19.97442462774787,191.04014496920155,parking,1325.3381353920206,175.2764374006322,0.0,0.0,0.0,4.0,4.0,6.944444444444444e-05,6.944444444444444e-05,"[[21134552254.260525, 6329795975.319204, 298735.38969889755, -22462.6429596918], [6329795975.319204, 13955027215.94723, 95481.96389763526, 227134.96535040168], [298735.38969889755, 95481.96389763526, 5.962600000000006, 0.0], [-22462.6429596918, 227134.96535040168, 0.0, 5.962600000000006]]"
2026-07-29 18:45:03,57.08572690033694,19.97442462774787,191.04014496920155,parking,1325.3381353920206,175.2764374006322,0.0,0.0,0.0,4.0,4.0,6.944444444444444e-05,6.944444444444444e-05,"[[21134552254.260525, 6329795975.319204, 298735.38969889755, -22462.6429596918], [6329795975.319204, 13955027215.94723, 95481.96389763526, 227134.96535040168], [298735.38969889755, 95481.96389763526, 5.962600000000006, 0.0], [-22462.6429596918, 227134.96535040168, 0.0, 5.962600000000006]]"
2026-07-29 18:55:03,57.08572690033694,19.97442462774787,191.04014496920155,parking,1325.3381353920206,175.2764374006322,0.0,0.0,0.0,4.0,4.0,6.944444444444444e-05,6.944444444444444e-05,"[[21134552254.260525, 6329795975.319204, 298735.38969889755, -22462.6429596918], [6329795975.319204, 13955027215.94723, 95481.96389763526, 227134.96535040168], [298735.38969889755, 95481.96389763526, 5.962600000000006, 0.0], [-22462.6429596918, 227134.96535040168, 0.0, 5.962600000000006]]"
2026-07-29 19:05:03,57.08572690033694,19.97442462774787,191.04014496920155,parking,1325.3381353920206,175.2764374006322,0.0,0.0,0.0,4.0,4.0,6.944444444444444e-05,6.944444444444444e-05,"[[21134552254.260525, 6329795975.319204, 298735.38969889755, -22462.6429596918], [6329795975.319204, 13955027215.94723, 95481.96389763526, 227134.96535040168], [298735.38969889755, 95481.96389763526, 5.962600000000006, 0.0], [-22462.6429596918, 227134.96535040168, 0.0, 5.962600000000006]]"
2026-07-29 19:15:03,57.08572690033694,19.97442462774787,191.04014496920155,parking,1325.3381353920206,175.2764374006322,0.0,0.0,0.0,4.0,4.0,6.944444444444444e-05,6.944444444444444e-05,"[[21134552254.260525, 6329795975.319204, 298735.38969889755, -22462.6429596918], [6329795975.319204, 13955027215.94723, 95481.96389763526, 227134.96535040168], [298735.38969889755, 95481.96389763526, 5.962600000000006, 0.0], [-22462.6429596918, 227134.96535040168, 0.0, 5.962600000000006]]"
2026-07-29 19:25:03,57.08572690033694,19.97442462774787,191.04014496920155,parking,1325.3381353920206,175.2764374006322,0.0,0.0,0.0,4.0,4.0,6.944444444444444e-05,6.944444444444444e-05,"[[21134552254.260525, 6329795975.319204, 298735.38969889755, -22462.6429596918], [6329795975.319204, 13955027215.94723, 95481.96389763526, 227134.96535040168], [298735.38969889755, 95481.96389763526, 5.962600000000006, 0.0], [-22462.6429596918, 227134.96535040168, 0.0, 5.962600000000006]]"
2026-07-29 19:35:03,57.08572690033694,19.97442462774787,191.04014496920155,parking,1325.3381353920206,175.2764374006322,0.0,0.0,0.0,4.0,4.0,6.944444444444444e-05,6.944444444444444e-05,"[[21134552254.260525, 6329795975.319204, 298735.38969889755, -22462.6429596918], [6329795975.319204, 13955027215.94723, 95481.96389763526, 227134.96535040168], [298735.38969889755, 95481.96389763526, 5.962600000000006, 0.0], [-22462.6429596918, 227134.96535040168, 0.0, 5.962600000000006]]"
2026-07-29 19:45:03,57.08572690033694,19.97442462774787,191.04014496920155,parking,1325.3381353920206,175.2764374006322,0.0,0.0,0.0,4.0,4.0,6.944444444444444e-05,6.944444444444444e-05,"[[21134552254.260525, 6329795975.319204, 298735.38969889755, -22462.6429596918], [6329795975.319204, 13955027215.94723, 95481.96389763526, 227134.96535040168], [298735.38969889755, 95481.96389763526, 5.962600000000006, 0.0], [-22462.6429596918, 227134.96535040168, 0.0, 5.962600000000006]]"
2026-07-29 19:55:03,57.08572690033694,19.97442462774787,191.04014496920155,parking,1325.3381353920206,175.2764374006322,0.0,0.0,0.0,4.0,4.0,6.944444444444444e-05,6.944444444444444e-05,"[[21134552254.260525, 6329795975.319204, 298735.38969889755, -22462.6429596918], [6329795975.319204, 13955027215.94723, 95481.96389763526, 227134.96535040168], [298735.38969889755, 95481.96389763526, 5.962600000000006, 0.0], [-22462.6429596918, 227134.96535040168, 0.0, 5.962600000000006]]"
2026-07-29 20:05:03,57.08572690033694,19.97442462774787,191.04014496920155,parking,1325.3381353920206,175.2764374006322,0.0,0.0,0.0,4.0,4.0,6.944444444444444e-05,6.944444444444444e-05,"[[21134552254.260525, 6329795975.319204, 298735.38969889755, -22462.6429596918], [6329795975.319204, 13955027215.94723, 95481.96389763526, 227134.96535040168], [298735.38969889755, 95481.96389763526, 5.962600000000006, 0.0], [-22462.6429596918, 227134.96535040168, 0.0, 5.962600000000006]]"
2026-07-29 20:15:03,57.08572690033694,19.97442462774787,191.04014496920155,parking,1325.3381353920206,175.2764374006322,0.0,0.0,0.0,4.0,4.0,6.944444444444444e-05,6.944444444444444e-05,"[[21134552254.260525, 6329795975.319204, 298735.38969889755, -22462.6429596918], [6329795975.319204, 13955027215.94723, 95481.96389763526, 227134.96535040168], [298735.38969889755, 95481.96389763526, 5.962600000000006, 0.0], [-22462.6429596918, 227134.96535040168, 0.0, 5.962600000000006]]"
2026-07-29 20:25:03,57.08572690033694,19.97442462774787,191.04014496920155,parking,1325.3381353920206,175.2764374006322,0.0,0.0,0.0,4.0,4.0,6.944444444444444e-05,6.944444444444444e-05,"[[21134552254.260525, 6329795975.319204, 298735.38969889755, -22462.6429596918], [6329795975.319204, 13955027215.94723, 95481.96389763526, 227134.96535040168], [298735.38969889755, 95481.96389763526, 5.962600000000006, 0.0], [-22462.6429596918, 227134.96535040168, 0.0, 5.962600000000006]]"
2026-07-29 20:35:03,57.08572690033694,19.97442462774787,191.04014496920155,parking,1325.3381353920206,175.2764374006322,0.0,0.0,0.0,4.0,4.0,6.944444444444444e-05,6.944444444444444e-05,"[[21134552254.260525, 6329795975.319204, 298735.38969889755, -22462.6429596918], [6329795975.319204, 13955027215.94723, 95481.96389763526, 227134.96535040168], [298735.38969889755, 95481.96389763526, 5.962600000000006, 0.0], [-22462.6429596918, 227134.96535040168, 0.0, 5.962600000000006]]"
2026-07-29 20:45:03,57.08572690033694,19.97442462774787,191.04014496920155,parking,1325.3381353920206,175.2764374006322,0.0,0.0,0.0,4.0,4.0,6.944444444444444e-05,6.944444444444444e-05,"[[21134552254.260525, 6329795975.319204, 298735.38969889755, -22462.6429596918], [6329795975.319204, 13955027215.94723, 95481.96389763526, 227134.96535040168], [298735.38969889755, 95481.96389763526, 5.962600000000006, 0.0], [-22462.6429596918, 227134.96535040168, 0.0, 5.962600000000006]]"
2026-07-29 20:55:03,57.08572690033694,19.97442462774787,191.04014496920155,parking,1325.3381353920206,175.2764374006322,0.0,0.0,0.0,4.0,4.0,6.944444444444444e-05,6.944444444444444e-05,"[[21134552254.260525, 6329795975.319204, 298735.38969889755, -22462.6429596918], [6329795975.319204, 13955027215.94723, 95481.96389763526, 227134.96535040168], [298735.38969889755, 95481.96389763526, 5.962600000000006, 0.0], [-22462.6429596918, 227134.96535040168, 0.0, 5.962600000000006]]"
2026-07-29 21:05:03,57.08572690033694,19.97442462774787,191.04014496920155,parking,1325.3381353920206,175.2764374006322,0.0,0.0,0.0,4.0,4.0,6.944444444444444e-05,6.944444444444444e-05,"[[21134552254.260525, 6329795975.319204, 298735.38969889755, -22462.6429596918], [6329795975.319204, 13955027215.94723, 95481.96389763526, 227134.96535040168], [298735.38969889755, 95481.96389763526, 5.962600000000006, 0.0], [-22462.6429596918, 227134.96535040168, 0.0, 5.962600000000006]]"
2026-07-29 21:15:03,57.08572690033694,19.97442462774787,191.04014496920155,parking,1325.3381353920206,175.2764374006322,0.0,0.0,0.0,4.0,4.0,6.944444444444444e-05,6.944444444444444e-05,"[[21134552254.260525, 6329795975.319204, 298735.38969889755, -22462.6429596918], [6329795975.319204, 13955027215.94723, 95481.96389763526, 227134.96535040168], [298735.38969889755, 95481.96389763526, 5.962600000000006, 0.0], [-22462.6429596918, 227134.96535040168, 0.0, 5.962600000000006]]"
2026-07-29 21:25:03,57.08572690033694,19.97442462774787,191.04014496920155,parking,1325.3381353920206,175.2764374006322,0.0,0.0,0.0,4.0,4.0,6.944444444444444e-05,6.944444444444444e-05,"[[21134552254.260525, 6329795975.319204, 298735.38969889755, -22462.6429596918], [6329795975.319204, 13955027215.94723, 95481.96389763526, 227134.96535040168], [298735.38969889755, 95481.96389763526, 5.962600000000006, 0.0], [-22462.6429596918, 227134.96535040168, 0.0, 5.962600000000006]]"
2026-07-29 21:35:03,57.08572690033694,19.97442462774787,191.04014496920155,parking,1325.3381353920206,175.2764374006322,0.0,0.0,0.0,4.0,4.0,6.944444444444444e-05,6.944444444444444e-05,"[[21134552254.260525, 6329795975.319204, 298735.38969889755, -22462.6429596918], [6329795975.319204, 13955027215.94723, 95481.96389763526, 227134.96535040168], [298735.38969889755, 95481.96389763526, 5.962600000000006, 0.0], [-22462.6429596918, 227134.96535040168, 0.0, 5.962600000000006]]"
2026-07-29 21:45:03,57.08572690033694,19.97442462774787,191.04014496920155,parking,1325.3381353920206,175.2764374006322,0.0,0.0,0.0,4.0,4.0,6.944444444444444e-05,6.944444444444444e-05,"[[21134552254.260525, 6329795975.319204, 298735.38969889755, -22462.6429596918], [6329795975.319204, 13955027215.94723, 95481.96389763526, 227134.96535040168], [298735.38969889755, 95481.96389763526, 5.962600000000006, 0.0], [-22462.6429596918, 227134.96535040168, 0.0, 5.962600000000006]]"
2026-07-29 21:55:03,57.08572690033694,19.97442462774787,191.04014496920155,parking,1325.3381353920206,175.2764374006322,0.0,0.0,0.0,4.0,4.0,6.944444444444444e-05,6.944444444444444e-05,"[[21134552254.260525, 6329795975.319204, 298735.38969889755, -22462.6429596918], [6329795975.319204, 13955027215.94723, 95481.96389763526, 227134.96535040168], [298735.38969889755, 95481.96389763526, 5.962600000000006, 0.0], [-22462.6429596918, 227134.96535040168, 0.0, 5.962600000000006]]"
2026-07-29 22:05:03,57.08572690033694,19.97442462774787,191.04014496920155,parking,1325.3381353920206,175.2764374006322,0.0,0.0,0.0,4.0,4.0,6.944444444444444e-05,6.944444444444444e-05,"[[21134552254.260525, 6329795975.319204, 298735.38969889755, -22462.6429596918], [6329795975.319204, 13955027215.94723, 95481.96389763526, 227134.96535040168], [298735.38969889755, 95481.96389763526, 5.962600000000006, 0.0], [-22462.6429596918, 227134.96535040168, 0.0, 5.962600000000006]]"
2026-07-29 22:15:03,57.08572690033694,19.97442462774787,191.04014496920155,parking,1325.3381353920206,175.2764374006322,0.0,0.0,0.0,4.0,4.0,6.944444444444444e-05,6.944444444444444e-05,"[[21134552254.260525, 6329795975.319204, 298735.38969889755, -22462.6429596918], [6329795975.319204, 13955027215.94723, 95481.96389763526, 227134.96535040168], [298735.38969889755, 95481.96389763526, 5.962600000000006, 0.0], [-22462.6429596918, 227134.96535040168, 0.0, 5.962600000000006]]"
2026-07-29 22:25:03,57.08572690033694,19.97442462774787,191.04014496920155,parking,1325.3381353920206,175.2764374006322,0.0,0.0,0.0,4.0,4.0,6.944444444444444e-05,6.944444444444444e-05,"[[21134552254.260525, 6329795975.319204, 298735.38969889755, -22462.6429596918], [6329795975.319204, 13955027215.94723, 95481.96389763526, 227134.96535040168], [298735.38969889755, 95481.96389763526, 5.962600000000006, 0.0], [-22462.6429596918, 227134.96535040168, 0.0, 5.962600000000006]]"
2026-07-29 22:35:03,57.08572690033694,19.97442462774787,191.04014496920155,parking,1325.3381353920206,175.2764374006322,0.0,0.0,0.0,4.0,4.0,6.944444444444444e-05,6.944444444444444e-05,"[[21134552254.260525, 6329795975.319204, 298735.38969889755, -22462.6429596918], [6329795975.319204, 13955027215.94723, 95481.96389763526, 227134.96535040168], [298735.38969889755, 95481.96389763526, 5.962600000000006, 0.0], [-22462.6429596918, 227134.96535040168, 0.0, 5.962600000000006]]"
2026-07-29 22:45:03,57.08572690033694,19.97442462774787,191.04014496920155,parking,1325.3381353920206,175.2764374006322,0.0,0.0,0.0,4.0,4.0,6.944444444444444e-05,6.944444444444444e-05,"[[21134552254.260525, 6329795975.319204, 298735.38969889755, -22462.6429596918], [6329795975.319204, 13955027215.94723, 95481.96389763526, 227134.96535040168], [298735.38969889755, 95481.96389763526, 5.962600000000006, 0.0], [-22462.6429596918, 227134.96535040168, 0.0, 5.962600000000006]]"
2026-07-29 22:55:03,57.08572690033694,19.97442462774787,191.04014496920155,parking,1325.3381353920206,175.2764374006322,0.0,0.0,0.0,4.0,4.0,6.944444444444444e-05,6.944444444444444e-05,"[[21134552254.260525, 6329795975.319204, 298735.38969889755, -22462.6429596918], [6329795975.319204, 13955027215.94723, 95481.96389763526, 227134.96535040168], [298735.38969889755, 95481.96389763526, 5.962600000000006, 0.0], [-22462.6429596918, 227134.96535040168, 0.0, 5.962600000000006]]"
2026-07-29 23:05:03,57.08572690033694,19.97442462774787,191.04014496920155,parking,1325.3381353920206,175.2764374006322,0.0,0.0,0.0,4.0,4.0,6.944444444444444e-05,6.944444444444444e-05,"[[21134552254.260525, 6329795975.319204, 298735.38969889755, -22462.6429596918], [6329795975.319204, 13955027215.94723, 95481.96389763526, 227134.96535040168], [298735.38969889755, 95481.96389763526, 5.962600000000006, 0.0], [-22462.6429596918, 227134.96535040168, 0.0, 5.962600000000006]]"
2026-07-29 23:15:03,57.08572690033694,19.97442462774787,191.04014496920155,parking,1325.3381353920206,175.2764374006322,0.0,0.0,0.0,4.0,4.0,6.944444444444444e-05,6.944444444444444e-05,"[[21134552254.260525, 6329795975.319204, 298735.38969889755, -22462.6429596918], [6329795975.319204, 13955027215.94723, 95481.96389763526, 227134.96535040168], [298735.38969889755, 95481.96389763526, 5.962600000000006, 0.0], [-22462.6429596918, 227134.96535040168, 0.0, 5.962600000000006]]"
2026-07-29 23:25:03,57.08572690033694,19.97442462774787,191.04014496920155,parking,1325.3381353920206,175.2764374006322,0.0,0.0,0.0,4.0,4.0,6.944444444444444e-05,6.944444444444444e-05,"[[21134552254.260525, 6329795975.319204, 298735.38969889755, -22462.6429596918], [6329795975.319204, 13955027215.94723, 95481.96389763526, 227134.96535040168], [298735.38969889755, 95481.96389763526, 5.962600000000006, 0.0], [-22462.6429596918, 227134.96535040168, 0.0, 5.962600000000006]]"
2026-07-29 23:35:03,57.08572690033694,19.97442462774787,191.04014496920155,parking,1325.3381353920206,175.2764374006322,0.0,0.0,0.0,4.0,4.0,6.944444444444444e-05,6.944444444444444e-05,"[[21134552254.260525, 6329795975.319204, 298735.38969889755, -22462.6429596918], [6329795975.319204, 13955027215.94723, 95481.96389763526, 227134.96535040168], [298735.38969889755, 95481.96389763526, 5.962600000000006, 0.0], [-22462.6429596918, 227134.96535040168, 0.0, 5.962600000000006]]"
2026-07-29 23:45:03,57.08572690033694,19.97442462774787,191.04014496920155,parking,1325.3381353920206,175.2764374006322,0.0,0.0,0.0,4.0,4.0,6.944444444444444e-05,6.944444444444444e-05,"[[21134552254.260525, 6329795975.319204, 298735.38969889755, -22462.6429596918], [6329795975.319204, 13955027215.94723, 95481.96389763526, 227134.96535040168], [298735.38969889755, 95481.96389763526, 5.962600000000006, 0.0], [-22462.6429596918, 227134.96535040168, 0.0, 5.962600000000006]]"
2026-07-29 23:55:03,57.08572690033694,19.97442462774787,191.04014496920155,parking,1325.3381353920206,175.2764374006322,0.0,0.0,0.0,4.0,4.0,6.944444444444444e-05,6.944444444444444e-05,"[[21134552254.260525, 6329795975.319204, 298735.38969889755, -22462.6429596918], [6329795975.319204, 13955027215.94723, 95481.96389763526, 227134.96535040168], [298735.38969889755, 95481.96389763526, 5.962600000000006, 0.0], [-22462.6429596918, 227134.96535040168, 0.0, 5.962600000000006]]"
2026-07-30 00:05:03,57.08572690033694,19.97442462774787,191.04014496920155,parking,1325.3381353920206,175.2764374006322,0.0,0.0,0.0,4.0,4.0,6.944444444444444e-05,6.944444444444444e-05,"[[21134552254.260525, 6329795975.319204, 298735.38969889755, -22462.6429596918], [6329795975.319204, 13955027215.94723, 95481.96389763526, 227134.96535040168], [298735.38969889755, 95481.96389763526, 5.962600000000006, 0.0], [-22462.6429596918, 227134.96535040168, 0.0, 5.962600000000006]]"
2026-07-30 00:15:03,57.08572690033694,19.97442462774787,191.04014496920155,parking,1325.3381353920206,175.2764374006322,0.0,0.0,0.0,4.0,4.0,6.944444444444444e-05,6.944444444444444e-05,"[[21134552254.260525, 6329795975.319204, 298735.38969889755, -22462.6429596918], [6329795975.319204, 13955027215.94723, 95481.96389763526, 227134.96535040168], [298735.38969889755, 95481.96389763526, 5.962600000000006, 0.0], [-22462.6429596918, 227134.96535040168, 0.0, 5.962600000000006]]"
2026-07-30 00:25:03,57.08572690033694,19.97442462774787,191.04014496920155,parking,1325.3381353920206,175.2764374006322,0.0,0.0,0.0,4.0,4.0,6.944444444444444e-05,6.944444444444444e-05,"[[21134552254.260525, 6329795975.319204, 298735.38969889755, -22462.6429596918], [6329795975.319204, 13955027215.94723, 95481.96389763526, 227134.96535040168], [298735.38969889755, 95481.96389763526, 5.962600000000006, 0.0], [-22462.6429596918, 227134.96535040168, 0.0, 5.962600000000006]]"
2026-07-30 00:35:03,57.08572690033694,19.97442462774787,191.04014496920155,parking,1325.3381353920206,175.2764374006322,0.0,0.0,0.0,4.0,4.0,6.944444444444444e-05,6.944444444444444e-05,"[[21134552254.260525, 6329795975.319204, 298735.38969889755, -22462.6429596918], [6329795975.319204, 13955027215.94723, 95481.96389763526, 227134.96535040168], [298735.38969889755, 95481.96389763526, 5.962600000000006, 0.0], [-22462.6429596918, 227134.96535040168, 0.0, 5.962600000000006]]"
2026-07-30 00:45:03,57.08572690033694,19.97442462774787,191.04014496920155,parking,1325.3381353920206,175.2764374006322,0.0,0.0,0.0,4.0,4.0,6.944444444444444e-05,6.944444444444444e-05,"[[21134552254.260525, 6329795975.319204, 298735.38969889755, -22462.6429596918], [6329795975.319204, 13955027215.94723, 95481.96389763526, 227134.96535040168], [298735.38969889755, 95481.96389763526, 5.962600000000006, 0.0], [-22462.6429596918, 227134.96535040168, 0.0, 5.962600000000006]]"
2026-07-30 00:55:03,57.08572690033694,19.97442462774787,191.04014496920155,parking,1325.3381353920206,175.2764374006322,0.0,0.0,0.0,4.0,4.0,6.944444444444444e-05,6.944444444444444e-05,"[[21134552254.260525, 6329795975.319204, 298735.38969889755, -22462.6429596918], [6329795975.319204, 13955027215.94723, 95481.96389763526, 227134.96535040168], [298735.38969889755, 95481.96389763526, 5.962600000000006, 0.0], [-22462.6429596918, 227134.96535040168, 0.0, 5.962600000000006]]"
2026-07-30 01:05:03,57.08572690033694,19.97442462774787,191.04014496920155,parking,1325.3381353920206,175.2764374006322,0.0,0.0,0.0,4.0,4.0,6.944444444444444e-05,6.944444444444444e-05,"[[21134552254.260525, 6329795975.319204, 298735.38969889755, -22462.6429596918], [6329795975.319204, 13955027215.94723, 95481.96389763526, 227134.96535040168], [298735.38969889755, 95481.96389763526, 5.962600000000006, 0.0], [-22462.6429596918, 227134.96535040168, 0.0, 5.962600000000006]]"
2026-07-30 01:15:03,57.08572690033694,19.97442462774787,191.04014496920155,parking,1325.3381353920206,175.2764374006322,0.0,0.0,0.0,4.0,4.0,6.944444444444444e-05,6.944444444444444e-05,"[[21134552254.260525, 6329795975.319204, 298735.38969889755, -22462.6429596918], [6329795975.319204, 13955027215.94723, 95481.96389763526, 227134.96535040168], [298735.38969889755, 95481.96389763526, 5.962600000000006, 0.0], [-22462.6429596918, 227134.96535040168, 0.0, 5.962600000000006]]"
2026-07-30 01:25:03,57.08572690033694,19.97442462774787,191.04014496920155,parking,1325.3381353920206,175.2764374006322,0.0,0.0,0.0,4.0,4.0,6.944444444444444e-05,6.944444444444444e-05,"[[21134552254.260525, 6329795975.319204, 298735.38969889755, -22462.6429596918], [6329795975.319204, 13955027215.94723, 95481.96389763526, 227134.96535040168], [298735.38969889755, 95481.96389763526, 5.962600000000006, 0.0], [-22462.6429596918, 227134.96535040168, 0.0, 5.962600000000006]]"
2026-07-30 01:35:03,57.08572690033694,19.97442462774787,191.04014496920155,parking,1325.3381353920206,175.2764374006322,0.0,0.0,0.0,4.0,4.0,6.944444444444444e-05,6.944444444444444e-05,"[[21134552254.260525, 6329795975.319204, 298735.38969889755, -22462.6429596918], [6329795975.319204, 13955027215.94723, 95481.96389763526, 227134.96535040168], [298735.38969889755, 95481.96389763526, 5.962600000000006, 0.0], [-22462.6429596918, 227134.96535040168, 0.0, 5.962600000000006]]"
2026-07-30 01:45:03,57.08572690033694,19.97442462774787,191.04014496920155,parking,1325.3381353920206,175.2764374006322,0.0,0.0,0.0,4.0,4.0,6.944444444444444e-05,6.944444444444444e-05,"[[21134552254.260525, 6329795975.319204, 298735.38969889755, -22462.6429596918], [6329795975.319204, 13955027215.94723, 95481.96389763526, 227134.96535040168], [298735.38969889755, 95481.96389763526, 5.962600000000006, 0.0], [-22462.6429596918, 227134.96535040168, 0.0, 5.962600000000006]]"
2026-07-30 01:55:03,57.08572690033694,19.97442462774787,191.04014496920155,parking,1325.3381353920206,175.2764374006322,0.0,0.0,0.0,4.0,4.0,6.944444444444444e-05,6.944444444444444e-05,"[[21134552254.260525, 6329795975.319204, 298735.38969889755, -22462.6429596918], [6329795975.319204, 13955027215.94723, 95481.96389763526, 227134.96535040168], [298735.38969889755, 95481.96389763526, 5.962600000000006, 0.0], [-22462.6429596918, 227134.96535040168, 0.0, 5.962600000000006]]"
2026-07-30 02:05:03,57.08572690033694,19.97442462774787,191.04014496920155,parking,1325.3381353920206,175.2764374006322,0.0,0.0,0.0,4.0,4.0,6.944444444444444e-05,6.944444444444444e-05,"[[21134552254.260525, 6329795975.319204, 298735.38969889755, -22462.6429596918], [6329795975.319204, 13955027215.94723, 95481.96389763526, 227134.96535040168], [298735.38969889755, 95481.96389763526, 5.962600000000006, 0.0], [-22462.6429596918, 227134.96535040168, 0.0, 5.962600000000006]]"
2026-07-30 02:15:03,57.08572690033694,19.97442462774787,191.04014496920155,parking,1325.3381353920206,175.2764374006322,0.0,0.0,0.0,4.0,4.0,6.944444444444444e-05,6.944444444444444e-05,"[[21134552254.260525, 6329795975.319204, 298735.38969889755, -22462.6429596918], [6329795975.319204, 13955027215.94723, 95481.96389763526, 227134.96535040168], [298735.38969889755, 95481.96389763526, 5.962600000000006, 0.0], [-22462.6429596918, 227134.96535040168, 0.0, 5.962600000000006]]"
2026-07-30 02:25:03,57.08572690033694,19.97442462774787,191.04014496920155,parking,1325.3381353920206,175.2764374006322,0.0,0.0,0.0,4.0,4.0,6.944444444444444e-05,6.944444444444444e-05,"[[21134552254.260525, 6329795975.319204, 298735.38969889755, -22462.6429596918], [6329795975.319204, 13955027215.94723, 95481.96389763526, 227134.96535040168], [298735.38969889755, 95481.96389763526, 5.962600000000006, 0.0], [-22462.6429596918, 227134.96535040168, 0.0, 5.962600000000006]]"
2026-07-30 02:35:03,57.08572690033694,19.97442462774787,191.04014496920155,parking,1325.3381353920206,175.2764374006322,0.0,0.0,0.0,4.0,4.0,6.944444444444444e-05,6.944444444444444e-05,"[[21134552254.260525, 6329795975.319204, 298735.38969889755, -22462.6429596918], [6329795975.319204, 13955027215.94723, 95481.96389763526, 227134.96535040168], [298735.38969889755, 95481.96389763526, 5.962600000000006, 0.0], [-22462.6429596918, 227134.96535040168, 0.0, 5.962600000000006]]"
2026-07-30 02:45:03,57.08572690033694,19.97442462774787,191.04014496920155,parking,1325.3381353920206,175.2764374006322,0.0,0.0,0.0,4.0,4.0,6.944444444444444e-05,6.944444444444444e-05,"[[21134552254.260525, 6329795975.319204, 298735.38969889755, -22462.6429596918], [6329795975.319204, 13955027215.94723, 95481.96389763526, 227134.96535040168], [298735.38969889755, 95481.96389763526, 5.962600000000006, 0.0], [-22462.6429596918, 227134.96535040168, 0.0, 5.962600000000006]]"
2026-07-30 02:55:03,57.08572690033694,19.97442462774787,191.04014496920155,parking,1325.3381353920206,175.2764374006322,0.0,0.0,0.0,4.0,4.0,6.944444444444444e-05,6.944444444444444e-05,"[[21134552254.260525, 6329795975.319204, 298735.38969889755, -22462.6429596918], [6329795975.319204, 13955027215.94723, 95481.96389763526, 227134.96535040168], [298735.38969889755, 95481.96389763526, 5.962600000000006, 0.0], [-22462.6429596918, 227134.96535040168, 0.0, 5.962600000000006]]"
2026-07-30 03:05:03,57.08572690033694,19.97442462774787,191.04014496920155,parking,1325.3381353920206,175.2764374006322,0.0,0.0,0.0,4.0,4.0,6.944444444444444e-05,6.944444444444444e-05,"[[21134552254.260525, 6329795975.319204, 298735.38969889755, -22462.6429596918], [6329795975.319204, 13955027215.94723, 95481.96389763526, 227134.96535040168], [298735.38969889755, 95481.96389763526, 5.962600000000006, 0.0], [-22462.6429596918, 227134.96535040168, 0.0, 5.962600000000006]]"
2026-07-30 03:15:03,57.08572690033694,19.97442462774787,191.04014496920155,parking,1325.3381353920206,175.2764374006322,0.0,0.0,0.0,4.0,4.0,6.944444444444444e-05,6.944444444444444e-05,"[[21134552254.260525, 6329795975.319204, 298735.38969889755, -22462.6429596918], [6329795975.319204, 13955027215.94723, 95481.96389763526, 227134.96535040168], [298735.38969889755, 95481.96389763526, 5.962600000000006, 0.0], [-22462.6429596918, 227134.96535040168, 0.0, 5.962600000000006]]"
2026-07-30 03:25:03,57.08572690033694,19.97442462774787,191.04014496920155,parking,1325.3381353920206,175.2764374006322,0.0,0.0,0.0,4.0,4.0,6.944444444444444e-05,6.944444444444444e-05,"[[21134552254.260525, 6329795975.319204, 298735.38969889755, -22462.6429596918], [6329795975.319204, 13955027215.94723, 95481.96389763526, 227134.96535040168], [298735.38969889755, 95481.96389763526, 5.962600000000006, 0.0], [-22462.6429596918, 227134.96535040168, 0.0, 5.962600000000006]]"
2026-07-30 03:35:03,57.08572690033694,19.97442462774787,191.04014496920155,parking,1325.3381353920206,175.2764374006322,0.0,0.0,0.0,4.0,4.0,6.944444444444444e-05,6.944444444444444e-05,"[[21134552254.260525, 6329795975.319204, 298735.38969889755, -22462.6429596918], [6329795975.319204, 13955027215.94723, 95481.96389763526, 227134.96535040168], [298735.38969889755, 95481.96389763526, 5.962600000000006, 0.0], [-22462.6429596918, 227134.96535040168, 0.0, 5.962600000000006]]"
2026-07-30 03:45:03,57.08572690033694,19.97442462774787,191.04014496920155,parking,1325.3381353920206,175.2764374006322,0.0,0.0,0.0,4.0,4.0,6.944444444444444e-05,6.944444444444444e-05,"[[21134552254.260525, 6329795975.319204, 298735.38969889755, -22462.6429596918], [6329795975.319204, 13955027215.94723, 95481.96389763526, 227134.96535040168], [298735.38969889755, 95481.96389763526, 5.962600000000006, 0.0], [-22462.6429596918, 227134.96535040168, 0.0, 5.962600000000006]]"
2026-07-30 03:55:03,57.08572690033694,19.97442462774787,191.04014496920155,parking,1325.3381353920206,175.2764374006322,0.0,0.0,0.0,4.0,4.0,6.944444444444444e-05,6.944444444444444e-05,"[[21134552254.260525, 6329795975.319204, 298735.38969889755, -22462.6429596918], [6329795975.319204, 13955027215.94723, 95481.96389763526, 227134.96535040168], [298735.38969889755, 95481.96389763526, 5.962600000000006, 0.0], [-22462.6429596918, 227134.96535040168, 0.0, 5.962600000000006]]"
2026-07-30 04:05:03,57.08572690033694,19.97442462774787,191.04014496920155,parking,1325.3381353920206,175.2764374006322,0.0,0.0,0.0,4.0,4.0,6.944444444444444e-05,6.944444444444444e-05,"[[21134552254.260525, 6329795975.319204, 298735.38969889755, -22462.6429596918], [6329795975.319204, 13955027215.94723, 95481.96389763526, 227134.96535040168], [298735.38969889755, 95481.96389763526, 5.962600000000006, 0.0], [-22462.6429596918, 227134.96535040168, 0.0, 5.962600000000006]]"
2026-07-30 04:15:03,57.08572690033694,19.97442462774787,191.04014496920155,parking,1325.3381353920206,175.2764374006322,0.0,0.0,0.0,4.0,4.0,6.944444444444444e-05,6.944444444444444e-05,"[[21134552254.260525, 6329795975.319204, 298735.38969889755, -22462.6429596918], [6329795975.319204, 13955027215.94723, 95481.96389763526, 227134.96535040168], [298735.38969889755, 95481.96389763526, 5.962600000000006, 0.0], [-22462.6429596918, 227134.96535040168, 0.0, 5.962600000000006]]"
2026-07-30 04:25:03,57.08572690033694,19.97442462774787,191.04014496920155,parking,1325.3381353920206,175.2764374006322,0.0,0.0,0.0,4.0,4.0,6.944444444444444e-05,6.944444444444444e-05,"[[21134552254.260525, 6329795975.319204, 298735.38969889755, -22462.6429596918], [6329795975.319204, 13955027215.94723, 95481.96389763526, 227134.96535040168], [298735.38969889755, 95481.96389763526, 5.962600000000006, 0.0], [-22462.6429596918, 227134.96535040168, 0.0, 5.962600000000006]]"
2026-07-30 04:35:03,57.08572690033694,19.97442462774787,191.04014496920155,parking,1325.3381353920206,175.2764374006322,0.0,0.0,0.0,4.0,4.0,6.944444444444444e-05,6.944444444444444e-05,"[[21134552254.260525, 6329795975.319204, 298735.38969889755, -22462.6429596918], [6329795975.319204, 13955027215.94723, 95481.96389763526, 227134.96535040168], [298735.38969889755, 95481.96389763526, 5.962600000000006, 0.0], [-22462.6429596918, 227134.96535040168, 0.0, 5.962600000000006]]"
2026-07-30 04:45:03,57.08572690033694,19.97442462774787,191.04014496920155,parking,1325.3381353920206,175.2764374006322,0.0,0.0,0.0,4.0,4.0,6.944444444444444e-05,6.944444444444444e-05,"[[21134552254.260525, 6329795975.319204, 298735.38969889755, -22462.6429596918], [6329795975.319204, 13955027215.94723, 95481.96389763526, 227134.96535040168], [298735.38969889755, 95481.96389763526, 5.962600000000006, 0.0], [-22462.6429596918, 227134.96535040168, 0.0, 5.962600000000006]]"
2026-07-30 04:55:03,57.08572690033694,19.97442462774787,191.04014496920155,parking,1325.3381353920206,175.2764374006322,0.0,0.0,0.0,4.0,4.0,6.944444444444444e-05,6.944444444444444e-05,"[[21134552254.260525, 6329795975.319204, 298735.38969889755, -22462.6429596918], [6329795975.319204, 13955027215.94723, 95481.96389763526, 227134.96535040168], [298735.38969889755, 95481.96389763526, 5.962600000000006, 0.0], [-22462.6429596918, 227134.96535040168, 0.0, 5.962600000000006]]"
2026-07-30 05:05:03,57.08572690033694,19.97442462774787,191.04014496920155,parking,1325.3381353920206,175.2764374006322,0.0,0.0,0.0,4.0,4.0,6.944444444444444e-05,6.944444444444444e-05,"[[21134552254.260525, 6329795975.319204, 298735.38969889755, -22462.6429596918], [6329795975.319204, 13955027215.94723, 95481.96389763526, 227134.96535040168], [298735.38969889755, 95481.96389763526, 5.962600000000006, 0.0], [-22462.6429596918, 227134.96535040168, 0.0, 5.962600000000006]]"
2026-07-30 05:15:03,57.08572690033694,19.97442462774787,191.04014496920155,parking,1325.3381353920206,175.2764374006322,0.0,0.0,0.0,4.0,4.0,6.944444444444444e-05,6.944444444444444e-05,"[[21134552254.260525, 6329795975.319204, 298735.38969889755, -22462.6429596918], [6329795975.319204, 13955027215.94723, 95481.96389763526, 227134.96535040168], [298735.38969889755, 95481.96389763526, 5.962600000000006, 0.0], [-22462.6429596918, 227134.96535040168, 0.0, 5.962600000000006]]"
2026-07-30 05:25:03,57.08572690033694,19.97442462774787,191.04014496920155,parking,1325.3381353920206,175.2764374006322,0.0,0.0,0.0,4.0,4.0,6.944444444444444e-05,6.944444444444444e-05,"[[21134552254.260525, 6329795975.319204, 298735.38969889755, -22462.6429596918], [6329795975.319204, 13955027215.94723, 95481.96389763526, 227134.96535040168], [298735.38969889755, 95481.96389763526, 5.962600000000006, 0.0], [-22462.6429596918, 227134.96535040168, 0.0, 5.962600000000006]]"
2026-07-30 05:35:03,57.08572690033694,19.97442462774787,191.04014496920155,parking,1325.3381353920206,175.2764374006322,0.0,0.0,0.0,4.0,4.0,6.944444444444444e-05,6.944444444444444e-05,"[[21134552254.260525, 6329795975.319204, 298735.38969889755, -22462.6429596918], [6329795975.319204, 13955027215.94723, 95481.96389763526, 227134.96535040168], [298735.38969889755, 95481.96389763526, 5.962600000000006, 0.0], [-22462.6429596918, 227134.96535040168, 0.0, 5.962600000000006]]"
2026-07-30 05:45:03,57.08572690033694,19.97442462774787,191.04014496920155,parking,1325.3381353920206,175.2764374006322,0.0,0.0,0.0,4.0,4.0,6.944444444444444e-05,6.944444444444444e-05,"[[21134552254.260525, 6329795975.319204, 298735.38969889755, -22462.6429596918], [6329795975.319204, 13955027215.94723, 95481.96389763526, 227134.96535040168], [298735.38969889755, 95481.96389763526, 5.962600000000006, 0.0], [-22462.6429596918, 227134.96535040168, 0.0, 5.962600000000006]]"
2026-07-30 05:55:03,57.08572690033694,19.97442462774787,191.04014496920155,parking,1325.3381353920206,175.2764374006322,0.0,0.0,0.0,4.0,4.0,6.944444444444444e-05,6.944444444444444e-05,"[[21134552254.260525, 6329795975.319204, 298735.38969889755, -22462.6429596918], [6329795975.319204, 13955027215.94723, 95481.96389763526, 227134.96535040168], [298735.38969889755, 95481.96389763526, 5.962600000000006, 0.0], [-22462.6429596918, 227134.96535040168, 0.0, 5.962600000000006]]"
2026-07-30 06:05:03,57.08572690033694,19.97442462774787,191.04014496920155,parking,1325.3381353920206,175.2764374006322,0.0,0.0,0.0,4.0,4.0,6.944444444444444e-05,6.944444444444444e-05,"[[21134552254.260525, 6329795975.319204, 298735.38969889755, -22462.6429596918], [6329795975.319204, 13955027215.94723, 95481.96389763526, 227134.96535040168], [298735.38969889755, 95481.96389763526, 5.962600000000006, 0.0], [-22462.6429596918, 227134.96535040168, 0.0, 5.962600000000006]]"
2026-07-30 06:15:03,57.08572690033694,19.97442462774787,191.04014496920155,parking,1325.3381353920206,175.2764374006322,0.0,0.0,0.0,4.0,4.0,6.944444444444444e-05,6.944444444444444e-05,"[[21134552254.260525, 6329795975.319204, 298735.38969889755, -22462.6429596918], [6329795975.319204, 13955027215.94723, 95481.96389763526, 227134.96535040168], [298735.38969889755, 95481.96389763526, 5.962600000000006, 0.0], [-22462.6429596918, 227134.96535040168, 0.0, 5.962600000000006]]"
2026-07-30 06:25:03,57.08572690033694,19.97442462774787,191.04014496920155,parking,1325.3381353920206,175.2764374006322,0.0,0.0,0.0,4.0,4.0,6.944444444444444e-05,6.944444444444444e-05,"[[21134552254.260525, 6329795975.319204, 298735.38969889755, -22462.6429596918], [6329795975.319204, 13955027215.94723, 95481.96389763526, 227134.96535040168], [298735.38969889755, 95481.96389763526, 5.962600000000006, 0.0], [-22462.6429596918, 227134.96535040168, 0.0, 5.962600000000006]]"
2026-07-30 06:35:03,57.08572690033694,19.97442462774787,191.04014496920155,parking,1325.3381353920206,175.2764374006322,0.0,0.0,0.0,4.0,4.0,6.944444444444444e-05,6.944444444444444e-05,"[[21134552254.260525, 6329795975.319204, 298735.38969889755, -22462.6429596918], [6329795975.319204, 13955027215.94723, 95481.96389763526, 227134.96535040168], [298735.38969889755, 95481.96389763526, 5.962600000000006, 0.0], [-22462.6429596918, 227134.96535040168, 0.0, 5.962600000000006]]"
2026-07-30 06:45:03,57.08572690033694,19.97442462774787,191.04014496920155,parking,1325.3381353920206,175.2764374006322,0.0,0.0,0.0,4.0,4.0,6.944444444444444e-05,6.944444444444444e-05,"[[21134552254.260525, 6329795975.319204, 298735.38969889755, -22462.6429596918], [6329795975.319204, 13955027215.94723, 95481.96389763526, 227134.96535040168], [298735.38969889755, 95481.96389763526, 5.962600000000006, 0.0], [-22462.6429596918, 227134.96535040168, 0.0, 5.962600000000006]]"
2026-07-30 06:55:03,57.08572690033694,19.97442462774787,191.04014496920155,parking,1325.3381353920206,175.2764374006322,0.0,0.0,0.0,4.0,4.0,6.944444444444444e-05,6.944444444444444e-05,"[[21134552254.260525, 6329795975.319204, 298735.38969889755, -22462.6429596918], [6329795975.319204, 13955027215.94723, 95481.96389763526, 227134.96535040168], [298735.38969889755, 95481.96389763526, 5.962600000000006, 0.0], [-22462.6429596918, 227134.96535040168, 0.0, 5.962600000000006]]"
2026-07-30 07:05:03,57.08572690033694,19.97442462774787,191.04014496920155,parking,1325.3381353920206,175.2764374006322,0.0,0.0,0.0,4.0,4.0,6.944444444444444e-05,6.944444444444444e-05,"[[21134552254.260525, 6329795975.319204, 298735.38969889755, -22462.6429596918], [6329795975.319204, 13955027215.94723, 95481.96389763526, 227134.96535040168], [298735.38969889755, 95481.96389763526, 5.962600000000006, 0.0], [-22462.6429596918, 227134.96535040168, 0.0, 5.962600000000006]]"
2026-07-30 07:15:03,57.08572690033694,19.97442462774787,191.04014496920155,parking,1325.3381353920206,175.2764374006322,0.0,0.0,0.0,4.0,4.0,6.944444444444444e-05,6.944444444444444e-05,"[[21134552254.260525, 6329795975.319204, 298735.38969889755, -22462.6429596918], [6329795975.319204, 13955027215.94723, 95481.96389763526, 227134.96535040168], [298735.38969889755, 95481.96389763526, 5.962600000000006, 0.0], [-22462.6429596918, 227134.96535040168, 0.0, 5.962600000000006]]"
2026-07-30 07:25:03,57.08572690033694,19.97442462774787,191.04014496920155,parking,1325.3381353920206,175.2764374006322,0.0,0.0,0.0,4.0,4.0,6.944444444444444e-05,6.944444444444444e-05,"[[21134552254.260525, 6329795975.319204, 298735.38969889755, -22462.6429596918], [6329795975.319204, 13955027215.94723, 95481.96389763526, 227134.96535040168], [298735.38969889755, 95481.96389763526, 5.962600000000006, 0.0], [-22462.6429596918, 227134.96535040168, 0.0, 5.962600000000006]]"
2026-07-30 07:35:03,57.08572690033694,19.97442462774787,191.04014496920155,parking,1325.3381353920206,175.2764374006322,0.0,0.0,0.0,4.0,4.0,6.944444444444444e-05,6.944444444444444e-05,"[[21134552254.260525, 6329795975.319204, 298735.38969889755, -22462.6429596918], [6329795975.319204, 13955027215.94723, 95481.96389763526, 227134.96535040168], [298735.38969889755, 95481.96389763526, 5.962600000000006, 0.0], [-22462.6429596918, 227134.96535040168, 0.0, 5.962600000000006]]"
2026-07-30 07:45:03,57.08572690033694,19.97442462774787,191.04014496920155,parking,1325.3381353920206,175.2764374006322,0.0,0.0,0.0,4.0,4.0,6.944444444444444e-05,6.944444444444444e-05,"[[21134552254.260525, 6329795975.319204, 298735.38969889755, -22462.6429596918], [6329795975.319204, 13955027215.94723, 95481.96389763526, 227134.96535040168], [298735.38969889755, 95481.96389763526, 5.962600000000006, 0.0], [-22462.6429596918, 227134.96535040168, 0.0, 5.962600000000006]]"
2026-07-30 07:55:03,57.08572690033694,19.97442462774787,191.04014496920155,parking,1325.3381353920206,175.2764374006322,0.0,0.0,0.0,4.0,4.0,6.944444444444444e-05,6.944444444444444e-05,"[[21134552254.260525, 6329795975.319204, 298735.38969889755, -22462.6429596918], [6329795975.319204, 13955027215.94723, 95481.96389763526, 227134.96535040168], [298735.38969889755, 95481.96389763526, 5.962600000000006, 0.0], [-22462.6429596918, 227134.96535040168, 0.0, 5.962600000000006]]"
2026-07-30 08:05:03,57.08572690033694,19.97442462774787,191.04014496920155,parking,1325.3381353920206,175.2764374006322,0.0,0.0,0.0,4.0,4.0,6.944444444444444e-05,6.944444444444444e-05,"[[21134552254.260525, 6329795975.319204, 298735.38969889755, -22462.6429596918], [6329795975.319204, 13955027215.94723, 95481.96389763526, 227134.96535040168], [298735.38969889755, 95481.96389763526, 5.962600000000006, 0.0], [-22462.6429596918, 227134.96535040168, 0.0, 5.962600000000006]]"
2026-07-30 08:15:03,57.08572690033694,19.97442462774787,191.04014496920155,parking,1325.3381353920206,175.2764374006322,0.0,0.0,0.0,4.0,4.0,6.944444444444444e-05,6.944444444444444e-05,"[[21134552254.260525, 6329795975.319204, 298735.38969889755, -22462.6429596918], [6329795975.319204, 13955027215.94723, 95481.96389763526, 227134.96535040168], [298735.38969889755, 95481.96389763526, 5.962600000000006, 0.0], [-22462.6429596918, 227134.96535040168, 0.0, 5.962600000000006]]"
2026-07-30 08:25:03,57.08572690033694,19.97442462774787,191.04014496920155,parking,1325.3381353920206,175.2764374006322,0.0,0.0,0.0,4.0,4.0,6.944444444444444e-05,6.944444444444444e-05,"[[21134552254.260525, 6329795975.319204, 298735.38969889755, -22462.6429596918], [6329795975.319204, 13955027215.94723, 95481.96389763526, 227134.96535040168], [298735.38969889755, 95481.96389763526, 5.962600000000006, 0.0], [-22462.6429596918, 227134.96535040168, 0.0, 5.962600000000006]]"
2026-07-30 08:35:03,57.08572690033694,19.97442462774787,191.04014496920155,parking,1325.3381353920206,175.2764374006322,0.0,0.0,0.0,4.0,4.0,6.944444444444444e-05,6.944444444444444e-05,"[[21134552254.260525, 6329795975.319204, 298735.38969889755, -22462.6429596918], [6329795975.319204, 13955027215.94723, 95481.96389763526, 227134.96535040168], [298735.38969889755, 95481.96389763526, 5.962600000000006, 0.0], [-22462.6429596918, 227134.96535040168, 0.0, 5.962600000000006]]"
2026-07-30 08:45:03,57.08572690033694,19.97442462774787,191.04014496920155,parking,1325.3381353920206,175.2764374006322,0.0,0.0,0.0,4.0,4.0,6.944444444444444e-05,6.944444444444444e-05,"[[21134552254.260525, 6329795975.319204, 298735.38969889755, -22462.6429596918], [6329795975.319204, 13955027215.94723, 95481.96389763526, 227134.96535040168], [298735.38969889755, 95481.96389763526, 5.962600000000006, 0.0], [-22462.6429596918, 227134.96535040168, 0.0, 5.962600000000006]]"
2026-07-30 08:55:03,57.08572690033694,19.97442462774787,191.04014496920155,parking,1325.3381353920206,175.2764374006322,0.0,0.0,0.0,4.0,4.0,6.944444444444444e-05,6.944444444444444e-05,"[[21134552254.260525, 6329795975.319204, 298735.38969889755, -22462.6429596918], [6329795975.319204, 13955027215.94723, 95481.96389763526, 227134.96535040168], [298735.38969889755, 95481.96389763526, 5.962600000000006, 0.0], [-22462.6429596918, 227134.96535040168, 0.0, 5.962600000000006]]"
2026-07-30 09:05:03,57.08572690033694,19.97442462774787,191.04014496920155,parking,1325.3381353920206,175.2764374006322,0.0,0.0,0.0,4.0,4.0,6.944444444444444e-05,6.944444444444444e-05,"[[21134552254.260525, 6329795975.319204, 298735.38969889755, -22462.6429596918], [6329795975.319204, 13955027215.94723, 95481.96389763526, 227134.96535040168], [298735.38969889755, 95481.96389763526, 5.962600000000006, 0.0], [-22462.6429596918, 227134.96535040168, 0.0, 5.962600000000006]]"
2026-07-30 09:15:03,57.08572690033694,19.97442462774787,191.04014496920155,parking,1325.3381353920206,175.2764374006322,0.0,0.0,0.0,4.0,4.0,6.944444444444444e-05,6.944444444444444e-05,"[[21134552254.260525, 6329795975.319204, 298735.38969889755, -22462.6429596918], [6329795975.319204, 13955027215.94723, 95481.96389763526, 227134.96535040168], [298735.38969889755, 95481.96389763526, 5.962600000000006, 0.0], [-22462.6429596918, 227134.96535040168, 0.0, 5.962600000000006]]"
2026-07-30 09:25:03,57.08572690033694,19.97442462774787,191.04014496920155,parking,1325.3381353920206,175.2764374006322,0.0,0.0,0.0,4.0,4.0,6.944444444444444e-05,6.944444444444444e-05,"[[21134552254.260525, 6329795975.319204, 298735.38969889755, -22462.6429596918], [6329795975.319204, 13955027215.94723, 95481.96389763526, 227134.96535040168], [298735.38969889755, 95481.96389763526, 5.962600000000006, 0.0], [-22462.6429596918, 227134.96535040168, 0.0, 5.962600000000006]]"
2026-07-30 09:35:03,57.08572690033694,19.97442462774787,191.04014496920155,parking,1325.3381353920206,175.2764374006322,0.0,0.0,0.0,4.0,4.0,6.944444444444444e-05,6.944444444444444e-05,"[[21134552254.260525, 6329795975.319204, 298735.38969889755, -22462.6429596918], [6329795975.319204, 13955027215.94723, 95481.96389763526, 227134.96535040168], [298735.38969889755, 95481.96389763526, 5.962600000000006, 0.0], [-22462.6429596918, 227134.96535040168, 0.0, 5.962600000000006]]"
2026-07-30 09:45:03,57.08572690033694,19.97442462774787,191.04014496920155,parking,1325.3381353920206,175.2764374006322,0.0,0.0,0.0,4.0,4.0,6.944444444444444e-05,6.944444444444444e-05,"[[21134552254.260525, 6329795975.319204, 298735.38969889755, -22462.6429596918], [6329795975.319204, 13955027215.94723, 95481.96389763526, 227134.96535040168], [298735.38969889755, 95481.96389763526, 5.962600000000006, 0.0], [-22462.6429596918, 227134.96535040168, 0.0, 5.962600000000006]]"
2026-07-30 09:55:03,57.08572690033694,19.97442462774787,191.04014496920155,parking,1325.3381353920206,175.2764374006322,0.0,0.0,0.0,4.0,4.0,6.944444444444444e-05,6.944444444444444e-05,"[[21134552254.260525, 6329795975.319204, 298735.38969889755, -22462.6429596918], [6329795975.319204, 13955027215.94723, 95481.96389763526, 227134.96535040168], [298735.38969889755, 95481.96389763526, 5.962600000000006, 0.0], [-22462.6429596918, 227134.96535040168, 0.0, 5.962600000000006]]"
2026-07-30 10:05:03,57.08572690033694,19.97442462774787,191.04014496920155,parking,1325.3381353920206,175.2764374006322,0.0,0.0,0.0,4.0,4.0,6.944444444444444e-05,6.944444444444444e-05,"[[21134552254.260525, 6329795975.319204, 298735.38969889755, -22462.6429596918], [6329795975.319204, 13955027215.94723, 95481.96389763526, 227134.96535040168], [298735.38969889755, 95481.96389763526, 5.962600000000006, 0.0], [-22462.6429596918, 227134.96535040168, 0.0, 5.962600000000006]]"
2026-07-30 10:15:03,57.08572690033694,19.97442462774787,191.04014496920155,parking,1325.3381353920206,175.2764374006322,0.0,0.0,0.0,4.0,4.0,6.944444444444444e-05,6.944444444444444e-05,"[[21134552254.260525, 6329795975.319204, 298735.38969889755, -22462.6429596918], [6329795975.319204, 13955027215.94723, 95481.96389763526, 227134.96535040168], [298735.38969889755, 95481.96389763526, 5.962600000000006, 0.0], [-22462.6429596918, 227134.96535040168, 0.0, 5.962600000000006]]"
2026-07-30 10:25:03,57.08572690033694,19.97442462774787,191.04014496920155,parking,1325.3381353920206,175.2764374006322,0.0,0.0,0.0,4.0,4.0,6.944444444444444e-05,6.944444444444444e-05,"[[21134552254.260525, 6329795975.319204, 298735.38969889755, -22462.6429596918], [6329795975.319204, 13955027215.94723, 95481.96389763526, 227134.96535040168], [298735.38969889755, 95481.96389763526, 5.962600000000006, 0.0], [-22462.6429596918, 227134.96535040168, 0.0, 5.962600000000006]]"
2026-07-30 10:35:03,57.08572690033694,19.97442462774787,191.04014496920155,parking,1325.3381353920206,175.2764374006322,0.0,0.0,0.0,4.0,4.0,6.944444444444444e-05,6.944444444444444e-05,"[[21134552254.260525, 6329795975.319204, 298735.38969889755, -22462.6429596918], [6329795975.319204, 13955027215.94723, 95481.96389763526, 227134.96535040168], [298735.38969889755, 95481.96389763526, 5.962600000000006, 0.0], [-22462.6429596918, 227134.96535040168, 0.0, 5.962600000000006]]"
2026-07-30 10:45:03,57.08572690033694,19.97442462774787,191.04014496920155,parking,1325.3381353920206,175.2764374006322,0.0,0.0,0.0,4.0,4.0,6.944444444444444e-05,6.944444444444444e-05,"[[21134552254.260525, 6329795975.319204, 298735.38969889755, -22462.6429596918], [6329795975.319204, 13955027215.94723, 95481.96389763526, 227134.96535040168], [298735.38969889755, 95481.96389763526, 5.962600000000006, 0.0], [-22462.6429596918, 227134.96535040168, 0.0, 5.962600000000006]]"
2026-07-30 10:55:03,57.08572690033694,19.97442462774787,191.04014496920155,parking,1325.3381353920206,175.2764374006322,0.0,0.0,0.0,4.0,4.0,6.944444444444444e-05,6.944444444444444e-05,"[[21134552254.260525, 6329795975.319204, 298735.38969889755, -22462.6429596918], [6329795975.319204, 13955027215.94723, 95481.96389763526, 227134.96535040168], [298735.38969889755, 95481.96389763526, 5.962600000000006, 0.0], [-22462.6429596918, 227134.96535040168, 0.0, 5.962600000000006]]"
2026-07-30 11:05:03,57.08572690033694,19.97442462774787,191.04014496920155,parking,1325.3381353920206,175.2764374006322,0.0,0.0,0.0,4.0,4.0,6.944444444444444e-05,6.944444444444444e-05,"[[21134552254.260525, 6329795975.319204, 298735.38969889755, -22462.6429596918], [6329795975.319204, 13955027215.94723, 95481.96389763526, 227134.96535040168], [298735.38969889755, 95481.96389763526, 5.962600000000006, 0.0], [-22462.6429596918, 227134.96535040168, 0.0, 5.962600000000006]]"
2026-07-30 11:15:03,57.08572690033694,19.97442462774787,191.04014496920155,parking,1325.3381353920206,175.2764374006322,0.0,0.0,0.0,4.0,4.0,6.944444444444444e-05,6.944444444444444e-05,"[[21134552254.260525, 6329795975.319204, 298735.38969889755, -22462.6429596918], [6329795975.319204, 13955027215.94723, 95481.96389763526, 227134.96535040168], [298735.38969889755, 95481.96389763526, 5.962600000000006, 0.0], [-22462.6429596918, 227134.96535040168, 0.0, 5.962600000000006]]"
2026-07-30 11:25:03,57.08572690033694,19.97442462774787,191.04014496920155,parking,1325.3381353920206,175.2764374006322,0.0,0.0,0.0,4.0,4.0,6.944444444444444e-05,6.944444444444444e-05,"[[21134552254.260525, 6329795975.319204, 298735.38969889755, -22462.6429596918], [6329795975.319204, 13955027215.94723, 95481.96389763526, 227134.96535040168], [298735.38969889755, 95481.96389763526, 5.962600000000006, 0.0], [-22462.6429596918, 227134.96535040168, 0.0, 5.962600000000006]]"
2026-07-30 11:35:03,57.08572690033694,19.97442462774787,191.04014496920155,parking,1325.3381353920206,175.2764374006322,0.0,0.0,0.0,4.0,4.0,6.944444444444444e-05,6.944444444444444e-05,"[[21134552254.260525, 6329795975.319204, 298735.38969889755, -22462.6429596918], [6329795975.319204, 13955027215.94723, 95481.96389763526, 227134.96535040168], [298735.38969889755, 95481.96389763526, 5.962600000000006, 0.0], [-22462.6429596918, 227134.96535040168, 0.0, 5.962600000000006]]"
2026-07-30 11:45:03,57.08572690033694,19.97442462774787,191.04014496920155,parking,1325.3381353920206,175.2764374006322,0.0,0.0,0.0,4.0,4.0,6.944444444444444e-05,6.944444444444444e-05,"[[21134552254.260525, 6329795975.319204, 298735.38969889755, -22462.6429596918], [6329795975.319204, 13955027215.94723, 95481.96389763526, 227134.96535040168], [298735.38969889755, 95481.96389763526, 5.962600000000006, 0.0], [-22462.6429596918, 227134.96535040168, 0.0, 5.962600000000006]]"
2026-07-30 11:55:03,57.08572690033694,19.97442462774787,191.04014496920155,parking,1325.3381353920206,175.2764374006322,0.0,0.0,0.0,4.0,4.0,6.944444444444444e-05,6.944444444444444e-05,"[[21134552254.260525, 6329795975.319204, 298735.38969889755, -22462.6429596918], [6329795975.319204, 13955027215.94723, 95481.96389763526, 227134.96535040168], [298735.38969889755, 95481.96389763526, 5.962600000000006, 0.0], [-22462.6429596918, 227134.96535040168, 0.0, 5.962600000000006]]"
2026-07-30 12:05:03,57.08572690033694,19.97442462774787,191.04014496920155,parking,1325.3381353920206,175.2764374006322,0.0,0.0,0.0,4.0,4.0,6.944444444444444e-05,6.944444444444444e-05,"[[21134552254.260525, 6329795975.319204, 298735.38969889755, -22462.6429596918], [6329795975.319204, 13955027215.94723, 95481.96389763526, 227134.96535040168], [298735.38969889755, 95481.96389763526, 5.962600000000006, 0.0], [-22462.6429596918, 227134.96535040168, 0.0, 5.962600000000006]]"
2026-07-30 12:15:03,57.08572690033694,19.97442462774787,191.04014496920155,parking,1325.3381353920206,175.2764374006322,0.0,0.0,0.0,4.0,4.0,6.944444444444444e-05,6.944444444444444e-05,"[[21134552254.260525, 6329795975.319204, 298735.38969889755, -22462.6429596918], [6329795975.319204, 13955027215.94723, 95481.96389763526, 227134.96535040168], [298735.38969889755, 95481.96389763526, 5.962600000000006, 0.0], [-22462.6429596918, 227134.96535040168, 0.0, 5.962600000000006]]"
2026-07-30 12:25:03,57.08572690033694,19.97442462774787,191.04014496920155,parking,1325.3381353920206,175.2764374006322,0.0,0.0,0.0,4.0,4.0,6.944444444444444e-05,6.944444444444444e-05,"[[21134552254.260525, 6329795975.319204, 298735.38969889755, -22462.6429596918], [6329795975.319204, 13955027215.94723, 95481.96389763526, 227134.96535040168], [298735.38969889755, 95481.96389763526, 5.962600000000006, 0.0], [-22462.6429596918, 227134.96535040168, 0.0, 5.962600000000006]]"
2026-07-30 12:35:03,57.08572690033694,19.97442462774787,191.04014496920155,parking,1325.3381353920206,175.2764374006322,0.0,0.0,0.0,4.0,4.0,6.944444444444444e-05,6.944444444444444e-05,"[[21134552254.260525, 6329795975.319204, 298735.38969889755, -22462.6429596918], [6329795975.319204, 13955027215.94723, 95481.96389763526, 227134.96535040168], [298735.38969889755, 95481.96389763526, 5.962600000000006, 0.0], [-22462.6429596918, 227134.96535040168, 0.0, 5.962600000000006]]"
2026-07-30 12:45:03,57.08572690033694,19.97442462774787,191.04014496920155,parking,1325.3381353920206,175.2764374006322,0.0,0.0,0.0,4.0,4.0,6.944444444444444e-05,6.944444444444444e-05,"[[21134552254.260525, 6329795975.319204, 298735.38969889755, -22462.6429596918], [6329795975.319204, 13955027215.94723, 95481.96389763526, 227134.96535040168], [298735.38969889755, 95481.96389763526, 5.962600000000006, 0.0], [-22462.6429596918, 227134.96535040168, 0.0, 5.962600000000006]]"
2026-07-30 12:55:03,57.08572690033694,19.97442462774787,191.04014496920155,parking,1325.3381353920206,175.2764374006322,0.0,0.0,0.0,4.0,4.0,6.944444444444444e-05,6.944444444444444e-05,"[[21134552254.260525, 6329795975.319204, 298735.38969889755, -22462.6429596918], [6329795975.319204, 13955027215.94723, 95481.96389763526, 227134.96535040168], [298735.38969889755, 95481.96389763526, 5.962600000000006, 0.0], [-22462.6429596918, 227134.96535040168, 0.0, 5.962600000000006]]"
2026-07-30 13:05:03,57.08572690033694,19.97442462774787,191.04014496920155,parking,1325.3381353920206,175.2764374006322,0.0,0.0,0.0,4.0,4.0,6.944444444444444e-05,6.944444444444444e-05,"[[21134552254.260525, 6329795975.319204, 298735.38969889755, -22462.6429596918], [6329795975.319204, 13955027215.94723, 95481.96389763526, 227134.96535040168], [298735.38969889755, 95481.96389763526, 5.962600000000006, 0.0], [-22462.6429596918, 227134.96535040168, 0.0, 5.962600000000006]]"
2026-07-30 13:15:03,57.08572690033694,19.97442462774787,191.04014496920155,parking,1325.3381353920206,175.2764374006322,0.0,0.0,0.0,4.0,4.0,6.944444444444444e-05,6.944444444444444e-05,"[[21134552254.260525, 6329795975.319204, 298735.38969889755, -22462.6429596918], [6329795975.319204, 13955027215.94723, 95481.96389763526, 227134.96535040168], [298735.38969889755, 95481.96389763526, 5.962600000000006, 0.0], [-22462.6429596918, 227134.96535040168, 0.0, 5.962600000000006]]"
2026-07-30 13:25:03,57.08572690033694,19.97442462774787,191.04014496920155,parking,1325.3381353920206,175.2764374006322,0.0,0.0,0.0,4.0,4.0,6.944444444444444e-05,6.944444444444444e-05,"[[21134552254.260525, 6329795975.319204, 298735.38969889755, -22462.6429596918], [6329795975.319204, 13955027215.94723, 95481.96389763526, 227134.96535040168], [298735.38969889755, 95481.96389763526, 5.962600000000006, 0.0], [-22462.6429596918, 227134.96535040168, 0.0, 5.962600000000006]]"
2026-07-30 13:35:03,57.08572690033694,19.97442462774787,191.04014496920155,parking,1325.3381353920206,175.2764374006322,0.0,0.0,0.0,4.0,4.0,6.944444444444444e-05,6.944444444444444e-05,"[[21134552254.260525, 6329795975.319204, 298735.38969889755, -22462.6429596918], [6329795975.319204, 13955027215.94723, 95481.96389763526, 227134.96535040168], [298735.38969889755, 95481.96389763526, 5.962600000000006, 0.0], [-22462.6429596918, 227134.96535040168, 0.0, 5.962600000000006]]"
2026-07-30 13:45:03,57.08572690033694,19.97442462774787,191.04014496920155,parking,1325.3381353920206,175.2764374006322,0.0,0.0,0.0,4.0,4.0,6.944444444444444e-05,6.944444444444444e-05,"[[21134552254.260525, 6329795975.319204, 298735.38969889755, -22462.6429596918], [6329795975.319204, 13955027215.94723, 95481.96389763526, 227134.96535040168], [298735.38969889755, 95481.96389763526, 5.962600000000006, 0.0], [-22462.6429596918, 227134.96535040168, 0.0, 5.962600000000006]]"
2026-07-30 13:55:03,57.08572690033694,19.97442462774787,191.04014496920155,parking,1325.3381353920206,175.2764374006322,0.0,0.0,0.0,4.0,4.0,6.944444444444444e-05,6.944444444444444e-05,"[[21134552254.260525, 6329795975.319204, 298735.38969889755, -22462.6429596918], [6329795975.319204, 13955027215.94723, 95481.96389763526, 227134.96535040168], [298735.38969889755, 95481.96389763526, 5.962600000000006, 0.0], [-22462.6429596918, 227134.96535040168, 0.0, 5.962600000000006]]"
2026-07-30 14:05:03,57.08572690033694,19.97442462774787,191.04014496920155,parking,1325.3381353920206,175.2764374006322,0.0,0.0,0.0,4.0,4.0,6.944444444444444e-05,6.944444444444444e-05,"[[21134552254.260525, 6329795975.319204, 298735.38969889755, -22462.6429596918], [6329795975.319204, 13955027215.94723, 95481.96389763526, 227134.96535040168], [298735.38969889755, 95481.96389763526, 5.962600000000006, 0.0], [-22462.6429596918, 227134.96535040168, 0.0, 5.962600000000006]]"
2026-07-30 14:15:03,57.08572690033694,19.97442462774787,191.04014496920155,parking,1325.3381353920206,175.2764374006322,0.0,0.0,0.0,4.0,4.0,6.944444444444444e-05,6.944444444444444e-05,"[[21134552254.260525, 6329795975.319204, 298735.38969889755, -22462.6429596918], [6329795975.319204, 13955027215.94723, 95481.96389763526, 227134.96535040168], [298735.38969889755, 95481.96389763526, 5.962600000000006, 0.0], [-22462.6429596918, 227134.96535040168, 0.0, 5.962600000000006]]"
2026-07-30 14:25:03,57.08572690033694,19.97442462774787,191.04014496920155,parking,1325.3381353920206,175.2764374006322,0.0,0.0,0.0,4.0,4.0,6.944444444444444e-05,6.944444444444444e-05,"[[21134552254.260525, 6329795975.319204, 298735.38969889755, -22462.6429596918], [6329795975.319204, 13955027215.94723, 95481.96389763526, 227134.96535040168], [298735.38969889755, 95481.96389763526, 5.962600000000006, 0.0], [-22462.6429596918, 227134.96535040168, 0.0, 5.962600000000006]]"
2026-07-30 14:35:03,57.08572690033694,19.97442462774787,191.04014496920155,parking,1325.3381353920206,175.2764374006322,0.0,0.0,0.0,4.0,4.0,6.944444444444444e-05,6.944444444444444e-05,"[[21134552254.260525, 6329795975.319204, 298735.38969889755, -22462.6429596918], [6329795975.319204, 13955027215.94723, 95481.96389763526, 227134.96535040168], [298735.38969889755, 95481.96389763526, 5.962600000000006, 0.0], [-22462.6429596918, 227134.96535040168, 0.0, 5.962600000000006]]"
2026-07-30 14:45:03,57.08572690033694,19.97442462774787,191.04014496920155,parking,1325.3381353920206,175.2764374006322,0.0,0.0,0.0,4.0,4.0,6.944444444444444e-05,6.944444444444444e-05,"[[21134552254.260525, 6329795975.319204, 298735.38969889755, -22462.6429596918], [6329795975.319204, 13955027215.94723, 95481.96389763526, 227134.96535040168], [298735.38969889755, 95481.96389763526, 5.962600000000006, 0.0], [-22462.6429596918, 227134.96535040168, 0.0, 5.962600000000006]]"
2026-07-30 14:55:03,57.08572690033694,19.97442462774787,191.04014496920155,parking,1325.3381353920206,175.2764374006322,0.0,0.0,0.0,4.0,4.0,6.944444444444444e-05,6.944444444444444e-05,"[[21134552254.260525, 6329795975.319204, 298735.38969889755, -22462.6429596918], [6329795975.319204, 13955027215.94723, 95481.96389763526, 227134.96535040168], [298735.38969889755, 95481.96389763526, 5.962600000000006, 0.0], [-22462.6429596918, 227134.96535040168, 0.0, 5.962600000000006]]"
2026-07-30 15:05:03,57.08572690033694,19.97442462774787,191.04014496920155,parking,1325.3381353920206,175.2764374006322,0.0,0.0,0.0,4.0,4.0,6.944444444444444e-05,6.944444444444444e-05,"[[21134552254.260525, 6329795975.319204, 298735.38969889755, -22462.6429596918], [6329795975.319204, 13955027215.94723, 95481.96389763526, 227134.96535040168], [298735.38969889755, 95481.96389763526, 5.962600000000006, 0.0], [-22462.6429596918, 227134.96535040168, 0.0, 5.962600000000006]]"
2026-07-30 15:15:03,57.08572690033694,19.97442462774787,191.04014496920155,parking,1325.3381353920206,175.2764374006322,0.0,0.0,0.0,4.0,4.0,6.944444444444444e-05,6.944444444444444e-05,"[[21134552254.260525, 6329795975.319204, 298735.38969889755, -22462.6429596918], [6329795975.319204, 13955027215.94723, 95481.96389763526, 227134.96535040168], [298735.38969889755, 95481.96389763526, 5.962600000000006, 0.0], [-22462.6429596918, 227134.96535040168, 0.0, 5.962600000000006]]"
2026-07-30 15:25:03,57.08572690033694,19.97442462774787,191.04014496920155,parking,1325.3381353920206,175.2764374006322,0.0,0.0,0.0,4.0,4.0,6.944444444444444e-05,6.944444444444444e-05,"[[21134552254.260525, 6329795975.319204, 298735.38969889755, -22462.6429596918], [6329795975.319204, 13955027215.94723, 95481.96389763526, 227134.96535040168], [298735.38969889755, 95481.96389763526, 5.962600000000006, 0.0], [-22462.6429596918, 227134.96535040168, 0.0, 5.962600000000006]]"
2026-07-30 15:35:03,57.08572690033694,19.97442462774787,191.04014496920155,parking,1325.3381353920206,175.2764374006322,0.0,0.0,0.0,4.0,4.0,6.944444444444444e-05,6.944444444444444e-05,"[[21134552254.260525, 6329795975.319204, 298735.38969889755, -22462.6429596918], [6329795975.319204, 13955027215.94723, 95481.96389763526, 227134.96535040168], [298735.38969889755, 95481.96389763526, 5.962600000000006, 0.0], [-22462.6429596918, 227134.96535040168, 0.0, 5.962600000000006]]"
2026-07-30 15:45:03,57.08572690033694,19.97442462774787,191.04014496920155,parking,1325.3381353920206,175.2764374006322,0.0,0.0,0.0,4.0,4.0,6.944444444444444e-05,6.944444444444444e-05,"[[21134552254.260525, 6329795975.319204, 298735.38969889755, -22462.6429596918], [6329795975.319204, 13955027215.94723, 95481.96389763526, 227134.96535040168], [298735.38969889755, 95481.96389763526, 5.962600000000006, 0.0], [-22462.6429596918, 227134.96535040168, 0.0, 5.962600000000006]]"
2026-07-30 15:55:03,57.08572690033694,19.97442462774787,191.04014496920155,parking,1325.3381353920206,175.2764374006322,0.0,0.0,0.0,4.0,4.0,6.944444444444444e-05,6.944444444444444e-05,"[[21134552254.260525, 6329795975.319204, 298735.38969889755, -22462.6429596918], [6329795975.319204, 13955027215.94723, 95481.96389763526, 227134.96535040168], [298735.38969889755, 95481.96389763526, 5.962600000000006, 0.0], [-22462.6429596918, 227134.96535040168, 0.0, 5.962600000000006]]"
2026-07-30 16:05:03,57.08572690033694,19.97442462774787,191.04014496920155,parking,1325.3381353920206,175.2764374006322,0.0,0.0,0.0,4.0,4.0,6.944444444444444e-05,6.944444444444444e-05,"[[21134552254.260525, 6329795975.319204, 298735.38969889755, -22462.6429596918], [6329795975.319204, 13955027215.94723, 95481.96389763526, 227134.96535040168], [298735.38969889755, 95481.96389763526, 5.962600000000006, 0.0], [-22462.6429596918, 227134.96535040168, 0.0, 5.962600000000006]]"
2026-07-30 16:15:03,57.08572690033694,19.97442462774787,191.04014496920155,parking,1325.3381353920206,175.2764374006322,0.0,0.0,0.0,4.0,4.0,6.944444444444444e-05,6.944444444444444e-05,"[[21134552254.260525, 6329795975.319204, 298735.38969889755, -22462.6429596918], [6329795975.319204, 13955027215.94723, 95481.96389763526, 227134.96535040168], [298735.38969889755, 95481.96389763526, 5.962600000000006, 0.0], [-22462.6429596918, 227134.96535040168, 0.0, 5.962600000000006]]"
2026-07-30 16:25:03,57.08572690033694,19.97442462774787,191.04014496920155,parking,1325.3381353920206,175.2764374006322,0.0,0.0,0.0,4.0,4.0,6.944444444444444e-05,6.944444444444444e-05,"[[21134552254.260525, 6329795975.319204, 298735.38969889755, -22462.6429596918], [6329795975.319204, 13955027215.94723, 95481.96389763526, 227134.96535040168], [298735.38969889755, 95481.96389763526, 5.962600000000006, 0.0], [-22462.6429596918, 227134.96535040168, 0.0, 5.962600000000006]]"
2026-07-30 16:35:03,57.08572690033694,19.97442462774787,191.04014496920155,parking,1325.3381353920206,175.2764374006322,0.0,0.0,0.0,4.0,4.0,6.944444444444444e-05,6.944444444444444e-05,"[[21134552254.260525, 6329795975.319204, 298735.38969889755, -22462.6429596918], [6329795975.319204, 13955027215.94723, 95481.96389763526, 227134.96535040168], [298735.38969889755, 95481.96389763526, 5.962600000000006, 0.0], [-22462.6429596918, 227134.96535040168, 0.0, 5.962600000000006]]"
2026-07-30 16:45:03,57.08572690033694,19.97442462774787,191.04014496920155,parking,1325.3381353920206,175.2764374006322,0.0,0.0,0.0,4.0,4.0,6.944444444444444e-05,6.944444444444444e-05,"[[21134552254.260525, 6329795975.319204, 298735.38969889755, -22462.6429596918], [6329795975.319204, 13955027215.94723, 95481.96389763526, 227134.96535040168], [298735.38969889755, 95481.96389763526, 5.962600000000006, 0.0], [-22462.6429596918, 227134.96535040168, 0.0, 5.962600000000006]]"
2026-07-30 16:55:03,57.08572690033694,19.97442462774787,191.04014496920155,parking,1325.3381353920206,175.2764374006322,0.0,0.0,0.0,4.0,4.0,6.944444444444444e-05,6.944444444444444e-05,"[[21134552254.260525, 6329795975.319204, 298735.38969889755, -22462.6429596918], [6329795975.319204, 13955027215.94723, 95481.96389763526, 227134.96535040168], [298735.38969889755, 95481.96389763526, 5.962600000000006, 0.0], [-22462.6429596918, 227134.96535040168, 0.0, 5.962600000000006]]"
2026-07-30 17:05:03,57.08572690033694,19.97442462774787,191.04014496920155,parking,1325.3381353920206,175.2764374006322,0.0,0.0,0.0,4.0,4.0,6.944444444444444e-05,6.944444444444444e-05,"[[21134552254.260525, 6329795975.319204, 298735.38969889755, -22462.6429596918], [6329795975.319204, 13955027215.94723, 95481.96389763526, 227134.96535040168], [298735.38969889755, 95481.96389763526, 5.962600000000006, 0.0], [-22462.6429596918, 227134.96535040168, 0.0, 5.962600000000006]]"
2026-07-30 17:15:03,57.08572690033694,19.97442462774787,191.04014496920155,parking,1325.3381353920206,175.2764374006322,0.0,0.0,0.0,4.0,4.0,6.944444444444444e-05,6.944444444444444e-05,"[[21134552254.260525, 6329795975.319204, 298735.38969889755, -22462.6429596918], [6329795975.319204, 13955027215.94723, 95481.96389763526, 227134.96535040168], [298735.38969889755, 95481.96389763526, 5.962600000000006, 0.0], [-22462.6429596918, 227134.96535040168, 0.0, 5.962600000000006]]"
2026-07-30 17:25:03,57.08572690033694,19.97442462774787,191.04014496920155,parking,1325.3381353920206,175.2764374006322,0.0,0.0,0.0,4.0,4.0,6.944444444444444e-05,6.944444444444444e-05,"[[21134552254.260525, 6329795975.319204, 298735.38969889755, -22462.6429596918], [6329795975.319204, 13955027215.94723, 95481.96389763526, 227134.96535040168], [298735.38969889755, 95481.96389763526, 5.962600000000006, 0.0], [-22462.6429596918, 227134.96535040168, 0.0, 5.962600000000006]]"
2026-07-30 17:35:03,57.08572690033694,19.97442462774787,191.04014496920155,parking,1325.3381353920206,175.2764374006322,0.0,0.0,0.0,4.0,4.0,6.944444444444444e-05,6.944444444444444e-05,"[[21134552254.260525, 6329795975.319204, 298735.38969889755, -22462.6429596918], [6329795975.319204, 13955027215.94723, 95481.96389763526, 227134.96535040168], [298735.38969889755, 95481.96389763526, 5.962600000000006, 0.0], [-22462.6429596918, 227134.96535040168, 0.0, 5.962600000000006]]"
2026-07-30 17:45:03,57.08572690033694,19.97442462774787,191.04014496920155,parking,1325.3381353920206,175.2764374006322,0.0,0.0,0.0,4.0,4.0,6.944444444444444e-05,6.944444444444444e-05,"[[21134552254.260525, 6329795975.319204, 298735.38969889755, -22462.6429596918], [6329795975.319204, 13955027215.94723, 95481.96389763526, 227134.96535040168], [298735.38969889755, 95481.96389763526, 5.962600000000006, 0.0], [-22462.6429596918, 227134.96535040168, 0.0, 5.962600000000006]]"
2026-07-30 17:55:03,57.08572690033694,19.97442462774787,191.04014496920155,parking,1325.3381353920206,175.2764374006322,0.0,0.0,0.0,4.0,4.0,6.944444444444444e-05,6.944444444444444e-05,"[[21134552254.260525, 6329795975.319204, 298735.38969889755, -22462.6429596918], [6329795975.319204, 13955027215.94723, 95481.96389763526, 227134.96535040168], [298735.38969889755, 95481.96389763526, 5.962600000000006, 0.0], [-22462.6429596918, 227134.96535040168, 0.0, 5.962600000000006]]"
2026-07-30 18:05:03,57.08572690033694,19.97442462774787,191.04014496920155,parking,1325.3381353920206,175.2764374006322,0.0,0.0,0.0,4.0,4.0,6.944444444444444e-05,6.944444444444444e-05,"[[21134552254.260525, 6329795975.319204, 298735.38969889755, -22462.6429596918], [6329795975.319204, 13955027215.94723, 95481.96389763526, 227134.96535040168], [298735.38969889755, 95481.96389763526, 5.962600000000006, 0.0], [-22462.6429596918, 227134.96535040168, 0.0, 5.962600000000006]]"
2026-07-30 18:15:03,57.08572690033694,19.97442462774787,191.04014496920155,parking,1325.3381353920206,175.2764374006322,0.0,0.0,0.0,4.0,4.0,6.944444444444444e-05,6.944444444444444e-05,"[[21134552254.260525, 6329795975.319204, 298735.38969889755, -22462.6429596918], [6329795975.319204, 13955027215.94723, 95481.96389763526, 227134.96535040168], [298735.38969889755, 95481.96389763526, 5.962600000000006, 0.0], [-22462.6429596918, 227134.96535040168, 0.0, 5.962600000000006]]"
2026-07-30 18:25:03,57.08572690033694,19.97442462774787,191.04014496920155,parking,1325.3381353920206,175.2764374006322,0.0,0.0,0.0,4.0,4.0,6.944444444444444e-05,6.944444444444444e-05,"[[21134552254.260525, 6329795975.319204, 298735.38969889755, -22462.6429596918], [6329795975.319204, 13955027215.94723, 95481.96389763526, 227134.96535040168], [298735.38969889755, 95481.96389763526, 5.962600000000006, 0.0], [-22462.6429596918, 227134.96535040168, 0.0, 5.962600000000006]]"
2026-07-30 18:35:03,57.08572690033694,19.97442462774787,191.04014496920155,parking,1325.3381353920206,175.2764374006322,0.0,0.0,0.0,4.0,4.0,6.944444444444444e-05,6.944444444444444e-05,"[[21134552254.260525, 6329795975.319204, 298735.38969889755, -22462.6429596918], [6329795975.319204, 13955027215.94723, 95481.96389763526, 227134.96535040168], [298735.38969889755, 95481.96389763526, 5.962600000000006, 0.0], [-22462.6429596918, 227134.96535040168, 0.0, 5.962600000000006]]"
2026-07-30 18:45:03,57.08572690033694,19.97442462774787,191.04014496920155,parking,1325.3381353920206,175.2764374006322,0.0,0.0,0.0,4.0,4.0,6.944444444444444e-05,6.944444444444444e-05,"[[21134552254.260525, 6329795975.319204, 298735.38969889755, -22462.6429596918], [6329795975.319204, 13955027215.94723, 95481.96389763526, 227134.96535040168], [298735.38969889755, 95481.96389763526, 5.962600000000006, 0.0], [-22462.6429596918, 227134.96535040168, 0.0, 5.962600000000006]]"
2026-07-30 18:55:03,57.08572690033694,19.97442462774787,191.04014496920155,parking,1325.3381353920206,175.2764374006322,0.0,0.0,0.0,4.0,4.0,6.944444444444444e-05,6.944444444444444e-05,"[[21134552254.260525, 6329795975.319204, 298735.38969889755, -22462.6429596918], [6329795975.319204, 13955027215.94723, 95481.96389763526, 227134.96535040168], [298735.38969889755, 95481.96389763526, 5.962600000000006, 0.0], [-22462.6429596918, 227134.96535040168, 0.0, 5.962600000000006]]"
2026-07-30 19:05:03,57.08572690033694,19.97442462774787,191.04014496920155,parking,1325.3381353920206,175.2764374006322,0.0,0.0,0.0,4.0,4.0,6.944444444444444e-05,6.944444444444444e-05,"[[21134552254.260525, 6329795975.319204, 298735.38969889755, -22462.6429596918], [6329795975.319204, 13955027215.94723, 95481.96389763526, 227134.96535040168], [298735.38969889755, 95481.96389763526, 5.962600000000006, 0.0], [-22462.6429596918, 227134.96535040168, 0.0, 5.962600000000006]]"
2026-07-30 19:15:03,57.08572690033694,19.97442462774787,191.04014496920155,parking,1325.3381353920206,175.2764374006322,0.0,0.0,0.0,4.0,4.0,6.944444444444444e-05,6.944444444444444e-05,"[[21134552254.260525, 6329795975.319204, 298735.38969889755, -22462.6429596918], [6329795975.319204, 13955027215.94723, 95481.96389763526, 227134.96535040168], [298735.38969889755, 95481.96389763526, 5.962600000000006, 0.0], [-22462.6429596918, 227134.96535040168, 0.0, 5.962600000000006]]"
2026-07-30 19:25:03,57.08572690033694,19.97442462774787,191.04014496920155,parking,1325.3381353920206,175.2764374006322,0.0,0.0,0.0,4.0,4.0,6.944444444444444e-05,6.944444444444444e-05,"[[21134552254.260525, 6329795975.319204, 298735.38969889755, -22462.6429596918], [6329795975.319204, 13955027215.94723, 95481.96389763526, 227134.96535040168], [298735.38969889755, 95481.96389763526, 5.962600000000006, 0.0], [-22462.6429596918, 227134.96535040168, 0.0, 5.962600000000006]]"
2026-07-30 19:26:03,57.08575250033932,19.97441506946205,186.59028491073343,ascending,1324.761597303908,178.1180376650733,0.0,0.0,0.0,4.0,4.0,6.944444444444444e-05,6.944444444444444e-05,"[[21165735515.828728, 6330550174.493081, 299059.02672741207, -22499.86302798977], [6330550174.493079, 13980405898.592129, 95469.24984607793, 227480.33335978107], [299059.02672741207, 95469.24984607793, 5.966766666666673, 0.0], [-22499.86302798977, 227480.33335978107, 0.0, 5.966766666666673]]"
2026-07-30 19:27:03,57.08577720803544,19.97440554156199,182.1404248522653,ascending,1324.1868920283632,180.86059193415565,0.0,0.0,0.0,4.0,4.0,6.944444444444444e-05,6.944444444444444e-05,"[[21197441338.50222, 6331662528.204477, 299386.3324675629, -22537.66894763506], [6331662528.204475, 14006363489.69609, 95460.95825567549, 227829.05770805574], [299386.3324675629, 95460.95825567549, 5.970933333333339, 0.0], [-22537.66894763506, 227829.05770805574, 0.0, 5.970933333333339]]"
2026-07-30 19:28:03,57.08580026208655,19.974396098005773,177.6905647937972,ascending,1323.6172742171086,183.41959160781613,0.0,0.0,0.0,4.0,4.0,6.944444444444444e-05,6.944444444444444e-05,"[[21230065659.814217, 6333449904.379426, 299720.09737301763, -22576.18894342579], [6333449904.379424, 14033308260.089148, 95460.72977770546, 228183.34798733695], [299720.09737301763, 95460.72977770546, 5.975100000000006, 0.0], [-22576.18894342579, 228183.34798733695, 0.0, 5.975100000000006]]"
2026-07-30 19:29:03,57.085821671246144,19.974386720274772,173.24070473532907,ascending,1323.0516268610431,185.79600832310305,0.0,0.0,0.0,4.0,4.0,6.944444444444444e-05,6.944444444444444e-05,"[[21263605769.42321, 6335924017.404774, 300060.29570528783, -22615.279644068403], [6335924017.404774, 14061234956.714476, 95468.62469087735, 228543.11156947218], [300060.29570528783, 95468.62469087735, 5.979266666666672, 0.0], [-22615.279644068403, 228543.11156947218, 0.0, 5.979266666666672]]"
2026-07-30 19:30:03,57.08584144410923,19.97437738993951,168.79084467686096,ascending,1322.4888383278476,187.99079612532924,0.0,0.0,0.0,4.0,4.0,6.944444444444444e-05,6.944444444444444e-05,"[[21298059129.84774, 6339097137.874441, 300406.90265952697, -22654.79707441886], [6339097137.874439, 14090138633.67959, 95484.70882522997, 228908.25518913628], [300406.90265952697, 95484.70882522997, 5.9834333333333385, 0.0], [-22654.79707441886, 228908.25518913628, 0.0, 5.9834333333333385]]"
2026-07-30 19:31:03,57.08585974703662,19.974368322589495,164.34098461839284,ascending,1321.941912577676,190.0224210656825,0.0,0.0,0.0,4.0,4.0,6.944444444444444e-05,6.944444444444444e-05,"[[21333025157.101242, 6343040504.972019, 300757.15468493913, -22691.817255995626], [6343040504.972017, 14119256606.68436, 95508.6481222533, 229271.48049891248], [300757.15468493913, 95508.6481222533, 5.987600000000005, 0.0], [-22691.817255995626, 229271.48049891248, 0.0, 5.987600000000005]]"
2026-07-30 19:32:03,57.08587678086796,19.974359829748952,159.89112455992472,ascending,1321.4296401742922,191.91317634455015,0.0,0.0,0.0,4.0,4.0,6.944444444444444e-05,6.944444444444444e-05,"[[21367970139.89847, 6347838288.440258, 301107.37541453587, -22722.632714843086], [6347838288.440257, 14147564761.550863, 95539.9725305977, 229623.03195739628], [301107.37541453587, 95539.9725305977, 5.991766666666671, 0.0], [-22722.632714843086, 229623.03195739628, 0.0, 5.991766666666671]]"
2026-07-30 19:33:03,57.08589252878288,19.974351917911306,155.4412645014566,ascending,1320.9524127886955,193.66119490044207,0.0,0.0,0.0,4.0,4.0,6.944444444444444e-05,6.944444444444444e-05,"[[21402891412.823418, 6353494207.510356, 301457.5454465269, -22747.300155728288], [6353494207.510355, 14175045732.044928, 95578.75116149259, 229962.74042691407], [301457.5454465269, 95578.75116149259, 5.995933333333338, 0.0], [-22747.300155728288, 229962.74042691407, 0.0, 5.995933333333338]]"
2026-07-30 19:34:03,57.08590697415361,19.97434459333817,150.99140444298848,ascending,1320.5106081102406,195.26463105166664,0.0,0.0,0.0,4.0,4.0,6.944444444444444e-05,6.944444444444444e-05,"[[21437786901.644974, 6360011849.869046, 301807.64917951066, -22765.878628516864], [6360011849.869045, 14201682512.860699, 95625.05303188902, 230290.43841413147], [301807.64917951066, 95625.05303188902, 6.000100000000004, 0.0], [-22765.878628516864, 230290.43841413147, 0.0, 6.000100000000004]]"
2026-07-30 19:35:03,57.08591966155619,19.974340155115087,146.54154438452036,ascending,1320.2429027184294,196.67293273762982,0.0,0.0,0.0,4.0,4.0,6.944444444444444e-05,6.944444444444444e-05,"[[21471468688.158073, 6367435811.639042, 302149.3412040757, -22777.363433694693], [6367435811.63904, 14228292217.497313, 95681.85863105132, 230612.66166382335], [302149.3412040757, 95681.85863105132, 6.004266666666671, 0.0], [-22777.363433694693, 230612.66166382335, 0.0, 6.004266666666671]]"
2026-07-30 19:36:03,57.08593015873884,19.97434061589371,142.09168432605225,ascending,1320.2706960310145,197.8381200121638,0.0,0.0,0.0,4.0,4.0,6.944444444444444e-05,6.944444444444444e-05,"[[21502904456.287746, 6375820736.606879, 302475.3865892336, -22780.83973884682], [6375820736.606876, 14255605954.243956, 95751.93960606876, 230935.18687783636], [302475.3865892336, 95751.93960606876, 6.008433333333337, 0.0], [-22780.83973884682, 230935.18687783636, 0.0, 6.008433333333337]]"
2026-07-30 19:37:03,57.085938413262106,19.97434595481186,137.64182426758413,ascending,1320.5927296803088,198.7543720943361,0.0,0.0,0.0,4.0,4.0,6.944444444444444e-05,6.944444444444444e-05,"[[21532115910.066917, 6385189161.193638, 302785.9604936585, -22776.323608673592], [6385189161.193635, 14283622000.342089, 95835.53092171905, 231257.87651339194], [302785.9604936585, 95835.53092171905, 6.0126000000000035, 0.0], [-22776.323608673592, 231257.87651339194, 0.0, 6.0126000000000035]]"
2026-07-30 19:38:03,57.08594437299035,19.97435614976413,133.191964209116,ascending,1321.2076703090224,199.41590192905565,0.0,0.0,0.0,4.0,4.0,6.944444444444444e-05,6.944444444444444e-05,"[[21559125628.17309, 6395563326.996426, 303081.24103429716, -22763.829530069692], [6395563326.996423, 14312338981.68526, 95932.86495276794, 231580.59546558466], [303081.24103429716, 95932.86495276794, 6.01676666666667, 0.0], [-22763.829530069692, 231580.59546558466, 0.0, 6.01676666666667]]"
2026-07-30 19:39:03,57.085951447522916,19.974372654365283,128.7421041506479,ascending,1322.2031972660454,200.20117504444366,0.0,0.0,0.0,4.0,4.0,6.944444444444444e-05,6.944444444444444e-05,"[[21585655532.890217, 6405343561.915503, 303372.9079603939, -22761.425776610766], [6405343561.9155, 14342154924.298906, 96030.65564101418, 231913.64111129876], [303372.9079603939, 96030.65564101418, 6.020933333333336, 0.0], [-22761.425776610766, 231913.64111129876, 0.0, 6.020933333333336]]"
2026-07-30 19:40:03,57.08596004246822,19.97439574518404,124.29224409217979,ascending,1323.5959926640974,201.15521397348493,0.0,0.0,0.0,4.0,4.0,6.944444444444444e-05,6.944444444444444e-05,"[[21611939148.16561, 6414318865.529547, 303662.5524976007, -22771.4176000808], [6414318865.529544, 14373144287.277992, 96127.10494790002, 232258.58054370157], [303662.5524976007, 96127.10494790002, 6.025100000000003, 0.0], [-22771.4176000808, 232258.58054370157, 0.0, 6.025100000000003]]"
2026-07-30 19:41:03,57.08597010116216,19.974425507859806,119.84238403371168,ascending,1325.3912221132111,202.27172900044795,0.0,0.0,0.0,4.0,4.0,6.944444444444444e-05,6.944444444444444e-05,"[[21637982655.540897, 6422493183.031915, 303950.2241907186, -22793.693451430445], [6422493183.031914, 14405329617.716795, 96222.20163489348, 232615.60655789624], [303950.2241907186, 96222.20163489348, 6.029266666666669, 0.0], [-22793.693451430445, 232615.60655789624, 0.0, 6.029266666666669]]"
2026-07-30 19:42:03,57.08598368743801,19.974459074927918,115.39252397524358,ascending,1327.4159254588703,203.77980562025175,0.0,0.0,0.0,4.0,4.0,6.944444444444444e-05,6.944444444444444e-05,"[[21665784085.3575, 6430431907.340008, 304250.0487999759, -22825.354697480754], [6430431907.340007, 14437866917.998188, 96316.63535378141, 232976.18107150873], [304250.0487999759, 96316.63535378141, 6.033433333333336, 0.0], [-22825.354697480754, 232976.18107150873, 0.0, 6.033433333333336]]"
2026-07-30 19:43:03,57.086002904192895,19.974493671287057,110.94266391677547,ascending,1329.502713731702,205.91286541194708,0.0,0.0,0.0,4.0,4.0,6.944444444444444e-05,6.944444444444444e-05,"[[21697328847.506557, 6438671679.584917, 304576.03645296465, -22863.656114190882], [6438671679.584916, 14469889857.359854, 96410.82298367168, 233331.71322966026], [304576.03645296465, 96410.82298367168, 6.037600000000002, 0.0], [-22863.656114190882, 233331.71322966026, 0.0, 6.037600000000002]]"
2026-07-30 19:44:03,57.08602775776341,19.974529489102235,106.49280385830737,ascending,1331.663177969539,208.67161173930387,0.0,0.0,0.0,4.0,4.0,6.944444444444444e-05,6.944444444444444e-05,"[[21732619214.845615, 6447180942.599739, 304928.1613270091, -22908.67846810609], [6447180942.599737, 14501385824.25491, 96504.3886370838, 233682.27818638468], [304928.1613270091, 96504.3886370838, 6.0417666666666685, 0.0], [-22908.67846810609, 233682.27818638468, 0.0, 6.0417666666666685]]"
2026-07-30 19:45:03,57.086055976598104,19.974562717662373,102.04294379983926,ascending,1333.667463141519,211.80390239034273,0.0,0.0,0.0,4.0,4.0,6.944444444444444e-05,6.944444444444444e-05,"[[21770687616.659172, 6455936128.534853, 305299.57344761014, -22960.761141583203], [6455936128.534853, 14532637965.33092, 96599.69720742994, 234029.48086848832], [305299.57344761014, 96599.69720742994, 6.045933333333335, 0.0], [-22960.761141583203, 234029.48086848832, 0.0, 6.045933333333335]]"
2026-07-30 19:46:03,57.08608421131488,19.974587424585287,97.59308374137116,ascending,1335.1577389474035,214.93795595274327,0.0,0.0,0.0,4.0,4.0,6.944444444444444e-05,6.944444444444444e-05,"[[21810077826.924416, 6464928851.071864, 305680.0025397385, -23020.3345821796], [6464928851.071864, 14564077162.68797, 96700.61375102, 234375.61774759353], [305680.0025397385, 96700.61375102, 6.050100000000001, 0.0], [-23020.3345821796, 234375.61774759353, 0.0, 6.050100000000001]]"
2026-07-30 19:47:03,57.08611254574781,19.974603614944208,93.14322368290306,ascending,1336.1343113951582,218.08307800770018,0.0,0.0,0.0,4.0,4.0,6.944444444444444e-05,6.944444444444444e-05,"[[21850784168.609818, 6474142672.118133, 306069.3876817127, -23087.429701287576], [6474142672.118134, 14595691419.622536, 96806.9484528495, 234720.6632583419], [306069.3876817127, 96806.9484528495, 6.054266666666668, 0.0], [-23087.429701287576, 234720.6632583419, 0.0, 6.054266666666668]]"
2026-07-30 19:48:03,57.086141383418415,19.97460964523708,88.69336362443495,ascending,1336.4980474866272,221.2840594447478,0.0,0.0,0.0,4.0,4.0,6.944444444444444e-05,6.944444444444444e-05,"[[21891393132.18591, 6483213597.208715, 306457.8354150951, -23160.584899540918], [6483213597.208716, 14627978909.08336, 96916.16511227691, 235070.64049548455], [306457.8354150951, 96916.16511227691, 6.058433333333334, 0.0], [-23160.584899540918, 235070.64049548455, 0.0, 6.058433333333334]]"
2026-07-30 19:49:03,57.08617104054159,19.974604370478065,84.24350356596685,ascending,1336.1798837974436,224.57600011768784,0.0,0.0,0.0,4.0,4.0,6.944444444444444e-05,6.944444444444444e-05,"[[21930904243.835876, 6491902097.972067, 306838.364766498, -23238.647163994436], [6491902097.972068, 14661300166.432026, 97026.64160155297, 235429.78725448498], [306838.364766498, 97026.64160155297, 6.062600000000001, 0.0], [-23238.647163994436, 235429.78725448498, 0.0, 6.062600000000001]]"
2026-07-30 19:50:03,57.08620119252609,19.97458841082252,79.79364350749874,ascending,1335.2172269497512,227.9228703968794,0.0,0.0,0.0,4.0,4.0,6.944444444444444e-05,6.944444444444444e-05,"[[21969191538.286194, 6500306269.379982, 307210.1443651207, -23320.17055303563], [6500306269.379983, 14695537411.745361, 97138.97245390057, 235796.65648746543], [307210.1443651207, 97138.97245390057, 6.066766666666667, 0.0], [-23320.17055303563, 235796.65648746543, 0.0, 6.066766666666667]]"
2026-07-30 19:51:03,57.0862255261972,19.97457088344413,75.34378344903064,ascending,1334.1600079650354,230.62390788984484,0.0,0.0,0.0,4.0,4.0,6.944444444444444e-05,6.944444444444444e-05,"[[22004526376.175766, 6509788439.624357, 307561.60465741367, -23385.259869879665], [6509788439.624358, 14728821101.957804, 97261.2529436956, 236149.3523735354], [307561.60465741367, 97261.2529436956, 6.0709333333333335, 0.0], [-23385.259869879665, 236149.3523735354, 0.0, 6.0709333333333335]]"
2026-07-30 19:52:03,57.086244020832815,19.974551659540136,70.89392339056253,ascending,1333.0004576997906,232.6768124431112,0.0,0.0,0.0,4.0,4.0,6.944444444444444e-05,6.944444444444444e-05,"[[22036884808.297962, 6520381687.55537, 307892.61899591755, -23433.930923678032], [6520381687.555372, 14761152694.39135, 97393.95859681329, 236487.68771592932], [307892.61899591755, 97393.95859681329, 6.0751, 0.0], [-23433.930923678032, 236487.68771592932, 0.0, 6.0751]]"
2026-07-30 19:53:03,57.08625809636753,19.974526950674385,66.44406333209443,ascending,1331.510064705499,234.23919679704997,0.0,0.0,0.0,4.0,4.0,6.944444444444444e-05,6.944444444444444e-05,"[[22069474558.198116, 6532203801.888321, 308225.1853623026, -23484.453658285736], [6532203801.888324, 14794451507.108828, 97544.66362951054, 236826.4414306212], [308225.1853623026, 97544.66362951054, 6.079266666666666, 0.0], [-23484.453658285736, 236826.4414306212, 0.0, 6.079266666666666]]"
2026-07-30 19:54:03,57.08626810038187,19.97449582256239,61.99420327362632,ascending,1329.6324746733865,235.34964238886818,0.0,0.0,0.0,4.0,4.0,6.944444444444444e-05,6.944444444444444e-05,"[[22103048162.24173, 6545291289.647573, 308564.4575597527, -23540.857983846643], [6545291289.647575, 14829179260.76793, 97715.06975618191, 237169.18872766173], [308564.4575597527, 97715.06975618191, 6.083433333333333, 0.0], [-23540.857983846643, 237169.18872766173, 0.0, 6.083433333333333]]"
2026-07-30 19:55:03,57.08627583315313,19.974459842978,57.54434321515821,ascending,1327.4622528164293,236.20797999820434,0.0,0.0,0.0,4.0,4.0,6.944444444444444e-05,6.944444444444444e-05,"[[22137963847.674168, 6558577577.654447, 308913.3127327042, -23588.368627395612], [6558577577.6544485, 14864965375.679924, 97878.68716073755, 237525.1372224789], [308913.3127327042, 97878.68716073755, 6.087599999999999, 0.0], [-23588.368627395612, 237525.1372224789, 0.0, 6.087599999999999]]"
2026-07-30 19:56:03,57.0862817836976,19.97441983837685,53.094483156690096,ascending,1325.049249407458,236.86849043414585,0.0,0.0,0.0,4.0,4.0,6.944444444444444e-05,6.944444444444444e-05,"[[22174001762.526684, 6571844548.810964, 309270.3019739846, -23623.140616111763], [6571844548.810967, 14901679973.395353, 98030.19128093016, 237895.59195330204], [309270.3019739846, 98030.19128093016, 6.091766666666666, 0.0], [-23623.140616111763, 237895.59195330204, 0.0, 6.091766666666666]]"
2026-07-30 19:57:03,57.08628700114942,19.974380297093077,48.644623098221984,ascending,1322.6641924438347,237.44762758710232,0.0,0.0,0.0,4.0,4.0,6.944444444444444e-05,6.944444444444444e-05,"[[22208860316.70409, 6585017595.2490425, 309619.5286191848, -23638.062772312558], [6585017595.249045, 14938890255.823868, 98168.84326095933, 238276.74842186636], [309619.5286191848, 98168.84326095933, 6.095933333333332, 0.0], [-23638.062772312558, 238276.74842186636, 0.0, 6.095933333333332]]"
2026-07-30 19:58:03,57.08629320531127,19.974340088876055,44.19476303975387,ascending,1320.2389073027439,238.1362895519644,0.0,0.0,0.0,4.0,4.0,6.944444444444444e-05,6.944444444444444e-05,"[[22241741769.26272, 6597789449.230306, 309955.31708743144, -23637.77326220029], [6597789449.2303095, 14976767187.639107, 98295.75899496072, 238669.68535984145], [309955.31708743144, 98295.75899496072, 6.1000999999999985, 0.0], [-23637.77326220029, 238669.68535984145, 0.0, 6.1000999999999985]]"
2026-07-30 19:59:03,57.08630139210392,19.97429672468333,39.74490298128576,ascending,1317.6232595554225,239.04502353579878,0.0,0.0,0.0,4.0,4.0,6.944444444444444e-05,6.944444444444444e-05,"[[22272052783.708652, 6609634920.847164, 310273.37100410194, -23629.057760872565], [6609634920.847168, 15015292603.211008, 98410.087457633, 239074.61713985703], [310273.37100410194, 98410.087457633, 6.104266666666665, 0.0], [-23629.057760872565, 239074.61713985703, 0.0, 6.104266666666665]]"
2026-07-30 20:00:03,57.08631116763555,19.974245802915142,35.29504292281765,ascending,1314.5517528612752,240.13010754697157,0.0,0.0,0.0,4.0,4.0,6.944444444444444e-05,6.944444444444444e-05,"[[22299695637.83454, 6619811640.521191, 310572.78490751964, -23621.509846541423], [6619811640.521195, 15054018934.830921, 98508.74971865895, 239488.7376687407], [310572.78490751964, 98508.74971865895, 6.108433333333331, 0.0], [-23621.509846541423, 239488.7376687407, 0.0, 6.108433333333331]]"
