time,latitude,longitude,depth,phase,x,y,z,bx,by,Q_x,Q_y,Q_bx,Q_by,P
2026-07-25 23:58:00,54.96128071665298,15.637911822444876,0.0,communicating,56.94158427709024,73.5245484806225,0.0,0.0,0.0,4.0,4.0,6.944444444444444e-05,6.944444444444444e-05,"[[2436.0, 0.0, 0.060000000000000005, 0.0], [0.0, 2436.0, 0.0, 0.060000000000000005], [0.060000000000000005, 0.0, 0.04176666666666667, 0.0], [0.0, 0.060000000000000005, 0.0, 0.04176666666666667]]"
2026-07-26 00:08:00,54.96193182913386,15.638898449436274,0.0,communicating,119.81879593540337,145.79803385785016,0.0,0.0,0.0,4.0,4.0,6.944444444444444e-05,6.944444444444444e-05,"[[19932.139169765444, 7.18456686897742, 25.11985567385845, 0.00016104112642662184], [7.18456686897742, 19944.126334638124, 1.3369203754573567e-05, 25.120001531700318], [25.11985567385845, 1.3369203754573567e-05, 0.08343333333333333, 0.0], [0.00016104112642662184, 25.120001531700318, 0.0, 0.08343333333333333]]"
2026-07-26 00:18:00,54.96255549852402,15.639954861083268,0.0,communicating,187.14334645498994,215.0253361658312,0.0,0.0,0.0,4.0,4.0,6.944444444444444e-05,6.944444444444444e-05,"[[82335.12311864049, 119.3624061896418, 75.11628717609896, 0.06971607363005847], [119.36240618964179, 82527.86867303734, 0.010887598971281873, 75.18133966715446], [75.11628717609896, 0.010887598971281873, 0.1251, 0.0], [0.06971607363005847, 75.18133966715446, 0.0, 0.1251]]"
2026-07-26 00:28:00,54.963147931556534,15.641074824844395,0.0,communicating,258.5180392942607,280.78540277531556,0.0,0.0,0.0,4.0,4.0,6.944444444444444e-05,6.944444444444444e-05,"[[219238.58775213716, 619.1430341499358, 149.97761138232377, 0.28509864918414235], [619.1430341499357, 220204.68263156404, 0.0615855120249514, 150.2481459687216], [149.97761138232377, 0.0615855120249514, 0.16676666666666665, 0.0], [0.28509864918414235, 150.2481459687216, 0.0, 0.16676666666666665]]"
2026-07-26 00:38:00,54.96370944633634,15.642257794303074,0.0,communicating,333.90805161616123,343.11354333324704,0.0,0.0,0.0,4.0,4.0,6.944444444444444e-05,6.944444444444444e-05,"[[459951.5393108741, 2014.9764937230823, 249.6246704790354, 0.723495659218668], [2014.976493723082, 463039.86700039863, 0.19893325729072633, 250.33255788219248], [249.6246704790354, 0.19893325729072633, 0.2084333333333333, 0.0], [0.723495659218668, 250.33255788219248, 0.0, 0.2084333333333333]]"
2026-07-26 00:48:00,54.96424038484861,15.643503221021746,0.0,communicating,413.27843178776794,402.0477181954419,0.0,0.0,0.0,4.0,4.0,6.944444444444444e-05,6.944444444444444e-05,"[[833471.4412153135, 5079.556339156459, 373.9716443909709, 1.4621037429150463], [5079.556339156458, 841191.9501851536, 0.48733346875274186, 375.45681183493076], [373.9716443909709, 0.48733346875274186, 0.2501, 0.0], [1.4621037429150463, 375.45681183493076, 0.0, 0.2501]]"
2026-07-26 00:49:00,54.96429045754984,15.643633954390458,1.0614710407389678,descending,421.60999961117494,407.6057880326913,0.0,0.0,0.0,4.0,4.0,6.944444444444444e-05,6.944444444444444e-05,"[[878985.1926325093, 5573.725387974379, 388.8671555688698, 1.5744102749311635], [5573.7253879743785, 887449.8167952836, 0.539443629715223, 390.4763242798158], [388.8671555688698, 0.539443629715223, 0.25426666666666664, 0.0], [1.5744102749311635, 390.4763242798158, 0.0, 0.25426666666666664]]"
2026-07-26 00:50:00,54.96433870389575,15.643764209581153,2.1229420814779356,descending,429.91109340486076,412.96113242803875,0.0,0.0,0.0,4.0,4.0,6.944444444444444e-05,6.944444444444444e-05,"[[926277.1236670862, 6094.8793471650415, 404.00889111931616, 1.6918188362156528], [6094.87934716504, 935539.0847687253, 0.5915345062105647, 405.7486564578048], [404.00889111931616, 0.5915345062105647, 0.2584333333333333, 0.0], [1.6918188362156528, 405.7486564578048, 0.0, 0.2584333333333333]]"
2026-07-26 00:51:00,54.96438421497212,15.643893137102415,3.1844131222169034,descending,438.1275755339902,418.0128619047092,0.0,0.0,0.0,4.0,4.0,6.944444444444444e-05,6.944444444444444e-05,"[[975376.9827132366, 6637.211790127973, 419.39702261914147, 1.8150136317798553], [6637.211790127972, 985499.4707265792, 0.6401180479108262, 421.2757164926921], [419.39702261914147, 0.6401180479108262, 0.26259999999999994, 0.0], [1.8150136317798553, 421.2757164926921, 0.0, 0.26259999999999994]]"
2026-07-26 00:52:00,54.96442733513324,15.64402071167103,4.245884162955871,descending,446.25783471305704,422.7991997893731,0.0,0.0,0.0,4.0,4.0,6.944444444444444e-05,6.944444444444444e-05,"[[1026308.6275195206, 7197.81132433516, 435.0304753808341, 1.944547941459432], [7197.811324335158, 1037366.4684323359, 0.6832436640142304, 437.0584003083126], [435.0304753808341, 0.6832436640142304, 0.2667666666666666, 0.0], [1.944547941459432, 437.0584003083126, 0.0, 0.2667666666666666]]"
2026-07-26 00:53:00,54.96446827569657,15.644146887244721,5.307355203694839,descending,454.29893669199646,427.3436023190141,0.0,0.0,0.0,4.0,4.0,6.944444444444444e-05,6.944444444444444e-05,"[[1079094.3077412029, 7773.93425610653, 450.90791122716803, 2.081212824189827], [7773.934256106529, 1091178.1220599636, 0.7188819538695642, 453.0980655569331], [450.90791122716803, 0.7188819538695642, 0.27093333333333325, 0.0], [2.081212824189827, 453.0980655569331, 0.0, 0.27093333333333325]]"
2026-07-26 00:54:00,54.96450703588317,15.644271453708058,6.368826244433807,descending,462.2374909267958,431.6459830322676,0.0,0.0,0.0,4.0,4.0,6.944444444444444e-05,6.944444444444444e-05,"[[1133755.7128345023, 8364.157468197913, 467.0279630595519, 2.2262040496151303], [8364.157468197911, 1146976.81774342, 0.7452118814295179, 469.39685534535494], [467.0279630595519, 0.7452118814295179, 0.2750999999999999, 0.0], [2.2262040496151303, 469.39685534535494, 0.0, 0.2750999999999999]]"
2026-07-26 00:55:00,54.96454299204029,15.64439352399991,7.430297285172775,descending,470.0169654848665,435.63711647206617,0.0,0.0,0.0,4.0,4.0,6.944444444444444e-05,6.944444444444444e-05,"[[1190338.6065946568, 8988.8707425221, 483.39420376889257, 2.3789576959748318], [8988.870742522098, 1204802.6175144278, 0.7709862983789791, 485.9562757182462], [483.39420376889257, 0.7709862983789791, 0.27926666666666655, 0.0], [2.3789576959748318, 485.9562757182462, 0.0, 0.27926666666666655]]"
2026-07-26 00:56:00,54.964574046627526,15.644510405570982,8.491768325911742,descending,477.4657656367286,439.084175654717,0.0,0.0,0.0,4.0,4.0,6.944444444444444e-05,6.944444444444444e-05,"[[1249087.556204574, 9771.657269602627, 500.0495144472701, 2.5190649369252194], [9771.657269602623, 1264563.168537674, 0.8653878097610778, 502.7514957525176], [500.0495144472701, 0.8653878097610778, 0.2834333333333332, 0.0], [2.5190649369252194, 502.7514957525176, 0.0, 0.2834333333333332]]"
2026-07-26 00:57:00,54.96459670925115,15.644617574843263,9.553239366650711,descending,484.2956061693607,441.599726876975,0.0,0.0,0.0,4.0,4.0,6.944444444444444e-05,6.944444444444444e-05,"[[1310524.8165978224, 10950.966907959213, 517.0884511430553, 2.5992243697916493], [10950.966907959211, 1325974.403326355, 1.1664564614077568, 519.7217906732815], [517.0884511430553, 1.1664564614077568, 0.28759999999999986, 0.0], [2.5992243697916493, 519.7217906732815, 0.0, 0.28759999999999986]]"
2026-07-26 00:58:00,54.96460790589633,15.64471136617039,10.61471040738968,descending,490.2728773963754,442.84255449221314,0.0,0.0,0.0,4.0,4.0,6.944444444444444e-05,6.944444444444444e-05,"[[1374799.5168208505, 12550.365038894846, 534.527225261173, 2.605752895275905], [12550.365038894844, 1388989.0899783643, 1.68924405810606, 536.8557374192426], [534.527225261173, 1.68924405810606, 0.2917666666666665, 0.0], [2.605752895275905, 536.8557374192426, 0.0, 0.2917666666666665]]"
2026-07-26 00:59:00,54.9646091755479,15.644792663992652,11.676181448128649,descending,495.4539442253575,442.9834858163033,0.0,0.0,0.0,4.0,4.0,6.944444444444444e-05,6.944444444444444e-05,"[[1441382.5723840462, 14062.361550743288, 552.2515988291875, 2.596477463289657], [14062.361550743286, 1454142.8143744129, 2.17467416395862, 554.2538769153035], [552.2515988291875, 2.17467416395862, 0.29593333333333316, 0.0], [2.596477463289657, 554.2538769153035, 0.0, 0.29593333333333316]]"
2026-07-26 01:00:00,54.96460228279691,15.644862126790642,12.737652488867617,descending,499.8807712731538,442.21839045663086,0.0,0.0,0.0,4.0,4.0,6.944444444444444e-05,6.944444444444444e-05,"[[1509970.6396061135, 15261.13294454681, 570.1971344935753, 2.604663304423543], [15261.132944546809, 1521764.4831940872, 2.507387228181177, 571.9719752114421], [570.1971344935753, 2.507387228181177, 0.3000999999999998, 0.0], [2.604663304423543, 571.9719752114421, 0.0, 0.3000999999999998]]"
2026-07-26 01:01:00,54.96458901725267,15.644920363877937,13.799123529606586,descending,503.5921897687807,440.74591504637135,0.0,0.0,0.0,4.0,4.0,6.944444444444444e-05,6.944444444444444e-05,"[[1580301.1779075142, 15995.650295719011, 588.3111166058612, 2.657902381855195], [15995.650295719013, 1592149.5385069747, 2.6108297941057144, 590.0560781727492], [588.3111166058612, 2.6108297941057144, 0.30426666666666646, 0.0], [2.657902381855195, 590.0560781727492, 0.0, 0.30426666666666646]]"
2026-07-26 01:02:00,54.96457399333337,15.644972543416738,14.860594570345555,descending,506.91756393163115,439.0782600031354,0.0,0.0,0.0,4.0,4.0,6.944444444444444e-05,6.944444444444444e-05,"[[1652579.8995342157, 16563.80034881621, 606.6297080188424, 2.7308548630643625], [16563.800348816207, 1664933.1473645917, 2.6283290442359513, 608.428263201754], [606.6297080188424, 2.6283290442359513, 0.3084333333333331, 0.0], [2.7308548630643625, 608.428263201754, 0.0, 0.3084333333333331]]"
2026-07-26 01:03:00,54.96455777446397,15.645020021481246,15.922065611084523,descending,509.943315646489,437.2779655002469,0.0,0.0,0.0,4.0,4.0,6.944444444444444e-05,6.944444444444444e-05,"[[1726877.647437055, 16993.738005117466, 625.1624768777021, 2.819128770555997], [16993.738005117462, 1740105.5238525127, 2.57762808564925, 627.0794575091084], [625.1624768777021, 2.57762808564925, 0.31259999999999977, 0.0], [2.819128770555997, 627.0794575091084, 0.0, 0.31259999999999977]]"
2026-07-26 01:04:00,54.964541084667296,15.645065339635154,16.983536651823492,descending,512.8314174114724,435.425398069369,0.0,0.0,0.0,4.0,4.0,6.944444444444444e-05,6.944444444444444e-05,"[[1803343.9400767, 17341.55464343423, 643.9323733860118, 2.9130481101446457], [17341.554643434225, 1817623.3738282083, 2.4908106058425434, 645.995139323834], [643.9323733860118, 2.4908106058425434, 0.3167666666666664, 0.0], [2.9130481101446457, 645.995139323834, 0.0, 0.3167666666666664]]"
2026-07-26 01:05:00,54.9645239490222,15.645108918379826,18.04500769256246,descending,515.60866755408,433.5233414639215,0.0,0.0,0.0,4.0,4.0,6.944444444444444e-05,6.944444444444444e-05,"[[1881988.6285749986, 17627.314390681804, 662.9364738902268, 3.0147939151412033], [17627.314390681797, 1897514.5123240764, 2.3741580045182538, 665.1741761521737], [662.9364738902268, 2.3741580045182538, 0.32093333333333307, 0.0], [3.0147939151412033, 665.1741761521737, 0.0, 0.32093333333333307]]"
2026-07-26 01:06:00,54.964506401924446,15.645151265492904,19.10647873330143,descending,518.3074264724227,431.5756136131394,0.0,0.0,0.0,4.0,4.0,6.944444444444444e-05,6.944444444444444e-05,"[[1962825.4748712007, 17878.583275227615, 682.1727070499908, 3.126422936333418], [17878.58327522761, 1979801.5120885386, 2.2361525493815226, 684.6145932449807], [682.1727070499908, 2.2361525493815226, 0.3250999999999997, 0.0], [3.126422936333418, 684.6145932449807, 0.0, 0.3250999999999997]]"
2026-07-26 01:07:00,54.96448841014006,15.645192823331877,20.167949774040398,descending,520.9558853731783,429.57852554674344,0.0,0.0,0.0,4.0,4.0,6.944444444444444e-05,6.944444444444444e-05,"[[2045834.4475209871, 18100.988241242976, 701.6333649988743, 3.251270761833891], [18100.988241242976, 2064511.4845958722, 2.0759075917663257, 704.3153460692643], [701.6333649988743, 2.0759075917663257, 0.3292666666666664, 0.0], [3.251270761833891, 704.3153460692643, 0.0, 0.3292666666666664]]"
2026-07-26 01:08:00,54.96446993523436,15.645234187695571,21.229420814779367,descending,523.5920141977839,427.52781101403383,0.0,0.0,0.0,4.0,4.0,6.944444444444444e-05,6.944444444444444e-05,"[[2130987.8566693068, 18302.684791175227, 721.3099036086658, 3.392978012311497], [18302.684791175223, 2151666.10468891, 1.8929299348602682, 724.2745387827734], [721.3099036086658, 1.8929299348602682, 0.333433333333333, 0.0], [3.392978012311497, 724.2745387827734, 0.0, 0.333433333333333]]"
2026-07-26 01:09:00,54.96445141774737,15.645274222503904,22.290891855518336,descending,526.1434111686883,425.47236995799256,0.0,0.0,0.0,4.0,4.0,6.944444444444444e-05,6.944444444444444e-05,"[[2218303.4429254443, 18461.609744750574, 741.2018451099802, 3.549272673233875], [18461.609744750567, 2241320.738349008, 1.682384161894088, 744.495956500801], [741.2018451099802, 1.682384161894088, 0.3375999999999997, 0.0], [3.549272673233875, 744.495956500801, 0.0, 0.3375999999999997]]"
2026-07-26 01:10:00,54.96443568451777,15.645305854856495,23.352362896257304,descending,528.1593241190038,423.7259814721478,0.0,0.0,0.0,4.0,4.0,6.944444444444444e-05,6.944444444444444e-05,"[[2307846.0164344334, 18439.80375280569, 761.3165550111507, 3.7008807362696174], [18439.80375280568, 2333652.875261759, 1.4188297861767583, 765.0030978367089], [761.3165550111507, 1.4188297861767583, 0.34176666666666633, 0.0], [3.7008807362696174, 765.0030978367089, 0.0, 0.34176666666666633]]"
2026-07-26 01:11:00,54.96442278235432,15.645329151748594,24.413833936996273,descending,529.6440226203698,422.293841329069,0.0,0.0,0.0,4.0,4.0,6.944444444444444e-05,6.944444444444444e-05,"[[2399627.5380865335, 18223.90699534519, 781.6523264874559, 3.847731376000473], [18223.906995345184, 2428712.648698809, 1.100525365168304, 785.7975222541985], [781.6523264874559, 1.100525365168304, 0.345933333333333, 0.0], [3.847731376000473, 785.7975222541985, 0.0, 0.345933333333333]]"
2026-07-26 01:12:00,54.96440836426872,15.645339471829686,25.47530497773524,descending,530.3017158811177,420.6934338273242,0.0,0.0,0.0,4.0,4.0,6.944444444444444e-05,6.944444444444444e-05,"[[2493771.9728844184, 18096.223736191343, 802.2251774547271, 4.032660354592067], [18096.223736191332, 2526373.7179658497, 0.7772320351610565, 806.8525752929219], [802.2251774547271, 0.7772320351610565, 0.35009999999999963, 0.0], [4.032660354592067, 806.8525752929219, 0.0, 0.35009999999999963]]"
2026-07-26 01:13:00,54.96438825217066,15.645332116341166,26.53677601847421,descending,529.8329545229419,418.46099094253196,0.0,0.0,0.0,4.0,4.0,6.944444444444444e-05,6.944444444444444e-05,"[[2590417.7379050604, 18369.779126425557, 823.0524740917798, 4.300611300136304], [18369.77912642555, 2626484.7711424315, 0.5011283536739726, 828.1392819528228], [823.0524740917798, 0.5011283536739726, 0.3542666666666663, 0.0], [4.300611300136304, 828.1392819528228, 0.0, 0.3542666666666663]]"
2026-07-26 01:14:00,54.96436260389561,15.645306952372394,27.59824705921318,descending,528.2292682215848,415.6140324120103,0.0,0.0,0.0,4.0,4.0,6.944444444444444e-05,6.944444444444444e-05,"[[2689599.8724495177, 19084.669670779047, 844.1347239743167, 4.655477477752565], [19084.66967077904, 2729055.1974851065, 0.2751519212419861, 849.6552962405239], [844.1347239743167, 0.2751519212419861, 0.35843333333333294, 0.0], [4.655477477752565, 849.6552962405239, 0.0, 0.35843333333333294]]"
2026-07-26 01:15:00,54.964334496958664,15.645267414511697,28.659718099952148,descending,525.709541458239,412.49416241140955,0.0,0.0,0.0,4.0,4.0,6.944444444444444e-05,6.944444444444444e-05,"[[2791453.5184183773, 19990.85995302015, 865.4883201686363, 5.027518093949776], [19990.85995302014, 2834085.378864205, 0.08671278346822142, 871.3970401755043], [865.4883201686363, 0.08671278346822142, 0.3625999999999996, 0.0], [5.027518093949776, 871.3970401755043, 0.0, 0.3625999999999996]]"
2026-07-26 01:16:00,54.964307185872535,15.645217353093239,29.721189140691116,descending,522.5191539747243,409.4626318513124,0.0,0.0,0.0,4.0,4.0,6.944444444444444e-05,6.944444444444444e-05,"[[2896132.8093209937, 20776.93274162676, 887.1318431722516, 5.3356815390106345], [20776.932741626748, 2941581.04849897, -0.07951548729591107, 893.3619249386029], [887.1318431722516, -0.07951548729591107, 0.36676666666666624, 0.0], [5.3356815390106345, 893.3619249386029, 0.0, 0.36676666666666624]]"
2026-07-26 01:17:00,54.9642807574715,15.645156816520734,30.782660181430085,descending,518.6611905137347,406.52907933576904,0.0,0.0,0.0,4.0,4.0,6.944444444444444e-05,6.944444444444444e-05,"[[3003689.4828516073, 21428.20343097726, 909.0669930676052, 5.576411879103447], [21428.20343097725, 3051558.039248085, -0.22251703804832124, 915.5489782261728], [909.0669930676052, -0.22251703804832124, 0.3709333333333329, 0.0], [5.576411879103447, 915.5489782261728, 0.0, 0.3709333333333329]]"
2026-07-26 01:18:00,54.96425529790724,15.64508585135876,31.844131222169054,descending,514.1386186109409,403.70306770398247,0.0,0.0,0.0,4.0,4.0,6.944444444444444e-05,6.944444444444444e-05,"[[3114175.669293869, 21929.406051188573, 931.2954163798931, 5.746099315170696], [21929.406051188562, 3164031.9404240404, -0.341272335791145, 937.9572416299158], [931.2954163798931, -0.341272335791145, 0.37509999999999954, 0.0], [5.746099315170696, 937.9572416299158, 0.0, 0.37509999999999954]]"
2026-07-26 01:19:00,54.96423433540305,15.645009974336732,32.90560226290802,descending,509.3030164882048,401.3762297382601,0.0,0.0,0.0,4.0,4.0,6.944444444444444e-05,6.944444444444444e-05,"[[3227619.7668743995, 22391.869265006066, 953.8150465642916, 5.856984385034244], [22391.869265006055, 3278820.158046903, -0.41322386418946383, 960.5569310234938], [953.8150465642916, -0.41322386418946383, 0.3792666666666662, 0.0], [5.856984385034244, 960.5569310234938, 0.0, 0.3792666666666662]]"
2026-07-26 01:20:00,54.9642179316374,15.644929379232288,33.967073303646984,descending,504.1667334906922,399.55541175112046,0.0,0.0,0.0,4.0,4.0,6.944444444444444e-05,6.944444444444444e-05,"[[3344075.0608715545, 22813.732851241642, 976.6276222336614, 5.906306111821416], [22813.732851241635, 3395914.1954270084, -0.4355871814793114, 983.3448808469489], [976.6276222336614, -0.4355871814793114, 0.38343333333333285, 0.0], [5.906306111821416, 983.3448808469489, 0.0, 0.38343333333333285]]"
2026-07-26 01:21:00,54.96420611078435,15.644844201156468,35.02854434438595,descending,498.7383801731089,398.24329706325875,0.0,0.0,0.0,4.0,4.0,6.944444444444444e-05,6.944444444444444e-05,"[[3463596.1035186835, 23192.117966355614, 999.7349558156875, 5.891091570963253], [23192.117966355607, 3515306.245981303, -0.4056951112338854, 1006.3181706752132], [999.7349558156875, -0.4056951112338854, 0.3875999999999995, 0.0], [5.891091570963253, 1006.3181706752132, 0.0, 0.3875999999999995]]"
2026-07-26 01:22:00,54.96419889568031,15.644754573064612,36.090015385124914,descending,493.0264297082704,397.4424205140367,0.0,0.0,0.0,4.0,4.0,6.944444444444444e-05,6.944444444444444e-05,"[[3586238.5111965872, 23524.404807272174, 1023.1388971382437, 5.808316646595962], [23524.40480727217, 3636987.2559109414, -0.32077909482760114, 1029.473834778413], [1023.1388971382437, -0.32077909482760114, 0.39176666666666615, 0.0], [5.808316646595962, 1029.473834778413, 0.0, 0.39176666666666615]]"
2026-07-26 01:23:00,54.964194890538074,15.644667277213092,37.15148642586388,descending,487.46311167537243,396.9978497263146,0.0,0.0,0.0,4.0,4.0,6.944444444444444e-05,6.944444444444444e-05,"[[3711521.0870311065, 23876.46142288056, 1046.7654237594907, 5.727327245633238], [23876.461422880555, 3761343.948876208, -0.23210168500659215, 1052.864171979118], [1046.7654237594907, -0.23210168500659215, 0.3959333333333328, 0.0], [5.727327245633238, 1052.864171979118, 0.0, 0.3959333333333328]]"
2026-07-26 01:24:00,54.96419398491629,15.644582788370235,38.212957466602845,descending,482.078682806696,396.89732570808536,0.0,0.0,0.0,4.0,4.0,6.944444444444444e-05,6.944444444444444e-05,"[[3839422.9599941247, 24254.099577147692, 1070.6085296384697, 5.652380431597297], [24254.09957714769, 3888421.045542226, -0.14256361385469438, 1076.4917983588655], [1070.6085296384697, -0.14256361385469438, 0.40009999999999946, 0.0], [5.652380431597297, 1076.4917983588655, 0.0, 0.40009999999999946]]"
2026-07-26 01:25:00,54.964196150260115,15.644501188635221,39.27442850734181,descending,476.8783752391949,397.13767887274275,0.0,0.0,0.0,4.0,4.0,6.944444444444444e-05,6.944444444444444e-05,"[[3969951.8259398863, 24659.46897714708, 1094.666451679567, 5.583552982466986], [24659.468977147077, 4018240.7920305114, -0.05190534874095796, 1100.3561400174756], [1094.666451679567, -0.05190534874095796, 0.4042666666666661, 0.0], [5.583552982466986, 1100.3561400174756, 0.0, 0.4042666666666661]]"
2026-07-26 01:26:00,54.96420135788911,15.644422559973526,40.335899548080775,descending,471.8674125887099,397.71572569051744,0.0,0.0,0.0,4.0,4.0,6.944444444444444e-05,6.944444444444444e-05,"[[4103114.6238688803, 25094.846949620733, 1118.9374087450058, 5.520914138766439], [25094.846949620733, 4150825.1975765047, 0.04015892074036662, 1124.4566185914662], [1118.9374087450058, 0.04015892074036662, 0.40843333333333276, 0.0], [5.520914138766439, 1124.4566185914662, 0.0, 0.40843333333333276]]"
2026-07-26 01:27:00,54.96420948167747,15.644347896159404,41.39737058881974,descending,467.1091275583841,398.6174661989454,0.0,0.0,0.0,4.0,4.0,6.944444444444444e-05,6.944444444444444e-05,"[[4238963.038254761, 25549.41743210252, 1143.4257744621684, 5.4530882163194665], [25549.417432102517, 4286198.579796607, 0.14189448358962026, 1148.792981138971], [1143.4257744621684, 0.14189448358962026, 0.4125999999999994, 0.0], [5.4530882163194665, 1148.792981138971, 0.0, 0.4125999999999994]]"
2026-07-26 01:28:00,54.96422019014471,15.644279984398771,42.458841629558705,descending,462.7811472936196,399.8061060625547,0.0,0.0,0.0,4.0,4.0,6.944444444444444e-05,6.944444444444444e-05,"[[4377649.177732857, 25983.843549693498, 1168.1491720639237, 5.344762663840665], [25983.84354969349, 4424394.281085012, 0.2781980240496928, 1173.3661521545757], [1168.1491720639237, 0.2781980240496928, 0.41676666666666606, 0.0], [5.344762663840665, 1173.3661521545757, 0.0, 0.41676666666666606]]"
2026-07-26 01:29:00,54.96423343519544,15.644218881043782,43.52031267029767,descending,458.8870630873466,401.2763066936746,0.0,0.0,0.0,4.0,4.0,6.944444444444444e-05,6.944444444444444e-05,"[[4519197.548341093, 26396.32608883822, 1193.1074282879931, 5.19398168957557], [26396.32608883821, 4565440.908213215, 0.45076401304930325, 1198.1764152853434], [1193.1074282879931, 0.45076401304930325, 0.4209333333333327, 0.0], [5.19398168957557, 1198.1764152853434, 0.0, 0.4209333333333327]]"
2026-07-26 01:30:00,54.9642491690121,15.644164641650534,44.581783711036636,descending,455.4304154999059,403.0227603423078,0.0,0.0,0.0,4.0,4.0,6.944444444444444e-05,6.944444444444444e-05,"[[4663632.7395673795, 26784.98406716509, 1218.3003837801568, 4.998745361842668], [26784.984067165085, 4709367.454575968, 0.6613217213004307, 1223.2240872366979], [1218.3003837801568, 0.6613217213004307, 0.42509999999999937, 0.0], [4.998745361842668, 1223.2240872366979, 0.0, 0.42509999999999937]]"
2026-07-26 01:31:00,54.96426734407489,15.64411732099731,45.6432547517756,descending,452.41469552225885,405.04019231276027,0.0,0.0,0.0,4.0,4.0,6.944444444444444e-05,6.944444444444444e-05,"[[4810979.434697617, 27147.849922121164, 1243.7278930723462, 4.757008716693289], [27147.849922121153, 4856203.320310481, 0.9116355680258448, 1248.5095181158024], [1243.7278930723462, 0.9116355680258448, 0.429266666666666, 0.0], [4.757008716693289, 1248.5095181158024, 0.0, 0.429266666666666]]"
2026-07-26 01:32:00,54.96428791318143,15.644076973103063,46.704725792514566,descending,449.8433457531191,407.3233631382447,0.0,0.0,0.0,4.0,4.0,6.944444444444444e-05,6.944444444444444e-05,"[[4961262.421224034, 27482.86439664025, 1269.3898245419143, 4.466680826459004], [27482.864396640238, 5005978.332686815, 1.2035054870047945, 1274.0330917687888], [1269.3898245419143, 1.2035054870047945, 0.43343333333333267, 0.0], [4.466680826459004, 1274.0330917687888, 0.0, 0.43343333333333267]]"
2026-07-26 01:33:00,54.964307582691205,15.644042967923035,47.76619683325353,descending,447.6762137764294,409.50667872362675,0.0,0.0,0.0,4.0,4.0,6.944444444444444e-05,6.944444444444444e-05,"[[5114961.723576854, 27525.152191191908, 1295.343477060871, 4.109412491110645], [27525.152191191897, 5158754.184787766, 1.488709644816248, 1299.7992748806437], [1295.343477060871, 1.488709644816248, 0.4375999999999993, 0.0], [4.109412491110645, 1299.7992748806437, 0.0, 0.4375999999999993]]"
2026-07-26 01:34:00,54.96432555487634,15.644015088876108,48.827667873992496,descending,445.89949699318703,411.50159127299247,0.0,0.0,0.0,4.0,4.0,6.944444444444444e-05,6.944444444444444e-05,"[[5272241.650893218, 27186.990842972562, 1321.6041071295506, 3.678984860762305], [27186.990842972555, 5314566.395329551, 1.7540900007773539, 1325.8090452096455], [1321.6041071295506, 1.7540900007773539, 0.441766666666666, 0.0], [3.678984860762305, 1325.8090452096455, 0.0, 0.441766666666666]]"
2026-07-26 01:35:00,54.9643418004557,15.64399327079311,49.88913891473146,descending,444.5090422067058,413.30485058228805,0.0,0.0,0.0,4.0,4.0,6.944444444444444e-05,6.944444444444444e-05,"[[5433164.2722207075, 26438.660837392392, 1348.1736246480427, 3.1729422116321238], [26438.66083739239, 5473442.7748623695, 1.9979273189332125, 1352.0623708368423], [1348.1736246480427, 1.9979273189332125, 0.4459333333333326, 0.0], [3.1729422116321238, 1352.0623708368423, 0.0, 0.4459333333333326]]"
2026-07-26 01:36:00,54.964356289965934,15.643977449832656,50.950609955470426,descending,443.50078083969544,414.91318621850905,0.0,0.0,0.0,4.0,4.0,6.944444444444444e-05,6.944444444444444e-05,"[[5597792.763313932, 25249.26473860007, 1375.0539669861055, 2.588783627324849], [25249.264738600068, 5635411.0356709575, 2.218448726924763, 1378.559209219901], [1375.0539669861055, 2.218448726924763, 0.4500999999999993, 0.0], [2.588783627324849, 1378.559209219901, 0.0, 0.4500999999999993]]"
2026-07-26 01:37:00,54.96436899375256,15.643967563465234,52.01208099620939,descending,442.8707279195859,416.3233065336661,0.0,0.0,0.0,4.0,4.0,6.944444444444444e-05,6.944444444444444e-05,"[[5766191.441418001, 23586.694630435923, 1402.2471000710116, 1.9239615465816051], [23586.694630435915, 5800498.783723305, 2.413827458971846, 1405.2995065059176], [1402.2471000710116, 2.413827458971846, 0.45426666666666593, 0.0], [1.9239615465816051, 1405.2995065059176, 0.0, 0.45426666666666593]]"
2026-07-26 01:38:00,54.964379881961435,15.64396355045806,53.07355203694836,descending,442.61498111400306,417.5318977185812,0.0,0.0,0.0,4.0,4.0,6.944444444444444e-05,6.944444444444444e-05,"[[5938425.801901, 21417.598837866917, 1429.7550195552235, 1.1758802578019294], [21417.598837866906, 5968733.510494099, 2.5821826325885096, 1432.283196842546], [1429.7550195552235, 2.5821826325885096, 0.4584333333333326, 0.0], [1.1758802578019294, 1432.283196842546, 0.0, 0.4584333333333326]]"
2026-07-26 01:39:00,54.964390074007525,15.64396420370102,54.13502307768732,descending,442.6566119390764,418.66321483487593,0.0,0.0,0.0,4.0,4.0,6.944444444444444e-05,6.944444444444444e-05,"[[6114128.794185346, 19131.713123508936, 1457.52820911463, 0.40734888314807943], [19131.713123508922, 6140225.70553262, 2.7567670234140413, 1459.5199350859841], [1457.52820911463, 2.7567670234140413, 0.46259999999999923, 0.0], [0.40734888314807943, 1459.5199350859841, 0.0, 0.46259999999999923]]"
2026-07-26 01:40:00,54.96440062819446,15.643968430212762,55.19649411842629,descending,442.92596527706763,419.834729585152,0.0,0.0,0.0,4.0,4.0,6.944444444444444e-05,6.944444444444444e-05,"[[6292919.661900381, 17137.109344189408, 1485.5178218950778, -0.31923803898856856], [17137.109344189394, 6315083.487704366, 2.971521774816671, 1487.0186783821316], [1485.5178218950778, 2.971521774816671, 0.4667666666666659, 0.0], [-0.31923803898856856, 1487.0186783821316, 0.0, 0.4667666666666659]]"
2026-07-26 01:41:00,54.964411523136796,15.643976230308978,56.25796515916525,descending,443.42306124641755,421.04406818436865,0.0,0.0,0.0,4.0,4.0,6.944444444444444e-05,6.944444444444444e-05,"[[6474808.5946199875, 15460.97811601219, 1513.722739088378, -1.001945797923459], [15460.978116012173, 6493338.223674244, 3.2281817566151516, 1514.7791801778842], [1513.722739088378, 3.2281817566151516, 0.47093333333333254, 0.0], [-1.001945797923459, 1514.7791801778842, 0.0, 0.47093333333333254]]"
2026-07-26 01:42:00,54.96442273760533,15.64398760411052,57.31943619990422,descending,444.14790754921256,422.288874191894,0.0,0.0,0.0,4.0,4.0,6.944444444444444e-05,6.944444444444444e-05,"[[6659805.464835102, 14131.454250482411, 1542.14184904254, -1.6388111830377556], [14131.454250482395, 6675021.105462529, 3.528519283996974, 1542.8011794217043], [1542.14184904254, 3.528519283996974, 0.4750999999999992, 0.0], [-1.6388111830377556, 1542.8011794217043, 0.0, 0.4750999999999992]]"
2026-07-26 01:43:00,54.964434250527596,15.644002551542139,58.38090724064318,descending,445.1004993896547,423.5668085625465,0.0,0.0,0.0,4.0,4.0,6.944444444444444e-05,6.944444444444444e-05,"[[6847919.843170254, 13177.630893821271, 1570.774047930646, -2.2278421608980254], [13177.630893821255, 6860163.154482234, 3.874344216710472, 1571.084401387313], [1570.774047930646, 3.874344216710472, 0.47926666666666584, 0.0], [-2.2278421608980254, 1571.084401387313, 0.0, 0.47926666666666584]]"
2026-07-26 01:44:00,54.96444604098842,15.644021072331325,59.44237828138215,descending,446.2808194011049,424.8755497141867,0.0,0.0,0.0,4.0,4.0,6.944444444444444e-05,6.944444444444444e-05,"[[7039161.014105164, 12629.57362765816, 1599.618240417671, -2.7670175363880816], [12629.57362765814, 7048795.226611687, 4.2675040377583535, 1599.6285585431187], [1599.618240417671, 4.2675040377583535, 0.4834333333333325, 0.0], [-2.7670175363880816, 1599.6285585431187, 0.0, 0.4834333333333325]]"
2026-07-26 01:45:00,54.964458088230735,15.644043166007307,60.50384932212111,descending,447.68883758144534,426.21279361111556,0.0,0.0,0.0,4.0,4.0,6.944444444444444e-05,6.944444444444444e-05,"[[7233537.992199946, 12518.334533545647, 1628.6733403251612, -3.2542865975977175], [12518.334533545629, 7240948.018338221, 4.70988391150773, 1628.4333514675159], [1628.6733403251612, 4.70988391150773, 0.48759999999999915, 0.0], [-3.2542865975977175, 1628.4333514675159, 0.0, 0.48759999999999915]]"
2026-07-26 01:46:00,54.96446996285703,15.644067912438013,61.56532036286008,descending,449.2659144046345,427.5308771301681,0.0,0.0,0.0,4.0,4.0,6.944444444444444e-05,6.944444444444444e-05,"[[7431207.210944431, 12708.82069725418, 1657.9546524070886, -3.7029809158315854], [12708.82069725416, 7436626.153696866, 5.181633731408415, 1657.4956800393645], [1657.9546524070886, 5.181633731408415, 0.4917666666666658, 0.0], [-3.7029809158315854, 1657.4956800393645, 0.0, 0.4917666666666658]]"
2026-07-26 01:47:00,54.9644805457808,15.644092786500167,62.62679140359904,descending,450.8511251118132,428.7055816689338,0.0,0.0,0.0,4.0,4.0,6.944444444444444e-05,6.944444444444444e-05,"[[7632598.796405628, 12754.872661908219, 1687.5069285846798, -4.1541440512745496], [12754.8726619082, 7635789.595736048, 5.623332034826488, 1686.8078375258467], [1687.5069285846798, 5.623332034826488, 0.49593333333333245, 0.0], [-4.1541440512745496, 1686.8078375258467, 0.0, 0.49593333333333245]]"
2026-07-26 01:48:00,54.96448983361524,15.644117742673645,63.68826244433801,descending,452.441568730016,429.73653129088,0.0,0.0,0.0,4.0,4.0,6.944444444444444e-05,6.944444444444444e-05,"[[7837758.837063465, 12644.557435399032, 1717.3312754761703, -4.607742821415924], [12644.557435399014, 7838467.4727545045, 6.033329086060019, 1716.3697647138079], [1717.3312754761703, 6.033329086060019, 0.5000999999999991, 0.0], [-4.607742821415924, 1716.3697647138079, 0.0, 0.5000999999999991]]"
2026-07-26 01:49:00,54.96449782294435,15.644142735433892,64.74973348507697,descending,454.03434400339574,430.62334682248417,0.0,0.0,0.0,4.0,4.0,6.944444444444444e-05,6.944444444444444e-05,"[[8046734.141785068, 12365.47543103426, 1747.428832915156, -5.063745863744064], [12365.475431034243, 8044688.829933667, 6.409941637730755, 1746.1813949680175], [1747.428832915156, 6.409941637730755, 0.5042666666666658, 0.0], [-5.063745863744064, 1746.1813949680175, 0.0, 0.5042666666666658]]"
2026-07-26 01:50:00,54.96450451032616,15.644167719250321,65.81120452581594,descending,455.62654929210413,431.3656462035883,0.0,0.0,0.0,4.0,4.0,6.944444444444444e-05,6.944444444444444e-05,"[[8259572.261297708, 11904.750754485292, 1777.8007745338914, -5.522123583057615], [11904.750754485274, 8254482.6277755005, 6.751452822433633, 1776.2426541598152], [1777.8007745338914, 6.751452822433633, 0.5084333333333324, 0.0], [-5.522123583057615, 1776.2426541598152, 0.0, 0.5084333333333324]]"
2026-07-26 01:51:00,54.9645098922959,15.644192648584633,66.8726755665549,descending,457.215282464513,431.9630448442983,0.0,0.0,0.0,4.0,4.0,6.944444444444444e-05,6.944444444444444e-05,"[[8476321.510082569, 11249.021402630267, 1808.4483083486994, -5.982848093333567], [11249.02140263025, 8467877.740750547, 7.05611204885479, 1806.5534606056788], [1808.4483083486994, 7.05611204885479, 0.5125999999999991, 0.0], [-5.982848093333567, 1806.5534606056788, 0.0, 0.5125999999999991]]"
2026-07-26 01:52:00,54.964513965369264,15.644217477889011,67.93414660729387,descending,458.7976407826383,432.4151559883021,0.0,0.0,0.0,4.0,4.0,6.944444444444444e-05,6.944444444444444e-05,"[[8697030.988694586, 10384.429370950707, 1839.372677347372, -6.4458931543276226], [10384.42937095069, 8684902.956169473, 7.322134902302968, 1837.1137250160193], [1839.372677347372, 7.322134902302968, 0.5167666666666657, 0.0], [-6.4458931543276226, 1837.1137250160193, 0.0, 0.5167666666666657]]"
2026-07-26 01:53:00,54.964516726045794,15.64424216160422,68.99561764803283,descending,460.3707207806338,432.72159108248195,0.0,0.0,0.0,4.0,4.0,6.944444444444444e-05,6.944444444444444e-05,"[[8921750.60651369, 9296.61066587456, 1870.5751600784465, -6.911234103090577], [9296.610665874541, 8905586.97329162, 7.547703049594206, 1867.9233504544945], [1870.5751600784465, 7.547703049594206, 0.5209333333333324, 0.0], [-6.911234103090577, 1867.9233504544945, 0.0, 0.5209333333333324]]"
2026-07-26 01:54:00,54.96451817081219,15.644266654157581,70.0570886887718,descending,461.9316181362195,432.88196015269097,0.0,0.0,0.0,4.0,4.0,6.944444444444444e-05,6.944444444444444e-05,"[[9150531.104932856, 7970.685218177892, 1902.0570712422236, -7.378847780595186], [7970.685218177872, 9129958.40268435, 7.73096414822535, 1898.9822323081498], [1902.0570712422236, 7.73096414822535, 0.525099999999999, 0.0], [-7.378847780595186, 1898.9822323081498, 0.0, 0.525099999999999]]"
2026-07-26 01:55:00,54.96451817081219,15.644266654157581,71.11855972951076,descending,461.9316181362195,432.88196015269097,0.0,0.0,0.0,4.0,4.0,6.944444444444444e-05,6.944444444444444e-05,"[[9380908.313481923, 7991.812200235703, 1933.5630712422235, -7.378847780595186], [7991.812200235682, 9359966.630561328, 7.73096414822535, 1930.4882323081497], [1933.5630712422235, 7.73096414822535, 0.5292666666666657, 0.0], [-7.378847780595186, 1930.4882323081497, 0.0, 0.5292666666666657]]"
2026-07-26 01:56:00,54.96451817081219,15.644266654157581,72.18003077024973,descending,461.9316181362195,432.88196015269097,0.0,0.0,0.0,4.0,4.0,6.944444444444444e-05,6.944444444444444e-05,"[[9615081.24203099, 8012.939182293514, 1965.3190712422233, -7.378847780595186], [8012.939182293492, 9593770.578438306, 7.73096414822535, 1962.2442323081495], [1965.3190712422233, 7.73096414822535, 0.5334333333333323, 0.0], [-7.378847780595186, 1962.2442323081495, 0.0, 0.5334333333333323]]"
2026-07-26 01:57:00,54.96451817081219,15.644266654157581,73.2415018109887,descending,461.9316181362195,432.88196015269097,0.0,0.0,0.0,4.0,4.0,6.944444444444444e-05,6.944444444444444e-05,"[[9853079.890580056, 8034.066164351325, 1997.3250712422232, -7.378847780595186], [8034.066164351302, 9831400.246315284, 7.73096414822535, 1994.2502323081494], [1997.3250712422232, 7.73096414822535, 0.537599999999999, 0.0], [-7.378847780595186, 1994.2502323081494, 0.0, 0.537599999999999]]"
2026-07-26 01:58:00,54.96451817081219,15.644266654157581,74.30297285172766,descending,461.9316181362195,432.88196015269097,0.0,0.0,0.0,4.0,4.0,6.944444444444444e-05,6.944444444444444e-05,"[[10094934.259129124, 8055.193146409136, 2029.581071242223, -7.378847780595186], [8055.193146409112, 10072885.634192262, 7.73096414822535, 2026.5062323081493], [2029.581071242223, 7.73096414822535, 0.5417666666666656, 0.0], [-7.378847780595186, 2026.5062323081493, 0.0, 0.5417666666666656]]"
2026-07-26 01:59:00,54.96451817081219,15.644266654157581,75.36444389246662,descending,461.9316181362195,432.88196015269097,0.0,0.0,0.0,4.0,4.0,6.944444444444444e-05,6.944444444444444e-05,"[[10340674.34767819, 8076.320128466947, 2062.087071242223, -7.378847780595186], [8076.320128466922, 10318256.74206924, 7.73096414822535, 2059.012232308149], [2062.087071242223, 7.73096414822535, 0.5459333333333323, 0.0], [-7.378847780595186, 2059.012232308149, 0.0, 0.5459333333333323]]"
2026-07-26 02:00:00,54.96451817081219,15.644266654157581,76.42591493320559,descending,461.9316181362195,432.88196015269097,0.0,0.0,0.0,4.0,4.0,6.944444444444444e-05,6.944444444444444e-05,"[[10590330.156227257, 8097.447110524758, 2094.843071242223, -7.378847780595186], [8097.447110524732, 10567543.569946218, 7.73096414822535, 2091.768232308149], [2094.843071242223, 7.73096414822535, 0.5500999999999989, 0.0], [-7.378847780595186, 2091.768232308149, 0.0, 0.5500999999999989]]"
2026-07-26 02:10:00,54.96451817081219,15.644266654157581,76.42591493320559,parking,461.9316181362195,432.88196015269097,0.0,0.0,0.0,4.0,4.0,6.944444444444444e-05,6.944444444444444e-05,"[[13304577.841717925, 8308.716931102857, 2424.9030712422223, -7.378847780595186], [8308.71693110283, 13278101.448715996, 7.73096414822535, 2421.8282323081485], [2424.9030712422223, 7.73096414822535, 0.5917666666666656, 0.0], [-7.378847780595186, 2421.8282323081485, 0.0, 0.5917666666666656]]"
2026-07-26 02:20:00,54.96451817081219,15.644266654157581,76.42591493320559,parking,461.9316181362195,432.88196015269097,0.0,0.0,0.0,4.0,4.0,6.944444444444444e-05,6.944444444444444e-05,"[[16429897.527208593, 8519.986751680957, 2779.9630712422218, -7.378847780595186], [8519.986751680928, 16399731.327485774, 7.73096414822535, 2776.888232308148], [2779.9630712422218, 7.73096414822535, 0.6334333333333322, 0.0], [-7.378847780595186, 2776.888232308148, 0.0, 0.6334333333333322]]"
2026-07-26 02:30:00,54.96451817081219,15.644266654157581,76.42591493320559,parking,461.9316181362195,432.88196015269097,0.0,0.0,0.0,4.0,4.0,6.944444444444444e-05,6.944444444444444e-05,"[[19996289.21269926, 8731.256572259057, 3160.0230712422212, -7.378847780595186], [8731.256572259026, 19962433.20625555, 7.73096414822535, 3156.9482323081475], [3160.0230712422212, 7.73096414822535, 0.6750999999999988, 0.0], [-7.378847780595186, 3156.9482323081475, 0.0, 0.6750999999999988]]"
2026-07-26 02:40:00,54.96451817081219,15.644266654157581,76.42591493320559,parking,461.9316181362195,432.88196015269097,0.0,0.0,0.0,4.0,4.0,6.944444444444444e-05,6.944444444444444e-05,"[[24033752.89818993, 8942.526392837157, 3565.0830712422207, -7.378847780595186], [8942.526392837124, 23996207.08502533, 7.73096414822535, 3562.008232308147], [3565.0830712422207, 7.73096414822535, 0.7167666666666654, 0.0], [-7.378847780595186, 3562.008232308147, 0.0, 0.7167666666666654]]"
2026-07-26 02:50:00,54.96451817081219,15.644266654157581,76.42591493320559,parking,461.9316181362195,432.88196015269097,0.0,0.0,0.0,4.0,4.0,6.944444444444444e-05,6.944444444444444e-05,"[[28572288.583680596, 9153.796213415257, 3995.1430712422202, -7.378847780595186], [9153.796213415222, 28531052.963795107, 7.73096414822535, 3992.0682323081464], [3995.1430712422202, 7.73096414822535, 0.7584333333333321, 0.0], [-7.378847780595186, 3992.0682323081464, 0.0, 0.7584333333333321]]"
2026-07-26 03:00:00,54.96451817081219,15.644266654157581,76.42591493320559,parking,461.9316181362195,432.88196015269097,0.0,0.0,0.0,4.0,4.0,6.944444444444444e-05,6.944444444444444e-05,"[[33641896.26917126, 9365.066033993357, 4450.203071242219, -7.378847780595186], [9365.06603399332, 33596970.84256488, 7.73096414822535, 4447.128232308146], [4450.203071242219, 7.73096414822535, 0.8000999999999987, 0.0], [-7.378847780595186, 4447.128232308146, 0.0, 0.8000999999999987]]"
2026-07-26 03:10:00,54.96451817081219,15.644266654157581,76.42591493320559,parking,461.9316181362195,432.88196015269097,0.0,0.0,0.0,4.0,4.0,6.944444444444444e-05,6.944444444444444e-05,"[[39272575.95466193, 9576.335854571456, 4930.263071242219, -7.378847780595186], [9576.335854571418, 39223960.72133465, 7.73096414822535, 4927.188232308145], [4930.263071242219, 7.73096414822535, 0.8417666666666653, 0.0], [-7.378847780595186, 4927.188232308145, 0.0, 0.8417666666666653]]"
2026-07-26 03:20:00,54.96451817081219,15.644266654157581,76.42591493320559,parking,461.9316181362195,432.88196015269097,0.0,0.0,0.0,4.0,4.0,6.944444444444444e-05,6.944444444444444e-05,"[[45494327.640152596, 9787.605675149556, 5435.323071242218, -7.378847780595186], [9787.605675149516, 45442022.60010442, 7.73096414822535, 5432.248232308145], [5435.323071242218, 7.73096414822535, 0.883433333333332, 0.0], [-7.378847780595186, 5432.248232308145, 0.0, 0.883433333333332]]"
2026-07-26 03:30:00,54.96451817081219,15.644266654157581,76.42591493320559,parking,461.9316181362195,432.88196015269097,0.0,0.0,0.0,4.0,4.0,6.944444444444444e-05,6.944444444444444e-05,"[[52337151.325643264, 9998.875495727656, 5965.383071242218, -7.378847780595186], [9998.875495727614, 52281156.47887419, 7.73096414822535, 5962.308232308144], [5965.383071242218, 7.73096414822535, 0.9250999999999986, 0.0], [-7.378847780595186, 5962.308232308144, 0.0, 0.9250999999999986]]"
2026-07-26 03:40:00,54.96451817081219,15.644266654157581,76.42591493320559,parking,461.9316181362195,432.88196015269097,0.0,0.0,0.0,4.0,4.0,6.944444444444444e-05,6.944444444444444e-05,"[[59831047.01113393, 10210.145316305756, 6520.443071242217, -7.378847780595186], [10210.145316305712, 59771362.35764396, 7.73096414822535, 6517.368232308144], [6520.443071242217, 7.73096414822535, 0.9667666666666652, 0.0], [-7.378847780595186, 6517.368232308144, 0.0, 0.9667666666666652]]"
2026-07-26 03:50:00,54.96451817081219,15.644266654157581,76.42591493320559,parking,461.9316181362195,432.88196015269097,0.0,0.0,0.0,4.0,4.0,6.944444444444444e-05,6.944444444444444e-05,"[[68006014.69662459, 10421.415136883856, 7100.503071242217, -7.378847780595186], [10421.41513688381, 67942640.23641373, 7.73096414822535, 7097.428232308143], [7100.503071242217, 7.73096414822535, 1.008433333333332, 0.0], [-7.378847780595186, 7097.428232308143, 0.0, 1.008433333333332]]"
2026-07-26 04:00:00,54.96451817081219,15.644266654157581,76.42591493320559,parking,461.9316181362195,432.88196015269097,0.0,0.0,0.0,4.0,4.0,6.944444444444444e-05,6.944444444444444e-05,"[[76892054.38211526, 10632.684957461955, 7705.563071242216, -7.378847780595186], [10632.684957461908, 76824990.11518352, 7.73096414822535, 7702.488232308143], [7705.563071242216, 7.73096414822535, 1.0500999999999987, 0.0], [-7.378847780595186, 7702.488232308143, 0.0, 1.0500999999999987]]"
2026-07-26 04:10:00,54.96451817081219,15.644266654157581,76.42591493320559,parking,461.9316181362195,432.88196015269097,0.0,0.0,0.0,4.0,4.0,6.944444444444444e-05,6.944444444444444e-05,"[[86519166.06760593, 10843.954778040055, 8335.623071242215, -7.378847780595186], [10843.954778040006, 86448411.99395329, 7.73096414822535, 8332.548232308141], [8335.623071242215, 7.73096414822535, 1.0917666666666654, 0.0], [-7.378847780595186, 8332.548232308141, 0.0, 1.0917666666666654]]"
2026-07-26 04:20:00,54.96451817081219,15.644266654157581,76.42591493320559,parking,461.9316181362195,432.88196015269097,0.0,0.0,0.0,4.0,4.0,6.944444444444444e-05,6.944444444444444e-05,"[[96917349.7530966, 11055.224598618155, 8990.683071242214, -7.378847780595186], [11055.224598618104, 96842905.87272304, 7.73096414822535, 8987.608232308141], [8990.683071242214, 7.73096414822535, 1.1334333333333322, 0.0], [-7.378847780595186, 8987.608232308141, 0.0, 1.1334333333333322]]"
2026-07-26 04:30:00,54.96451817081219,15.644266654157581,76.42591493320559,parking,461.9316181362195,432.88196015269097,0.0,0.0,0.0,4.0,4.0,6.944444444444444e-05,6.944444444444444e-05,"[[108116605.43858726, 11266.494419196255, 9670.743071242214, -7.378847780595186], [11266.494419196202, 108038471.7514928, 7.73096414822535, 9667.66823230814], [9670.743071242214, 7.73096414822535, 1.175099999999999, 0.0], [-7.378847780595186, 9667.66823230814, 0.0, 1.175099999999999]]"
2026-07-26 04:40:00,54.96451817081219,15.644266654157581,76.42591493320559,parking,461.9316181362195,432.88196015269097,0.0,0.0,0.0,4.0,4.0,6.944444444444444e-05,6.944444444444444e-05,"[[120146933.12407793, 11477.764239774355, 10375.803071242213, -7.378847780595186], [11477.7642397743, 120065109.63026255, 7.73096414822535, 10372.72823230814], [10375.803071242213, 7.73096414822535, 1.2167666666666657, 0.0], [-7.378847780595186, 10372.72823230814, 0.0, 1.2167666666666657]]"
2026-07-26 04:50:00,54.96451817081219,15.644266654157581,76.42591493320559,parking,461.9316181362195,432.88196015269097,0.0,0.0,0.0,4.0,4.0,6.944444444444444e-05,6.944444444444444e-05,"[[133038332.8095686, 11689.034060352455, 11105.863071242213, -7.378847780595186], [11689.034060352398, 132952819.50903231, 7.73096414822535, 11102.78823230814], [11105.863071242213, 7.73096414822535, 1.2584333333333324, 0.0], [-7.378847780595186, 11102.78823230814, 0.0, 1.2584333333333324]]"
2026-07-26 05:00:00,54.96451817081219,15.644266654157581,76.42591493320559,parking,461.9316181362195,432.88196015269097,0.0,0.0,0.0,4.0,4.0,6.944444444444444e-05,6.944444444444444e-05,"[[146820804.49505925, 11900.303880930554, 11860.923071242212, -7.378847780595186], [11900.303880930496, 146731601.38780206, 7.73096414822535, 11857.848232308139], [11860.923071242212, 7.73096414822535, 1.3000999999999991, 0.0], [-7.378847780595186, 11857.848232308139, 0.0, 1.3000999999999991]]"
2026-07-26 05:10:00,54.96451817081219,15.644266654157581,76.42591493320559,parking,461.9316181362195,432.88196015269097,0.0,0.0,0.0,4.0,4.0,6.944444444444444e-05,6.944444444444444e-05,"[[161524348.18054992, 12111.573701508654, 12640.983071242212, -7.378847780595186], [12111.573701508594, 161431455.26657182, 7.73096414822535, 12637.908232308138], [12640.983071242212, 7.73096414822535, 1.3417666666666659, 0.0], [-7.378847780595186, 12637.908232308138, 0.0, 1.3417666666666659]]"
2026-07-26 05:20:00,54.96451817081219,15.644266654157581,76.42591493320559,parking,461.9316181362195,432.88196015269097,0.0,0.0,0.0,4.0,4.0,6.944444444444444e-05,6.944444444444444e-05,"[[177178963.8660406, 12322.843522086752, 13446.043071242211, -7.378847780595186], [12322.843522086692, 177082381.14534158, 7.73096414822535, 13442.968232308138], [13446.043071242211, 7.73096414822535, 1.3834333333333326, 0.0], [-7.378847780595186, 13442.968232308138, 0.0, 1.3834333333333326]]"
2026-07-26 05:30:00,54.96451817081219,15.644266654157581,76.42591493320559,parking,461.9316181362195,432.88196015269097,0.0,0.0,0.0,4.0,4.0,6.944444444444444e-05,6.944444444444444e-05,"[[193814651.55153126, 12534.11334266485, 14276.10307124221, -7.378847780595186], [12534.11334266479, 193714379.02411133, 7.73096414822535, 14273.028232308137], [14276.10307124221, 7.73096414822535, 1.4250999999999994, 0.0], [-7.378847780595186, 14273.028232308137, 0.0, 1.4250999999999994]]"
2026-07-26 05:40:00,54.96451817081219,15.644266654157581,76.42591493320559,parking,461.9316181362195,432.88196015269097,0.0,0.0,0.0,4.0,4.0,6.944444444444444e-05,6.944444444444444e-05,"[[211461411.23702192, 12745.383163242948, 15131.16307124221, -7.378847780595186], [12745.383163242888, 211357448.9028811, 7.73096414822535, 15128.088232308137], [15131.16307124221, 7.73096414822535, 1.466766666666666, 0.0], [-7.378847780595186, 15128.088232308137, 0.0, 1.466766666666666]]"
2026-07-26 05:50:00,54.96451817081219,15.644266654157581,76.42591493320559,parking,461.9316181362195,432.88196015269097,0.0,0.0,0.0,4.0,4.0,6.944444444444444e-05,6.944444444444444e-05,"[[230149242.9225126, 12956.652983821046, 16011.22307124221, -7.378847780595186], [12956.652983820988, 230041590.78165084, 7.73096414822535, 16008.148232308136], [16011.22307124221, 7.73096414822535, 1.5084333333333328, 0.0], [-7.378847780595186, 16008.148232308136, 0.0, 1.5084333333333328]]"
2026-07-26 06:00:00,54.96451817081219,15.644266654157581,76.42591493320559,parking,461.9316181362195,432.88196015269097,0.0,0.0,0.0,4.0,4.0,6.944444444444444e-05,6.944444444444444e-05,"[[249908146.60800326, 13167.922804399144, 16916.28307124221, -7.378847780595186], [13167.922804399088, 249796804.6604206, 7.73096414822535, 16913.208232308138], [16916.28307124221, 7.73096414822535, 1.5500999999999996, 0.0], [-7.378847780595186, 16913.208232308138, 0.0, 1.5500999999999996]]"
2026-07-26 06:10:00,54.96451817081219,15.644266654157581,76.42591493320559,parking,461.9316181362195,432.88196015269097,0.0,0.0,0.0,4.0,4.0,6.944444444444444e-05,6.944444444444444e-05,"[[270768122.2934939, 13379.192624977242, 17846.343071242212, -7.378847780595186], [13379.192624977188, 270653090.53919035, 7.73096414822535, 17843.26823230814], [17846.343071242212, 7.73096414822535, 1.5917666666666663, 0.0], [-7.378847780595186, 17843.26823230814, 0.0, 1.5917666666666663]]"
2026-07-26 06:20:00,54.96451817081219,15.644266654157581,76.42591493320559,parking,461.9316181362195,432.88196015269097,0.0,0.0,0.0,4.0,4.0,6.944444444444444e-05,6.944444444444444e-05,"[[292759169.97898453, 13590.46244555534, 18801.403071242214, -7.378847780595186], [13590.462445555288, 292640448.4179601, 7.73096414822535, 18798.32823230814], [18801.403071242214, 7.73096414822535, 1.633433333333333, 0.0], [-7.378847780595186, 18798.32823230814, 0.0, 1.633433333333333]]"
2026-07-26 06:30:00,54.96451817081219,15.644266654157581,76.42591493320559,parking,461.9316181362195,432.88196015269097,0.0,0.0,0.0,4.0,4.0,6.944444444444444e-05,6.944444444444444e-05,"[[315911289.66447514, 13801.732266133438, 19781.463071242215, -7.378847780595186], [13801.732266133387, 315788878.29672986, 7.73096414822535, 19778.38823230814], [19781.463071242215, 7.73096414822535, 1.6750999999999998, 0.0], [-7.378847780595186, 19778.38823230814, 0.0, 1.6750999999999998]]"
2026-07-26 06:40:00,54.96451817081219,15.644266654157581,76.42591493320559,parking,461.9316181362195,432.88196015269097,0.0,0.0,0.0,4.0,4.0,6.944444444444444e-05,6.944444444444444e-05,"[[340254481.34996575, 14013.002086711536, 20786.523071242216, -7.378847780595186], [14013.002086711487, 340128380.1754996, 7.73096414822535, 20783.448232308143], [20786.523071242216, 7.73096414822535, 1.7167666666666666, 0.0], [-7.378847780595186, 20783.448232308143, 0.0, 1.7167666666666666]]"
2026-07-26 06:50:00,54.96451817081219,15.644266654157581,76.42591493320559,parking,461.9316181362195,432.88196015269097,0.0,0.0,0.0,4.0,4.0,6.944444444444444e-05,6.944444444444444e-05,"[[365818745.03545636, 14224.271907289634, 21816.583071242218, -7.378847780595186], [14224.271907289587, 365688954.0542694, 7.73096414822535, 21813.508232308144], [21816.583071242218, 7.73096414822535, 1.7584333333333333, 0.0], [-7.378847780595186, 21813.508232308144, 0.0, 1.7584333333333333]]"
2026-07-26 07:00:00,54.96451817081219,15.644266654157581,76.42591493320559,parking,461.9316181362195,432.88196015269097,0.0,0.0,0.0,4.0,4.0,6.944444444444444e-05,6.944444444444444e-05,"[[392634080.72094697, 14435.541727867732, 22871.64307124222, -7.378847780595186], [14435.541727867687, 392500599.9330391, 7.73096414822535, 22868.568232308146], [22871.64307124222, 7.73096414822535, 1.8001, 0.0], [-7.378847780595186, 22868.568232308146, 0.0, 1.8001]]"
2026-07-26 07:10:00,54.96451817081219,15.644266654157581,76.42591493320559,parking,461.9316181362195,432.88196015269097,0.0,0.0,0.0,4.0,4.0,6.944444444444444e-05,6.944444444444444e-05,"[[420730488.4064376, 14646.81154844583, 23951.70307124222, -7.378847780595186], [14646.811548445787, 420593317.8118089, 7.73096414822535, 23948.628232308147], [23951.70307124222, 7.73096414822535, 1.8417666666666668, 0.0], [-7.378847780595186, 23948.628232308147, 0.0, 1.8417666666666668]]"
2026-07-26 07:20:00,54.96451817081219,15.644266654157581,76.42591493320559,parking,461.9316181362195,432.88196015269097,0.0,0.0,0.0,4.0,4.0,6.944444444444444e-05,6.944444444444444e-05,"[[450137968.0919282, 14858.081369023928, 25056.76307124222, -7.378847780595186], [14858.081369023887, 449997107.69057864, 7.73096414822535, 25053.688232308148], [25056.76307124222, 7.73096414822535, 1.8834333333333335, 0.0], [-7.378847780595186, 25053.688232308148, 0.0, 1.8834333333333335]]"
2026-07-26 07:30:00,54.96451817081219,15.644266654157581,76.42591493320559,parking,461.9316181362195,432.88196015269097,0.0,0.0,0.0,4.0,4.0,6.944444444444444e-05,6.944444444444444e-05,"[[480886519.7774188, 15069.351189602026, 26186.823071242223, -7.378847780595186], [15069.351189601986, 480741969.5693484, 7.73096414822535, 26183.74823230815], [26186.823071242223, 7.73096414822535, 1.9251000000000003, 0.0], [-7.378847780595186, 26183.74823230815, 0.0, 1.9251000000000003]]"
2026-07-26 07:40:00,54.96451817081219,15.644266654157581,76.42591493320559,parking,461.9316181362195,432.88196015269097,0.0,0.0,0.0,4.0,4.0,6.944444444444444e-05,6.944444444444444e-05,"[[513006143.46290946, 15280.621010180124, 27341.883071242224, -7.378847780595186], [15280.621010180086, 512857903.44811815, 7.73096414822535, 27338.80823230815], [27341.883071242224, 7.73096414822535, 1.966766666666667, 0.0], [-7.378847780595186, 27338.80823230815, 0.0, 1.966766666666667]]"
2026-07-26 07:50:00,54.96451817081219,15.644266654157581,76.42591493320559,parking,461.9316181362195,432.88196015269097,0.0,0.0,0.0,4.0,4.0,6.944444444444444e-05,6.944444444444444e-05,"[[546526839.1484002, 15491.890830758222, 28521.943071242225, -7.378847780595186], [15491.890830758186, 546374909.326888, 7.73096414822535, 28518.868232308152], [28521.943071242225, 7.73096414822535, 2.0084333333333335, 0.0], [-7.378847780595186, 28518.868232308152, 0.0, 2.0084333333333335]]"
2026-07-26 08:00:00,54.96451817081219,15.644266654157581,76.42591493320559,parking,461.9316181362195,432.88196015269097,0.0,0.0,0.0,4.0,4.0,6.944444444444444e-05,6.944444444444444e-05,"[[581478606.8338908, 15703.16065133632, 29727.003071242227, -7.378847780595186], [15703.160651336286, 581322987.2056578, 7.73096414822535, 29723.928232308153], [29727.003071242227, 7.73096414822535, 2.0501, 0.0], [-7.378847780595186, 29723.928232308153, 0.0, 2.0501]]"
2026-07-26 08:10:00,54.96451817081219,15.644266654157581,76.42591493320559,parking,461.9316181362195,432.88196015269097,0.0,0.0,0.0,4.0,4.0,6.944444444444444e-05,6.944444444444444e-05,"[[617891446.5193814, 15914.430471914418, 30957.063071242228, -7.378847780595186], [15914.430471914386, 617732137.0844277, 7.73096414822535, 30953.988232308155], [30957.063071242228, 7.73096414822535, 2.0917666666666666, 0.0], [-7.378847780595186, 30953.988232308155, 0.0, 2.0917666666666666]]"
2026-07-26 08:20:00,54.96451817081219,15.644266654157581,76.42591493320559,parking,461.9316181362195,432.88196015269097,0.0,0.0,0.0,4.0,4.0,6.944444444444444e-05,6.944444444444444e-05,"[[655795358.204872, 16125.700292492516, 32212.12307124223, -7.378847780595186], [16125.700292492485, 655632358.9631976, 7.73096414822535, 32209.048232308156], [32212.12307124223, 7.73096414822535, 2.133433333333333, 0.0], [-7.378847780595186, 32209.048232308156, 0.0, 2.133433333333333]]"
2026-07-26 08:30:00,54.96451817081219,15.644266654157581,76.42591493320559,parking,461.9316181362195,432.88196015269097,0.0,0.0,0.0,4.0,4.0,6.944444444444444e-05,6.944444444444444e-05,"[[695220341.8903626, 16336.970113070614, 33492.18307124223, -7.378847780595186], [16336.970113070585, 695053652.8419675, 7.73096414822535, 33489.10823230816], [33492.18307124223, 7.73096414822535, 2.1750999999999996, 0.0], [-7.378847780595186, 33489.10823230816, 0.0, 2.1750999999999996]]"
2026-07-26 08:40:00,54.96451817081219,15.644266654157581,76.42591493320559,parking,461.9316181362195,432.88196015269097,0.0,0.0,0.0,4.0,4.0,6.944444444444444e-05,6.944444444444444e-05,"[[736196397.5758532, 16548.23993364871, 34797.24307124223, -7.378847780595186], [16548.239933648685, 736026018.7207373, 7.73096414822535, 34794.168232308155], [34797.24307124223, 7.73096414822535, 2.216766666666666, 0.0], [-7.378847780595186, 34794.168232308155, 0.0, 2.216766666666666]]"
2026-07-26 08:50:00,54.96451817081219,15.644266654157581,76.42591493320559,parking,461.9316181362195,432.88196015269097,0.0,0.0,0.0,4.0,4.0,6.944444444444444e-05,6.944444444444444e-05,"[[778753525.2613438, 16759.50975422681, 36127.303071242226, -7.378847780595186], [16759.509754226783, 778579456.5995072, 7.73096414822535, 36124.22823230815], [36127.303071242226, 7.73096414822535, 2.2584333333333326, 0.0], [-7.378847780595186, 36124.22823230815, 0.0, 2.2584333333333326]]"
2026-07-26 09:00:00,54.96451817081219,15.644266654157581,76.42591493320559,parking,461.9316181362195,432.88196015269097,0.0,0.0,0.0,4.0,4.0,6.944444444444444e-05,6.944444444444444e-05,"[[822921724.9468344, 16970.779574804907, 37482.363071242224, -7.378847780595186], [16970.77957480488, 822743966.4782771, 7.73096414822535, 37479.28823230815], [37482.363071242224, 7.73096414822535, 2.300099999999999, 0.0], [-7.378847780595186, 37479.28823230815, 0.0, 2.300099999999999]]"
2026-07-26 09:10:00,54.96451817081219,15.644266654157581,76.42591493320559,parking,461.9316181362195,432.88196015269097,0.0,0.0,0.0,4.0,4.0,6.944444444444444e-05,6.944444444444444e-05,"[[868730996.632325, 17182.049395383005, 38862.42307124222, -7.378847780595186], [17182.04939538298, 868549548.357047, 7.73096414822535, 38859.34823230815], [38862.42307124222, 7.73096414822535, 2.3417666666666657, 0.0], [-7.378847780595186, 38859.34823230815, 0.0, 2.3417666666666657]]"
2026-07-26 09:20:00,54.96451817081219,15.644266654157581,76.42591493320559,parking,461.9316181362195,432.88196015269097,0.0,0.0,0.0,4.0,4.0,6.944444444444444e-05,6.944444444444444e-05,"[[916211340.3178157, 17393.319215961103, 40267.48307124222, -7.378847780595186], [17393.319215961077, 916026202.2358168, 7.73096414822535, 40264.408232308146], [40267.48307124222, 7.73096414822535, 2.383433333333332, 0.0], [-7.378847780595186, 40264.408232308146, 0.0, 2.383433333333332]]"
2026-07-26 09:30:00,54.96451817081219,15.644266654157581,76.42591493320559,parking,461.9316181362195,432.88196015269097,0.0,0.0,0.0,4.0,4.0,6.944444444444444e-05,6.944444444444444e-05,"[[965392756.0033063, 17604.5890365392, 41697.54307124222, -7.378847780595186], [17604.589036539175, 965203928.1145867, 7.73096414822535, 41694.46823230814], [41697.54307124222, 7.73096414822535, 2.4250999999999987, 0.0], [-7.378847780595186, 41694.46823230814, 0.0, 2.4250999999999987]]"
2026-07-26 09:40:00,54.96451817081219,15.644266654157581,76.42591493320559,parking,461.9316181362195,432.88196015269097,0.0,0.0,0.0,4.0,4.0,6.944444444444444e-05,6.944444444444444e-05,"[[1016305243.6887969, 17815.8588571173, 43152.603071242214, -7.378847780595186], [17815.858857117273, 1016112725.9933566, 7.73096414822535, 43149.52823230814], [43152.603071242214, 7.73096414822535, 2.466766666666665, 0.0], [-7.378847780595186, 43149.52823230814, 0.0, 2.466766666666665]]"
2026-07-26 09:50:00,54.96451817081219,15.644266654157581,76.42591493320559,parking,461.9316181362195,432.88196015269097,0.0,0.0,0.0,4.0,4.0,6.944444444444444e-05,6.944444444444444e-05,"[[1068978803.3742875, 18027.128677695397, 44632.66307124221, -7.378847780595186], [18027.12867769537, 1068782595.8721265, 7.73096414822535, 44629.58823230814], [44632.66307124221, 7.73096414822535, 2.5084333333333317, 0.0], [-7.378847780595186, 44629.58823230814, 0.0, 2.5084333333333317]]"
2026-07-26 10:00:00,54.96451817081219,15.644266654157581,76.42591493320559,parking,461.9316181362195,432.88196015269097,0.0,0.0,0.0,4.0,4.0,6.944444444444444e-05,6.944444444444444e-05,"[[1123443435.0597782, 18238.398498273495, 46137.72307124221, -7.378847780595186], [18238.39849827347, 1123243537.7508962, 7.73096414822535, 46134.648232308136], [46137.72307124221, 7.73096414822535, 2.5500999999999983, 0.0], [-7.378847780595186, 46134.648232308136, 0.0, 2.5500999999999983]]"
2026-07-26 10:10:00,54.96451817081219,15.644266654157581,76.42591493320559,parking,461.9316181362195,432.88196015269097,0.0,0.0,0.0,4.0,4.0,6.944444444444444e-05,6.944444444444444e-05,"[[1179729138.7452688, 18449.668318851593, 47667.78307124221, -7.378847780595186], [18449.668318851567, 1179525551.629666, 7.73096414822535, 47664.708232308134], [47667.78307124221, 7.73096414822535, 2.5917666666666648, 0.0], [-7.378847780595186, 47664.708232308134, 0.0, 2.5917666666666648]]"
2026-07-26 10:20:00,54.96451817081219,15.644266654157581,76.42591493320559,parking,461.9316181362195,432.88196015269097,0.0,0.0,0.0,4.0,4.0,6.944444444444444e-05,6.944444444444444e-05,"[[1237865914.4307594, 18660.93813942969, 49222.843071242205, -7.378847780595186], [18660.938139429665, 1237658637.508436, 7.73096414822535, 49219.76823230813], [49222.843071242205, 7.73096414822535, 2.6334333333333313, 0.0], [-7.378847780595186, 49219.76823230813, 0.0, 2.6334333333333313]]"
2026-07-26 10:30:00,54.96451817081219,15.644266654157581,76.42591493320559,parking,461.9316181362195,432.88196015269097,0.0,0.0,0.0,4.0,4.0,6.944444444444444e-05,6.944444444444444e-05,"[[1297883762.11625, 18872.20796000779, 50802.9030712422, -7.378847780595186], [18872.207960007763, 1297672795.3872058, 7.73096414822535, 50799.82823230813], [50802.9030712422, 7.73096414822535, 2.675099999999998, 0.0], [-7.378847780595186, 50799.82823230813, 0.0, 2.675099999999998]]"
2026-07-26 10:40:00,54.96451817081219,15.644266654157581,76.42591493320559,parking,461.9316181362195,432.88196015269097,0.0,0.0,0.0,4.0,4.0,6.944444444444444e-05,6.944444444444444e-05,"[[1359812681.8017406, 19083.477780585887, 52407.9630712422, -7.378847780595186], [19083.47778058586, 1359598025.2659757, 7.73096414822535, 52404.88823230813], [52407.9630712422, 7.73096414822535, 2.7167666666666643, 0.0], [-7.378847780595186, 52404.88823230813, 0.0, 2.7167666666666643]]"
2026-07-26 10:50:00,54.96451817081219,15.644266654157581,76.42591493320559,parking,461.9316181362195,432.88196015269097,0.0,0.0,0.0,4.0,4.0,6.944444444444444e-05,6.944444444444444e-05,"[[1423682673.4872313, 19294.747601163985, 54038.0230712422, -7.378847780595186], [19294.74760116396, 1423464327.1447456, 7.73096414822535, 54034.948232308125], [54038.0230712422, 7.73096414822535, 2.758433333333331, 0.0], [-7.378847780595186, 54034.948232308125, 0.0, 2.758433333333331]]"
2026-07-26 11:00:00,54.96451817081219,15.644266654157581,76.42591493320559,parking,461.9316181362195,432.88196015269097,0.0,0.0,0.0,4.0,4.0,6.944444444444444e-05,6.944444444444444e-05,"[[1489523737.1727219, 19506.017421742083, 55693.083071242196, -7.378847780595186], [19506.017421742057, 1489301701.0235155, 7.73096414822535, 55690.00823230812], [55693.083071242196, 7.73096414822535, 2.8000999999999974, 0.0], [-7.378847780595186, 55690.00823230812, 0.0, 2.8000999999999974]]"
2026-07-26 11:10:00,54.96451817081219,15.644266654157581,76.42591493320559,parking,461.9316181362195,432.88196015269097,0.0,0.0,0.0,4.0,4.0,6.944444444444444e-05,6.944444444444444e-05,"[[1557365872.8582125, 19717.28724232018, 57373.14307124219, -7.378847780595186], [19717.287242320155, 1557140146.9022853, 7.73096414822535, 57370.06823230812], [57373.14307124219, 7.73096414822535, 2.841766666666664, 0.0], [-7.378847780595186, 57370.06823230812, 0.0, 2.841766666666664]]"
2026-07-26 11:20:00,54.96451817081219,15.644266654157581,76.42591493320559,parking,461.9316181362195,432.88196015269097,0.0,0.0,0.0,4.0,4.0,6.944444444444444e-05,6.944444444444444e-05,"[[1627239080.543703, 19928.55706289828, 59078.20307124219, -7.378847780595186], [19928.557062898253, 1627009664.7810552, 7.73096414822535, 59075.12823230812], [59078.20307124219, 7.73096414822535, 2.8834333333333304, 0.0], [-7.378847780595186, 59075.12823230812, 0.0, 2.8834333333333304]]"
2026-07-26 11:30:00,54.96451817081219,15.644266654157581,76.42591493320559,parking,461.9316181362195,432.88196015269097,0.0,0.0,0.0,4.0,4.0,6.944444444444444e-05,6.944444444444444e-05,"[[1699173360.2291937, 20139.826883476377, 60808.26307124219, -7.378847780595186], [20139.82688347635, 1698940254.659825, 7.73096414822535, 60805.188232308115], [60808.26307124219, 7.73096414822535, 2.925099999999997, 0.0], [-7.378847780595186, 60805.188232308115, 0.0, 2.925099999999997]]"
2026-07-26 11:40:00,54.96451817081219,15.644266654157581,76.42591493320559,parking,461.9316181362195,432.88196015269097,0.0,0.0,0.0,4.0,4.0,6.944444444444444e-05,6.944444444444444e-05,"[[1773198711.9146843, 20351.096704054475, 62563.32307124219, -7.378847780595186], [20351.09670405445, 1772961916.538595, 7.73096414822535, 62560.24823230811], [62563.32307124219, 7.73096414822535, 2.9667666666666634, 0.0], [-7.378847780595186, 62560.24823230811, 0.0, 2.9667666666666634]]"
2026-07-26 11:50:00,54.96451817081219,15.644266654157581,76.42591493320559,parking,461.9316181362195,432.88196015269097,0.0,0.0,0.0,4.0,4.0,6.944444444444444e-05,6.944444444444444e-05,"[[1849345135.600175, 20562.366524632573, 64343.383071242184, -7.378847780595186], [20562.366524632547, 1849104650.4173648, 7.73096414822535, 64340.30823230811], [64343.383071242184, 7.73096414822535, 3.00843333333333, 0.0], [-7.378847780595186, 64340.30823230811, 0.0, 3.00843333333333]]"
2026-07-26 12:00:00,54.96451817081219,15.644266654157581,76.42591493320559,parking,461.9316181362195,432.88196015269097,0.0,0.0,0.0,4.0,4.0,6.944444444444444e-05,6.944444444444444e-05,"[[1927642631.2856655, 20773.63634521067, 66148.44307124219, -7.378847780595186], [20773.636345210645, 1927398456.2961347, 7.73096414822535, 66145.36823230812], [66148.44307124219, 7.73096414822535, 3.0500999999999965, 0.0], [-7.378847780595186, 66145.36823230812, 0.0, 3.0500999999999965]]"
2026-07-26 12:10:00,54.96451817081219,15.644266654157581,76.42591493320559,parking,461.9316181362195,432.88196015269097,0.0,0.0,0.0,4.0,4.0,6.944444444444444e-05,6.944444444444444e-05,"[[2008121198.9711561, 20984.90616578877, 67978.50307124219, -7.378847780595186], [20984.906165788743, 2007873334.1749046, 7.73096414822535, 67975.42823230811], [67978.50307124219, 7.73096414822535, 3.091766666666663, 0.0], [-7.378847780595186, 67975.42823230811, 0.0, 3.091766666666663]]"
2026-07-26 12:20:00,54.96451817081219,15.644266654157581,76.42591493320559,parking,461.9316181362195,432.88196015269097,0.0,0.0,0.0,4.0,4.0,6.944444444444444e-05,6.944444444444444e-05,"[[2090810838.6566467, 21196.175986366867, 69833.56307124218, -7.378847780595186], [21196.17598636684, 2090559284.0536745, 7.73096414822535, 69830.48823230811], [69833.56307124218, 7.73096414822535, 3.1334333333333295, 0.0], [-7.378847780595186, 69830.48823230811, 0.0, 3.1334333333333295]]"
2026-07-26 12:30:00,54.96451817081219,15.644266654157581,76.42591493320559,parking,461.9316181362195,432.88196015269097,0.0,0.0,0.0,4.0,4.0,6.944444444444444e-05,6.944444444444444e-05,"[[2175741550.3421373, 21407.445806944965, 71713.62307124218, -7.378847780595186], [21407.44580694494, 2175486305.932444, 7.73096414822535, 71710.54823230811], [71713.62307124218, 7.73096414822535, 3.175099999999996, 0.0], [-7.378847780595186, 71710.54823230811, 0.0, 3.175099999999996]]"
2026-07-26 12:40:00,54.96451817081219,15.644266654157581,76.42591493320559,parking,461.9316181362195,432.88196015269097,0.0,0.0,0.0,4.0,4.0,6.944444444444444e-05,6.944444444444444e-05,"[[2262943334.027628, 21618.715627523063, 73618.68307124218, -7.378847780595186], [21618.715627523037, 2262684399.811214, 7.73096414822535, 73615.6082323081], [73618.68307124218, 7.73096414822535, 3.2167666666666626, 0.0], [-7.378847780595186, 73615.6082323081, 0.0, 3.2167666666666626]]"
2026-07-26 12:50:00,54.96451817081219,15.644266654157581,76.42591493320559,parking,461.9316181362195,432.88196015269097,0.0,0.0,0.0,4.0,4.0,6.944444444444444e-05,6.944444444444444e-05,"[[2352446189.7131186, 21829.98544810116, 75548.74307124218, -7.378847780595186], [21829.985448101135, 2352183565.689984, 7.73096414822535, 75545.6682323081], [75548.74307124218, 7.73096414822535, 3.258433333333329, 0.0], [-7.378847780595186, 75545.6682323081, 0.0, 3.258433333333329]]"
2026-07-26 13:00:00,54.96451817081219,15.644266654157581,76.42591493320559,parking,461.9316181362195,432.88196015269097,0.0,0.0,0.0,4.0,4.0,6.944444444444444e-05,6.944444444444444e-05,"[[2444280117.398609, 22041.25526867926, 77503.80307124218, -7.378847780595186], [22041.255268679233, 2444013803.5687537, 7.73096414822535, 77500.7282323081], [77503.80307124218, 7.73096414822535, 3.3000999999999956, 0.0], [-7.378847780595186, 77500.7282323081, 0.0, 3.3000999999999956]]"
2026-07-26 13:10:00,54.96451817081219,15.644266654157581,76.42591493320559,parking,461.9316181362195,432.88196015269097,0.0,0.0,0.0,4.0,4.0,6.944444444444444e-05,6.944444444444444e-05,"[[2538475117.0841, 22252.525089257357, 79483.86307124217, -7.378847780595186], [22252.52508925733, 2538205113.4475236, 7.73096414822535, 79480.7882323081], [79483.86307124217, 7.73096414822535, 3.341766666666662, 0.0], [-7.378847780595186, 79480.7882323081, 0.0, 3.341766666666662]]"
2026-07-26 13:20:00,54.96451817081219,15.644266654157581,76.42591493320559,parking,461.9316181362195,432.88196015269097,0.0,0.0,0.0,4.0,4.0,6.944444444444444e-05,6.944444444444444e-05,"[[2635061188.7695904, 22463.794909835455, 81488.92307124217, -7.378847780595186], [22463.79490983543, 2634787495.3262935, 7.73096414822535, 81485.8482323081], [81488.92307124217, 7.73096414822535, 3.3834333333333286, 0.0], [-7.378847780595186, 81485.8482323081, 0.0, 3.3834333333333286]]"
2026-07-26 13:30:00,54.96451817081219,15.644266654157581,76.42591493320559,parking,461.9316181362195,432.88196015269097,0.0,0.0,0.0,4.0,4.0,6.944444444444444e-05,6.944444444444444e-05,"[[2734068332.455081, 22675.064730413553, 83518.98307124217, -7.378847780595186], [22675.064730413527, 2733790949.2050633, 7.73096414822535, 83515.9082323081], [83518.98307124217, 7.73096414822535, 3.425099999999995, 0.0], [-7.378847780595186, 83515.9082323081, 0.0, 3.425099999999995]]"
2026-07-26 13:40:00,54.96451817081219,15.644266654157581,76.42591493320559,parking,461.9316181362195,432.88196015269097,0.0,0.0,0.0,4.0,4.0,6.944444444444444e-05,6.944444444444444e-05,"[[2835526548.1405716, 22886.33455099165, 85574.04307124217, -7.378847780595186], [22886.334550991625, 2835245475.083833, 7.73096414822535, 85570.96823230809], [85574.04307124217, 7.73096414822535, 3.4667666666666617, 0.0], [-7.378847780595186, 85570.96823230809, 0.0, 3.4667666666666617]]"
2026-07-26 13:50:00,54.96451817081219,15.644266654157581,76.42591493320559,parking,461.9316181362195,432.88196015269097,0.0,0.0,0.0,4.0,4.0,6.944444444444444e-05,6.944444444444444e-05,"[[2939465835.826062, 23097.60437156975, 87654.10307124216, -7.378847780595186], [23097.604371569723, 2939181072.962603, 7.73096414822535, 87651.02823230809], [87654.10307124216, 7.73096414822535, 3.508433333333328, 0.0], [-7.378847780595186, 87651.02823230809, 0.0, 3.508433333333328]]"
2026-07-26 14:00:00,54.96451817081219,15.644266654157581,76.42591493320559,parking,461.9316181362195,432.88196015269097,0.0,0.0,0.0,4.0,4.0,6.944444444444444e-05,6.944444444444444e-05,"[[3045916195.511553, 23308.874192147847, 89759.16307124216, -7.378847780595186], [23308.87419214782, 3045627742.841373, 7.73096414822535, 89756.08823230809], [89759.16307124216, 7.73096414822535, 3.5500999999999947, 0.0], [-7.378847780595186, 89756.08823230809, 0.0, 3.5500999999999947]]"
2026-07-26 14:10:00,54.96451817081219,15.644266654157581,76.42591493320559,parking,461.9316181362195,432.88196015269097,0.0,0.0,0.0,4.0,4.0,6.944444444444444e-05,6.944444444444444e-05,"[[3154907627.1970434, 23520.144012725945, 91889.22307124216, -7.378847780595186], [23520.14401272592, 3154615484.720143, 7.73096414822535, 91886.14823230809], [91889.22307124216, 7.73096414822535, 3.5917666666666612, 0.0], [-7.378847780595186, 91886.14823230809, 0.0, 3.5917666666666612]]"
2026-07-26 14:20:00,54.96451817081219,15.644266654157581,76.42591493320559,parking,461.9316181362195,432.88196015269097,0.0,0.0,0.0,4.0,4.0,6.944444444444444e-05,6.944444444444444e-05,"[[3266470130.882534, 23731.413833304043, 94044.28307124216, -7.378847780595186], [23731.413833304017, 3266174298.5989127, 7.73096414822535, 94041.20823230808], [94044.28307124216, 7.73096414822535, 3.6334333333333277, 0.0], [-7.378847780595186, 94041.20823230808, 0.0, 3.6334333333333277]]"
2026-07-26 14:30:00,54.96451817081219,15.644266654157581,76.42591493320559,parking,461.9316181362195,432.88196015269097,0.0,0.0,0.0,4.0,4.0,6.944444444444444e-05,6.944444444444444e-05,"[[3380633706.5680246, 23942.68365388214, 96224.34307124215, -7.378847780595186], [23942.683653882115, 3380334184.4776826, 7.73096414822535, 96221.26823230808], [96224.34307124215, 7.73096414822535, 3.6750999999999943, 0.0], [-7.378847780595186, 96221.26823230808, 0.0, 3.6750999999999943]]"
2026-07-26 14:40:00,54.96451817081219,15.644266654157581,76.42591493320559,parking,461.9316181362195,432.88196015269097,0.0,0.0,0.0,4.0,4.0,6.944444444444444e-05,6.944444444444444e-05,"[[3497428354.2535152, 24153.95347446024, 98429.40307124215, -7.378847780595186], [24153.953474460213, 3497125142.3564525, 7.73096414822535, 98426.32823230808], [98429.40307124215, 7.73096414822535, 3.716766666666661, 0.0], [-7.378847780595186, 98426.32823230808, 0.0, 3.716766666666661]]"
2026-07-26 14:50:00,54.96451817081219,15.644266654157581,76.42591493320559,parking,461.9316181362195,432.88196015269097,0.0,0.0,0.0,4.0,4.0,6.944444444444444e-05,6.944444444444444e-05,"[[3616884073.939006, 24365.223295038337, 100659.46307124215, -7.378847780595186], [24365.22329503831, 3616577172.2352223, 7.73096414822535, 100656.38823230808], [100659.46307124215, 7.73096414822535, 3.7584333333333273, 0.0], [-7.378847780595186, 100656.38823230808, 0.0, 3.7584333333333273]]"
2026-07-26 15:00:00,54.96451817081219,15.644266654157581,76.42591493320559,parking,461.9316181362195,432.88196015269097,0.0,0.0,0.0,4.0,4.0,6.944444444444444e-05,6.944444444444444e-05,"[[3739030865.6244965, 24576.493115616435, 102914.52307124215, -7.378847780595186], [24576.49311561641, 3738720274.113992, 7.73096414822535, 102911.44823230807], [102914.52307124215, 7.73096414822535, 3.800099999999994, 0.0], [-7.378847780595186, 102911.44823230807, 0.0, 3.800099999999994]]"
2026-07-26 15:10:00,54.96451817081219,15.644266654157581,76.42591493320559,parking,461.9316181362195,432.88196015269097,0.0,0.0,0.0,4.0,4.0,6.944444444444444e-05,6.944444444444444e-05,"[[3863898729.309987, 24787.762936194533, 105194.58307124214, -7.378847780595186], [24787.762936194507, 3863584447.992762, 7.73096414822535, 105191.50823230807], [105194.58307124214, 7.73096414822535, 3.8417666666666603, 0.0], [-7.378847780595186, 105191.50823230807, 0.0, 3.8417666666666603]]"
2026-07-26 15:20:00,54.96451817081219,15.644266654157581,76.42591493320559,parking,461.9316181362195,432.88196015269097,0.0,0.0,0.0,4.0,4.0,6.944444444444444e-05,6.944444444444444e-05,"[[3991517664.9954777, 24999.03275677263, 107499.64307124214, -7.378847780595186], [24999.032756772605, 3991199693.871532, 7.73096414822535, 107496.56823230807], [107499.64307124214, 7.73096414822535, 3.883433333333327, 0.0], [-7.378847780595186, 107496.56823230807, 0.0, 3.883433333333327]]"
2026-07-26 15:30:00,54.96451817081219,15.644266654157581,76.42591493320559,parking,461.9316181362195,432.88196015269097,0.0,0.0,0.0,4.0,4.0,6.944444444444444e-05,6.944444444444444e-05,"[[4121917672.6809683, 25210.30257735073, 109829.70307124214, -7.378847780595186], [25210.302577350703, 4121596011.750302, 7.73096414822535, 109826.62823230807], [109829.70307124214, 7.73096414822535, 3.9250999999999934, 0.0], [-7.378847780595186, 109826.62823230807, 0.0, 3.9250999999999934]]"
2026-07-26 15:40:00,54.96451817081219,15.644266654157581,76.42591493320559,parking,461.9316181362195,432.88196015269097,0.0,0.0,0.0,4.0,4.0,6.944444444444444e-05,6.944444444444444e-05,"[[4255128752.366459, 25421.572397928827, 112184.76307124214, -7.378847780595186], [25421.5723979288, 4254803401.6290717, 7.73096414822535, 112181.68823230806], [112184.76307124214, 7.73096414822535, 3.96676666666666, 0.0], [-7.378847780595186, 112181.68823230806, 0.0, 3.96676666666666]]"
2026-07-26 15:50:00,54.96451817081219,15.644266654157581,76.42591493320559,parking,461.9316181362195,432.88196015269097,0.0,0.0,0.0,4.0,4.0,6.944444444444444e-05,6.944444444444444e-05,"[[4391180904.051949, 25632.842218506925, 114564.82307124214, -7.378847780595186], [25632.8422185069, 4390851863.507841, 7.73096414822535, 114561.74823230806], [114564.82307124214, 7.73096414822535, 4.008433333333326, 0.0], [-7.378847780595186, 114561.74823230806, 0.0, 4.008433333333326]]"
2026-07-26 16:00:00,54.96451817081219,15.644266654157581,76.42591493320559,parking,461.9316181362195,432.88196015269097,0.0,0.0,0.0,4.0,4.0,6.944444444444444e-05,6.944444444444444e-05,"[[4530104127.737438, 25844.112039085023, 116969.88307124213, -7.378847780595186], [25844.112039084997, 4529771397.38661, 7.73096414822535, 116966.80823230806], [116969.88307124213, 7.73096414822535, 4.050099999999993, 0.0], [-7.378847780595186, 116966.80823230806, 0.0, 4.050099999999993]]"
2026-07-26 16:10:00,54.96451817081219,15.644266654157581,76.42591493320559,parking,461.9316181362195,432.88196015269097,0.0,0.0,0.0,4.0,4.0,6.944444444444444e-05,6.944444444444444e-05,"[[4671928423.422928, 26055.38185966312, 119399.94307124213, -7.378847780595186], [26055.381859663095, 4671592003.265379, 7.73096414822535, 119396.86823230806], [119399.94307124213, 7.73096414822535, 4.09176666666666, 0.0], [-7.378847780595186, 119396.86823230806, 0.0, 4.09176666666666]]"
2026-07-26 16:20:00,54.96451817081219,15.644266654157581,76.42591493320559,parking,461.9316181362195,432.88196015269097,0.0,0.0,0.0,4.0,4.0,6.944444444444444e-05,6.944444444444444e-05,"[[4816683791.1084175, 26266.65168024122, 121855.00307124213, -7.378847780595186], [26266.651680241193, 4816343681.144148, 7.73096414822535, 121851.92823230806], [121855.00307124213, 7.73096414822535, 4.133433333333327, 0.0], [-7.378847780595186, 121851.92823230806, 0.0, 4.133433333333327]]"
2026-07-26 16:30:00,54.96451817081219,15.644266654157581,76.42591493320559,parking,461.9316181362195,432.88196015269097,0.0,0.0,0.0,4.0,4.0,6.944444444444444e-05,6.944444444444444e-05,"[[4964400230.793907, 26477.921500819317, 124335.06307124213, -7.378847780595186], [26477.92150081929, 4964056431.022917, 7.73096414822535, 124331.98823230805], [124335.06307124213, 7.73096414822535, 4.175099999999994, 0.0], [-7.378847780595186, 124331.98823230805, 0.0, 4.175099999999994]]"
2026-07-26 16:40:00,54.96451817081219,15.644266654157581,76.42591493320559,parking,461.9316181362195,432.88196015269097,0.0,0.0,0.0,4.0,4.0,6.944444444444444e-05,6.944444444444444e-05,"[[5115107742.479397, 26689.191321397415, 126840.12307124212, -7.378847780595186], [26689.19132139739, 5114760252.901686, 7.73096414822535, 126837.04823230805], [126840.12307124212, 7.73096414822535, 4.216766666666661, 0.0], [-7.378847780595186, 126837.04823230805, 0.0, 4.216766666666661]]"
2026-07-26 16:50:00,54.96451817081219,15.644266654157581,76.42591493320559,parking,461.9316181362195,432.88196015269097,0.0,0.0,0.0,4.0,4.0,6.944444444444444e-05,6.944444444444444e-05,"[[5268836326.164886, 26900.461141975513, 129370.18307124212, -7.378847780595186], [26900.461141975487, 5268485146.780455, 7.73096414822535, 129367.10823230805], [129370.18307124212, 7.73096414822535, 4.258433333333328, 0.0], [-7.378847780595186, 129367.10823230805, 0.0, 4.258433333333328]]"
2026-07-26 17:00:00,54.96451817081219,15.644266654157581,76.42591493320559,parking,461.9316181362195,432.88196015269097,0.0,0.0,0.0,4.0,4.0,6.944444444444444e-05,6.944444444444444e-05,"[[5425615981.850376, 27111.73096255361, 131925.24307124212, -7.378847780595186], [27111.730962553585, 5425261112.659224, 7.73096414822535, 131922.16823230803], [131925.24307124212, 7.73096414822535, 4.300099999999995, 0.0], [-7.378847780595186, 131922.16823230803, 0.0, 4.300099999999995]]"
2026-07-26 17:10:00,54.96451817081219,15.644266654157581,76.42591493320559,parking,461.9316181362195,432.88196015269097,0.0,0.0,0.0,4.0,4.0,6.944444444444444e-05,6.944444444444444e-05,"[[5585476709.535866, 27323.00078313171, 134505.30307124212, -7.378847780595186], [27323.000783131683, 5585118150.5379925, 7.73096414822535, 134502.22823230803], [134505.30307124212, 7.73096414822535, 4.341766666666662, 0.0], [-7.378847780595186, 134502.22823230803, 0.0, 4.341766666666662]]"
2026-07-26 17:20:00,54.96451817081219,15.644266654157581,76.42591493320559,parking,461.9316181362195,432.88196015269097,0.0,0.0,0.0,4.0,4.0,6.944444444444444e-05,6.944444444444444e-05,"[[5748448509.221355, 27534.270603709807, 137110.3630712421, -7.378847780595186], [27534.27060370978, 5748086260.416761, 7.73096414822535, 137107.28823230803], [137110.3630712421, 7.73096414822535, 4.383433333333329, 0.0], [-7.378847780595186, 137107.28823230803, 0.0, 4.383433333333329]]"
2026-07-26 17:30:00,54.96451817081219,15.644266654157581,76.42591493320559,parking,461.9316181362195,432.88196015269097,0.0,0.0,0.0,4.0,4.0,6.944444444444444e-05,6.944444444444444e-05,"[[5914561380.906845, 27745.540424287905, 139740.4230712421, -7.378847780595186], [27745.54042428788, 5914195442.29553, 7.73096414822535, 139737.34823230802], [139740.4230712421, 7.73096414822535, 4.425099999999996, 0.0], [-7.378847780595186, 139737.34823230802, 0.0, 4.425099999999996]]"
2026-07-26 17:40:00,54.96451817081219,15.644266654157581,76.42591493320559,parking,461.9316181362195,432.88196015269097,0.0,0.0,0.0,4.0,4.0,6.944444444444444e-05,6.944444444444444e-05,"[[6083845324.592335, 27956.810244866003, 142395.4830712421, -7.378847780595186], [27956.810244865977, 6083475696.174299, 7.73096414822535, 142392.40823230802], [142395.4830712421, 7.73096414822535, 4.466766666666663, 0.0], [-7.378847780595186, 142392.40823230802, 0.0, 4.466766666666663]]"
2026-07-26 17:50:00,54.96451817081219,15.644266654157581,76.42591493320559,parking,461.9316181362195,432.88196015269097,0.0,0.0,0.0,4.0,4.0,6.944444444444444e-05,6.944444444444444e-05,"[[6256330340.277824, 28168.0800654441, 145075.5430712421, -7.378847780595186], [28168.080065444075, 6255957022.053068, 7.73096414822535, 145072.46823230802], [145075.5430712421, 7.73096414822535, 4.50843333333333, 0.0], [-7.378847780595186, 145072.46823230802, 0.0, 4.50843333333333]]"
2026-07-26 18:00:00,54.96451817081219,15.644266654157581,76.42591493320559,parking,461.9316181362195,432.88196015269097,0.0,0.0,0.0,4.0,4.0,6.944444444444444e-05,6.944444444444444e-05,"[[6432046427.963314, 28379.3498860222, 147780.6030712421, -7.378847780595186], [28379.349886022173, 6431669419.931837, 7.73096414822535, 147777.52823230802], [147780.6030712421, 7.73096414822535, 4.550099999999997, 0.0], [-7.378847780595186, 147777.52823230802, 0.0, 4.550099999999997]]"
2026-07-26 18:10:00,54.96451817081219,15.644266654157581,76.42591493320559,parking,461.9316181362195,432.88196015269097,0.0,0.0,0.0,4.0,4.0,6.944444444444444e-05,6.944444444444444e-05,"[[6611023587.648804, 28590.619706600297, 150510.6630712421, -7.378847780595186], [28590.61970660027, 6610642889.810606, 7.73096414822535, 150507.58823230801], [150510.6630712421, 7.73096414822535, 4.591766666666664, 0.0], [-7.378847780595186, 150507.58823230801, 0.0, 4.591766666666664]]"
2026-07-26 18:20:00,54.96451817081219,15.644266654157581,76.42591493320559,parking,461.9316181362195,432.88196015269097,0.0,0.0,0.0,4.0,4.0,6.944444444444444e-05,6.944444444444444e-05,"[[6793291819.334293, 28801.889527178395, 153265.7230712421, -7.378847780595186], [28801.88952717837, 6792907431.689375, 7.73096414822535, 153262.648232308], [153265.7230712421, 7.73096414822535, 4.633433333333331, 0.0], [-7.378847780595186, 153262.648232308, 0.0, 4.633433333333331]]"
2026-07-26 18:30:00,54.96451817081219,15.644266654157581,76.42591493320559,parking,461.9316181362195,432.88196015269097,0.0,0.0,0.0,4.0,4.0,6.944444444444444e-05,6.944444444444444e-05,"[[6978881123.019783, 29013.159347756493, 156045.7830712421, -7.378847780595186], [29013.159347756467, 6978493045.568144, 7.73096414822535, 156042.708232308], [156045.7830712421, 7.73096414822535, 4.675099999999998, 0.0], [-7.378847780595186, 156042.708232308, 0.0, 4.675099999999998]]"
2026-07-26 18:40:00,54.96451817081219,15.644266654157581,76.42591493320559,parking,461.9316181362195,432.88196015269097,0.0,0.0,0.0,4.0,4.0,6.944444444444444e-05,6.944444444444444e-05,"[[7167821498.705273, 29224.42916833459, 158850.8430712421, -7.378847780595186], [29224.429168334565, 7167429731.446913, 7.73096414822535, 158847.768232308], [158850.8430712421, 7.73096414822535, 4.716766666666665, 0.0], [-7.378847780595186, 158847.768232308, 0.0, 4.716766666666665]]"
2026-07-26 18:50:00,54.96451817081219,15.644266654157581,76.42591493320559,parking,461.9316181362195,432.88196015269097,0.0,0.0,0.0,4.0,4.0,6.944444444444444e-05,6.944444444444444e-05,"[[7360142946.390762, 29435.69898891269, 161680.9030712421, -7.378847780595186], [29435.698988912663, 7359747489.325682, 7.73096414822535, 161677.828232308], [161680.9030712421, 7.73096414822535, 4.758433333333332, 0.0], [-7.378847780595186, 161677.828232308, 0.0, 4.758433333333332]]"
2026-07-26 19:00:00,54.96451817081219,15.644266654157581,76.42591493320559,parking,461.9316181362195,432.88196015269097,0.0,0.0,0.0,4.0,4.0,6.944444444444444e-05,6.944444444444444e-05,"[[7555875466.076252, 29646.968809490787, 164535.9630712421, -7.378847780595186], [29646.96880949076, 7555476319.204451, 7.73096414822535, 164532.888232308], [164535.9630712421, 7.73096414822535, 4.800099999999999, 0.0], [-7.378847780595186, 164532.888232308, 0.0, 4.800099999999999]]"
2026-07-26 19:10:00,54.96451817081219,15.644266654157581,76.42591493320559,parking,461.9316181362195,432.88196015269097,0.0,0.0,0.0,4.0,4.0,6.944444444444444e-05,6.944444444444444e-05,"[[7755049057.761742, 29858.238630068885, 167416.0230712421, -7.378847780595186], [29858.23863006886, 7754646221.08322, 7.73096414822535, 167412.948232308], [167416.0230712421, 7.73096414822535, 4.841766666666666, 0.0], [-7.378847780595186, 167412.948232308, 0.0, 4.841766666666666]]"
2026-07-26 19:20:00,54.96451817081219,15.644266654157581,76.42591493320559,parking,461.9316181362195,432.88196015269097,0.0,0.0,0.0,4.0,4.0,6.944444444444444e-05,6.944444444444444e-05,"[[7957693721.447231, 30069.508450646983, 170321.0830712421, -7.378847780595186], [30069.508450646957, 7957287194.961988, 7.73096414822535, 170318.008232308], [170321.0830712421, 7.73096414822535, 4.883433333333333, 0.0], [-7.378847780595186, 170318.008232308, 0.0, 4.883433333333333]]"
2026-07-26 19:30:00,54.96451817081219,15.644266654157581,76.42591493320559,parking,461.9316181362195,432.88196015269097,0.0,0.0,0.0,4.0,4.0,6.944444444444444e-05,6.944444444444444e-05,"[[8163839457.132721, 30280.77827122508, 173251.14307124208, -7.378847780595186], [30280.778271225056, 8163429240.840757, 7.73096414822535, 173248.068232308], [173251.14307124208, 7.73096414822535, 4.9251, 0.0], [-7.378847780595186, 173248.068232308, 0.0, 4.9251]]"
2026-07-26 19:40:00,54.96451817081219,15.644266654157581,76.42591493320559,parking,461.9316181362195,432.88196015269097,0.0,0.0,0.0,4.0,4.0,6.944444444444444e-05,6.944444444444444e-05,"[[8373516264.818211, 30492.04809180318, 176206.20307124208, -7.378847780595186], [30492.048091803154, 8373102358.719526, 7.73096414822535, 176203.128232308], [176206.20307124208, 7.73096414822535, 4.9667666666666666, 0.0], [-7.378847780595186, 176203.128232308, 0.0, 4.9667666666666666]]"
2026-07-26 19:50:00,54.96451817081219,15.644266654157581,76.42591493320559,parking,461.9316181362195,432.88196015269097,0.0,0.0,0.0,4.0,4.0,6.944444444444444e-05,6.944444444444444e-05,"[[8586754144.5037, 30703.317912381277, 179186.26307124208, -7.378847780595186], [30703.31791238125, 8586336548.598295, 7.73096414822535, 179183.188232308], [179186.26307124208, 7.73096414822535, 5.0084333333333335, 0.0], [-7.378847780595186, 179183.188232308, 0.0, 5.0084333333333335]]"
2026-07-26 20:00:00,54.96451817081219,15.644266654157581,76.42591493320559,parking,461.9316181362195,432.88196015269097,0.0,0.0,0.0,4.0,4.0,6.944444444444444e-05,6.944444444444444e-05,"[[8803583096.18919, 30914.587732959375, 182191.32307124208, -7.378847780595186], [30914.58773295935, 8803161810.477064, 7.73096414822535, 182188.248232308], [182191.32307124208, 7.73096414822535, 5.0501000000000005, 0.0], [-7.378847780595186, 182188.248232308, 0.0, 5.0501000000000005]]"
2026-07-26 20:10:00,54.96451817081219,15.644266654157581,76.42591493320559,parking,461.9316181362195,432.88196015269097,0.0,0.0,0.0,4.0,4.0,6.944444444444444e-05,6.944444444444444e-05,"[[9024033119.87468, 31125.857553537473, 185221.38307124207, -7.378847780595186], [31125.857553537448, 9023608144.355833, 7.73096414822535, 185218.308232308], [185221.38307124207, 7.73096414822535, 5.091766666666667, 0.0], [-7.378847780595186, 185218.308232308, 0.0, 5.091766666666667]]"
2026-07-26 20:20:00,54.96451817081219,15.644266654157581,76.42591493320559,parking,461.9316181362195,432.88196015269097,0.0,0.0,0.0,4.0,4.0,6.944444444444444e-05,6.944444444444444e-05,"[[9248134215.56017, 31337.12737411557, 188276.44307124207, -7.378847780595186], [31337.127374115546, 9247705550.234602, 7.73096414822535, 188273.36823230798], [188276.44307124207, 7.73096414822535, 5.133433333333334, 0.0], [-7.378847780595186, 188273.36823230798, 0.0, 5.133433333333334]]"
2026-07-26 20:30:00,54.96451817081219,15.644266654157581,76.42591493320559,parking,461.9316181362195,432.88196015269097,0.0,0.0,0.0,4.0,4.0,6.944444444444444e-05,6.944444444444444e-05,"[[9475916383.245659, 31548.39719469367, 191356.50307124207, -7.378847780595186], [31548.397194693644, 9475484028.11337, 7.73096414822535, 191353.42823230798], [191356.50307124207, 7.73096414822535, 5.175100000000001, 0.0], [-7.378847780595186, 191353.42823230798, 0.0, 5.175100000000001]]"
2026-07-26 20:40:00,54.96451817081219,15.644266654157581,76.42591493320559,parking,461.9316181362195,432.88196015269097,0.0,0.0,0.0,4.0,4.0,6.944444444444444e-05,6.944444444444444e-05,"[[9707409622.931149, 31759.667015271767, 194461.56307124207, -7.378847780595186], [31759.66701527174, 9706973577.99214, 7.73096414822535, 194458.48823230798], [194461.56307124207, 7.73096414822535, 5.216766666666668, 0.0], [-7.378847780595186, 194458.48823230798, 0.0, 5.216766666666668]]"
2026-07-26 20:50:00,54.96451817081219,15.644266654157581,76.42591493320559,parking,461.9316181362195,432.88196015269097,0.0,0.0,0.0,4.0,4.0,6.944444444444444e-05,6.944444444444444e-05,"[[9942643934.616638, 31970.936835849865, 197591.62307124207, -7.378847780595186], [31970.93683584984, 9942204199.870909, 7.73096414822535, 197588.54823230798], [197591.62307124207, 7.73096414822535, 5.258433333333335, 0.0], [-7.378847780595186, 197588.54823230798, 0.0, 5.258433333333335]]"
2026-07-26 21:00:00,54.96451817081219,15.644266654157581,76.42591493320559,parking,461.9316181362195,432.88196015269097,0.0,0.0,0.0,4.0,4.0,6.944444444444444e-05,6.944444444444444e-05,"[[10181649318.302128, 32182.206656427963, 200746.68307124206, -7.378847780595186], [32182.206656427938, 10181205893.749678, 7.73096414822535, 200743.60823230798], [200746.68307124206, 7.73096414822535, 5.300100000000002, 0.0], [-7.378847780595186, 200743.60823230798, 0.0, 5.300100000000002]]"
2026-07-26 21:10:00,54.96451817081219,15.644266654157581,76.42591493320559,parking,461.9316181362195,432.88196015269097,0.0,0.0,0.0,4.0,4.0,6.944444444444444e-05,6.944444444444444e-05,"[[10424455773.987617, 32393.47647700606, 203926.74307124206, -7.378847780595186], [32393.476477006036, 10424008659.628447, 7.73096414822535, 203923.66823230797], [203926.74307124206, 7.73096414822535, 5.341766666666669, 0.0], [-7.378847780595186, 203923.66823230797, 0.0, 5.341766666666669]]"
2026-07-26 21:20:00,54.96451817081219,15.644266654157581,76.42591493320559,parking,461.9316181362195,432.88196015269097,0.0,0.0,0.0,4.0,4.0,6.944444444444444e-05,6.944444444444444e-05,"[[10671093301.673107, 32604.74629758416, 207131.80307124206, -7.378847780595186], [32604.746297584134, 10670642497.507215, 7.73096414822535, 207128.72823230797], [207131.80307124206, 7.73096414822535, 5.383433333333336, 0.0], [-7.378847780595186, 207128.72823230797, 0.0, 5.383433333333336]]"
2026-07-26 21:30:00,54.96451817081219,15.644266654157581,76.42591493320559,parking,461.9316181362195,432.88196015269097,0.0,0.0,0.0,4.0,4.0,6.944444444444444e-05,6.944444444444444e-05,"[[10921591901.358597, 32816.01611816226, 210361.86307124206, -7.378847780595186], [32816.01611816223, 10921137407.385984, 7.73096414822535, 210358.78823230797], [210361.86307124206, 7.73096414822535, 5.425100000000003, 0.0], [-7.378847780595186, 210358.78823230797, 0.0, 5.425100000000003]]"
2026-07-26 21:40:00,54.96451817081219,15.644266654157581,76.42591493320559,parking,461.9316181362195,432.88196015269097,0.0,0.0,0.0,4.0,4.0,6.944444444444444e-05,6.944444444444444e-05,"[[11175981573.044086, 33027.28593874036, 213616.92307124205, -7.378847780595186], [33027.28593874033, 11175523389.264753, 7.73096414822535, 213613.84823230797], [213616.92307124205, 7.73096414822535, 5.46676666666667, 0.0], [-7.378847780595186, 213613.84823230797, 0.0, 5.46676666666667]]"
2026-07-26 21:50:00,54.96451817081219,15.644266654157581,76.42591493320559,parking,461.9316181362195,432.88196015269097,0.0,0.0,0.0,4.0,4.0,6.944444444444444e-05,6.944444444444444e-05,"[[11434292316.729576, 33238.55575931846, 216896.98307124205, -7.378847780595186], [33238.55575931843, 11433830443.143522, 7.73096414822535, 216893.90823230796], [216896.98307124205, 7.73096414822535, 5.508433333333337, 0.0], [-7.378847780595186, 216893.90823230796, 0.0, 5.508433333333337]]"
2026-07-26 22:00:00,54.96451817081219,15.644266654157581,76.42591493320559,parking,461.9316181362195,432.88196015269097,0.0,0.0,0.0,4.0,4.0,6.944444444444444e-05,6.944444444444444e-05,"[[11696554132.415066, 33449.825579896555, 220202.04307124205, -7.378847780595186], [33449.825579896526, 11696088569.022291, 7.73096414822535, 220198.96823230796], [220202.04307124205, 7.73096414822535, 5.550100000000004, 0.0], [-7.378847780595186, 220198.96823230796, 0.0, 5.550100000000004]]"
2026-07-26 22:10:00,54.96451817081219,15.644266654157581,76.42591493320559,parking,461.9316181362195,432.88196015269097,0.0,0.0,0.0,4.0,4.0,6.944444444444444e-05,6.944444444444444e-05,"[[11962797020.100555, 33661.09540047465, 223532.10307124205, -7.378847780595186], [33661.09540047462, 11962327766.90106, 7.73096414822535, 223529.02823230796], [223532.10307124205, 7.73096414822535, 5.591766666666671, 0.0], [-7.378847780595186, 223529.02823230796, 0.0, 5.591766666666671]]"
2026-07-26 22:20:00,54.96451817081219,15.644266654157581,76.42591493320559,parking,461.9316181362195,432.88196015269097,0.0,0.0,0.0,4.0,4.0,6.944444444444444e-05,6.944444444444444e-05,"[[12233050979.786045, 33872.36522105275, 226887.16307124204, -7.378847780595186], [33872.36522105272, 12232578036.779829, 7.73096414822535, 226884.08823230796], [226887.16307124204, 7.73096414822535, 5.633433333333338, 0.0], [-7.378847780595186, 226884.08823230796, 0.0, 5.633433333333338]]"
2026-07-26 22:30:00,54.96451817081219,15.644266654157581,76.42591493320559,parking,461.9316181362195,432.88196015269097,0.0,0.0,0.0,4.0,4.0,6.944444444444444e-05,6.944444444444444e-05,"[[12507346011.471535, 34083.63504163085, 230267.22307124204, -7.378847780595186], [34083.63504163082, 12506869378.658598, 7.73096414822535, 230264.14823230795], [230267.22307124204, 7.73096414822535, 5.675100000000005, 0.0], [-7.378847780595186, 230264.14823230795, 0.0, 5.675100000000005]]"
2026-07-26 22:40:00,54.96451817081219,15.644266654157581,76.42591493320559,parking,461.9316181362195,432.88196015269097,0.0,0.0,0.0,4.0,4.0,6.944444444444444e-05,6.944444444444444e-05,"[[12785712115.157024, 34294.90486220895, 233672.28307124204, -7.378847780595186], [34294.90486220892, 12785231792.537367, 7.73096414822535, 233669.20823230795], [233672.28307124204, 7.73096414822535, 5.716766666666672, 0.0], [-7.378847780595186, 233669.20823230795, 0.0, 5.716766666666672]]"
2026-07-26 22:50:00,54.96451817081219,15.644266654157581,76.42591493320559,parking,461.9316181362195,432.88196015269097,0.0,0.0,0.0,4.0,4.0,6.944444444444444e-05,6.944444444444444e-05,"[[13068179290.842514, 34506.174682787045, 237102.34307124204, -7.378847780595186], [34506.174682787016, 13067695278.416136, 7.73096414822535, 237099.26823230795], [237102.34307124204, 7.73096414822535, 5.758433333333339, 0.0], [-7.378847780595186, 237099.26823230795, 0.0, 5.758433333333339]]"
2026-07-26 23:00:00,54.96451817081219,15.644266654157581,76.42591493320559,parking,461.9316181362195,432.88196015269097,0.0,0.0,0.0,4.0,4.0,6.944444444444444e-05,6.944444444444444e-05,"[[13354777538.528004, 34717.44450336514, 240557.40307124204, -7.378847780595186], [34717.44450336511, 13354289836.294905, 7.73096414822535, 240554.32823230795], [240557.40307124204, 7.73096414822535, 5.800100000000006, 0.0], [-7.378847780595186, 240554.32823230795, 0.0, 5.800100000000006]]"
2026-07-26 23:10:00,54.96451817081219,15.644266654157581,76.42591493320559,parking,461.9316181362195,432.88196015269097,0.0,0.0,0.0,4.0,4.0,6.944444444444444e-05,6.944444444444444e-05,"[[13645536858.213493, 34928.71432394324, 244037.46307124203, -7.378847780595186], [34928.71432394321, 13645045466.173674, 7.73096414822535, 244034.38823230795], [244037.46307124203, 7.73096414822535, 5.841766666666673, 0.0], [-7.378847780595186, 244034.38823230795, 0.0, 5.841766666666673]]"
2026-07-26 23:20:00,54.96451817081219,15.644266654157581,76.42591493320559,parking,461.9316181362195,432.88196015269097,0.0,0.0,0.0,4.0,4.0,6.944444444444444e-05,6.944444444444444e-05,"[[13940487249.898983, 35139.98414452134, 247542.52307124203, -7.378847780595186], [35139.98414452131, 13939992168.052443, 7.73096414822535, 247539.44823230794], [247542.52307124203, 7.73096414822535, 5.88343333333334, 0.0], [-7.378847780595186, 247539.44823230794, 0.0, 5.88343333333334]]"
2026-07-26 23:30:00,54.96451817081219,15.644266654157581,76.42591493320559,parking,461.9316181362195,432.88196015269097,0.0,0.0,0.0,4.0,4.0,6.944444444444444e-05,6.944444444444444e-05,"[[14239658713.584473, 35351.25396509944, 251072.58307124203, -7.378847780595186], [35351.25396509941, 14239159941.931211, 7.73096414822535, 251069.50823230794], [251072.58307124203, 7.73096414822535, 5.925100000000007, 0.0], [-7.378847780595186, 251069.50823230794, 0.0, 5.925100000000007]]"
2026-07-26 23:40:00,54.96451817081219,15.644266654157581,76.42591493320559,parking,461.9316181362195,432.88196015269097,0.0,0.0,0.0,4.0,4.0,6.944444444444444e-05,6.944444444444444e-05,"[[14543081249.269962, 35562.523785677535, 254627.64307124203, -7.378847780595186], [35562.523785677506, 14542578787.80998, 7.73096414822535, 254624.56823230794], [254627.64307124203, 7.73096414822535, 5.966766666666674, 0.0], [-7.378847780595186, 254624.56823230794, 0.0, 5.966766666666674]]"
2026-07-26 23:50:00,54.96451817081219,15.644266654157581,76.42591493320559,parking,461.9316181362195,432.88196015269097,0.0,0.0,0.0,4.0,4.0,6.944444444444444e-05,6.944444444444444e-05,"[[14850784856.955452, 35773.79360625563, 258207.70307124202, -7.378847780595186], [35773.793606255604, 14850278705.68875, 7.73096414822535, 258204.62823230794], [258207.70307124202, 7.73096414822535, 6.008433333333341, 0.0], [-7.378847780595186, 258204.62823230794, 0.0, 6.008433333333341]]"
2026-07-27 00:00:00,54.96451817081219,15.644266654157581,76.42591493320559,parking,461.9316181362195,432.88196015269097,0.0,0.0,0.0,4.0,4.0,6.944444444444444e-05,6.944444444444444e-05,"[[15162799536.640942, 35985.06342683373, 261812.76307124202, -7.378847780595186], [35985.0634268337, 15162289695.567518, 7.73096414822535, 261809.68823230793], [261812.76307124202, 7.73096414822535, 6.050100000000008, 0.0], [-7.378847780595186, 261809.68823230793, 0.0, 6.050100000000008]]"
2026-07-27 00:10:00,54.96451817081219,15.644266654157581,76.42591493320559,parking,461.9316181362195,432.88196015269097,0.0,0.0,0.0,4.0,4.0,6.944444444444444e-05,6.944444444444444e-05,"[[15479155288.326431, 36196.33324741183, 265442.823071242, -7.378847780595186], [36196.3332474118, 15478641757.446287, 7.73096414822535, 265439.74823230796], [265442.823071242, 7.73096414822535, 6.0917666666666745, 0.0], [-7.378847780595186, 265439.74823230796, 0.0, 6.0917666666666745]]"
2026-07-27 00:20:00,54.96451817081219,15.644266654157581,76.42591493320559,parking,461.9316181362195,432.88196015269097,0.0,0.0,0.0,4.0,4.0,6.944444444444444e-05,6.944444444444444e-05,"[[15799882112.01192, 36407.60306798993, 269097.883071242, -7.378847780595186], [36407.6030679899, 15799364891.325056, 7.73096414822535, 269094.80823230796], [269097.883071242, 7.73096414822535, 6.1334333333333415, 0.0], [-7.378847780595186, 269094.80823230796, 0.0, 6.1334333333333415]]"
2026-07-27 00:30:00,54.96451817081219,15.644266654157581,76.42591493320559,parking,461.9316181362195,432.88196015269097,0.0,0.0,0.0,4.0,4.0,6.944444444444444e-05,6.944444444444444e-05,"[[16125010007.69741, 36618.872888568025, 272777.943071242, -7.378847780595186], [36618.872888567996, 16124489097.203825, 7.73096414822535, 272774.86823230796], [272777.943071242, 7.73096414822535, 6.1751000000000085, 0.0], [-7.378847780595186, 272774.86823230796, 0.0, 6.1751000000000085]]"
2026-07-27 00:40:00,54.96451817081219,15.644266654157581,76.42591493320559,parking,461.9316181362195,432.88196015269097,0.0,0.0,0.0,4.0,4.0,6.944444444444444e-05,6.944444444444444e-05,"[[16454568975.3829, 36830.14270914612, 276483.003071242, -7.378847780595186], [36830.142709146094, 16454044375.082594, 7.73096414822535, 276479.92823230795], [276483.003071242, 7.73096414822535, 6.216766666666675, 0.0], [-7.378847780595186, 276479.92823230795, 0.0, 6.216766666666675]]"
2026-07-27 00:50:00,54.96451817081219,15.644266654157581,76.42591493320559,parking,461.9316181362195,432.88196015269097,0.0,0.0,0.0,4.0,4.0,6.944444444444444e-05,6.944444444444444e-05,"[[16788589015.06839, 37041.41252972422, 280213.063071242, -7.378847780595186], [37041.41252972419, 16788060724.961363, 7.73096414822535, 280209.98823230795], [280213.063071242, 7.73096414822535, 6.258433333333342, 0.0], [-7.378847780595186, 280209.98823230795, 0.0, 6.258433333333342]]"
2026-07-27 01:00:00,54.96451817081219,15.644266654157581,76.42591493320559,parking,461.9316181362195,432.88196015269097,0.0,0.0,0.0,4.0,4.0,6.944444444444444e-05,6.944444444444444e-05,"[[17127100126.75388, 37252.68235030232, 283968.123071242, -7.378847780595186], [37252.68235030229, 17126568146.840132, 7.73096414822535, 283965.04823230795], [283968.123071242, 7.73096414822535, 6.300100000000009, 0.0], [-7.378847780595186, 283965.04823230795, 0.0, 6.300100000000009]]"
2026-07-27 01:10:00,54.96451817081219,15.644266654157581,76.42591493320559,parking,461.9316181362195,432.88196015269097,0.0,0.0,0.0,4.0,4.0,6.944444444444444e-05,6.944444444444444e-05,"[[17470132310.439373, 37463.95217088042, 287748.183071242, -7.378847780595186], [37463.95217088039, 17469596640.718903, 7.73096414822535, 287745.10823230795], [287748.183071242, 7.73096414822535, 6.341766666666676, 0.0], [-7.378847780595186, 287745.10823230795, 0.0, 6.341766666666676]]"
2026-07-27 01:20:00,54.96451817081219,15.644266654157581,76.42591493320559,parking,461.9316181362195,432.88196015269097,0.0,0.0,0.0,4.0,4.0,6.944444444444444e-05,6.944444444444444e-05,"[[17817715566.124866, 37675.221991458515, 291553.243071242, -7.378847780595186], [37675.221991458486, 17817176206.59767, 7.73096414822535, 291550.16823230794], [291553.243071242, 7.73096414822535, 6.383433333333343, 0.0], [-7.378847780595186, 291550.16823230794, 0.0, 6.383433333333343]]"
2026-07-27 01:30:00,54.96451817081219,15.644266654157581,76.42591493320559,parking,461.9316181362195,432.88196015269097,0.0,0.0,0.0,4.0,4.0,6.944444444444444e-05,6.944444444444444e-05,"[[18169879893.81036, 37886.49181203661, 295383.303071242, -7.378847780595186], [37886.491812036584, 18169336844.47644, 7.73096414822535, 295380.22823230794], [295383.303071242, 7.73096414822535, 6.42510000000001, 0.0], [-7.378847780595186, 295380.22823230794, 0.0, 6.42510000000001]]"
2026-07-27 01:40:00,54.96451817081219,15.644266654157581,76.42591493320559,parking,461.9316181362195,432.88196015269097,0.0,0.0,0.0,4.0,4.0,6.944444444444444e-05,6.944444444444444e-05,"[[18526655293.495853, 38097.76163261471, 299238.363071242, -7.378847780595186], [38097.76163261468, 18526108554.35521, 7.73096414822535, 299235.28823230794], [299238.363071242, 7.73096414822535, 6.466766666666677, 0.0], [-7.378847780595186, 299235.28823230794, 0.0, 6.466766666666677]]"
2026-07-27 01:50:00,54.96451817081219,15.644266654157581,76.42591493320559,parking,461.9316181362195,432.88196015269097,0.0,0.0,0.0,4.0,4.0,6.944444444444444e-05,6.944444444444444e-05,"[[18888071765.181347, 38309.03145319281, 303118.423071242, -7.378847780595186], [38309.03145319278, 18887521336.23398, 7.73096414822535, 303115.34823230794], [303118.423071242, 7.73096414822535, 6.508433333333344, 0.0], [-7.378847780595186, 303115.34823230794, 0.0, 6.508433333333344]]"
2026-07-27 02:00:00,54.96451817081219,15.644266654157581,76.42591493320559,parking,461.9316181362195,432.88196015269097,0.0,0.0,0.0,4.0,4.0,6.944444444444444e-05,6.944444444444444e-05,"[[19254159308.86684, 38520.30127377091, 307023.483071242, -7.378847780595186], [38520.30127377088, 19253605190.112747, 7.73096414822535, 307020.40823230793], [307023.483071242, 7.73096414822535, 6.550100000000011, 0.0], [-7.378847780595186, 307020.40823230793, 0.0, 6.550100000000011]]"
2026-07-27 02:10:00,54.96451817081219,15.644266654157581,76.42591493320559,parking,461.9316181362195,432.88196015269097,0.0,0.0,0.0,4.0,4.0,6.944444444444444e-05,6.944444444444444e-05,"[[19624947924.552334, 38731.571094349005, 310953.543071242, -7.378847780595186], [38731.571094348976, 19624390115.991516, 7.73096414822535, 310950.46823230793], [310953.543071242, 7.73096414822535, 6.591766666666678, 0.0], [-7.378847780595186, 310950.46823230793, 0.0, 6.591766666666678]]"
2026-07-27 02:20:00,54.96451817081219,15.644266654157581,76.42591493320559,parking,461.9316181362195,432.88196015269097,0.0,0.0,0.0,4.0,4.0,6.944444444444444e-05,6.944444444444444e-05,"[[20000467612.237827, 38942.8409149271, 314908.603071242, -7.378847780595186], [38942.840914927074, 19999906113.870285, 7.73096414822535, 314905.52823230793], [314908.603071242, 7.73096414822535, 6.633433333333345, 0.0], [-7.378847780595186, 314905.52823230793, 0.0, 6.633433333333345]]"
2026-07-27 02:30:00,54.96451817081219,15.644266654157581,76.42591493320559,parking,461.9316181362195,432.88196015269097,0.0,0.0,0.0,4.0,4.0,6.944444444444444e-05,6.944444444444444e-05,"[[20380748371.92332, 39154.1107355052, 318888.663071242, -7.378847780595186], [39154.11073550517, 20380183183.749054, 7.73096414822535, 318885.5882323079], [318888.663071242, 7.73096414822535, 6.675100000000012, 0.0], [-7.378847780595186, 318885.5882323079, 0.0, 6.675100000000012]]"
2026-07-27 02:40:00,54.96451817081219,15.644266654157581,76.42591493320559,parking,461.9316181362195,432.88196015269097,0.0,0.0,0.0,4.0,4.0,6.944444444444444e-05,6.944444444444444e-05,"[[20765820203.608814, 39365.3805560833, 322893.723071242, -7.378847780595186], [39365.38055608327, 20765251325.627823, 7.73096414822535, 322890.6482323079], [322893.723071242, 7.73096414822535, 6.716766666666679, 0.0], [-7.378847780595186, 322890.6482323079, 0.0, 6.716766666666679]]"
2026-07-27 02:50:00,54.96451817081219,15.644266654157581,76.42591493320559,parking,461.9316181362195,432.88196015269097,0.0,0.0,0.0,4.0,4.0,6.944444444444444e-05,6.944444444444444e-05,"[[21155713107.294308, 39576.6503766614, 326923.783071242, -7.378847780595186], [39576.65037666137, 21155140539.50659, 7.73096414822535, 326920.7082323079], [326923.783071242, 7.73096414822535, 6.758433333333346, 0.0], [-7.378847780595186, 326920.7082323079, 0.0, 6.758433333333346]]"
2026-07-27 03:00:00,54.96451817081219,15.644266654157581,76.42591493320559,parking,461.9316181362195,432.88196015269097,0.0,0.0,0.0,4.0,4.0,6.944444444444444e-05,6.944444444444444e-05,"[[21550457082.9798, 39787.920197239495, 330978.843071242, -7.378847780595186], [39787.920197239466, 21549880825.38536, 7.73096414822535, 330975.7682323079], [330978.843071242, 7.73096414822535, 6.800100000000013, 0.0], [-7.378847780595186, 330975.7682323079, 0.0, 6.800100000000013]]"
2026-07-27 03:10:00,54.96451817081219,15.644266654157581,76.42591493320559,parking,461.9316181362195,432.88196015269097,0.0,0.0,0.0,4.0,4.0,6.944444444444444e-05,6.944444444444444e-05,"[[21950082130.665295, 39999.19001781759, 335058.903071242, -7.378847780595186], [39999.190017817564, 21949502183.26413, 7.73096414822535, 335055.8282323079], [335058.903071242, 7.73096414822535, 6.84176666666668, 0.0], [-7.378847780595186, 335055.8282323079, 0.0, 6.84176666666668]]"
2026-07-27 03:20:00,54.96451817081219,15.644266654157581,76.42591493320559,parking,461.9316181362195,432.88196015269097,0.0,0.0,0.0,4.0,4.0,6.944444444444444e-05,6.944444444444444e-05,"[[22354618250.35079, 40210.45983839569, 339163.963071242, -7.378847780595186], [40210.45983839566, 22354034613.1429, 7.73096414822535, 339160.8882323079], [339163.963071242, 7.73096414822535, 6.883433333333347, 0.0], [-7.378847780595186, 339160.8882323079, 0.0, 6.883433333333347]]"
2026-07-27 03:30:00,54.96451817081219,15.644266654157581,76.42591493320559,parking,461.9316181362195,432.88196015269097,0.0,0.0,0.0,4.0,4.0,6.944444444444444e-05,6.944444444444444e-05,"[[22764095442.03628, 40421.72965897379, 343294.023071242, -7.378847780595186], [40421.72965897376, 22763508115.021667, 7.73096414822535, 343290.9482323079], [343294.023071242, 7.73096414822535, 6.925100000000014, 0.0], [-7.378847780595186, 343290.9482323079, 0.0, 6.925100000000014]]"
2026-07-27 03:40:00,54.96451817081219,15.644266654157581,76.42591493320559,parking,461.9316181362195,432.88196015269097,0.0,0.0,0.0,4.0,4.0,6.944444444444444e-05,6.944444444444444e-05,"[[23178543705.721775, 40632.99947955189, 347449.08307124197, -7.378847780595186], [40632.99947955186, 23177952688.900436, 7.73096414822535, 347446.0082323079], [347449.08307124197, 7.73096414822535, 6.966766666666681, 0.0], [-7.378847780595186, 347446.0082323079, 0.0, 6.966766666666681]]"
2026-07-27 03:50:00,54.96451817081219,15.644266654157581,76.42591493320559,parking,461.9316181362195,432.88196015269097,0.0,0.0,0.0,4.0,4.0,6.944444444444444e-05,6.944444444444444e-05,"[[23597993041.40727, 40844.269300129985, 351629.14307124197, -7.378847780595186], [40844.269300129956, 23597398334.779205, 7.73096414822535, 351626.0682323079], [351629.14307124197, 7.73096414822535, 7.008433333333348, 0.0], [-7.378847780595186, 351626.0682323079, 0.0, 7.008433333333348]]"
2026-07-27 04:00:00,54.96451817081219,15.644266654157581,76.42591493320559,parking,461.9316181362195,432.88196015269097,0.0,0.0,0.0,4.0,4.0,6.944444444444444e-05,6.944444444444444e-05,"[[24022473449.092762, 41055.53912070808, 355834.20307124197, -7.378847780595186], [41055.539120708054, 24021875052.657974, 7.73096414822535, 355831.1282323079], [355834.20307124197, 7.73096414822535, 7.050100000000015, 0.0], [-7.378847780595186, 355831.1282323079, 0.0, 7.050100000000015]]"
2026-07-27 04:10:00,54.96451817081219,15.644266654157581,76.42591493320559,parking,461.9316181362195,432.88196015269097,0.0,0.0,0.0,4.0,4.0,6.944444444444444e-05,6.944444444444444e-05,"[[24452014928.778255, 41266.80894128618, 360064.26307124196, -7.378847780595186], [41266.80894128615, 24451412842.536743, 7.73096414822535, 360061.1882323079], [360064.26307124196, 7.73096414822535, 7.091766666666682, 0.0], [-7.378847780595186, 360061.1882323079, 0.0, 7.091766666666682]]"
2026-07-27 04:20:00,54.96451817081219,15.644266654157581,76.42591493320559,parking,461.9316181362195,432.88196015269097,0.0,0.0,0.0,4.0,4.0,6.944444444444444e-05,6.944444444444444e-05,"[[24886647480.46375, 41478.07876186428, 364319.32307124196, -7.378847780595186], [41478.07876186425, 24886041704.415512, 7.73096414822535, 364316.2482323079], [364319.32307124196, 7.73096414822535, 7.133433333333349, 0.0], [-7.378847780595186, 364316.2482323079, 0.0, 7.133433333333349]]"
2026-07-27 04:30:00,54.96451817081219,15.644266654157581,76.42591493320559,parking,461.9316181362195,432.88196015269097,0.0,0.0,0.0,4.0,4.0,6.944444444444444e-05,6.944444444444444e-05,"[[25326401104.149242, 41689.34858244238, 368599.38307124196, -7.378847780595186], [41689.34858244235, 25325791638.29428, 7.73096414822535, 368596.3082323079], [368599.38307124196, 7.73096414822535, 7.175100000000016, 0.0], [-7.378847780595186, 368596.3082323079, 0.0, 7.175100000000016]]"
2026-07-27 04:40:00,54.96451817081219,15.644266654157581,76.42591493320559,parking,461.9316181362195,432.88196015269097,0.0,0.0,0.0,4.0,4.0,6.944444444444444e-05,6.944444444444444e-05,"[[25771305799.834736, 41900.618403020475, 372904.44307124196, -7.378847780595186], [41900.618403020446, 25770692644.17305, 7.73096414822535, 372901.3682323079], [372904.44307124196, 7.73096414822535, 7.2167666666666825, 0.0], [-7.378847780595186, 372901.3682323079, 0.0, 7.2167666666666825]]"
2026-07-27 04:50:00,54.96451817081219,15.644266654157581,76.42591493320559,parking,461.9316181362195,432.88196015269097,0.0,0.0,0.0,4.0,4.0,6.944444444444444e-05,6.944444444444444e-05,"[[26221391567.52023, 42111.88822359857, 377234.50307124195, -7.378847780595186], [42111.888223598544, 26220774722.05182, 7.73096414822535, 377231.4282323079], [377234.50307124195, 7.73096414822535, 7.2584333333333495, 0.0], [-7.378847780595186, 377231.4282323079, 0.0, 7.2584333333333495]]"
2026-07-27 05:00:00,54.96451817081219,15.644266654157581,76.42591493320559,parking,461.9316181362195,432.88196015269097,0.0,0.0,0.0,4.0,4.0,6.944444444444444e-05,6.944444444444444e-05,"[[26676688407.205723, 42323.15804417667, 381589.56307124195, -7.378847780595186], [42323.15804417664, 26676067871.930588, 7.73096414822535, 381586.4882323079], [381589.56307124195, 7.73096414822535, 7.3001000000000165, 0.0], [-7.378847780595186, 381586.4882323079, 0.0, 7.3001000000000165]]"
2026-07-27 05:10:00,54.96451817081219,15.644266654157581,76.42591493320559,parking,461.9316181362195,432.88196015269097,0.0,0.0,0.0,4.0,4.0,6.944444444444444e-05,6.944444444444444e-05,"[[27137226318.891216, 42534.42786475477, 385969.62307124195, -7.378847780595186], [42534.42786475474, 27136602093.809357, 7.73096414822535, 385966.5482323079], [385969.62307124195, 7.73096414822535, 7.341766666666683, 0.0], [-7.378847780595186, 385966.5482323079, 0.0, 7.341766666666683]]"
2026-07-27 05:20:00,54.96451817081219,15.644266654157581,76.42591493320559,parking,461.9316181362195,432.88196015269097,0.0,0.0,0.0,4.0,4.0,6.944444444444444e-05,6.944444444444444e-05,"[[27603035302.57671, 42745.69768533287, 390374.68307124195, -7.378847780595186], [42745.69768533284, 27602407387.688126, 7.73096414822535, 390371.6082323079], [390374.68307124195, 7.73096414822535, 7.38343333333335, 0.0], [-7.378847780595186, 390371.6082323079, 0.0, 7.38343333333335]]"
2026-07-27 05:30:00,54.96451817081219,15.644266654157581,76.42591493320559,parking,461.9316181362195,432.88196015269097,0.0,0.0,0.0,4.0,4.0,6.944444444444444e-05,6.944444444444444e-05,"[[28074145358.262203, 42956.967505910965, 394804.74307124194, -7.378847780595186], [42956.967505910936, 28073513753.566895, 7.73096414822535, 394801.6682323079], [394804.74307124194, 7.73096414822535, 7.425100000000017, 0.0], [-7.378847780595186, 394801.6682323079, 0.0, 7.425100000000017]]"
2026-07-27 05:40:00,54.96451817081219,15.644266654157581,76.42591493320559,parking,461.9316181362195,432.88196015269097,0.0,0.0,0.0,4.0,4.0,6.944444444444444e-05,6.944444444444444e-05,"[[28550586485.947697, 43168.23732648906, 399259.80307124194, -7.378847780595186], [43168.237326489034, 28549951191.445663, 7.73096414822535, 399256.7282323079], [399259.80307124194, 7.73096414822535, 7.466766666666684, 0.0], [-7.378847780595186, 399256.7282323079, 0.0, 7.466766666666684]]"
2026-07-27 05:50:00,54.96451817081219,15.644266654157581,76.42591493320559,parking,461.9316181362195,432.88196015269097,0.0,0.0,0.0,4.0,4.0,6.944444444444444e-05,6.944444444444444e-05,"[[29032388685.63319, 43379.50714706716, 403739.86307124194, -7.378847780595186], [43379.50714706713, 29031749701.324432, 7.73096414822535, 403736.7882323079], [403739.86307124194, 7.73096414822535, 7.508433333333351, 0.0], [-7.378847780595186, 403736.7882323079, 0.0, 7.508433333333351]]"
2026-07-27 06:00:00,54.96451817081219,15.644266654157581,76.42591493320559,parking,461.9316181362195,432.88196015269097,0.0,0.0,0.0,4.0,4.0,6.944444444444444e-05,6.944444444444444e-05,"[[29519581957.318684, 43590.77696764526, 408244.92307124194, -7.378847780595186], [43590.77696764523, 29518939283.2032, 7.73096414822535, 408241.8482323079], [408244.92307124194, 7.73096414822535, 7.550100000000018, 0.0], [-7.378847780595186, 408241.8482323079, 0.0, 7.550100000000018]]"
2026-07-27 06:10:00,54.96451817081219,15.644266654157581,76.42591493320559,parking,461.9316181362195,432.88196015269097,0.0,0.0,0.0,4.0,4.0,6.944444444444444e-05,6.944444444444444e-05,"[[30012196301.004177, 43802.04678822336, 412774.98307124194, -7.378847780595186], [43802.04678822333, 30011549937.08197, 7.73096414822535, 412771.9082323079], [412774.98307124194, 7.73096414822535, 7.591766666666685, 0.0], [-7.378847780595186, 412771.9082323079, 0.0, 7.591766666666685]]"
2026-07-27 06:20:00,54.96451817081219,15.644266654157581,76.42591493320559,parking,461.9316181362195,432.88196015269097,0.0,0.0,0.0,4.0,4.0,6.944444444444444e-05,6.944444444444444e-05,"[[30510261716.68967, 44013.316608801455, 417330.04307124193, -7.378847780595186], [44013.316608801426, 30509611662.96074, 7.73096414822535, 417326.9682323079], [417330.04307124193, 7.73096414822535, 7.633433333333352, 0.0], [-7.378847780595186, 417326.9682323079, 0.0, 7.633433333333352]]"
2026-07-27 06:30:00,54.96451817081219,15.644266654157581,76.42591493320559,parking,461.9316181362195,432.88196015269097,0.0,0.0,0.0,4.0,4.0,6.944444444444444e-05,6.944444444444444e-05,"[[31013808204.375164, 44224.58642937955, 421910.10307124193, -7.378847780595186], [44224.586429379524, 31013154460.839508, 7.73096414822535, 421907.0282323079], [421910.10307124193, 7.73096414822535, 7.675100000000019, 0.0], [-7.378847780595186, 421907.0282323079, 0.0, 7.675100000000019]]"
2026-07-27 06:40:00,54.96451817081219,15.644266654157581,76.42591493320559,parking,461.9316181362195,432.88196015269097,0.0,0.0,0.0,4.0,4.0,6.944444444444444e-05,6.944444444444444e-05,"[[31522865764.060658, 44435.85624995765, 426515.1630712419, -7.378847780595186], [44435.85624995762, 31522208330.718277, 7.73096414822535, 426512.08823230787], [426515.1630712419, 7.73096414822535, 7.716766666666686, 0.0], [-7.378847780595186, 426512.08823230787, 0.0, 7.716766666666686]]"
2026-07-27 06:50:00,54.96451817081219,15.644266654157581,76.42591493320559,parking,461.9316181362195,432.88196015269097,0.0,0.0,0.0,4.0,4.0,6.944444444444444e-05,6.944444444444444e-05,"[[32037464395.74615, 44647.12607053575, 431145.2230712419, -7.378847780595186], [44647.12607053572, 32036803272.597046, 7.73096414822535, 431142.14823230787], [431145.2230712419, 7.73096414822535, 7.758433333333353, 0.0], [-7.378847780595186, 431142.14823230787, 0.0, 7.758433333333353]]"
2026-07-27 07:00:00,54.96451817081219,15.644266654157581,76.42591493320559,parking,461.9316181362195,432.88196015269097,0.0,0.0,0.0,4.0,4.0,6.944444444444444e-05,6.944444444444444e-05,"[[32557634099.431644, 44858.39589111385, 435800.2830712419, -7.378847780595186], [44858.39589111382, 32556969286.475815, 7.73096414822535, 435797.20823230786], [435800.2830712419, 7.73096414822535, 7.80010000000002, 0.0], [-7.378847780595186, 435797.20823230786, 0.0, 7.80010000000002]]"
2026-07-27 07:10:00,54.96451817081219,15.644266654157581,76.42591493320559,parking,461.9316181362195,432.88196015269097,0.0,0.0,0.0,4.0,4.0,6.944444444444444e-05,6.944444444444444e-05,"[[33083404875.117138, 45069.665711691945, 440480.3430712419, -7.378847780595186], [45069.665711691916, 33082736372.354584, 7.73096414822535, 440477.26823230786], [440480.3430712419, 7.73096414822535, 7.841766666666687, 0.0], [-7.378847780595186, 440477.26823230786, 0.0, 7.841766666666687]]"
2026-07-27 07:20:00,54.96451817081219,15.644266654157581,76.42591493320559,parking,461.9316181362195,432.88196015269097,0.0,0.0,0.0,4.0,4.0,6.944444444444444e-05,6.944444444444444e-05,"[[33614806722.80263, 45280.93553227004, 445185.4030712419, -7.378847780595186], [45280.935532270014, 33614134530.233353, 7.73096414822535, 445182.32823230786], [445185.4030712419, 7.73096414822535, 7.883433333333354, 0.0], [-7.378847780595186, 445182.32823230786, 0.0, 7.883433333333354]]"
2026-07-27 07:30:00,54.96451817081219,15.644266654157581,76.42591493320559,parking,461.9316181362195,432.88196015269097,0.0,0.0,0.0,4.0,4.0,6.944444444444444e-05,6.944444444444444e-05,"[[34151869642.488125, 45492.20535284814, 449915.4630712419, -7.378847780595186], [45492.20535284811, 34151193760.11212, 7.73096414822535, 449912.38823230786], [449915.4630712419, 7.73096414822535, 7.925100000000021, 0.0], [-7.378847780595186, 449912.38823230786, 0.0, 7.925100000000021]]"
2026-07-27 07:40:00,54.96451817081219,15.644266654157581,76.42591493320559,parking,461.9316181362195,432.88196015269097,0.0,0.0,0.0,4.0,4.0,6.944444444444444e-05,6.944444444444444e-05,"[[34694623634.173615, 45703.47517342624, 454670.5230712419, -7.378847780595186], [45703.47517342621, 34693944061.99089, 7.73096414822535, 454667.44823230786], [454670.5230712419, 7.73096414822535, 7.966766666666688, 0.0], [-7.378847780595186, 454667.44823230786, 0.0, 7.966766666666688]]"
2026-07-27 07:50:00,54.96451817081219,15.644266654157581,76.42591493320559,parking,461.9316181362195,432.88196015269097,0.0,0.0,0.0,4.0,4.0,6.944444444444444e-05,6.944444444444444e-05,"[[35243098697.8591, 45914.74499400434, 459450.5830712419, -7.378847780595186], [45914.74499400431, 35242415435.86966, 7.73096414822535, 459447.50823230785], [459450.5830712419, 7.73096414822535, 8.008433333333354, 0.0], [-7.378847780595186, 459447.50823230785, 0.0, 8.008433333333354]]"
2026-07-27 08:00:00,54.96451817081219,15.644266654157581,76.42591493320559,parking,461.9316181362195,432.88196015269097,0.0,0.0,0.0,4.0,4.0,6.944444444444444e-05,6.944444444444444e-05,"[[35797324833.544586, 46126.014814582435, 464255.6430712419, -7.378847780595186], [46126.014814582406, 35796637881.74843, 7.73096414822535, 464252.56823230785], [464255.6430712419, 7.73096414822535, 8.05010000000002, 0.0], [-7.378847780595186, 464252.56823230785, 0.0, 8.05010000000002]]"
2026-07-27 08:10:00,54.96451817081219,15.644266654157581,76.42591493320559,parking,461.9316181362195,432.88196015269097,0.0,0.0,0.0,4.0,4.0,6.944444444444444e-05,6.944444444444444e-05,"[[36357332041.23007, 46337.28463516053, 469085.7030712419, -7.378847780595186], [46337.284635160504, 36356641399.6272, 7.73096414822535, 469082.62823230785], [469085.7030712419, 7.73096414822535, 8.091766666666686, 0.0], [-7.378847780595186, 469082.62823230785, 0.0, 8.091766666666686]]"
2026-07-27 08:20:00,54.96451817081219,15.644266654157581,76.42591493320559,parking,461.9316181362195,432.88196015269097,0.0,0.0,0.0,4.0,4.0,6.944444444444444e-05,6.944444444444444e-05,"[[36923150320.91556, 46548.55445573863, 473940.7630712419, -7.378847780595186], [46548.5544557386, 36922455989.50597, 7.73096414822535, 473937.68823230785], [473940.7630712419, 7.73096414822535, 8.133433333333352, 0.0], [-7.378847780595186, 473937.68823230785, 0.0, 8.133433333333352]]"
2026-07-27 08:30:00,54.96451817081219,15.644266654157581,76.42591493320559,parking,461.9316181362195,432.88196015269097,0.0,0.0,0.0,4.0,4.0,6.944444444444444e-05,6.944444444444444e-05,"[[37494809672.60104, 46759.82427631673, 478820.8230712419, -7.378847780595186], [46759.8242763167, 37494111651.384735, 7.73096414822535, 478817.74823230784], [478820.8230712419, 7.73096414822535, 8.175100000000018, 0.0], [-7.378847780595186, 478817.74823230784, 0.0, 8.175100000000018]]"
2026-07-27 08:40:00,54.96451817081219,15.644266654157581,76.42591493320559,parking,461.9316181362195,432.88196015269097,0.0,0.0,0.0,4.0,4.0,6.944444444444444e-05,6.944444444444444e-05,"[[38072340096.28653, 46971.09409689483, 483725.8830712419, -7.378847780595186], [46971.0940968948, 38071638385.263504, 7.73096414822535, 483722.80823230784], [483725.8830712419, 7.73096414822535, 8.216766666666684, 0.0], [-7.378847780595186, 483722.80823230784, 0.0, 8.216766666666684]]"
2026-07-27 08:50:00,54.96451817081219,15.644266654157581,76.42591493320559,parking,461.9316181362195,432.88196015269097,0.0,0.0,0.0,4.0,4.0,6.944444444444444e-05,6.944444444444444e-05,"[[38655771591.972015, 47182.363917472925, 488655.9430712419, -7.378847780595186], [47182.363917472896, 38655066191.14227, 7.73096414822535, 488652.86823230784], [488655.9430712419, 7.73096414822535, 8.25843333333335, 0.0], [-7.378847780595186, 488652.86823230784, 0.0, 8.25843333333335]]"
2026-07-27 09:00:00,54.96451817081219,15.644266654157581,76.42591493320559,parking,461.9316181362195,432.88196015269097,0.0,0.0,0.0,4.0,4.0,6.944444444444444e-05,6.944444444444444e-05,"[[39245134159.6575, 47393.63373805102, 493611.0030712419, -7.378847780595186], [47393.633738050994, 39244425069.02104, 7.73096414822535, 493607.92823230784], [493611.0030712419, 7.73096414822535, 8.300100000000016, 0.0], [-7.378847780595186, 493607.92823230784, 0.0, 8.300100000000016]]"
2026-07-27 09:10:00,54.96451817081219,15.644266654157581,76.42591493320559,parking,461.9316181362195,432.88196015269097,0.0,0.0,0.0,4.0,4.0,6.944444444444444e-05,6.944444444444444e-05,"[[39840457799.34299, 47604.90355862912, 498591.0630712419, -7.378847780595186], [47604.90355862909, 39839745018.89981, 7.73096414822535, 498587.98823230783], [498591.0630712419, 7.73096414822535, 8.341766666666683, 0.0], [-7.378847780595186, 498587.98823230783, 0.0, 8.341766666666683]]"
2026-07-27 09:20:00,54.96451817081219,15.644266654157581,76.42591493320559,parking,461.9316181362195,432.88196015269097,0.0,0.0,0.0,4.0,4.0,6.944444444444444e-05,6.944444444444444e-05,"[[40441772511.02847, 47816.17337920722, 503596.1230712419, -7.378847780595186], [47816.17337920719, 40441056040.77858, 7.73096414822535, 503593.04823230783], [503596.1230712419, 7.73096414822535, 8.383433333333349, 0.0], [-7.378847780595186, 503593.04823230783, 0.0, 8.383433333333349]]"
2026-07-27 09:30:00,54.96451817081219,15.644266654157581,76.42591493320559,parking,461.9316181362195,432.88196015269097,0.0,0.0,0.0,4.0,4.0,6.944444444444444e-05,6.944444444444444e-05,"[[41049108294.71396, 48027.44319978532, 508626.1830712419, -7.378847780595186], [48027.44319978529, 41048388134.65735, 7.73096414822535, 508623.10823230783], [508626.1830712419, 7.73096414822535, 8.425100000000015, 0.0], [-7.378847780595186, 508623.10823230783, 0.0, 8.425100000000015]]"
2026-07-27 09:40:00,54.96451817081219,15.644266654157581,76.42591493320559,parking,461.9316181362195,432.88196015269097,0.0,0.0,0.0,4.0,4.0,6.944444444444444e-05,6.944444444444444e-05,"[[41662495150.399445, 48238.713020363415, 513681.2430712419, -7.378847780595186], [48238.713020363386, 41661771300.53612, 7.73096414822535, 513678.1682323078], [513681.2430712419, 7.73096414822535, 8.46676666666668, 0.0], [-7.378847780595186, 513678.1682323078, 0.0, 8.46676666666668]]"
2026-07-27 09:50:00,54.96451817081219,15.644266654157581,76.42591493320559,parking,461.9316181362195,432.88196015269097,0.0,0.0,0.0,4.0,4.0,6.944444444444444e-05,6.944444444444444e-05,"[[42281963078.08493, 48449.98284094151, 518761.3030712419, -7.378847780595186], [48449.982840941484, 42281235538.41489, 7.73096414822535, 518758.2282323078], [518761.3030712419, 7.73096414822535, 8.508433333333347, 0.0], [-7.378847780595186, 518758.2282323078, 0.0, 8.508433333333347]]"
2026-07-27 10:00:00,54.96451817081219,15.644266654157581,76.42591493320559,parking,461.9316181362195,432.88196015269097,0.0,0.0,0.0,4.0,4.0,6.944444444444444e-05,6.944444444444444e-05,"[[42907542077.77042, 48661.25266151961, 523866.3630712419, -7.378847780595186], [48661.25266151958, 42906810848.293655, 7.73096414822535, 523863.2882323078], [523866.3630712419, 7.73096414822535, 8.550100000000013, 0.0], [-7.378847780595186, 523863.2882323078, 0.0, 8.550100000000013]]"
2026-07-27 10:10:00,54.96451817081219,15.644266654157581,76.42591493320559,parking,461.9316181362195,432.88196015269097,0.0,0.0,0.0,4.0,4.0,6.944444444444444e-05,6.944444444444444e-05,"[[43539262149.4559, 48872.52248209771, 528996.4230712419, -7.378847780595186], [48872.52248209768, 43538527230.172424, 7.73096414822535, 528993.3482323078], [528996.4230712419, 7.73096414822535, 8.591766666666679, 0.0], [-7.378847780595186, 528993.3482323078, 0.0, 8.591766666666679]]"
2026-07-27 10:20:00,54.96451817081219,15.644266654157581,76.42591493320559,parking,461.9316181362195,432.88196015269097,0.0,0.0,0.0,4.0,4.0,6.944444444444444e-05,6.944444444444444e-05,"[[44177153293.14139, 49083.79230267581, 534151.483071242, -7.378847780595186], [49083.79230267578, 44176414684.05119, 7.73096414822535, 534148.4082323079], [534151.483071242, 7.73096414822535, 8.633433333333345, 0.0], [-7.378847780595186, 534148.4082323079, 0.0, 8.633433333333345]]"
2026-07-27 10:30:00,54.96451817081219,15.644266654157581,76.42591493320559,parking,461.9316181362195,432.88196015269097,0.0,0.0,0.0,4.0,4.0,6.944444444444444e-05,6.944444444444444e-05,"[[44821245508.82687, 49295.062123253905, 539331.543071242, -7.378847780595186], [49295.062123253876, 44820503209.92996, 7.73096414822535, 539328.4682323079], [539331.543071242, 7.73096414822535, 8.675100000000011, 0.0], [-7.378847780595186, 539328.4682323079, 0.0, 8.675100000000011]]"
2026-07-27 10:40:00,54.96451817081219,15.644266654157581,76.42591493320559,parking,461.9316181362195,432.88196015269097,0.0,0.0,0.0,4.0,4.0,6.944444444444444e-05,6.944444444444444e-05,"[[45471568796.51236, 49506.331943832, 544536.6030712421, -7.378847780595186], [49506.331943831974, 45470822807.80873, 7.73096414822535, 544533.528232308], [544536.6030712421, 7.73096414822535, 8.716766666666677, 0.0], [-7.378847780595186, 544533.528232308, 0.0, 8.716766666666677]]"
2026-07-27 10:50:00,54.96451817081219,15.644266654157581,76.42591493320559,parking,461.9316181362195,432.88196015269097,0.0,0.0,0.0,4.0,4.0,6.944444444444444e-05,6.944444444444444e-05,"[[46128153156.197845, 49717.6017644101, 549766.6630712422, -7.378847780595186], [49717.60176441007, 46127403477.6875, 7.73096414822535, 549763.588232308], [549766.6630712422, 7.73096414822535, 8.758433333333343, 0.0], [-7.378847780595186, 549763.588232308, 0.0, 8.758433333333343]]"
2026-07-27 11:00:00,54.96451817081219,15.644266654157581,76.42591493320559,parking,461.9316181362195,432.88196015269097,0.0,0.0,0.0,4.0,4.0,6.944444444444444e-05,6.944444444444444e-05,"[[46791028587.88333, 49928.8715849882, 555021.7230712422, -7.378847780595186], [49928.87158498817, 46790275219.56627, 7.73096414822535, 555018.6482323081], [555021.7230712422, 7.73096414822535, 8.80010000000001, 0.0], [-7.378847780595186, 555018.6482323081, 0.0, 8.80010000000001]]"
2026-07-27 11:10:00,54.96451817081219,15.644266654157581,76.42591493320559,parking,461.9316181362195,432.88196015269097,0.0,0.0,0.0,4.0,4.0,6.944444444444444e-05,6.944444444444444e-05,"[[47460225091.56882, 50140.1414055663, 560301.7830712423, -7.378847780595186], [50140.14140556627, 47459468033.44504, 7.73096414822535, 560298.7082323082], [560301.7830712423, 7.73096414822535, 8.841766666666675, 0.0], [-7.378847780595186, 560298.7082323082, 0.0, 8.841766666666675]]"
2026-07-27 11:20:00,54.96451817081219,15.644266654157581,76.42591493320559,parking,461.9316181362195,432.88196015269097,0.0,0.0,0.0,4.0,4.0,6.944444444444444e-05,6.944444444444444e-05,"[[48135772667.2543, 50351.411226144395, 565606.8430712423, -7.378847780595186], [50351.411226144366, 48135011919.32381, 7.73096414822535, 565603.7682323082], [565606.8430712423, 7.73096414822535, 8.883433333333342, 0.0], [-7.378847780595186, 565603.7682323082, 0.0, 8.883433333333342]]"
2026-07-27 11:30:00,54.96451817081219,15.644266654157581,76.42591493320559,parking,461.9316181362195,432.88196015269097,0.0,0.0,0.0,4.0,4.0,6.944444444444444e-05,6.944444444444444e-05,"[[48817701314.93979, 50562.68104672249, 570936.9030712424, -7.378847780595186], [50562.681046722464, 48816936877.202576, 7.73096414822535, 570933.8282323083], [570936.9030712424, 7.73096414822535, 8.925100000000008, 0.0], [-7.378847780595186, 570933.8282323083, 0.0, 8.925100000000008]]"
2026-07-27 11:40:00,54.96451817081219,15.644266654157581,76.42591493320559,parking,461.9316181362195,432.88196015269097,0.0,0.0,0.0,4.0,4.0,6.944444444444444e-05,6.944444444444444e-05,"[[49506041034.625275, 50773.95086730059, 576291.9630712424, -7.378847780595186], [50773.95086730056, 49505272907.081345, 7.73096414822535, 576288.8882323083], [576291.9630712424, 7.73096414822535, 8.966766666666674, 0.0], [-7.378847780595186, 576288.8882323083, 0.0, 8.966766666666674]]"
2026-07-27 11:50:00,54.96451817081219,15.644266654157581,76.42591493320559,parking,461.9316181362195,432.88196015269097,0.0,0.0,0.0,4.0,4.0,6.944444444444444e-05,6.944444444444444e-05,"[[50200821826.31076, 50985.22068787869, 581672.0230712425, -7.378847780595186], [50985.22068787866, 50200050008.96011, 7.73096414822535, 581668.9482323084], [581672.0230712425, 7.73096414822535, 9.00843333333334, 0.0], [-7.378847780595186, 581668.9482323084, 0.0, 9.00843333333334]]"
2026-07-27 12:00:00,54.96451817081219,15.644266654157581,76.42591493320559,parking,461.9316181362195,432.88196015269097,0.0,0.0,0.0,4.0,4.0,6.944444444444444e-05,6.944444444444444e-05,"[[50902073689.99625, 51196.49050845679, 587077.0830712426, -7.378847780595186], [51196.49050845676, 50901298182.83888, 7.73096414822535, 587074.0082323084], [587077.0830712426, 7.73096414822535, 9.050100000000006, 0.0], [-7.378847780595186, 587074.0082323084, 0.0, 9.050100000000006]]"
2026-07-27 12:10:00,54.96451817081219,15.644266654157581,76.42591493320559,parking,461.9316181362195,432.88196015269097,0.0,0.0,0.0,4.0,4.0,6.944444444444444e-05,6.944444444444444e-05,"[[51609826625.68173, 51407.760329034885, 592507.1430712426, -7.378847780595186], [51407.760329034856, 51609047428.71765, 7.73096414822535, 592504.0682323085], [592507.1430712426, 7.73096414822535, 9.091766666666672, 0.0], [-7.378847780595186, 592504.0682323085, 0.0, 9.091766666666672]]"
2026-07-27 12:20:00,54.96451817081219,15.644266654157581,76.42591493320559,parking,461.9316181362195,432.88196015269097,0.0,0.0,0.0,4.0,4.0,6.944444444444444e-05,6.944444444444444e-05,"[[52324110633.36722, 51619.03014961298, 597962.2030712427, -7.378847780595186], [51619.030149612954, 52323327746.59642, 7.73096414822535, 597959.1282323085], [597962.2030712427, 7.73096414822535, 9.133433333333338, 0.0], [-7.378847780595186, 597959.1282323085, 0.0, 9.133433333333338]]"
2026-07-27 12:30:00,54.96451817081219,15.644266654157581,76.42591493320559,parking,461.9316181362195,432.88196015269097,0.0,0.0,0.0,4.0,4.0,6.944444444444444e-05,6.944444444444444e-05,"[[53044955713.052704, 51830.29997019108, 603442.2630712427, -7.378847780595186], [51830.29997019105, 53044169136.47519, 7.73096414822535, 603439.1882323086], [603442.2630712427, 7.73096414822535, 9.175100000000004, 0.0], [-7.378847780595186, 603439.1882323086, 0.0, 9.175100000000004]]"
2026-07-27 12:40:00,54.96451817081219,15.644266654157581,76.42591493320559,parking,461.9316181362195,432.88196015269097,0.0,0.0,0.0,4.0,4.0,6.944444444444444e-05,6.944444444444444e-05,"[[53772391864.73819, 52041.56979076918, 608947.3230712428, -7.378847780595186], [52041.56979076915, 53771601598.35396, 7.73096414822535, 608944.2482323087], [608947.3230712428, 7.73096414822535, 9.21676666666667, 0.0], [-7.378847780595186, 608944.2482323087, 0.0, 9.21676666666667]]"
2026-07-27 12:50:00,54.96451817081219,15.644266654157581,76.42591493320559,parking,461.9316181362195,432.88196015269097,0.0,0.0,0.0,4.0,4.0,6.944444444444444e-05,6.944444444444444e-05,"[[54506449088.423676, 52252.83961134728, 614477.3830712428, -7.378847780595186], [52252.83961134725, 54505655132.23273, 7.73096414822535, 614474.3082323087], [614477.3830712428, 7.73096414822535, 9.258433333333336, 0.0], [-7.378847780595186, 614474.3082323087, 0.0, 9.258433333333336]]"
2026-07-27 13:00:00,54.96451817081219,15.644266654157581,76.42591493320559,parking,461.9316181362195,432.88196015269097,0.0,0.0,0.0,4.0,4.0,6.944444444444444e-05,6.944444444444444e-05,"[[55247157384.10916, 52464.109431925375, 620032.4430712429, -7.378847780595186], [52464.109431925346, 55246359738.111496, 7.73096414822535, 620029.3682323088], [620032.4430712429, 7.73096414822535, 9.300100000000002, 0.0], [-7.378847780595186, 620029.3682323088, 0.0, 9.300100000000002]]"
2026-07-27 13:10:00,54.96451817081219,15.644266654157581,76.42591493320559,parking,461.9316181362195,432.88196015269097,0.0,0.0,0.0,4.0,4.0,6.944444444444444e-05,6.944444444444444e-05,"[[55994546751.79465, 52675.37925250347, 625612.503071243, -7.378847780595186], [52675.379252503444, 55993745415.990265, 7.73096414822535, 625609.4282323088], [625612.503071243, 7.73096414822535, 9.341766666666668, 0.0], [-7.378847780595186, 625609.4282323088, 0.0, 9.341766666666668]]"
2026-07-27 13:20:00,54.96451817081219,15.644266654157581,76.42591493320559,parking,461.9316181362195,432.88196015269097,0.0,0.0,0.0,4.0,4.0,6.944444444444444e-05,6.944444444444444e-05,"[[56748647191.48013, 52886.64907308157, 631217.563071243, -7.378847780595186], [52886.64907308154, 56747842165.86903, 7.73096414822535, 631214.4882323089], [631217.563071243, 7.73096414822535, 9.383433333333334, 0.0], [-7.378847780595186, 631214.4882323089, 0.0, 9.383433333333334]]"
2026-07-27 13:30:00,54.96451817081219,15.644266654157581,76.42591493320559,parking,461.9316181362195,432.88196015269097,0.0,0.0,0.0,4.0,4.0,6.944444444444444e-05,6.944444444444444e-05,"[[57509488703.16562, 53097.91889365967, 636847.623071243, -7.378847780595186], [53097.91889365964, 57508679987.7478, 7.73096414822535, 636844.5482323089], [636847.623071243, 7.73096414822535, 9.4251, 0.0], [-7.378847780595186, 636844.5482323089, 0.0, 9.4251]]"
2026-07-27 13:40:00,54.96451817081219,15.644266654157581,76.42591493320559,parking,461.9316181362195,432.88196015269097,0.0,0.0,0.0,4.0,4.0,6.944444444444444e-05,6.944444444444444e-05,"[[58277101286.851105, 53309.18871423777, 642502.6830712431, -7.378847780595186], [53309.18871423774, 58276288881.62657, 7.73096414822535, 642499.608232309], [642502.6830712431, 7.73096414822535, 9.466766666666667, 0.0], [-7.378847780595186, 642499.608232309, 0.0, 9.466766666666667]]"
2026-07-27 13:50:00,54.96451817081219,15.644266654157581,76.42591493320559,parking,461.9316181362195,432.88196015269097,0.0,0.0,0.0,4.0,4.0,6.944444444444444e-05,6.944444444444444e-05,"[[59051514942.53659, 53520.458534815865, 648182.7430712432, -7.378847780595186], [53520.458534815836, 59050698847.50534, 7.73096414822535, 648179.668232309], [648182.7430712432, 7.73096414822535, 9.508433333333333, 0.0], [-7.378847780595186, 648179.668232309, 0.0, 9.508433333333333]]"
2026-07-27 14:00:00,54.96451817081219,15.644266654157581,76.42591493320559,parking,461.9316181362195,432.88196015269097,0.0,0.0,0.0,4.0,4.0,6.944444444444444e-05,6.944444444444444e-05,"[[59832759670.22208, 53731.72835539396, 653887.8030712432, -7.378847780595186], [53731.728355393934, 59831939885.38411, 7.73096414822535, 653884.7282323091], [653887.8030712432, 7.73096414822535, 9.550099999999999, 0.0], [-7.378847780595186, 653884.7282323091, 0.0, 9.550099999999999]]"
2026-07-27 14:10:00,54.96451817081219,15.644266654157581,76.42591493320559,parking,461.9316181362195,432.88196015269097,0.0,0.0,0.0,4.0,4.0,6.944444444444444e-05,6.944444444444444e-05,"[[60620865469.90756, 53942.99817597206, 659617.8630712433, -7.378847780595186], [53942.99817597203, 60620041995.26288, 7.73096414822535, 659614.7882323092], [659617.8630712433, 7.73096414822535, 9.591766666666665, 0.0], [-7.378847780595186, 659614.7882323092, 0.0, 9.591766666666665]]"
2026-07-27 14:20:00,54.96451817081219,15.644266654157581,76.42591493320559,parking,461.9316181362195,432.88196015269097,0.0,0.0,0.0,4.0,4.0,6.944444444444444e-05,6.944444444444444e-05,"[[61415862341.59305, 54154.26799655016, 665372.9230712433, -7.378847780595186], [54154.26799655013, 61415035177.14165, 7.73096414822535, 665369.8482323092], [665372.9230712433, 7.73096414822535, 9.63343333333333, 0.0], [-7.378847780595186, 665369.8482323092, 0.0, 9.63343333333333]]"
2026-07-27 14:30:00,54.96451817081219,15.644266654157581,76.42591493320559,parking,461.9316181362195,432.88196015269097,0.0,0.0,0.0,4.0,4.0,6.944444444444444e-05,6.944444444444444e-05,"[[62217780285.278534, 54365.53781712826, 671152.9830712434, -7.378847780595186], [54365.53781712823, 62216949431.02042, 7.73096414822535, 671149.9082323093], [671152.9830712434, 7.73096414822535, 9.675099999999997, 0.0], [-7.378847780595186, 671149.9082323093, 0.0, 9.675099999999997]]"
2026-07-27 14:40:00,54.96451817081219,15.644266654157581,76.42591493320559,parking,461.9316181362195,432.88196015269097,0.0,0.0,0.0,4.0,4.0,6.944444444444444e-05,6.944444444444444e-05,"[[63026649300.96402, 54576.807637706355, 676958.0430712434, -7.378847780595186], [54576.807637706326, 63025814756.899185, 7.73096414822535, 676954.9682323093], [676958.0430712434, 7.73096414822535, 9.716766666666663, 0.0], [-7.378847780595186, 676954.9682323093, 0.0, 9.716766666666663]]"
2026-07-27 14:50:00,54.96451817081219,15.644266654157581,76.42591493320559,parking,461.9316181362195,432.88196015269097,0.0,0.0,0.0,4.0,4.0,6.944444444444444e-05,6.944444444444444e-05,"[[63842499388.649506, 54788.07745828445, 682788.1030712435, -7.378847780595186], [54788.077458284424, 63841661154.777954, 7.73096414822535, 682785.0282323094], [682788.1030712435, 7.73096414822535, 9.758433333333329, 0.0], [-7.378847780595186, 682785.0282323094, 0.0, 9.758433333333329]]"
2026-07-27 15:00:00,54.96451817081219,15.644266654157581,76.42591493320559,parking,461.9316181362195,432.88196015269097,0.0,0.0,0.0,4.0,4.0,6.944444444444444e-05,6.944444444444444e-05,"[[64665360548.33499, 54999.34727886255, 688643.1630712434, -7.378847780595186], [54999.34727886252, 64664518624.65672, 7.73096414822535, 688640.0882323093], [688643.1630712434, 7.73096414822535, 9.800099999999995, 0.0], [-7.378847780595186, 688640.0882323093, 0.0, 9.800099999999995]]"
2026-07-27 15:10:00,54.96451817081219,15.644266654157581,76.42591493320559,parking,461.9316181362195,432.88196015269097,0.0,0.0,0.0,4.0,4.0,6.944444444444444e-05,6.944444444444444e-05,"[[65495262780.02048, 55210.61709944065, 694523.2230712434, -7.378847780595186], [55210.61709944062, 65494417166.53549, 7.73096414822535, 694520.1482323093], [694523.2230712434, 7.73096414822535, 9.841766666666661, 0.0], [-7.378847780595186, 694520.1482323093, 0.0, 9.841766666666661]]"
2026-07-27 15:20:00,54.96451817081219,15.644266654157581,76.42591493320559,parking,461.9316181362195,432.88196015269097,0.0,0.0,0.0,4.0,4.0,6.944444444444444e-05,6.944444444444444e-05,"[[66332236083.70596, 55421.88692001875, 700428.2830712433, -7.378847780595186], [55421.88692001872, 66331386780.41426, 7.73096414822535, 700425.2082323092], [700428.2830712433, 7.73096414822535, 9.883433333333327, 0.0], [-7.378847780595186, 700425.2082323092, 0.0, 9.883433333333327]]"
2026-07-27 15:30:00,54.96451817081219,15.644266654157581,76.42591493320559,parking,461.9316181362195,432.88196015269097,0.0,0.0,0.0,4.0,4.0,6.944444444444444e-05,6.944444444444444e-05,"[[67176310459.39145, 55633.156740596845, 706358.3430712433, -7.378847780595186], [55633.156740596816, 67175457466.29303, 7.73096414822535, 706355.2682323091], [706358.3430712433, 7.73096414822535, 9.925099999999993, 0.0], [-7.378847780595186, 706355.2682323091, 0.0, 9.925099999999993]]"
2026-07-27 15:40:00,54.96451817081219,15.644266654157581,76.42591493320559,parking,461.9316181362195,432.88196015269097,0.0,0.0,0.0,4.0,4.0,6.944444444444444e-05,6.944444444444444e-05,"[[68027515907.076935, 55844.42656117494, 712313.4030712432, -7.378847780595186], [55844.426561174914, 68026659224.1718, 7.73096414822535, 712310.3282323091], [712313.4030712432, 7.73096414822535, 9.96676666666666, 0.0], [-7.378847780595186, 712310.3282323091, 0.0, 9.96676666666666]]"
2026-07-27 15:50:00,54.96451817081219,15.644266654157581,76.42591493320559,parking,461.9316181362195,432.88196015269097,0.0,0.0,0.0,4.0,4.0,6.944444444444444e-05,6.944444444444444e-05,"[[68885882426.76242, 56055.69638175304, 718293.4630712431, -7.378847780595186], [56055.69638175301, 68885022054.05057, 7.73096414822535, 718290.388232309], [718293.4630712431, 7.73096414822535, 10.008433333333326, 0.0], [-7.378847780595186, 718290.388232309, 0.0, 10.008433333333326]]"
2026-07-27 16:00:00,54.96451817081219,15.644266654157581,76.42591493320559,parking,461.9316181362195,432.88196015269097,0.0,0.0,0.0,4.0,4.0,6.944444444444444e-05,6.944444444444444e-05,"[[69751440018.4479, 56266.96620233114, 724298.5230712431, -7.378847780595186], [56266.96620233111, 69750575955.92935, 7.73096414822535, 724295.448232309], [724298.5230712431, 7.73096414822535, 10.050099999999992, 0.0], [-7.378847780595186, 724295.448232309, 0.0, 10.050099999999992]]"
2026-07-27 16:10:00,54.96451817081219,15.644266654157581,76.42591493320559,parking,461.9316181362195,432.88196015269097,0.0,0.0,0.0,4.0,4.0,6.944444444444444e-05,6.944444444444444e-05,"[[70624218682.13339, 56478.23602290924, 730328.583071243, -7.378847780595186], [56478.23602290921, 70623350929.80814, 7.73096414822535, 730325.5082323089], [730328.583071243, 7.73096414822535, 10.091766666666658, 0.0], [-7.378847780595186, 730325.5082323089, 0.0, 10.091766666666658]]"
2026-07-27 16:20:00,54.96451817081219,15.644266654157581,76.42591493320559,parking,461.9316181362195,432.88196015269097,0.0,0.0,0.0,4.0,4.0,6.944444444444444e-05,6.944444444444444e-05,"[[71504248417.81888, 56689.505843487335, 736383.643071243, -7.378847780595186], [56689.505843487306, 71503376975.68692, 7.73096414822535, 736380.5682323088], [736383.643071243, 7.73096414822535, 10.133433333333324, 0.0], [-7.378847780595186, 736380.5682323088, 0.0, 10.133433333333324]]"
2026-07-27 16:30:00,54.96451817081219,15.644266654157581,76.42591493320559,parking,461.9316181362195,432.88196015269097,0.0,0.0,0.0,4.0,4.0,6.944444444444444e-05,6.944444444444444e-05,"[[72391559225.50436, 56900.77566406543, 742463.7030712429, -7.378847780595186], [56900.775664065404, 72390684093.5657, 7.73096414822535, 742460.6282323088], [742463.7030712429, 7.73096414822535, 10.17509999999999, 0.0], [-7.378847780595186, 742460.6282323088, 0.0, 10.17509999999999]]"
2026-07-27 16:40:00,54.96451817081219,15.644266654157581,76.42591493320559,parking,461.9316181362195,432.88196015269097,0.0,0.0,0.0,4.0,4.0,6.944444444444444e-05,6.944444444444444e-05,"[[73286181105.18985, 57112.04548464353, 748568.7630712428, -7.378847780595186], [57112.0454846435, 73285302283.44449, 7.73096414822535, 748565.6882323087], [748568.7630712428, 7.73096414822535, 10.216766666666656, 0.0], [-7.378847780595186, 748565.6882323087, 0.0, 10.216766666666656]]"
2026-07-27 16:50:00,54.96451817081219,15.644266654157581,76.42591493320559,parking,461.9316181362195,432.88196015269097,0.0,0.0,0.0,4.0,4.0,6.944444444444444e-05,6.944444444444444e-05,"[[74188144056.87534, 57323.31530522163, 754698.8230712428, -7.378847780595186], [57323.3153052216, 74187261545.32327, 7.73096414822535, 754695.7482323087], [754698.8230712428, 7.73096414822535, 10.258433333333322, 0.0], [-7.378847780595186, 754695.7482323087, 0.0, 10.258433333333322]]"
2026-07-27 17:00:00,54.96451817081219,15.644266654157581,76.42591493320559,parking,461.9316181362195,432.88196015269097,0.0,0.0,0.0,4.0,4.0,6.944444444444444e-05,6.944444444444444e-05,"[[75097478080.56082, 57534.58512579973, 760853.8830712427, -7.378847780595186], [57534.5851257997, 75096591879.20206, 7.73096414822535, 760850.8082323086], [760853.8830712427, 7.73096414822535, 10.300099999999988, 0.0], [-7.378847780595186, 760850.8082323086, 0.0, 10.300099999999988]]"
2026-07-27 17:10:00,54.96451817081219,15.644266654157581,76.42591493320559,parking,461.9316181362195,432.88196015269097,0.0,0.0,0.0,4.0,4.0,6.944444444444444e-05,6.944444444444444e-05,"[[76014213176.2463, 57745.854946377825, 767033.9430712427, -7.378847780595186], [57745.854946377796, 76013323285.08084, 7.73096414822535, 767030.8682323085], [767033.9430712427, 7.73096414822535, 10.341766666666654, 0.0], [-7.378847780595186, 767030.8682323085, 0.0, 10.341766666666654]]"
2026-07-27 17:20:00,54.96451817081219,15.644266654157581,76.42591493320559,parking,461.9316181362195,432.88196015269097,0.0,0.0,0.0,4.0,4.0,6.944444444444444e-05,6.944444444444444e-05,"[[76938379343.9318, 57957.12476695592, 773239.0030712426, -7.378847780595186], [57957.124766955894, 76937485762.95963, 7.73096414822535, 773235.9282323085], [773239.0030712426, 7.73096414822535, 10.38343333333332, 0.0], [-7.378847780595186, 773235.9282323085, 0.0, 10.38343333333332]]"
2026-07-27 17:30:00,54.96451817081219,15.644266654157581,76.42591493320559,parking,461.9316181362195,432.88196015269097,0.0,0.0,0.0,4.0,4.0,6.944444444444444e-05,6.944444444444444e-05,"[[77870006583.61728, 58168.39458753402, 779469.0630712425, -7.378847780595186], [58168.39458753399, 77869109312.83841, 7.73096414822535, 779465.9882323084], [779469.0630712425, 7.73096414822535, 10.425099999999986, 0.0], [-7.378847780595186, 779465.9882323084, 0.0, 10.425099999999986]]"
2026-07-27 17:40:00,54.96451817081219,15.644266654157581,76.42591493320559,parking,461.9316181362195,432.88196015269097,0.0,0.0,0.0,4.0,4.0,6.944444444444444e-05,6.944444444444444e-05,"[[78809124895.30276, 58379.66440811212, 785724.1230712425, -7.378847780595186], [58379.66440811209, 78808223934.7172, 7.73096414822535, 785721.0482323084], [785724.1230712425, 7.73096414822535, 10.466766666666652, 0.0], [-7.378847780595186, 785721.0482323084, 0.0, 10.466766666666652]]"
2026-07-27 17:50:00,54.96451817081219,15.644266654157581,76.42591493320559,parking,461.9316181362195,432.88196015269097,0.0,0.0,0.0,4.0,4.0,6.944444444444444e-05,6.944444444444444e-05,"[[79755764278.98825, 58590.93422869022, 792004.1830712424, -7.378847780595186], [58590.93422869019, 79754859628.59598, 7.73096414822535, 792001.1082323083], [792004.1830712424, 7.73096414822535, 10.508433333333318, 0.0], [-7.378847780595186, 792001.1082323083, 0.0, 10.508433333333318]]"
2026-07-27 18:00:00,54.96451817081219,15.644266654157581,76.42591493320559,parking,461.9316181362195,432.88196015269097,0.0,0.0,0.0,4.0,4.0,6.944444444444444e-05,6.944444444444444e-05,"[[80709954734.67374, 58802.204049268315, 798309.2430712424, -7.378847780595186], [58802.204049268286, 80709046394.47476, 7.73096414822535, 798306.1682323082], [798309.2430712424, 7.73096414822535, 10.550099999999984, 0.0], [-7.378847780595186, 798306.1682323082, 0.0, 10.550099999999984]]"
2026-07-27 18:10:00,54.96451817081219,15.644266654157581,76.42591493320559,parking,461.9316181362195,432.88196015269097,0.0,0.0,0.0,4.0,4.0,6.944444444444444e-05,6.944444444444444e-05,"[[81671726262.35922, 59013.47386984641, 804639.3030712423, -7.378847780595186], [59013.473869846384, 81670814232.35355, 7.73096414822535, 804636.2282323082], [804639.3030712423, 7.73096414822535, 10.59176666666665, 0.0], [-7.378847780595186, 804636.2282323082, 0.0, 10.59176666666665]]"
2026-07-27 18:20:00,54.96451817081219,15.644266654157581,76.42591493320559,parking,461.9316181362195,432.88196015269097,0.0,0.0,0.0,4.0,4.0,6.944444444444444e-05,6.944444444444444e-05,"[[82641108862.04471, 59224.74369042451, 810994.3630712422, -7.378847780595186], [59224.74369042448, 82640193142.23233, 7.73096414822535, 810991.2882323081], [810994.3630712422, 7.73096414822535, 10.633433333333317, 0.0], [-7.378847780595186, 810991.2882323081, 0.0, 10.633433333333317]]"
2026-07-27 18:30:00,54.96451817081219,15.644266654157581,76.42591493320559,parking,461.9316181362195,432.88196015269097,0.0,0.0,0.0,4.0,4.0,6.944444444444444e-05,6.944444444444444e-05,"[[83618132533.7302, 59436.01351100261, 817374.4230712422, -7.378847780595186], [59436.01351100258, 83617213124.11111, 7.73096414822535, 817371.348232308], [817374.4230712422, 7.73096414822535, 10.675099999999983, 0.0], [-7.378847780595186, 817371.348232308, 0.0, 10.675099999999983]]"
2026-07-27 18:40:00,54.96451817081219,15.644266654157581,76.42591493320559,parking,461.9316181362195,432.88196015269097,0.0,0.0,0.0,4.0,4.0,6.944444444444444e-05,6.944444444444444e-05,"[[84602827277.41568, 59647.28333158071, 823779.4830712421, -7.378847780595186], [59647.28333158068, 84601904177.9899, 7.73096414822535, 823776.408232308], [823779.4830712421, 7.73096414822535, 10.716766666666649, 0.0], [-7.378847780595186, 823776.408232308, 0.0, 10.716766666666649]]"
2026-07-27 18:50:00,54.96451817081219,15.644266654157581,76.42591493320559,parking,461.9316181362195,432.88196015269097,0.0,0.0,0.0,4.0,4.0,6.944444444444444e-05,6.944444444444444e-05,"[[85595223093.10117, 59858.553152158805, 830209.543071242, -7.378847780595186], [59858.553152158776, 85594296303.86868, 7.73096414822535, 830206.4682323079], [830209.543071242, 7.73096414822535, 10.758433333333315, 0.0], [-7.378847780595186, 830206.4682323079, 0.0, 10.758433333333315]]"
2026-07-27 19:00:00,54.96451817081219,15.644266654157581,76.42591493320559,parking,461.9316181362195,432.88196015269097,0.0,0.0,0.0,4.0,4.0,6.944444444444444e-05,6.944444444444444e-05,"[[86595349980.78665, 60069.8229727369, 836664.603071242, -7.378847780595186], [60069.822972736874, 86594419501.74747, 7.73096414822535, 836661.5282323079], [836664.603071242, 7.73096414822535, 10.800099999999981, 0.0], [-7.378847780595186, 836661.5282323079, 0.0, 10.800099999999981]]"
2026-07-27 19:10:00,54.96451817081219,15.644266654157581,76.42591493320559,parking,461.9316181362195,432.88196015269097,0.0,0.0,0.0,4.0,4.0,6.944444444444444e-05,6.944444444444444e-05,"[[87603237940.47214, 60281.092793315, 843144.6630712419, -7.378847780595186], [60281.09279331497, 87602303771.62625, 7.73096414822535, 843141.5882323078], [843144.6630712419, 7.73096414822535, 10.841766666666647, 0.0], [-7.378847780595186, 843141.5882323078, 0.0, 10.841766666666647]]"
2026-07-27 19:20:00,54.96451817081219,15.644266654157581,76.42591493320559,parking,461.9316181362195,432.88196015269097,0.0,0.0,0.0,4.0,4.0,6.944444444444444e-05,6.944444444444444e-05,"[[88618916972.15762, 60492.3626138931, 849649.7230712419, -7.378847780595186], [60492.36261389307, 88617979113.50504, 7.73096414822535, 849646.6482323078], [849649.7230712419, 7.73096414822535, 10.883433333333313, 0.0], [-7.378847780595186, 849646.6482323078, 0.0, 10.883433333333313]]"
2026-07-27 19:30:00,54.96451817081219,15.644266654157581,76.42591493320559,parking,461.9316181362195,432.88196015269097,0.0,0.0,0.0,4.0,4.0,6.944444444444444e-05,6.944444444444444e-05,"[[89642417075.84311, 60703.6324344712, 856179.7830712418, -7.378847780595186], [60703.63243447117, 89641475527.38382, 7.73096414822535, 856176.7082323077], [856179.7830712418, 7.73096414822535, 10.92509999999998, 0.0], [-7.378847780595186, 856176.7082323077, 0.0, 10.92509999999998]]"
2026-07-27 19:40:00,54.96451817081219,15.644266654157581,76.42591493320559,parking,461.9316181362195,432.88196015269097,0.0,0.0,0.0,4.0,4.0,6.944444444444444e-05,6.944444444444444e-05,"[[90673768251.5286, 60914.902255049295, 862734.8430712417, -7.378847780595186], [60914.90225504927, 90672823013.2626, 7.73096414822535, 862731.7682323076], [862734.8430712417, 7.73096414822535, 10.966766666666645, 0.0], [-7.378847780595186, 862731.7682323076, 0.0, 10.966766666666645]]"
2026-07-27 19:50:00,54.96451817081219,15.644266654157581,76.42591493320559,parking,461.9316181362195,432.88196015269097,0.0,0.0,0.0,4.0,4.0,6.944444444444444e-05,6.944444444444444e-05,"[[91713000499.21408, 61126.17207562739, 869314.9030712417, -7.378847780595186], [61126.172075627364, 91712051571.14139, 7.73096414822535, 869311.8282323076], [869314.9030712417, 7.73096414822535, 11.008433333333311, 0.0], [-7.378847780595186, 869311.8282323076, 0.0, 11.008433333333311]]"
2026-07-27 20:00:00,54.96451817081219,15.644266654157581,76.42591493320559,parking,461.9316181362195,432.88196015269097,0.0,0.0,0.0,4.0,4.0,6.944444444444444e-05,6.944444444444444e-05,"[[92760143818.89957, 61337.4418962055, 875919.9630712416, -7.378847780595186], [61337.44189620546, 92759191201.02017, 7.73096414822535, 875916.8882323075], [875919.9630712416, 7.73096414822535, 11.050099999999977, 0.0], [-7.378847780595186, 875916.8882323075, 0.0, 11.050099999999977]]"
2026-07-27 20:10:00,54.96451817081219,15.644266654157581,76.42591493320559,parking,461.9316181362195,432.88196015269097,0.0,0.0,0.0,4.0,4.0,6.944444444444444e-05,6.944444444444444e-05,"[[93815228210.58505, 61548.711716783604, 882550.0230712416, -7.378847780595186], [61548.71171678356, 93814271902.89896, 7.73096414822535, 882546.9482323074], [882550.0230712416, 7.73096414822535, 11.091766666666643, 0.0], [-7.378847780595186, 882546.9482323074, 0.0, 11.091766666666643]]"
2026-07-27 20:20:00,54.96451817081219,15.644266654157581,76.42591493320559,parking,461.9316181362195,432.88196015269097,0.0,0.0,0.0,4.0,4.0,6.944444444444444e-05,6.944444444444444e-05,"[[94878283674.27054, 61759.98153736171, 889205.0830712415, -7.378847780595186], [61759.98153736166, 94877323676.77773, 7.73096414822535, 889202.0082323074], [889205.0830712415, 7.73096414822535, 11.13343333333331, 0.0], [-7.378847780595186, 889202.0082323074, 0.0, 11.13343333333331]]"
2026-07-27 20:30:00,54.96451817081219,15.644266654157581,76.42591493320559,parking,461.9316181362195,432.88196015269097,0.0,0.0,0.0,4.0,4.0,6.944444444444444e-05,6.944444444444444e-05,"[[95949340209.95602, 61971.251357939815, 895885.1430712414, -7.378847780595186], [61971.25135793976, 95948376522.65648, 7.73096414822535, 895882.0682323073], [895885.1430712414, 7.73096414822535, 11.175099999999976, 0.0], [-7.378847780595186, 895882.0682323073, 0.0, 11.175099999999976]]"
2026-07-27 20:40:00,54.96451817081219,15.644266654157581,76.42591493320559,parking,461.9316181362195,432.88196015269097,0.0,0.0,0.0,4.0,4.0,6.944444444444444e-05,6.944444444444444e-05,"[[97028427817.64151, 62182.52117851792, 902590.2030712414, -7.378847780595186], [62182.521178517854, 97027460440.53523, 7.73096414822535, 902587.1282323073], [902590.2030712414, 7.73096414822535, 11.216766666666642, 0.0], [-7.378847780595186, 902587.1282323073, 0.0, 11.216766666666642]]"
2026-07-27 20:50:00,54.96451817081219,15.644266654157581,76.42591493320559,parking,461.9316181362195,432.88196015269097,0.0,0.0,0.0,4.0,4.0,6.944444444444444e-05,6.944444444444444e-05,"[[98115576497.327, 62393.790999096025, 909320.2630712413, -7.378847780595186], [62393.79099909595, 98114605430.41399, 7.73096414822535, 909317.1882323072], [909320.2630712413, 7.73096414822535, 11.258433333333308, 0.0], [-7.378847780595186, 909317.1882323072, 0.0, 11.258433333333308]]"
2026-07-27 21:00:00,54.96451817081219,15.644266654157581,76.42591493320559,parking,461.9316181362195,432.88196015269097,0.0,0.0,0.0,4.0,4.0,6.944444444444444e-05,6.944444444444444e-05,"[[99210816249.01248, 62605.06081967413, 916075.3230712413, -7.378847780595186], [62605.06081967405, 99209841492.29274, 7.73096414822535, 916072.2482323071], [916075.3230712413, 7.73096414822535, 11.300099999999974, 0.0], [-7.378847780595186, 916072.2482323071, 0.0, 11.300099999999974]]"
2026-07-27 21:10:00,54.96451817081219,15.644266654157581,76.42591493320559,parking,461.9316181362195,432.88196015269097,0.0,0.0,0.0,4.0,4.0,6.944444444444444e-05,6.944444444444444e-05,"[[100314177072.69797, 62816.330640252236, 922855.3830712412, -7.378847780595186], [62816.33064025215, 100313198626.1715, 7.73096414822535, 922852.3082323071], [922855.3830712412, 7.73096414822535, 11.34176666666664, 0.0], [-7.378847780595186, 922852.3082323071, 0.0, 11.34176666666664]]"
2026-07-27 21:20:00,54.96451817081219,15.644266654157581,76.42591493320559,parking,461.9316181362195,432.88196015269097,0.0,0.0,0.0,4.0,4.0,6.944444444444444e-05,6.944444444444444e-05,"[[101425688968.38345, 63027.60046083034, 929660.4430712411, -7.378847780595186], [63027.60046083025, 101424706832.05025, 7.73096414822535, 929657.368232307], [929660.4430712411, 7.73096414822535, 11.383433333333306, 0.0], [-7.378847780595186, 929657.368232307, 0.0, 11.383433333333306]]"
2026-07-27 21:30:00,54.96451817081219,15.644266654157581,76.42591493320559,parking,461.9316181362195,432.88196015269097,0.0,0.0,0.0,4.0,4.0,6.944444444444444e-05,6.944444444444444e-05,"[[102545381936.06894, 63238.870281408446, 936490.5030712411, -7.378847780595186], [63238.870281408344, 102544396109.929, 7.73096414822535, 936487.428232307], [936490.5030712411, 7.73096414822535, 11.425099999999972, 0.0], [-7.378847780595186, 936487.428232307, 0.0, 11.425099999999972]]"
2026-07-27 21:40:00,54.96451817081219,15.644266654157581,76.42591493320559,parking,461.9316181362195,432.88196015269097,0.0,0.0,0.0,4.0,4.0,6.944444444444444e-05,6.944444444444444e-05,"[[103673285975.75443, 63450.14010198655, 943345.563071241, -7.378847780595186], [63450.14010198644, 103672296459.80775, 7.73096414822535, 943342.4882323069], [943345.563071241, 7.73096414822535, 11.466766666666638, 0.0], [-7.378847780595186, 943342.4882323069, 0.0, 11.466766666666638]]"
2026-07-27 21:50:00,54.96451817081219,15.644266654157581,76.42591493320559,parking,461.9316181362195,432.88196015269097,0.0,0.0,0.0,4.0,4.0,6.944444444444444e-05,6.944444444444444e-05,"[[104809431087.43991, 63661.40992256466, 950225.623071241, -7.378847780595186], [63661.40992256454, 104808437881.68651, 7.73096414822535, 950222.5482323068], [950225.623071241, 7.73096414822535, 11.508433333333304, 0.0], [-7.378847780595186, 950222.5482323068, 0.0, 11.508433333333304]]"
2026-07-27 22:00:00,54.96451817081219,15.644266654157581,76.42591493320559,parking,461.9316181362195,432.88196015269097,0.0,0.0,0.0,4.0,4.0,6.944444444444444e-05,6.944444444444444e-05,"[[105953847271.1254, 63872.67974314276, 957130.6830712409, -7.378847780595186], [63872.67974314264, 105952850375.56526, 7.73096414822535, 957127.6082323068], [957130.6830712409, 7.73096414822535, 11.55009999999997, 0.0], [-7.378847780595186, 957127.6082323068, 0.0, 11.55009999999997]]"
2026-07-27 22:10:00,54.96451817081219,15.644266654157581,76.42591493320559,parking,461.9316181362195,432.88196015269097,0.0,0.0,0.0,4.0,4.0,6.944444444444444e-05,6.944444444444444e-05,"[[107106564526.81088, 64083.94956372087, 964060.7430712408, -7.378847780595186], [64083.94956372074, 107105563941.44402, 7.73096414822535, 964057.6682323067], [964060.7430712408, 7.73096414822535, 11.591766666666636, 0.0], [-7.378847780595186, 964057.6682323067, 0.0, 11.591766666666636]]"
2026-07-27 22:20:00,54.96451817081219,15.644266654157581,76.42591493320559,parking,461.9316181362195,432.88196015269097,0.0,0.0,0.0,4.0,4.0,6.944444444444444e-05,6.944444444444444e-05,"[[108267612854.49637, 64295.21938429897, 971015.8030712408, -7.378847780595186], [64295.219384298834, 108266608579.32277, 7.73096414822535, 971012.7282323067], [971015.8030712408, 7.73096414822535, 11.633433333333302, 0.0], [-7.378847780595186, 971012.7282323067, 0.0, 11.633433333333302]]"
2026-07-27 22:30:00,54.96451817081219,15.644266654157581,76.42591493320559,parking,461.9316181362195,432.88196015269097,0.0,0.0,0.0,4.0,4.0,6.944444444444444e-05,6.944444444444444e-05,"[[109437022254.18185, 64506.48920487708, 977995.8630712407, -7.378847780595186], [64506.48920487693, 109436014289.20152, 7.73096414822535, 977992.7882323066], [977995.8630712407, 7.73096414822535, 11.675099999999969, 0.0], [-7.378847780595186, 977992.7882323066, 0.0, 11.675099999999969]]"
2026-07-27 22:40:00,54.96451817081219,15.644266654157581,76.42591493320559,parking,461.9316181362195,432.88196015269097,0.0,0.0,0.0,4.0,4.0,6.944444444444444e-05,6.944444444444444e-05,"[[110614822725.86734, 64717.75902545518, 985000.9230712407, -7.378847780595186], [64717.75902545503, 110613811071.08028, 7.73096414822535, 984997.8482323065], [985000.9230712407, 7.73096414822535, 11.716766666666635, 0.0], [-7.378847780595186, 984997.8482323065, 0.0, 11.716766666666635]]"
2026-07-27 22:50:00,54.96451817081219,15.644266654157581,76.42591493320559,parking,461.9316181362195,432.88196015269097,0.0,0.0,0.0,4.0,4.0,6.944444444444444e-05,6.944444444444444e-05,"[[111801044269.55283, 64929.02884603329, 992030.9830712406, -7.378847780595186], [64929.02884603313, 111800028924.95903, 7.73096414822535, 992027.9082323065], [992030.9830712406, 7.73096414822535, 11.7584333333333, 0.0], [-7.378847780595186, 992027.9082323065, 0.0, 11.7584333333333]]"
2026-07-27 23:00:00,54.96451817081219,15.644266654157581,76.42591493320559,parking,461.9316181362195,432.88196015269097,0.0,0.0,0.0,4.0,4.0,6.944444444444444e-05,6.944444444444444e-05,"[[112995716885.23831, 65140.298666611394, 999086.0430712405, -7.378847780595186], [65140.29866661123, 112994697850.83778, 7.73096414822535, 999082.9682323064], [999086.0430712405, 7.73096414822535, 11.800099999999967, 0.0], [-7.378847780595186, 999082.9682323064, 0.0, 11.800099999999967]]"
2026-07-27 23:10:00,54.96451817081219,15.644266654157581,76.42591493320559,parking,461.9316181362195,432.88196015269097,0.0,0.0,0.0,4.0,4.0,6.944444444444444e-05,6.944444444444444e-05,"[[114198870572.9238, 65351.5684871895, 1006166.1030712405, -7.378847780595186], [65351.568487189325, 114197847848.71654, 7.73096414822535, 1006163.0282323064], [1006166.1030712405, 7.73096414822535, 11.841766666666633, 0.0], [-7.378847780595186, 1006163.0282323064, 0.0, 11.841766666666633]]"
2026-07-27 23:20:00,54.96451817081219,15.644266654157581,76.42591493320559,parking,461.9316181362195,432.88196015269097,0.0,0.0,0.0,4.0,4.0,6.944444444444444e-05,6.944444444444444e-05,"[[115410535332.60928, 65562.8383077676, 1013271.1630712404, -7.378847780595186], [65562.83830776742, 115409508918.59529, 7.73096414822535, 1013268.0882323063], [1013271.1630712404, 7.73096414822535, 11.883433333333299, 0.0], [-7.378847780595186, 1013268.0882323063, 0.0, 11.883433333333299]]"
2026-07-27 23:30:00,54.96451817081219,15.644266654157581,76.42591493320559,parking,461.9316181362195,432.88196015269097,0.0,0.0,0.0,4.0,4.0,6.944444444444444e-05,6.944444444444444e-05,"[[116630741164.29477, 65774.10812834569, 1020401.2230712404, -7.378847780595186], [65774.10812834553, 116629711060.47404, 7.73096414822535, 1020398.1482323062], [1020401.2230712404, 7.73096414822535, 11.925099999999965, 0.0], [-7.378847780595186, 1020398.1482323062, 0.0, 11.925099999999965]]"
2026-07-27 23:40:00,54.96451817081219,15.644266654157581,76.42591493320559,parking,461.9316181362195,432.88196015269097,0.0,0.0,0.0,4.0,4.0,6.944444444444444e-05,6.944444444444444e-05,"[[117859518067.98026, 65985.37794892378, 1027556.2830712403, -7.378847780595186], [65985.37794892363, 117858484274.3528, 7.73096414822535, 1027553.2082323062], [1027556.2830712403, 7.73096414822535, 11.966766666666631, 0.0], [-7.378847780595186, 1027553.2082323062, 0.0, 11.966766666666631]]"
2026-07-27 23:50:00,54.96451817081219,15.644266654157581,76.42591493320559,parking,461.9316181362195,432.88196015269097,0.0,0.0,0.0,4.0,4.0,6.944444444444444e-05,6.944444444444444e-05,"[[119096896043.66574, 66196.64776950187, 1034736.3430712402, -7.378847780595186], [66196.64776950174, 119095858560.23155, 7.73096414822535, 1034733.2682323061], [1034736.3430712402, 7.73096414822535, 12.008433333333297, 0.0], [-7.378847780595186, 1034733.2682323061, 0.0, 12.008433333333297]]"
2026-07-28 00:00:00,54.96451817081219,15.644266654157581,76.42591493320559,parking,461.9316181362195,432.88196015269097,0.0,0.0,0.0,4.0,4.0,6.944444444444444e-05,6.944444444444444e-05,"[[120342905091.35123, 66407.91759007996, 1041941.4030712402, -7.378847780595186], [66407.91759007984, 120341863918.1103, 7.73096414822535, 1041938.328232306], [1041941.4030712402, 7.73096414822535, 12.050099999999963, 0.0], [-7.378847780595186, 1041938.328232306, 0.0, 12.050099999999963]]"
2026-07-28 00:10:00,54.96451817081219,15.644266654157581,76.42591493320559,parking,461.9316181362195,432.88196015269097,0.0,0.0,0.0,4.0,4.0,6.944444444444444e-05,6.944444444444444e-05,"[[121597575211.03671, 66619.18741065805, 1049171.46307124, -7.378847780595186], [66619.18741065795, 121596530347.98906, 7.73096414822535, 1049168.388232306], [1049171.46307124, 7.73096414822535, 12.09176666666663, 0.0], [-7.378847780595186, 1049168.388232306, 0.0, 12.09176666666663]]"
2026-07-28 00:20:00,54.96451817081219,15.644266654157581,76.42591493320559,parking,461.9316181362195,432.88196015269097,0.0,0.0,0.0,4.0,4.0,6.944444444444444e-05,6.944444444444444e-05,"[[122860936402.7222, 66830.45723123614, 1056426.5230712402, -7.378847780595186], [66830.45723123605, 122859887849.86781, 7.73096414822535, 1056423.4482323062], [1056426.5230712402, 7.73096414822535, 12.133433333333295, 0.0], [-7.378847780595186, 1056423.4482323062, 0.0, 12.133433333333295]]"
2026-07-28 00:30:00,54.96451817081219,15.644266654157581,76.42591493320559,parking,461.9316181362195,432.88196015269097,0.0,0.0,0.0,4.0,4.0,6.944444444444444e-05,6.944444444444444e-05,"[[124133018666.40768, 67041.72705181423, 1063706.5830712402, -7.378847780595186], [67041.72705181416, 124131966423.74657, 7.73096414822535, 1063703.5082323062], [1063706.5830712402, 7.73096414822535, 12.175099999999961, 0.0], [-7.378847780595186, 1063703.5082323062, 0.0, 12.175099999999961]]"
2026-07-28 00:40:00,54.96451817081219,15.644266654157581,76.42591493320559,parking,461.9316181362195,432.88196015269097,0.0,0.0,0.0,4.0,4.0,6.944444444444444e-05,6.944444444444444e-05,"[[125413852002.09317, 67252.99687239232, 1071011.6430712403, -7.378847780595186], [67252.99687239226, 125412796069.62532, 7.73096414822535, 1071008.5682323063], [1071011.6430712403, 7.73096414822535, 12.216766666666627, 0.0], [-7.378847780595186, 1071008.5682323063, 0.0, 12.216766666666627]]"
2026-07-28 00:50:00,54.96451817081219,15.644266654157581,76.42591493320559,parking,461.9316181362195,432.88196015269097,0.0,0.0,0.0,4.0,4.0,6.944444444444444e-05,6.944444444444444e-05,"[[126703466409.77866, 67464.26669297041, 1078341.7030712403, -7.378847780595186], [67464.26669297037, 126702406787.50407, 7.73096414822535, 1078338.6282323063], [1078341.7030712403, 7.73096414822535, 12.258433333333294, 0.0], [-7.378847780595186, 1078338.6282323063, 0.0, 12.258433333333294]]"
2026-07-28 01:00:00,54.96451817081219,15.644266654157581,76.42591493320559,parking,461.9316181362195,432.88196015269097,0.0,0.0,0.0,4.0,4.0,6.944444444444444e-05,6.944444444444444e-05,"[[128001891889.46414, 67675.5365135485, 1085696.7630712404, -7.378847780595186], [67675.53651354848, 128000828577.38283, 7.73096414822535, 1085693.6882323064], [1085696.7630712404, 7.73096414822535, 12.30009999999996, 0.0], [-7.378847780595186, 1085693.6882323064, 0.0, 12.30009999999996]]"
2026-07-28 01:10:00,54.96451817081219,15.644266654157581,76.42591493320559,parking,461.9316181362195,432.88196015269097,0.0,0.0,0.0,4.0,4.0,6.944444444444444e-05,6.944444444444444e-05,"[[129309158441.14963, 67886.8063341266, 1093076.8230712404, -7.378847780595186], [67886.80633412658, 129308091439.26158, 7.73096414822535, 1093073.7482323064], [1093076.8230712404, 7.73096414822535, 12.341766666666626, 0.0], [-7.378847780595186, 1093073.7482323064, 0.0, 12.341766666666626]]"
2026-07-28 01:20:00,54.96451817081219,15.644266654157581,76.42591493320559,parking,461.9316181362195,432.88196015269097,0.0,0.0,0.0,4.0,4.0,6.944444444444444e-05,6.944444444444444e-05,"[[130625296064.83511, 68098.07615470469, 1100481.8830712405, -7.378847780595186], [68098.07615470469, 130624225373.14034, 7.73096414822535, 1100478.8082323065], [1100481.8830712405, 7.73096414822535, 12.383433333333292, 0.0], [-7.378847780595186, 1100478.8082323065, 0.0, 12.383433333333292]]"
2026-07-28 01:21:00,54.96451817081219,15.644266654157581,73.81595952070855,ascending,461.9316181362195,432.88196015269097,0.0,0.0,0.0,4.0,4.0,6.944444444444444e-05,6.944444444444444e-05,"[[130757398711.16365, 68119.20313676249, 1101224.8890712406, -7.378847780595186], [68119.20313676249, 130756327650.48822, 7.73096414822535, 1101221.8142323066], [1101224.8890712406, 7.73096414822535, 12.387599999999958, 0.0], [-7.378847780595186, 1101221.8142323066, 0.0, 12.387599999999958]]"
2026-07-28 01:22:00,54.96451817081219,15.644266654157581,71.2060041082115,ascending,461.9316181362195,432.88196015269097,0.0,0.0,0.0,4.0,4.0,6.944444444444444e-05,6.944444444444444e-05,"[[130889590533.21219, 68140.33011882029, 1101968.1450712406, -7.378847780595186], [68140.33011882029, 130888519103.5561, 7.73096414822535, 1101965.0702323066], [1101968.1450712406, 7.73096414822535, 12.391766666666625, 0.0], [-7.378847780595186, 1101965.0702323066, 0.0, 12.391766666666625]]"
2026-07-28 01:23:00,54.96451436246718,15.644306797189826,68.59604869571446,ascending,464.48991215916783,432.45923385675604,0.0,0.0,0.0,4.0,4.0,6.944444444444444e-05,6.944444444444444e-05,"[[131142359778.88939, 10419045.581841521, 1103218.4636042225, -176.38509224380473], [10419045.581841523, 130926626117.49873, 263.6524538313469, 1102312.244380804], [1103218.4636042225, 263.6524538313469, 12.395933333333291, 0.0], [-176.38509224380473, 1102312.244380804, 0.0, 12.395933333333291]]"
2026-07-28 01:24:00,54.9645118507775,15.644358720956959,65.98609328321741,ascending,467.79898612998227,432.18043630226913,0.0,0.0,0.0,4.0,4.0,6.944444444444444e-05,6.944444444444444e-05,"[[131394034729.4333, 25954738.92779531, 1104463.3350990582, -455.1635832022195], [25954738.927795313, 130935694793.63, 672.2641768856437, 1102537.1112266802], [1104463.3350990582, 672.2641768856437, 12.400099999999957, 0.0], [-455.1635832022195, 1102537.1112266802, 0.0, 12.400099999999957]]"
2026-07-28 01:25:00,54.96451064564839,15.644422430817803,63.37613787072036,ascending,471.85918156343973,432.04666697091704,0.0,0.0,0.0,4.0,4.0,6.944444444444444e-05,6.944444444444444e-05,"[[131644604038.0738, 46752672.94944062, 1105702.643265284, -843.7721076160449], [46752672.949440606, 130915706376.61792, 1233.7753381709358, 1102639.3929478913], [1105702.643265284, 1233.7753381709358, 12.404266666666624, 0.0], [-843.7721076160449, 1102639.3929478913, 0.0, 12.404266666666624]]"
2026-07-28 01:26:00,54.96451129705592,15.64449393897604,60.76618245822331,ascending,476.41635832832986,432.11897320715855,0.0,0.0,0.0,4.0,4.0,6.944444444444444e-05,6.944444444444444e-05,"[[131888960142.81104, 70569294.01140255, 1106914.8979634822, -1308.4812785044353], [70569294.01140255, 130882375907.6814, 1895.3099389823358, 1102685.0689512612], [1106914.8979634822, 1895.3099389823358, 12.40843333333329, 0.0], [-1308.4812785044353, 1102685.0689512612, 0.0, 12.40843333333329]]"
2026-07-28 01:27:00,54.964516001664485,15.644556933791664,58.15622704572626,ascending,480.43098431145495,432.64118475774984,0.0,0.0,0.0,4.0,4.0,6.944444444444444e-05,6.944444444444444e-05,"[[132106232673.67279, 87898180.65530214, 1108012.786679396, -1711.4908017531457], [87898180.65530212, 130899954115.29477, 2440.3197550374707, 1102945.0915679662], [1108012.786679396, 2440.3197550374707, 12.412599999999957, 0.0], [-1711.4908017531457, 1102945.0915679662, 0.0, 12.412599999999957]]"
2026-07-28 01:28:00,54.96452474815153,15.644611396516659,55.54627163322921,ascending,483.90186471187246,433.61204481971845,0.0,0.0,0.0,4.0,4.0,6.944444444444444e-05,6.944444444444444e-05,"[[132296305746.87823, 98647325.68310931, 1108996.1347114404, -2052.907425263145], [98647325.6831093, 130968499811.17027, 2868.8003092715794, 1103419.9113939616], [1108996.1347114404, 2868.8003092715794, 12.416766666666623, 0.0], [-2052.907425263145, 1103419.9113939616, 0.0, 12.416766666666623]]"
2026-07-28 01:29:00,54.96453707804836,15.644658553051004,52.93631622073216,ascending,486.9071254810843,434.98066336720836,0.0,0.0,0.0,4.0,4.0,6.944444444444444e-05,6.944444444444444e-05,"[[132470504535.7355, 107197717.92696379, 1109912.6169717251, -2345.958602932797], [107197717.92696378, 131078421206.80952, 3230.903183238462, 1104069.0348823948], [1109912.6169717251, 3230.903183238462, 12.42093333333329, 0.0], [-2345.958602932797, 1104069.0348823948, 0.0, 12.42093333333329]]"
2026-07-28 01:30:00,54.96455163686495,15.644702128564159,50.32636080823511,ascending,489.68416968087996,436.59669200901277,0.0,0.0,0.0,4.0,4.0,6.944444444444444e-05,6.944444444444444e-05,"[[132663166287.29971, 126913129.59860052, 1110906.0424031196, -2630.1443197854474], [126913129.5986005, 131200646609.63069, 3677.322296743757, 1104769.503966972], [1110906.0424031196, 3677.322296743757, 12.425099999999956, 0.0], [-2630.1443197854474, 1104769.503966972, 0.0, 12.425099999999956]]"
2026-07-28 01:31:00,54.964568428872376,15.64474212791642,47.71640539573806,ascending,492.2333070551286,438.46060483342137,0.0,0.0,0.0,4.0,4.0,6.944444444444444e-05,6.944444444444444e-05,"[[132874373838.86986, 157854061.67123199, 1111976.6235240353, -2905.359093819921], [157854061.67123199, 131335201707.68968, 4208.240646223074, 1105521.270109548], [1111976.6235240353, 4208.240646223074, 12.429266666666622, 0.0], [-2905.359093819921, 1105521.270109548, 0.0, 12.429266666666622]]"
2026-07-28 01:32:00,54.96459190800449,15.644778102119037,45.106449983241006,ascending,494.5259237907794,441.0667884984734,0.0,0.0,0.0,4.0,4.0,6.944444444444444e-05,6.944444444444444e-05,"[[133083509327.01558, 184618303.87145415, 1113037.7485973488, -3261.5643298208493], [184618303.87145415, 131465498527.60632, 4784.196111480764, 1106254.5428971448], [1113037.7485973488, 4784.196111480764, 12.433433333333289, 0.0], [-3261.5643298208493, 1106254.5428971448, 0.0, 12.433433333333289]]"
2026-07-28 01:33:00,54.96462407149515,15.644809834201192,42.496494570743955,ascending,496.5481924529211,444.63693596121834,0.0,0.0,0.0,4.0,4.0,6.944444444444444e-05,6.944444444444444e-05,"[[133281234846.2451, 200232260.25266078, 1114050.2047637897, -3739.391117410804], [200232260.25266078, 131584041643.6908, 5387.363114434856, 1106937.838261371], [1114050.2047637897, 5387.363114434856, 12.437599999999955, 0.0], [-3739.391117410804, 1106937.838261371, 0.0, 12.437599999999955]]"
2026-07-28 01:34:00,54.96466384925539,15.644835829821075,39.886539158246904,ascending,498.20487943572834,449.05226734752193,0.0,0.0,0.0,4.0,4.0,6.944444444444444e-05,6.944444444444444e-05,"[[133455871813.48349, 202842830.43646675, 1114965.3839789114, -4278.785681176672], [202842830.43646678, 131696098664.31915, 5943.042040170006, 1107593.7139057906], [1114965.3839789114, 5943.042040170006, 12.441766666666622, 0.0], [-4278.785681176672, 1107593.7139057906, 0.0, 12.441766666666622]]"
2026-07-28 01:35:00,54.96471006499192,15.644854455828762,37.27658374574985,ascending,499.3919049661327,454.18221410282456,0.0,0.0,0.0,4.0,4.0,6.944444444444444e-05,6.944444444444444e-05,"[[133594592741.87965, 190425734.97438988, 1115730.0870015617, -4813.536339346083], [190425734.9743899, 131807494199.10495, 6369.220003357704, 1108247.2253996327], [1115730.0870015617, 6369.220003357704, 12.445933333333288, 0.0], [-4813.536339346083, 1108247.2253996327, 0.0, 12.445933333333288]]"
2026-07-28 01:36:00,54.96476086599541,15.644862916899797,34.6666283332528,ascending,499.9311245080257,459.82112548982406,0.0,0.0,0.0,4.0,4.0,6.944444444444444e-05,6.944444444444444e-05,"[[133721197314.29355, 158228591.42031813, 1116443.6979991037, -5374.494383182142], [158228591.42031816, 131917729138.54193, 6656.5858500708155, 1108896.482618429], [1116443.6979991037, 6656.5858500708155, 12.450099999999955, 0.0], [-5374.494383182142, 1108896.482618429, 0.0, 12.450099999999955]]"
2026-07-28 01:37:00,54.96481484264342,15.644859084763198,32.05667292075575,ascending,499.686904487467,465.8125334197147,0.0,0.0,0.0,4.0,4.0,6.944444444444444e-05,6.944444444444444e-05,"[[133853791664.71239, 102566724.89198412, 1117181.65790474, -5985.324600309934], [102566724.89198416, 132026407297.53653, 6797.630947412206, 1109539.978550585], [1117181.65790474, 6797.630947412206, 12.454266666666621, 0.0], [-5985.324600309934, 1109539.978550585, 0.0, 12.454266666666621]]"
2026-07-28 01:38:00,54.964867505312135,15.644840835390612,29.4467175082587,ascending,498.5238817112049,471.6580896464507,0.0,0.0,0.0,4.0,4.0,6.944444444444444e-05,6.944444444444444e-05,"[[133979448064.47038, 42886169.22113449, 1117890.974926896, -6468.399967778891], [42886169.22113455, 132178588029.16408, 6779.800209170706, 1110367.1024152527], [1117890.974926896, 6779.800209170706, 12.458433333333288, 0.0], [-6468.399967778891, 1110367.1024152527, 0.0, 12.458433333333288]]"
2026-07-28 01:39:00,54.96488518528512,15.644762810306075,26.83676209576165,ascending,493.55138471093494,473.6205666476064,0.0,0.0,0.0,4.0,4.0,6.944444444444444e-05,6.944444444444444e-05,"[[134049935647.57639, -45434064.40967149, 1118371.2728050894, -6728.433925608681], [-45434064.409671426, 132456552892.15924, 6306.5190071582565, 1111724.6209008251], [1118371.2728050894, 6306.5190071582565, 12.462599999999954, 0.0], [-6728.433925608681, 1111724.6209008251, 0.0, 12.462599999999954]]"
2026-07-28 01:40:00,54.964849347542604,15.64460729293593,24.2268066832646,ascending,483.6403457019392,469.6425772283004,0.0,0.0,0.0,4.0,4.0,6.944444444444444e-05,6.944444444444444e-05,"[[134081214563.1573, -155314046.68839103, 1118688.2872368703, -6944.313375674637], [-155314046.68839097, 132791158907.95798, 5612.440206293154, 1113319.5324156145], [1118688.2872368703, 5612.440206293154, 12.46676666666662, 0.0], [-6944.313375674637, 1113319.5324156145, 0.0, 12.46676666666662]]"
2026-07-28 01:41:00,54.96480090427052,15.644447661599695,21.616851270767548,ascending,473.46712582931355,464.2653740275526,0.0,0.0,0.0,4.0,4.0,6.944444444444444e-05,6.944444444444444e-05,"[[134217283231.13782, -213633668.8313626, 1119438.8790837883, -7685.208429422538], [-213633668.83136255, 132856138570.8868, 5862.068618598029, 1113778.513726385], [1119438.8790837883, 5862.068618598029, 12.470933333333287, 0.0], [-7685.208429422538, 1113778.513726385, 0.0, 12.470933333333287]]"
2026-07-28 01:42:00,54.96475092727474,15.644290512271137,19.006895858270497,ascending,463.45208298143007,458.717927496119,0.0,0.0,0.0,4.0,4.0,6.944444444444444e-05,6.944444444444444e-05,"[[134356133850.53625, -277101380.57595706, 1120200.4004140045, -8432.957404681096], [-277101380.575957, 132921710262.8179, 6075.582506104948, 1114240.1589997148], [1120200.4004140045, 6075.582506104948, 12.475099999999953, 0.0], [-8432.957404681096, 1114240.1589997148, 0.0, 12.475099999999953]]"
2026-07-28 01:43:00,54.964699968675696,15.644135465703796,16.396940445773446,ascending,453.5710479838515,453.06152300211033,0.0,0.0,0.0,4.0,4.0,6.944444444444444e-05,6.944444444444444e-05,"[[134496839821.8358, -343341158.7714871, 1120968.9553941134, -9188.594876615532], [-343341158.7714871, 132988447506.27539, 6273.897328880404, 1114706.773549133], [1120968.9553941134, 6273.897328880404, 12.47926666666662, 0.0], [-9188.594876615532, 1114706.773549133, 0.0, 12.47926666666662]]"
2026-07-28 01:44:00,54.96464805970168,15.643982815514436,13.786985033276395,ascending,443.8427328761075,447.2996268858509,0.0,0.0,0.0,4.0,4.0,6.944444444444444e-05,6.944444444444444e-05,"[[134639276974.94753, -411770253.36173904, 1121744.009802304, -9951.33037323063], [-411770253.36173904, 133056381533.54472, 6461.113961816052, 1115178.470515251], [1121744.009802304, 6461.113961816052, 12.483433333333286, 0.0], [-9951.33037323063, 1115178.470515251, 0.0, 12.483433333333286]]"
2026-07-28 01:45:00,54.96459514999833,15.643833078055943,11.177029620779344,ascending,434.3000445522879,441.42664981451196,0.0,0.0,0.0,4.0,4.0,6.944444444444444e-05,6.944444444444444e-05,"[[134783316181.37085, -481954632.04933596, 1122525.0131060542, -10720.207239423818], [-481954632.04933596, 133125477284.55182, 6639.921490008693, 1115655.0904166345], [1122525.0131060542, 6639.921490008693, 12.487599999999953, 0.0], [-10720.207239423818, 1115655.0904166345, 0.0, 12.487599999999953]]"
