time,latitude,longitude,depth,phase,x,y,z,bx,by,Q_x,Q_y,Q_bx,Q_by,P
2026-07-08 12:32:44,59.10782287677938,20.8465627969347,0.0,communicating,47.6926554236651,27.40530741670989,0.0,0.0,0.0,4.0,4.0,6.944444444444444e-05,6.944444444444444e-05,"[[2436.0, 0.0, 0.060000000000000005, 0.0], [0.0, 2436.0, 0.0, 0.060000000000000005], [0.060000000000000005, 0.0, 0.04176666666666667, 0.0], [0.0, 0.060000000000000005, 0.0, 0.04176666666666667]]"
2026-07-08 12:42:44,59.10802000381717,20.8474443122089,0.0,communicating,97.93063808611647,49.2864086104157,0.0,0.0,0.0,4.0,4.0,6.944444444444444e-05,6.944444444444444e-05,"[[19949.369632203205, 9.78131231250658, 25.120065117584698, 3.9838739249471236e-05], [9.78131231250658, 19946.000116625517, 0.00019734502578557756, 25.12002394873429], [25.120065117584698, 0.00019734502578557756, 0.08343333333333333, 0.0], [3.9838739249471236e-05, 25.12002394873429, 0.0, 0.08343333333333333]]"
2026-07-08 12:52:44,59.108167231645844,20.84837100726518,0.0,communicating,150.7434384233648,65.62869759419999,0.0,0.0,0.0,4.0,4.0,6.944444444444444e-05,6.944444444444444e-05,"[[82616.15207052282, 147.17970958796082, 75.2111400502336, 0.01948256496503881], [147.17970958796076, 82544.4706827014, 0.07913819702912431, 75.18654540308087], [75.2111400502336, 0.07913819702912431, 0.1251, 0.0], [0.01948256496503881, 75.18654540308087, 0.0, 0.1251]]"
2026-07-08 13:02:44,59.10826480790216,20.84934393706459,0.0,communicating,206.19117917710747,76.45966204524315,0.0,0.0,0.0,4.0,4.0,6.944444444444444e-05,6.944444444444444e-05,"[[220660.4751962467, 704.4353283536735, 150.37553605063192, 0.08615072641129996], [704.4353283536734, 220237.16968485652, 0.30543418174527337, 150.2557741848542], [150.37553605063192, 0.30543418174527337, 0.16676666666666665, 0.0], [0.08615072641129996, 150.2557741848542, 0.0, 0.16676666666666665]]"
2026-07-08 13:12:44,59.10831328335193,20.85034995627472,0.0,communicating,263.52470148314205,81.84043697007563,0.0,0.0,0.0,4.0,4.0,6.944444444444444e-05,6.944444444444444e-05,"[[464486.56526346225, 2146.5573149530974, 250.662448404425, 0.23264368681791994], [2146.557314953097, 462974.46860407596, 0.7420818051775332, 250.31314842114946], [250.662448404425, 0.7420818051775332, 0.2084333333333333, 0.0], [0.23264368681791994, 250.31314842114946, 0.0, 0.2084333333333333]]"
2026-07-08 13:13:44,59.10831849475329,20.850448872812215,4.8,descending,269.1620028903746,82.418902520292,0.0,0.0,0.0,4.0,4.0,6.944444444444444e-05,6.944444444444444e-05,"[[495718.21215780417, 2391.115032404135, 263.21069040388903, 0.25771547688738894], [2391.1150324041346, 493990.18716227426, 0.8141650609873291, 262.81568038589785], [263.21069040388903, 0.8141650609873291, 0.21259999999999998, 0.0], [0.25771547688738894, 262.81568038589785, 0.0, 0.21259999999999998]]"
2026-07-08 13:14:44,59.10832851901994,20.85054688247286,9.6,descending,274.74762094637555,83.53159611847458,0.0,0.0,0.0,4.0,4.0,6.944444444444444e-05,6.944444444444444e-05,"[[528494.0027615408, 2652.1911223565326, 276.0142763616025, 0.284414064477892], [2652.191122356532, 526524.5315161841, 0.8885819602708037, 275.5690986150336], [276.0142763616025, 0.8885819602708037, 0.21676666666666666, 0.0], [0.284414064477892, 275.5690986150336, 0.0, 0.21676666666666666]]"
2026-07-08 13:15:44,59.10834175217981,20.850644767965516,14.399999999999999,descending,280.32616260858345,85.00047686422808,0.0,0.0,0.0,4.0,4.0,6.944444444444444e-05,6.944444444444444e-05,"[[562841.5185459402, 2928.5935447262395, 289.0722380010506, 0.31306234677320277], [2928.593544726239, 560607.3116411264, 0.9641107715173388, 288.5733059640798], [289.0722380010506, 0.9641107715173388, 0.22093333333333334, 0.0], [0.31306234677320277, 288.5733059640798, 0.0, 0.22093333333333334]]"
2026-07-08 13:16:44,59.10835763748074,20.850722348933644,19.2,descending,284.74753957819394,86.76374526698373,0.0,0.0,0.0,4.0,4.0,6.944444444444444e-05,6.944444444444444e-05,"[[598715.0040000256, 2874.359091437572, 302.36553550848794, 0.27479830706175656], [2874.3590914375714, 596610.0595549206, 0.9368000899457901, 301.91393754866056], [302.36553550848794, 0.9368000899457901, 0.22510000000000002, 0.0], [0.27479830706175656, 301.91393754866056, 0.0, 0.22510000000000002]]"
2026-07-08 13:17:44,59.10838158585901,20.85079008929748,24.0,descending,288.60809574030714,89.42201525504127,0.0,0.0,0.0,4.0,4.0,6.944444444444444e-05,6.944444444444444e-05,"[[636139.0307913962, 2685.7337295083066, 315.89362612407626, 0.2225774789169888], [2685.7337295083057, 634108.8922349632, 0.8606669332589298, 315.4739428821771], [315.89362612407626, 0.8606669332589298, 0.2292666666666667, 0.0], [0.2225774789169888, 315.4739428821771, 0.0, 0.2292666666666667]]"
2026-07-08 13:18:44,59.10841072510623,20.850865255123633,28.8,descending,292.8918325984734,92.6564716966179,0.0,0.0,0.0,4.0,4.0,6.944444444444444e-05,6.944444444444444e-05,"[[675187.1851325281, 2604.7606680435297, 329.66788416306133, 0.19371191867231885], [2604.7606680435288, 673065.7914609455, 0.8190207972939445, 329.23845610610744], [329.66788416306133, 0.8190207972939445, 0.23343333333333338, 0.0], [0.19371191867231885, 329.23845610610744, 0.0, 0.23343333333333338]]"
2026-07-08 13:19:44,59.10844217000687,20.850940900123273,33.6,descending,297.20287778577773,96.14685566777345,0.0,0.0,0.0,4.0,4.0,6.944444444444444e-05,6.944444444444444e-05,"[[715862.638334321, 2603.7298479907527, 343.6821771987683, 0.19048518625093488], [2603.729847990752, 713548.4123057247, 0.7929361481479998, 343.21926653801563], [343.6821771987683, 0.7929361481479998, 0.23760000000000006, 0.0], [0.19048518625093488, 343.21926653801563, 0.0, 0.23760000000000006]]"
2026-07-08 13:20:44,59.108473917730834,20.851017312974847,38.4,descending,301.55768322687953,99.67085302800989,0.0,0.0,0.0,4.0,4.0,6.944444444444444e-05,6.944444444444444e-05,"[[758233.2919297994, 2671.7779535645004, 357.94597960839513, 0.1890591154859894], [2671.7779535645, 755508.8074030636, 0.7986528915814775, 357.40014057071176], [357.94597960839513, 0.7986528915814775, 0.24176666666666674, 0.0], [0.1890591154859894, 357.40014057071176, 0.0, 0.24176666666666674]]"
2026-07-08 13:21:44,59.10850452543435,20.85109527340854,43.199999999999996,descending,306.00068612297275,103.06830811785377,0.0,0.0,0.0,4.0,4.0,6.944444444444444e-05,6.944444444444444e-05,"[[802336.6308621683, 2779.3724885433853, 372.46104960437907, 0.1792474020977345], [2779.372488543385, 799001.104162271, 0.8307491062254136, 371.78962720313325], [372.46104960437907, 0.8307491062254136, 0.24593333333333342, 0.0], [0.1792474020977345, 371.78962720313325, 0.0, 0.24593333333333342]]"
2026-07-08 13:22:44,59.10853226147649,20.85117411920433,47.99999999999999,descending,310.4941462341049,106.14700879522582,0.0,0.0,0.0,4.0,4.0,6.944444444444444e-05,6.944444444444444e-05,"[[848217.5558563859, 2845.4530784237286, 387.23068977458905, 0.14719326780215505], [2845.4530784237286, 844076.3491233564, 0.865332519421088, 386.3950077325495], [387.23068977458905, 0.865332519421088, 0.2501000000000001, 0.0], [0.14719326780215505, 386.3950077325495, 0.0, 0.2501000000000001]]"
2026-07-08 13:23:44,59.10855349714467,20.85124974777067,52.79999999999999,descending,314.80425487971377,108.50416796345564,0.0,0.0,0.0,4.0,4.0,6.944444444444444e-05,6.944444444444444e-05,"[[895968.7200277338, 2701.530877337353, 402.2685708524991, 0.06167751041539061], [2701.5308773373526, 890724.8930445608, 0.8597495406986615, 401.20957072994685], [402.2685708524991, 0.8597495406986615, 0.25426666666666675, 0.0], [0.06167751041539061, 401.20957072994685, 0.0, 0.25426666666666675]]"
2026-07-08 13:24:44,59.10856181085082,20.851312496796222,57.59999999999999,descending,318.3803522544242,109.42698934679636,0.0,0.0,0.0,4.0,4.0,6.944444444444444e-05,6.944444444444444e-05,"[[945709.8471135956, 2438.2394064853142, 417.5931634842755, -0.015557673375047876], [2438.2394064853142, 939316.572030114, 0.7973832445663427, 416.3102718465448], [417.5931634842755, 0.7973832445663427, 0.2584333333333334, 0.0], [-0.015557673375047876, 416.3102718465448, 0.0, 0.2584333333333334]]"
2026-07-08 13:25:44,59.10855800514683,20.851353635785937,62.399999999999984,descending,320.7248832143923,109.00455620382726,0.0,0.0,0.0,4.0,4.0,6.944444444444444e-05,6.944444444444444e-05,"[[997453.9285327973, 2152.440043290004, 433.19865750156214, -0.048040398472156985], [2152.440043290003, 990060.2339770604, 0.6864476963085229, 431.73365648010434], [433.19865750156214, 0.6864476963085229, 0.26260000000000006, 0.0], [-0.048040398472156985, 431.73365648010434, 0.0, 0.26260000000000006]]"
2026-07-08 13:26:44,59.108548930056045,20.85135140176173,67.19999999999999,descending,320.59756509217704,107.99722112606747,0.0,0.0,0.0,4.0,4.0,6.944444444444444e-05,6.944444444444444e-05,"[[1051062.003176459, 2143.7389589496643, 449.04747090575, 0.04170301411923635], [2143.7389589496634, 1043310.236825285, 0.576938046211218, 447.54440472071985], [449.04747090575, 0.576938046211218, 0.2667666666666667, 0.0], [0.04170301411923635, 447.54440472071985, 0.0, 0.2667666666666667]]"
2026-07-08 13:27:44,59.108543876479864,20.85131696736282,71.99999999999999,descending,318.6351320113014,107.43627416997256,0.0,0.0,0.0,4.0,4.0,6.944444444444444e-05,6.944444444444444e-05,"[[1106555.7280331296, 2286.4225889850118, 465.1382382603816, 0.1894877232656086], [2286.422588985011, 1098860.0784482385, 0.47342495631276676, 463.6852639653066], [465.1382382603816, 0.47342495631276676, 0.27093333333333336, 0.0], [0.1894877232656086, 463.6852639653066, 0.0, 0.27093333333333336]]"
2026-07-08 13:28:44,59.10855659024281,20.85126754367341,76.79999999999998,descending,315.8184520007959,108.84750185735497,0.0,0.0,0.0,4.0,4.0,6.944444444444444e-05,6.944444444444444e-05,"[[1163954.4361653975, 2334.523357130614, 481.46931407633286, 0.28316523578087155], [2334.5233571306135, 1156300.6980733678, 0.3832582435853294, 480.06135951462875], [481.46931407633286, 0.3832582435853294, 0.2751, 0.0], [0.28316523578087155, 480.06135951462875, 0.0, 0.2751]]"
2026-07-08 13:29:44,59.10858167178744,20.851209583678287,81.59999999999998,descending,312.51528379109874,111.63155331143749,0.0,0.0,0.0,4.0,4.0,6.944444444444444e-05,6.944444444444444e-05,"[[1223221.8805681453, 2271.686213594216, 498.0278897179306, 0.3227689763472577], [2271.6862135942156, 1215655.8204182584, 0.30209677490228787, 496.67224847808603], [498.0278897179306, 0.30209677490228787, 0.27926666666666666, 0.0], [0.3227689763472577, 496.67224847808603, 0.0, 0.27926666666666666]]"
2026-07-08 13:30:44,59.108607535458695,20.851156117308477,86.39999999999998,descending,309.4682094657364,114.50242082071489,0.0,0.0,0.0,4.0,4.0,6.944444444444444e-05,6.944444444444444e-05,"[[1284235.3463858715, 2073.922183382286, 514.7848466062034, 0.31356746419508574], [2073.9221833822858, 1276936.5702003813, 0.2176623171420112, 513.5150147437129], [514.7848466062034, 0.2176623171420112, 0.2834333333333333, 0.0], [0.31356746419508574, 513.5150147437129, 0.0, 0.2834333333333333]]"
2026-07-08 13:31:44,59.10863412007936,20.851107238104255,91.19999999999997,descending,306.682559930116,117.45331371425242,0.0,0.0,0.0,4.0,4.0,6.944444444444444e-05,6.944444444444444e-05,"[[1346993.7261698486, 1727.5890698765031, 531.7368618711137, 0.2524718826857892], [1727.5890698765024, 1340163.0834177888, 0.1304950931010624, 530.5886977251113], [531.7368618711137, 0.1304950931010624, 0.28759999999999997, 0.0], [0.2524718826857892, 530.5886977251113, 0.0, 0.28759999999999997]]"
2026-07-08 13:32:44,59.10863412007936,20.851107238104255,95.99999999999997,descending,306.682559930116,117.45331371425242,0.0,0.0,0.0,4.0,4.0,6.944444444444444e-05,6.944444444444444e-05,"[[1417394.9207936106, 947.9847431131914, 550.0152168073959, 1.2571279603854215], [947.984743113191, 1398613.601636958, -1.1755481027005705, 546.5867135305253], [550.0152168073959, -1.1755481027005705, 0.2917666666666666, 0.0], [1.2571279603854215, 546.5867135305253, 0.0, 0.2917666666666666]]"
2026-07-08 13:33:44,59.10863412007936,20.851107238104255,100.79999999999997,descending,306.682559930116,117.45331371425242,0.0,0.0,0.0,4.0,4.0,6.944444444444444e-05,6.944444444444444e-05,"[[1488007.44631789, -233.18339264872077, 568.1484049558936, 1.871687708574985], [-233.1833926487211, 1460066.2122388114, -2.229485995236632, 563.0527118089724], [568.1484049558936, -2.229485995236632, 0.29593333333333327, 0.0], [1.871687708574985, 563.0527118089724, 0.0, 0.29593333333333327]]"
2026-07-08 13:34:44,59.10863412007936,20.851107238104255,105.59999999999997,descending,306.682559930116,117.45331371425242,0.0,0.0,0.0,4.0,4.0,6.944444444444444e-05,6.944444444444444e-05,"[[1557490.6149125972, -254.6512898484196, 585.9044049558936, 1.871687708574985], [-254.65128984841994, 1528937.8976558882, -2.229485995236632, 580.8087118089724], [585.9044049558936, -2.229485995236632, 0.3000999999999999, 0.0], [1.871687708574985, 580.8087118089724, 0.0, 0.3000999999999999]]"
2026-07-08 13:35:44,59.10863412007936,20.851107238104255,110.39999999999996,descending,306.682559930116,117.45331371425242,0.0,0.0,0.0,4.0,4.0,6.944444444444444e-05,6.944444444444444e-05,"[[1629119.5035073045, -276.1191870481184, 603.9104049558936, 1.871687708574985], [-276.11918704811876, 1599955.303072965, -2.229485995236632, 598.8147118089723], [603.9104049558936, -2.229485995236632, 0.3042666666666666, 0.0], [1.871687708574985, 598.8147118089723, 0.0, 0.3042666666666666]]"
2026-07-08 13:36:44,59.10863412007936,20.851107238104255,115.19999999999996,descending,306.682559930116,117.45331371425242,0.0,0.0,0.0,4.0,4.0,6.944444444444444e-05,6.944444444444444e-05,"[[1702924.1121020117, -297.58708424781724, 622.1664049558935, 1.871687708574985], [-297.5870842478176, 1673148.4284900418, -2.229485995236632, 617.0707118089723], [622.1664049558935, -2.229485995236632, 0.3084333333333332, 0.0], [1.871687708574985, 617.0707118089723, 0.0, 0.3084333333333332]]"
2026-07-08 13:37:44,59.10863412007936,20.851107238104255,119.99999999999996,descending,306.682559930116,117.45331371425242,0.0,0.0,0.0,4.0,4.0,6.944444444444444e-05,6.944444444444444e-05,"[[1778934.4406967189, -319.05498144751607, 640.6724049558935, 1.871687708574985], [-319.0549814475164, 1748547.2739071185, -2.229485995236632, 635.5767118089723], [640.6724049558935, -2.229485995236632, 0.3125999999999999, 0.0], [1.871687708574985, 635.5767118089723, 0.0, 0.3125999999999999]]"
2026-07-08 13:38:44,59.10863412007936,20.851107238104255,124.79999999999995,descending,306.682559930116,117.45331371425242,0.0,0.0,0.0,4.0,4.0,6.944444444444444e-05,6.944444444444444e-05,"[[1857180.489291426, -340.5228786472149, 659.4284049558935, 1.871687708574985], [-340.52287864721524, 1826181.8393241952, -2.229485995236632, 654.3327118089722], [659.4284049558935, -2.229485995236632, 0.31676666666666653, 0.0], [1.871687708574985, 654.3327118089722, 0.0, 0.31676666666666653]]"
2026-07-08 13:48:44,59.10863412007936,20.851107238104255,124.79999999999995,parking,306.682559930116,117.45331371425242,0.0,0.0,0.0,4.0,4.0,6.944444444444444e-05,6.944444444444444e-05,"[[1857180.489291426, -340.5228786472149, 659.4284049558935, 1.871687708574985], [-340.52287864721524, 1826181.8393241952, -2.229485995236632, 654.3327118089722], [659.4284049558935, -2.229485995236632, 0.31676666666666653, 0.0], [1.871687708574985, 654.3327118089722, 0.0, 0.31676666666666653]]"
2026-07-08 13:58:44,59.10863412007936,20.851107238104255,124.79999999999995,parking,306.682559930116,117.45331371425242,0.0,0.0,0.0,4.0,4.0,6.944444444444444e-05,6.944444444444444e-05,"[[1857180.489291426, -340.5228786472149, 659.4284049558935, 1.871687708574985], [-340.52287864721524, 1826181.8393241952, -2.229485995236632, 654.3327118089722], [659.4284049558935, -2.229485995236632, 0.31676666666666653, 0.0], [1.871687708574985, 654.3327118089722, 0.0, 0.31676666666666653]]"
2026-07-08 14:08:44,59.10863412007936,20.851107238104255,124.79999999999995,parking,306.682559930116,117.45331371425242,0.0,0.0,0.0,4.0,4.0,6.944444444444444e-05,6.944444444444444e-05,"[[1857180.489291426, -340.5228786472149, 659.4284049558935, 1.871687708574985], [-340.52287864721524, 1826181.8393241952, -2.229485995236632, 654.3327118089722], [659.4284049558935, -2.229485995236632, 0.31676666666666653, 0.0], [1.871687708574985, 654.3327118089722, 0.0, 0.31676666666666653]]"
2026-07-08 14:18:44,59.10863412007936,20.851107238104255,124.79999999999995,parking,306.682559930116,117.45331371425242,0.0,0.0,0.0,4.0,4.0,6.944444444444444e-05,6.944444444444444e-05,"[[1857180.489291426, -340.5228786472149, 659.4284049558935, 1.871687708574985], [-340.52287864721524, 1826181.8393241952, -2.229485995236632, 654.3327118089722], [659.4284049558935, -2.229485995236632, 0.31676666666666653, 0.0], [1.871687708574985, 654.3327118089722, 0.0, 0.31676666666666653]]"
2026-07-08 14:28:44,59.10863412007936,20.851107238104255,124.79999999999995,parking,306.682559930116,117.45331371425242,0.0,0.0,0.0,4.0,4.0,6.944444444444444e-05,6.944444444444444e-05,"[[1857180.489291426, -340.5228786472149, 659.4284049558935, 1.871687708574985], [-340.52287864721524, 1826181.8393241952, -2.229485995236632, 654.3327118089722], [659.4284049558935, -2.229485995236632, 0.31676666666666653, 0.0], [1.871687708574985, 654.3327118089722, 0.0, 0.31676666666666653]]"
2026-07-08 14:38:44,59.10863412007936,20.851107238104255,124.79999999999995,parking,306.682559930116,117.45331371425242,0.0,0.0,0.0,4.0,4.0,6.944444444444444e-05,6.944444444444444e-05,"[[1857180.489291426, -340.5228786472149, 659.4284049558935, 1.871687708574985], [-340.52287864721524, 1826181.8393241952, -2.229485995236632, 654.3327118089722], [659.4284049558935, -2.229485995236632, 0.31676666666666653, 0.0], [1.871687708574985, 654.3327118089722, 0.0, 0.31676666666666653]]"
2026-07-08 14:48:44,59.10863412007936,20.851107238104255,124.79999999999995,parking,306.682559930116,117.45331371425242,0.0,0.0,0.0,4.0,4.0,6.944444444444444e-05,6.944444444444444e-05,"[[1857180.489291426, -340.5228786472149, 659.4284049558935, 1.871687708574985], [-340.52287864721524, 1826181.8393241952, -2.229485995236632, 654.3327118089722], [659.4284049558935, -2.229485995236632, 0.31676666666666653, 0.0], [1.871687708574985, 654.3327118089722, 0.0, 0.31676666666666653]]"
2026-07-08 14:58:44,59.10863412007936,20.851107238104255,124.79999999999995,parking,306.682559930116,117.45331371425242,0.0,0.0,0.0,4.0,4.0,6.944444444444444e-05,6.944444444444444e-05,"[[1857180.489291426, -340.5228786472149, 659.4284049558935, 1.871687708574985], [-340.52287864721524, 1826181.8393241952, -2.229485995236632, 654.3327118089722], [659.4284049558935, -2.229485995236632, 0.31676666666666653, 0.0], [1.871687708574985, 654.3327118089722, 0.0, 0.31676666666666653]]"
2026-07-08 15:08:44,59.10863412007936,20.851107238104255,124.79999999999995,parking,306.682559930116,117.45331371425242,0.0,0.0,0.0,4.0,4.0,6.944444444444444e-05,6.944444444444444e-05,"[[1857180.489291426, -340.5228786472149, 659.4284049558935, 1.871687708574985], [-340.52287864721524, 1826181.8393241952, -2.229485995236632, 654.3327118089722], [659.4284049558935, -2.229485995236632, 0.31676666666666653, 0.0], [1.871687708574985, 654.3327118089722, 0.0, 0.31676666666666653]]"
2026-07-08 15:18:44,59.10863412007936,20.851107238104255,124.79999999999995,parking,306.682559930116,117.45331371425242,0.0,0.0,0.0,4.0,4.0,6.944444444444444e-05,6.944444444444444e-05,"[[1857180.489291426, -340.5228786472149, 659.4284049558935, 1.871687708574985], [-340.52287864721524, 1826181.8393241952, -2.229485995236632, 654.3327118089722], [659.4284049558935, -2.229485995236632, 0.31676666666666653, 0.0], [1.871687708574985, 654.3327118089722, 0.0, 0.31676666666666653]]"
2026-07-08 15:28:44,59.10863412007936,20.851107238104255,124.79999999999995,parking,306.682559930116,117.45331371425242,0.0,0.0,0.0,4.0,4.0,6.944444444444444e-05,6.944444444444444e-05,"[[1857180.489291426, -340.5228786472149, 659.4284049558935, 1.871687708574985], [-340.52287864721524, 1826181.8393241952, -2.229485995236632, 654.3327118089722], [659.4284049558935, -2.229485995236632, 0.31676666666666653, 0.0], [1.871687708574985, 654.3327118089722, 0.0, 0.31676666666666653]]"
2026-07-08 15:38:44,59.10863412007936,20.851107238104255,124.79999999999995,parking,306.682559930116,117.45331371425242,0.0,0.0,0.0,4.0,4.0,6.944444444444444e-05,6.944444444444444e-05,"[[1857180.489291426, -340.5228786472149, 659.4284049558935, 1.871687708574985], [-340.52287864721524, 1826181.8393241952, -2.229485995236632, 654.3327118089722], [659.4284049558935, -2.229485995236632, 0.31676666666666653, 0.0], [1.871687708574985, 654.3327118089722, 0.0, 0.31676666666666653]]"
2026-07-08 15:48:44,59.10863412007936,20.851107238104255,124.79999999999995,parking,306.682559930116,117.45331371425242,0.0,0.0,0.0,4.0,4.0,6.944444444444444e-05,6.944444444444444e-05,"[[1857180.489291426, -340.5228786472149, 659.4284049558935, 1.871687708574985], [-340.52287864721524, 1826181.8393241952, -2.229485995236632, 654.3327118089722], [659.4284049558935, -2.229485995236632, 0.31676666666666653, 0.0], [1.871687708574985, 654.3327118089722, 0.0, 0.31676666666666653]]"
2026-07-08 15:58:44,59.10863412007936,20.851107238104255,124.79999999999995,parking,306.682559930116,117.45331371425242,0.0,0.0,0.0,4.0,4.0,6.944444444444444e-05,6.944444444444444e-05,"[[1857180.489291426, -340.5228786472149, 659.4284049558935, 1.871687708574985], [-340.52287864721524, 1826181.8393241952, -2.229485995236632, 654.3327118089722], [659.4284049558935, -2.229485995236632, 0.31676666666666653, 0.0], [1.871687708574985, 654.3327118089722, 0.0, 0.31676666666666653]]"
2026-07-08 16:08:44,59.10863412007936,20.851107238104255,124.79999999999995,parking,306.682559930116,117.45331371425242,0.0,0.0,0.0,4.0,4.0,6.944444444444444e-05,6.944444444444444e-05,"[[1857180.489291426, -340.5228786472149, 659.4284049558935, 1.871687708574985], [-340.52287864721524, 1826181.8393241952, -2.229485995236632, 654.3327118089722], [659.4284049558935, -2.229485995236632, 0.31676666666666653, 0.0], [1.871687708574985, 654.3327118089722, 0.0, 0.31676666666666653]]"
2026-07-08 16:18:44,59.10863412007936,20.851107238104255,124.79999999999995,parking,306.682559930116,117.45331371425242,0.0,0.0,0.0,4.0,4.0,6.944444444444444e-05,6.944444444444444e-05,"[[1857180.489291426, -340.5228786472149, 659.4284049558935, 1.871687708574985], [-340.52287864721524, 1826181.8393241952, -2.229485995236632, 654.3327118089722], [659.4284049558935, -2.229485995236632, 0.31676666666666653, 0.0], [1.871687708574985, 654.3327118089722, 0.0, 0.31676666666666653]]"
2026-07-08 16:28:44,59.10863412007936,20.851107238104255,124.79999999999995,parking,306.682559930116,117.45331371425242,0.0,0.0,0.0,4.0,4.0,6.944444444444444e-05,6.944444444444444e-05,"[[1857180.489291426, -340.5228786472149, 659.4284049558935, 1.871687708574985], [-340.52287864721524, 1826181.8393241952, -2.229485995236632, 654.3327118089722], [659.4284049558935, -2.229485995236632, 0.31676666666666653, 0.0], [1.871687708574985, 654.3327118089722, 0.0, 0.31676666666666653]]"
2026-07-08 16:38:44,59.10863412007936,20.851107238104255,124.79999999999995,parking,306.682559930116,117.45331371425242,0.0,0.0,0.0,4.0,4.0,6.944444444444444e-05,6.944444444444444e-05,"[[1857180.489291426, -340.5228786472149, 659.4284049558935, 1.871687708574985], [-340.52287864721524, 1826181.8393241952, -2.229485995236632, 654.3327118089722], [659.4284049558935, -2.229485995236632, 0.31676666666666653, 0.0], [1.871687708574985, 654.3327118089722, 0.0, 0.31676666666666653]]"
2026-07-08 16:48:44,59.10863412007936,20.851107238104255,124.79999999999995,parking,306.682559930116,117.45331371425242,0.0,0.0,0.0,4.0,4.0,6.944444444444444e-05,6.944444444444444e-05,"[[1857180.489291426, -340.5228786472149, 659.4284049558935, 1.871687708574985], [-340.52287864721524, 1826181.8393241952, -2.229485995236632, 654.3327118089722], [659.4284049558935, -2.229485995236632, 0.31676666666666653, 0.0], [1.871687708574985, 654.3327118089722, 0.0, 0.31676666666666653]]"
2026-07-08 16:58:44,59.10863412007936,20.851107238104255,124.79999999999995,parking,306.682559930116,117.45331371425242,0.0,0.0,0.0,4.0,4.0,6.944444444444444e-05,6.944444444444444e-05,"[[1857180.489291426, -340.5228786472149, 659.4284049558935, 1.871687708574985], [-340.52287864721524, 1826181.8393241952, -2.229485995236632, 654.3327118089722], [659.4284049558935, -2.229485995236632, 0.31676666666666653, 0.0], [1.871687708574985, 654.3327118089722, 0.0, 0.31676666666666653]]"
2026-07-08 17:08:44,59.10863412007936,20.851107238104255,124.79999999999995,parking,306.682559930116,117.45331371425242,0.0,0.0,0.0,4.0,4.0,6.944444444444444e-05,6.944444444444444e-05,"[[1857180.489291426, -340.5228786472149, 659.4284049558935, 1.871687708574985], [-340.52287864721524, 1826181.8393241952, -2.229485995236632, 654.3327118089722], [659.4284049558935, -2.229485995236632, 0.31676666666666653, 0.0], [1.871687708574985, 654.3327118089722, 0.0, 0.31676666666666653]]"
2026-07-08 17:18:44,59.10863412007936,20.851107238104255,124.79999999999995,parking,306.682559930116,117.45331371425242,0.0,0.0,0.0,4.0,4.0,6.944444444444444e-05,6.944444444444444e-05,"[[1857180.489291426, -340.5228786472149, 659.4284049558935, 1.871687708574985], [-340.52287864721524, 1826181.8393241952, -2.229485995236632, 654.3327118089722], [659.4284049558935, -2.229485995236632, 0.31676666666666653, 0.0], [1.871687708574985, 654.3327118089722, 0.0, 0.31676666666666653]]"
2026-07-08 17:28:44,59.10863412007936,20.851107238104255,124.79999999999995,parking,306.682559930116,117.45331371425242,0.0,0.0,0.0,4.0,4.0,6.944444444444444e-05,6.944444444444444e-05,"[[1857180.489291426, -340.5228786472149, 659.4284049558935, 1.871687708574985], [-340.52287864721524, 1826181.8393241952, -2.229485995236632, 654.3327118089722], [659.4284049558935, -2.229485995236632, 0.31676666666666653, 0.0], [1.871687708574985, 654.3327118089722, 0.0, 0.31676666666666653]]"
2026-07-08 17:38:44,59.10863412007936,20.851107238104255,124.79999999999995,parking,306.682559930116,117.45331371425242,0.0,0.0,0.0,4.0,4.0,6.944444444444444e-05,6.944444444444444e-05,"[[1857180.489291426, -340.5228786472149, 659.4284049558935, 1.871687708574985], [-340.52287864721524, 1826181.8393241952, -2.229485995236632, 654.3327118089722], [659.4284049558935, -2.229485995236632, 0.31676666666666653, 0.0], [1.871687708574985, 654.3327118089722, 0.0, 0.31676666666666653]]"
2026-07-08 17:48:44,59.10863412007936,20.851107238104255,124.79999999999995,parking,306.682559930116,117.45331371425242,0.0,0.0,0.0,4.0,4.0,6.944444444444444e-05,6.944444444444444e-05,"[[1857180.489291426, -340.5228786472149, 659.4284049558935, 1.871687708574985], [-340.52287864721524, 1826181.8393241952, -2.229485995236632, 654.3327118089722], [659.4284049558935, -2.229485995236632, 0.31676666666666653, 0.0], [1.871687708574985, 654.3327118089722, 0.0, 0.31676666666666653]]"
2026-07-08 17:58:44,59.10863412007936,20.851107238104255,124.79999999999995,parking,306.682559930116,117.45331371425242,0.0,0.0,0.0,4.0,4.0,6.944444444444444e-05,6.944444444444444e-05,"[[1857180.489291426, -340.5228786472149, 659.4284049558935, 1.871687708574985], [-340.52287864721524, 1826181.8393241952, -2.229485995236632, 654.3327118089722], [659.4284049558935, -2.229485995236632, 0.31676666666666653, 0.0], [1.871687708574985, 654.3327118089722, 0.0, 0.31676666666666653]]"
2026-07-08 18:08:44,59.10863412007936,20.851107238104255,124.79999999999995,parking,306.682559930116,117.45331371425242,0.0,0.0,0.0,4.0,4.0,6.944444444444444e-05,6.944444444444444e-05,"[[1857180.489291426, -340.5228786472149, 659.4284049558935, 1.871687708574985], [-340.52287864721524, 1826181.8393241952, -2.229485995236632, 654.3327118089722], [659.4284049558935, -2.229485995236632, 0.31676666666666653, 0.0], [1.871687708574985, 654.3327118089722, 0.0, 0.31676666666666653]]"
2026-07-08 18:18:44,59.10863412007936,20.851107238104255,124.79999999999995,parking,306.682559930116,117.45331371425242,0.0,0.0,0.0,4.0,4.0,6.944444444444444e-05,6.944444444444444e-05,"[[1857180.489291426, -340.5228786472149, 659.4284049558935, 1.871687708574985], [-340.52287864721524, 1826181.8393241952, -2.229485995236632, 654.3327118089722], [659.4284049558935, -2.229485995236632, 0.31676666666666653, 0.0], [1.871687708574985, 654.3327118089722, 0.0, 0.31676666666666653]]"
2026-07-08 18:28:44,59.10863412007936,20.851107238104255,124.79999999999995,parking,306.682559930116,117.45331371425242,0.0,0.0,0.0,4.0,4.0,6.944444444444444e-05,6.944444444444444e-05,"[[1857180.489291426, -340.5228786472149, 659.4284049558935, 1.871687708574985], [-340.52287864721524, 1826181.8393241952, -2.229485995236632, 654.3327118089722], [659.4284049558935, -2.229485995236632, 0.31676666666666653, 0.0], [1.871687708574985, 654.3327118089722, 0.0, 0.31676666666666653]]"
2026-07-08 18:38:44,59.10863412007936,20.851107238104255,124.79999999999995,parking,306.682559930116,117.45331371425242,0.0,0.0,0.0,4.0,4.0,6.944444444444444e-05,6.944444444444444e-05,"[[1857180.489291426, -340.5228786472149, 659.4284049558935, 1.871687708574985], [-340.52287864721524, 1826181.8393241952, -2.229485995236632, 654.3327118089722], [659.4284049558935, -2.229485995236632, 0.31676666666666653, 0.0], [1.871687708574985, 654.3327118089722, 0.0, 0.31676666666666653]]"
2026-07-08 18:48:44,59.10863412007936,20.851107238104255,124.79999999999995,parking,306.682559930116,117.45331371425242,0.0,0.0,0.0,4.0,4.0,6.944444444444444e-05,6.944444444444444e-05,"[[1857180.489291426, -340.5228786472149, 659.4284049558935, 1.871687708574985], [-340.52287864721524, 1826181.8393241952, -2.229485995236632, 654.3327118089722], [659.4284049558935, -2.229485995236632, 0.31676666666666653, 0.0], [1.871687708574985, 654.3327118089722, 0.0, 0.31676666666666653]]"
2026-07-08 18:58:44,59.10863412007936,20.851107238104255,124.79999999999995,parking,306.682559930116,117.45331371425242,0.0,0.0,0.0,4.0,4.0,6.944444444444444e-05,6.944444444444444e-05,"[[1857180.489291426, -340.5228786472149, 659.4284049558935, 1.871687708574985], [-340.52287864721524, 1826181.8393241952, -2.229485995236632, 654.3327118089722], [659.4284049558935, -2.229485995236632, 0.31676666666666653, 0.0], [1.871687708574985, 654.3327118089722, 0.0, 0.31676666666666653]]"
2026-07-08 19:08:44,59.10863412007936,20.851107238104255,124.79999999999995,parking,306.682559930116,117.45331371425242,0.0,0.0,0.0,4.0,4.0,6.944444444444444e-05,6.944444444444444e-05,"[[1857180.489291426, -340.5228786472149, 659.4284049558935, 1.871687708574985], [-340.52287864721524, 1826181.8393241952, -2.229485995236632, 654.3327118089722], [659.4284049558935, -2.229485995236632, 0.31676666666666653, 0.0], [1.871687708574985, 654.3327118089722, 0.0, 0.31676666666666653]]"
2026-07-08 19:18:44,59.10863412007936,20.851107238104255,124.79999999999995,parking,306.682559930116,117.45331371425242,0.0,0.0,0.0,4.0,4.0,6.944444444444444e-05,6.944444444444444e-05,"[[1857180.489291426, -340.5228786472149, 659.4284049558935, 1.871687708574985], [-340.52287864721524, 1826181.8393241952, -2.229485995236632, 654.3327118089722], [659.4284049558935, -2.229485995236632, 0.31676666666666653, 0.0], [1.871687708574985, 654.3327118089722, 0.0, 0.31676666666666653]]"
2026-07-08 19:28:44,59.10863412007936,20.851107238104255,124.79999999999995,parking,306.682559930116,117.45331371425242,0.0,0.0,0.0,4.0,4.0,6.944444444444444e-05,6.944444444444444e-05,"[[1857180.489291426, -340.5228786472149, 659.4284049558935, 1.871687708574985], [-340.52287864721524, 1826181.8393241952, -2.229485995236632, 654.3327118089722], [659.4284049558935, -2.229485995236632, 0.31676666666666653, 0.0], [1.871687708574985, 654.3327118089722, 0.0, 0.31676666666666653]]"
2026-07-08 19:38:44,59.10863412007936,20.851107238104255,124.79999999999995,parking,306.682559930116,117.45331371425242,0.0,0.0,0.0,4.0,4.0,6.944444444444444e-05,6.944444444444444e-05,"[[1857180.489291426, -340.5228786472149, 659.4284049558935, 1.871687708574985], [-340.52287864721524, 1826181.8393241952, -2.229485995236632, 654.3327118089722], [659.4284049558935, -2.229485995236632, 0.31676666666666653, 0.0], [1.871687708574985, 654.3327118089722, 0.0, 0.31676666666666653]]"
2026-07-08 19:48:44,59.10863412007936,20.851107238104255,124.79999999999995,parking,306.682559930116,117.45331371425242,0.0,0.0,0.0,4.0,4.0,6.944444444444444e-05,6.944444444444444e-05,"[[1857180.489291426, -340.5228786472149, 659.4284049558935, 1.871687708574985], [-340.52287864721524, 1826181.8393241952, -2.229485995236632, 654.3327118089722], [659.4284049558935, -2.229485995236632, 0.31676666666666653, 0.0], [1.871687708574985, 654.3327118089722, 0.0, 0.31676666666666653]]"
2026-07-08 19:58:44,59.10863412007936,20.851107238104255,124.79999999999995,parking,306.682559930116,117.45331371425242,0.0,0.0,0.0,4.0,4.0,6.944444444444444e-05,6.944444444444444e-05,"[[1857180.489291426, -340.5228786472149, 659.4284049558935, 1.871687708574985], [-340.52287864721524, 1826181.8393241952, -2.229485995236632, 654.3327118089722], [659.4284049558935, -2.229485995236632, 0.31676666666666653, 0.0], [1.871687708574985, 654.3327118089722, 0.0, 0.31676666666666653]]"
2026-07-08 20:08:44,59.10863412007936,20.851107238104255,124.79999999999995,parking,306.682559930116,117.45331371425242,0.0,0.0,0.0,4.0,4.0,6.944444444444444e-05,6.944444444444444e-05,"[[1857180.489291426, -340.5228786472149, 659.4284049558935, 1.871687708574985], [-340.52287864721524, 1826181.8393241952, -2.229485995236632, 654.3327118089722], [659.4284049558935, -2.229485995236632, 0.31676666666666653, 0.0], [1.871687708574985, 654.3327118089722, 0.0, 0.31676666666666653]]"
2026-07-08 20:18:44,59.10863412007936,20.851107238104255,124.79999999999995,parking,306.682559930116,117.45331371425242,0.0,0.0,0.0,4.0,4.0,6.944444444444444e-05,6.944444444444444e-05,"[[1857180.489291426, -340.5228786472149, 659.4284049558935, 1.871687708574985], [-340.52287864721524, 1826181.8393241952, -2.229485995236632, 654.3327118089722], [659.4284049558935, -2.229485995236632, 0.31676666666666653, 0.0], [1.871687708574985, 654.3327118089722, 0.0, 0.31676666666666653]]"
2026-07-08 20:28:44,59.10863412007936,20.851107238104255,124.79999999999995,parking,306.682559930116,117.45331371425242,0.0,0.0,0.0,4.0,4.0,6.944444444444444e-05,6.944444444444444e-05,"[[1857180.489291426, -340.5228786472149, 659.4284049558935, 1.871687708574985], [-340.52287864721524, 1826181.8393241952, -2.229485995236632, 654.3327118089722], [659.4284049558935, -2.229485995236632, 0.31676666666666653, 0.0], [1.871687708574985, 654.3327118089722, 0.0, 0.31676666666666653]]"
2026-07-08 20:38:44,59.10863412007936,20.851107238104255,124.79999999999995,parking,306.682559930116,117.45331371425242,0.0,0.0,0.0,4.0,4.0,6.944444444444444e-05,6.944444444444444e-05,"[[1857180.489291426, -340.5228786472149, 659.4284049558935, 1.871687708574985], [-340.52287864721524, 1826181.8393241952, -2.229485995236632, 654.3327118089722], [659.4284049558935, -2.229485995236632, 0.31676666666666653, 0.0], [1.871687708574985, 654.3327118089722, 0.0, 0.31676666666666653]]"
2026-07-08 20:48:44,59.10863412007936,20.851107238104255,124.79999999999995,parking,306.682559930116,117.45331371425242,0.0,0.0,0.0,4.0,4.0,6.944444444444444e-05,6.944444444444444e-05,"[[1857180.489291426, -340.5228786472149, 659.4284049558935, 1.871687708574985], [-340.52287864721524, 1826181.8393241952, -2.229485995236632, 654.3327118089722], [659.4284049558935, -2.229485995236632, 0.31676666666666653, 0.0], [1.871687708574985, 654.3327118089722, 0.0, 0.31676666666666653]]"
2026-07-08 20:58:44,59.10863412007936,20.851107238104255,124.79999999999995,parking,306.682559930116,117.45331371425242,0.0,0.0,0.0,4.0,4.0,6.944444444444444e-05,6.944444444444444e-05,"[[1857180.489291426, -340.5228786472149, 659.4284049558935, 1.871687708574985], [-340.52287864721524, 1826181.8393241952, -2.229485995236632, 654.3327118089722], [659.4284049558935, -2.229485995236632, 0.31676666666666653, 0.0], [1.871687708574985, 654.3327118089722, 0.0, 0.31676666666666653]]"
2026-07-08 21:08:44,59.10863412007936,20.851107238104255,124.79999999999995,parking,306.682559930116,117.45331371425242,0.0,0.0,0.0,4.0,4.0,6.944444444444444e-05,6.944444444444444e-05,"[[1857180.489291426, -340.5228786472149, 659.4284049558935, 1.871687708574985], [-340.52287864721524, 1826181.8393241952, -2.229485995236632, 654.3327118089722], [659.4284049558935, -2.229485995236632, 0.31676666666666653, 0.0], [1.871687708574985, 654.3327118089722, 0.0, 0.31676666666666653]]"
2026-07-08 21:18:44,59.10863412007936,20.851107238104255,124.79999999999995,parking,306.682559930116,117.45331371425242,0.0,0.0,0.0,4.0,4.0,6.944444444444444e-05,6.944444444444444e-05,"[[1857180.489291426, -340.5228786472149, 659.4284049558935, 1.871687708574985], [-340.52287864721524, 1826181.8393241952, -2.229485995236632, 654.3327118089722], [659.4284049558935, -2.229485995236632, 0.31676666666666653, 0.0], [1.871687708574985, 654.3327118089722, 0.0, 0.31676666666666653]]"
2026-07-08 21:28:44,59.10863412007936,20.851107238104255,124.79999999999995,parking,306.682559930116,117.45331371425242,0.0,0.0,0.0,4.0,4.0,6.944444444444444e-05,6.944444444444444e-05,"[[1857180.489291426, -340.5228786472149, 659.4284049558935, 1.871687708574985], [-340.52287864721524, 1826181.8393241952, -2.229485995236632, 654.3327118089722], [659.4284049558935, -2.229485995236632, 0.31676666666666653, 0.0], [1.871687708574985, 654.3327118089722, 0.0, 0.31676666666666653]]"
2026-07-08 21:38:44,59.10863412007936,20.851107238104255,124.79999999999995,parking,306.682559930116,117.45331371425242,0.0,0.0,0.0,4.0,4.0,6.944444444444444e-05,6.944444444444444e-05,"[[1857180.489291426, -340.5228786472149, 659.4284049558935, 1.871687708574985], [-340.52287864721524, 1826181.8393241952, -2.229485995236632, 654.3327118089722], [659.4284049558935, -2.229485995236632, 0.31676666666666653, 0.0], [1.871687708574985, 654.3327118089722, 0.0, 0.31676666666666653]]"
2026-07-08 21:48:44,59.10863412007936,20.851107238104255,124.79999999999995,parking,306.682559930116,117.45331371425242,0.0,0.0,0.0,4.0,4.0,6.944444444444444e-05,6.944444444444444e-05,"[[1857180.489291426, -340.5228786472149, 659.4284049558935, 1.871687708574985], [-340.52287864721524, 1826181.8393241952, -2.229485995236632, 654.3327118089722], [659.4284049558935, -2.229485995236632, 0.31676666666666653, 0.0], [1.871687708574985, 654.3327118089722, 0.0, 0.31676666666666653]]"
2026-07-08 21:58:44,59.10863412007936,20.851107238104255,124.79999999999995,parking,306.682559930116,117.45331371425242,0.0,0.0,0.0,4.0,4.0,6.944444444444444e-05,6.944444444444444e-05,"[[1857180.489291426, -340.5228786472149, 659.4284049558935, 1.871687708574985], [-340.52287864721524, 1826181.8393241952, -2.229485995236632, 654.3327118089722], [659.4284049558935, -2.229485995236632, 0.31676666666666653, 0.0], [1.871687708574985, 654.3327118089722, 0.0, 0.31676666666666653]]"
2026-07-08 22:08:44,59.10863412007936,20.851107238104255,124.79999999999995,parking,306.682559930116,117.45331371425242,0.0,0.0,0.0,4.0,4.0,6.944444444444444e-05,6.944444444444444e-05,"[[1857180.489291426, -340.5228786472149, 659.4284049558935, 1.871687708574985], [-340.52287864721524, 1826181.8393241952, -2.229485995236632, 654.3327118089722], [659.4284049558935, -2.229485995236632, 0.31676666666666653, 0.0], [1.871687708574985, 654.3327118089722, 0.0, 0.31676666666666653]]"
2026-07-08 22:18:44,59.10863412007936,20.851107238104255,124.79999999999995,parking,306.682559930116,117.45331371425242,0.0,0.0,0.0,4.0,4.0,6.944444444444444e-05,6.944444444444444e-05,"[[1857180.489291426, -340.5228786472149, 659.4284049558935, 1.871687708574985], [-340.52287864721524, 1826181.8393241952, -2.229485995236632, 654.3327118089722], [659.4284049558935, -2.229485995236632, 0.31676666666666653, 0.0], [1.871687708574985, 654.3327118089722, 0.0, 0.31676666666666653]]"
2026-07-08 22:28:44,59.10863412007936,20.851107238104255,124.79999999999995,parking,306.682559930116,117.45331371425242,0.0,0.0,0.0,4.0,4.0,6.944444444444444e-05,6.944444444444444e-05,"[[1857180.489291426, -340.5228786472149, 659.4284049558935, 1.871687708574985], [-340.52287864721524, 1826181.8393241952, -2.229485995236632, 654.3327118089722], [659.4284049558935, -2.229485995236632, 0.31676666666666653, 0.0], [1.871687708574985, 654.3327118089722, 0.0, 0.31676666666666653]]"
2026-07-08 22:38:44,59.10863412007936,20.851107238104255,124.79999999999995,parking,306.682559930116,117.45331371425242,0.0,0.0,0.0,4.0,4.0,6.944444444444444e-05,6.944444444444444e-05,"[[1857180.489291426, -340.5228786472149, 659.4284049558935, 1.871687708574985], [-340.52287864721524, 1826181.8393241952, -2.229485995236632, 654.3327118089722], [659.4284049558935, -2.229485995236632, 0.31676666666666653, 0.0], [1.871687708574985, 654.3327118089722, 0.0, 0.31676666666666653]]"
2026-07-08 22:48:44,59.10863412007936,20.851107238104255,124.79999999999995,parking,306.682559930116,117.45331371425242,0.0,0.0,0.0,4.0,4.0,6.944444444444444e-05,6.944444444444444e-05,"[[1857180.489291426, -340.5228786472149, 659.4284049558935, 1.871687708574985], [-340.52287864721524, 1826181.8393241952, -2.229485995236632, 654.3327118089722], [659.4284049558935, -2.229485995236632, 0.31676666666666653, 0.0], [1.871687708574985, 654.3327118089722, 0.0, 0.31676666666666653]]"
2026-07-08 22:58:44,59.10863412007936,20.851107238104255,124.79999999999995,parking,306.682559930116,117.45331371425242,0.0,0.0,0.0,4.0,4.0,6.944444444444444e-05,6.944444444444444e-05,"[[1857180.489291426, -340.5228786472149, 659.4284049558935, 1.871687708574985], [-340.52287864721524, 1826181.8393241952, -2.229485995236632, 654.3327118089722], [659.4284049558935, -2.229485995236632, 0.31676666666666653, 0.0], [1.871687708574985, 654.3327118089722, 0.0, 0.31676666666666653]]"
2026-07-08 23:08:44,59.10863412007936,20.851107238104255,124.79999999999995,parking,306.682559930116,117.45331371425242,0.0,0.0,0.0,4.0,4.0,6.944444444444444e-05,6.944444444444444e-05,"[[1857180.489291426, -340.5228786472149, 659.4284049558935, 1.871687708574985], [-340.52287864721524, 1826181.8393241952, -2.229485995236632, 654.3327118089722], [659.4284049558935, -2.229485995236632, 0.31676666666666653, 0.0], [1.871687708574985, 654.3327118089722, 0.0, 0.31676666666666653]]"
2026-07-08 23:18:44,59.10863412007936,20.851107238104255,124.79999999999995,parking,306.682559930116,117.45331371425242,0.0,0.0,0.0,4.0,4.0,6.944444444444444e-05,6.944444444444444e-05,"[[1857180.489291426, -340.5228786472149, 659.4284049558935, 1.871687708574985], [-340.52287864721524, 1826181.8393241952, -2.229485995236632, 654.3327118089722], [659.4284049558935, -2.229485995236632, 0.31676666666666653, 0.0], [1.871687708574985, 654.3327118089722, 0.0, 0.31676666666666653]]"
2026-07-08 23:28:44,59.10863412007936,20.851107238104255,124.79999999999995,parking,306.682559930116,117.45331371425242,0.0,0.0,0.0,4.0,4.0,6.944444444444444e-05,6.944444444444444e-05,"[[1857180.489291426, -340.5228786472149, 659.4284049558935, 1.871687708574985], [-340.52287864721524, 1826181.8393241952, -2.229485995236632, 654.3327118089722], [659.4284049558935, -2.229485995236632, 0.31676666666666653, 0.0], [1.871687708574985, 654.3327118089722, 0.0, 0.31676666666666653]]"
2026-07-08 23:38:44,59.10863412007936,20.851107238104255,124.79999999999995,parking,306.682559930116,117.45331371425242,0.0,0.0,0.0,4.0,4.0,6.944444444444444e-05,6.944444444444444e-05,"[[1857180.489291426, -340.5228786472149, 659.4284049558935, 1.871687708574985], [-340.52287864721524, 1826181.8393241952, -2.229485995236632, 654.3327118089722], [659.4284049558935, -2.229485995236632, 0.31676666666666653, 0.0], [1.871687708574985, 654.3327118089722, 0.0, 0.31676666666666653]]"
2026-07-08 23:48:44,59.10863412007936,20.851107238104255,124.79999999999995,parking,306.682559930116,117.45331371425242,0.0,0.0,0.0,4.0,4.0,6.944444444444444e-05,6.944444444444444e-05,"[[1857180.489291426, -340.5228786472149, 659.4284049558935, 1.871687708574985], [-340.52287864721524, 1826181.8393241952, -2.229485995236632, 654.3327118089722], [659.4284049558935, -2.229485995236632, 0.31676666666666653, 0.0], [1.871687708574985, 654.3327118089722, 0.0, 0.31676666666666653]]"
2026-07-08 23:58:44,59.10863412007936,20.851107238104255,124.79999999999995,parking,306.682559930116,117.45331371425242,0.0,0.0,0.0,4.0,4.0,6.944444444444444e-05,6.944444444444444e-05,"[[1857180.489291426, -340.5228786472149, 659.4284049558935, 1.871687708574985], [-340.52287864721524, 1826181.8393241952, -2.229485995236632, 654.3327118089722], [659.4284049558935, -2.229485995236632, 0.31676666666666653, 0.0], [1.871687708574985, 654.3327118089722, 0.0, 0.31676666666666653]]"
2026-07-09 00:08:44,59.10863412007936,20.851107238104255,124.79999999999995,parking,306.682559930116,117.45331371425242,0.0,0.0,0.0,4.0,4.0,6.944444444444444e-05,6.944444444444444e-05,"[[1857180.489291426, -340.5228786472149, 659.4284049558935, 1.871687708574985], [-340.52287864721524, 1826181.8393241952, -2.229485995236632, 654.3327118089722], [659.4284049558935, -2.229485995236632, 0.31676666666666653, 0.0], [1.871687708574985, 654.3327118089722, 0.0, 0.31676666666666653]]"
2026-07-09 00:18:44,59.10863412007936,20.851107238104255,124.79999999999995,parking,306.682559930116,117.45331371425242,0.0,0.0,0.0,4.0,4.0,6.944444444444444e-05,6.944444444444444e-05,"[[1857180.489291426, -340.5228786472149, 659.4284049558935, 1.871687708574985], [-340.52287864721524, 1826181.8393241952, -2.229485995236632, 654.3327118089722], [659.4284049558935, -2.229485995236632, 0.31676666666666653, 0.0], [1.871687708574985, 654.3327118089722, 0.0, 0.31676666666666653]]"
2026-07-09 00:28:44,59.10863412007936,20.851107238104255,124.79999999999995,parking,306.682559930116,117.45331371425242,0.0,0.0,0.0,4.0,4.0,6.944444444444444e-05,6.944444444444444e-05,"[[1857180.489291426, -340.5228786472149, 659.4284049558935, 1.871687708574985], [-340.52287864721524, 1826181.8393241952, -2.229485995236632, 654.3327118089722], [659.4284049558935, -2.229485995236632, 0.31676666666666653, 0.0], [1.871687708574985, 654.3327118089722, 0.0, 0.31676666666666653]]"
2026-07-09 00:38:44,59.10863412007936,20.851107238104255,124.79999999999995,parking,306.682559930116,117.45331371425242,0.0,0.0,0.0,4.0,4.0,6.944444444444444e-05,6.944444444444444e-05,"[[1857180.489291426, -340.5228786472149, 659.4284049558935, 1.871687708574985], [-340.52287864721524, 1826181.8393241952, -2.229485995236632, 654.3327118089722], [659.4284049558935, -2.229485995236632, 0.31676666666666653, 0.0], [1.871687708574985, 654.3327118089722, 0.0, 0.31676666666666653]]"
2026-07-09 00:48:44,59.10863412007936,20.851107238104255,124.79999999999995,parking,306.682559930116,117.45331371425242,0.0,0.0,0.0,4.0,4.0,6.944444444444444e-05,6.944444444444444e-05,"[[1857180.489291426, -340.5228786472149, 659.4284049558935, 1.871687708574985], [-340.52287864721524, 1826181.8393241952, -2.229485995236632, 654.3327118089722], [659.4284049558935, -2.229485995236632, 0.31676666666666653, 0.0], [1.871687708574985, 654.3327118089722, 0.0, 0.31676666666666653]]"
2026-07-09 00:58:44,59.10863412007936,20.851107238104255,124.79999999999995,parking,306.682559930116,117.45331371425242,0.0,0.0,0.0,4.0,4.0,6.944444444444444e-05,6.944444444444444e-05,"[[1857180.489291426, -340.5228786472149, 659.4284049558935, 1.871687708574985], [-340.52287864721524, 1826181.8393241952, -2.229485995236632, 654.3327118089722], [659.4284049558935, -2.229485995236632, 0.31676666666666653, 0.0], [1.871687708574985, 654.3327118089722, 0.0, 0.31676666666666653]]"
2026-07-09 01:08:44,59.10863412007936,20.851107238104255,124.79999999999995,parking,306.682559930116,117.45331371425242,0.0,0.0,0.0,4.0,4.0,6.944444444444444e-05,6.944444444444444e-05,"[[1857180.489291426, -340.5228786472149, 659.4284049558935, 1.871687708574985], [-340.52287864721524, 1826181.8393241952, -2.229485995236632, 654.3327118089722], [659.4284049558935, -2.229485995236632, 0.31676666666666653, 0.0], [1.871687708574985, 654.3327118089722, 0.0, 0.31676666666666653]]"
2026-07-09 01:18:44,59.10863412007936,20.851107238104255,124.79999999999995,parking,306.682559930116,117.45331371425242,0.0,0.0,0.0,4.0,4.0,6.944444444444444e-05,6.944444444444444e-05,"[[1857180.489291426, -340.5228786472149, 659.4284049558935, 1.871687708574985], [-340.52287864721524, 1826181.8393241952, -2.229485995236632, 654.3327118089722], [659.4284049558935, -2.229485995236632, 0.31676666666666653, 0.0], [1.871687708574985, 654.3327118089722, 0.0, 0.31676666666666653]]"
2026-07-09 01:28:44,59.10863412007936,20.851107238104255,124.79999999999995,parking,306.682559930116,117.45331371425242,0.0,0.0,0.0,4.0,4.0,6.944444444444444e-05,6.944444444444444e-05,"[[1857180.489291426, -340.5228786472149, 659.4284049558935, 1.871687708574985], [-340.52287864721524, 1826181.8393241952, -2.229485995236632, 654.3327118089722], [659.4284049558935, -2.229485995236632, 0.31676666666666653, 0.0], [1.871687708574985, 654.3327118089722, 0.0, 0.31676666666666653]]"
2026-07-09 01:38:44,59.10863412007936,20.851107238104255,124.79999999999995,parking,306.682559930116,117.45331371425242,0.0,0.0,0.0,4.0,4.0,6.944444444444444e-05,6.944444444444444e-05,"[[1857180.489291426, -340.5228786472149, 659.4284049558935, 1.871687708574985], [-340.52287864721524, 1826181.8393241952, -2.229485995236632, 654.3327118089722], [659.4284049558935, -2.229485995236632, 0.31676666666666653, 0.0], [1.871687708574985, 654.3327118089722, 0.0, 0.31676666666666653]]"
2026-07-09 01:48:44,59.10863412007936,20.851107238104255,124.79999999999995,parking,306.682559930116,117.45331371425242,0.0,0.0,0.0,4.0,4.0,6.944444444444444e-05,6.944444444444444e-05,"[[1857180.489291426, -340.5228786472149, 659.4284049558935, 1.871687708574985], [-340.52287864721524, 1826181.8393241952, -2.229485995236632, 654.3327118089722], [659.4284049558935, -2.229485995236632, 0.31676666666666653, 0.0], [1.871687708574985, 654.3327118089722, 0.0, 0.31676666666666653]]"
2026-07-09 01:58:44,59.10863412007936,20.851107238104255,124.79999999999995,parking,306.682559930116,117.45331371425242,0.0,0.0,0.0,4.0,4.0,6.944444444444444e-05,6.944444444444444e-05,"[[1857180.489291426, -340.5228786472149, 659.4284049558935, 1.871687708574985], [-340.52287864721524, 1826181.8393241952, -2.229485995236632, 654.3327118089722], [659.4284049558935, -2.229485995236632, 0.31676666666666653, 0.0], [1.871687708574985, 654.3327118089722, 0.0, 0.31676666666666653]]"
2026-07-09 02:08:44,59.10863412007936,20.851107238104255,124.79999999999995,parking,306.682559930116,117.45331371425242,0.0,0.0,0.0,4.0,4.0,6.944444444444444e-05,6.944444444444444e-05,"[[1857180.489291426, -340.5228786472149, 659.4284049558935, 1.871687708574985], [-340.52287864721524, 1826181.8393241952, -2.229485995236632, 654.3327118089722], [659.4284049558935, -2.229485995236632, 0.31676666666666653, 0.0], [1.871687708574985, 654.3327118089722, 0.0, 0.31676666666666653]]"
2026-07-09 02:18:44,59.10863412007936,20.851107238104255,124.79999999999995,parking,306.682559930116,117.45331371425242,0.0,0.0,0.0,4.0,4.0,6.944444444444444e-05,6.944444444444444e-05,"[[1857180.489291426, -340.5228786472149, 659.4284049558935, 1.871687708574985], [-340.52287864721524, 1826181.8393241952, -2.229485995236632, 654.3327118089722], [659.4284049558935, -2.229485995236632, 0.31676666666666653, 0.0], [1.871687708574985, 654.3327118089722, 0.0, 0.31676666666666653]]"
2026-07-09 02:28:44,59.10863412007936,20.851107238104255,124.79999999999995,parking,306.682559930116,117.45331371425242,0.0,0.0,0.0,4.0,4.0,6.944444444444444e-05,6.944444444444444e-05,"[[1857180.489291426, -340.5228786472149, 659.4284049558935, 1.871687708574985], [-340.52287864721524, 1826181.8393241952, -2.229485995236632, 654.3327118089722], [659.4284049558935, -2.229485995236632, 0.31676666666666653, 0.0], [1.871687708574985, 654.3327118089722, 0.0, 0.31676666666666653]]"
2026-07-09 02:38:44,59.10863412007936,20.851107238104255,124.79999999999995,parking,306.682559930116,117.45331371425242,0.0,0.0,0.0,4.0,4.0,6.944444444444444e-05,6.944444444444444e-05,"[[1857180.489291426, -340.5228786472149, 659.4284049558935, 1.871687708574985], [-340.52287864721524, 1826181.8393241952, -2.229485995236632, 654.3327118089722], [659.4284049558935, -2.229485995236632, 0.31676666666666653, 0.0], [1.871687708574985, 654.3327118089722, 0.0, 0.31676666666666653]]"
2026-07-09 02:48:44,59.10863412007936,20.851107238104255,124.79999999999995,parking,306.682559930116,117.45331371425242,0.0,0.0,0.0,4.0,4.0,6.944444444444444e-05,6.944444444444444e-05,"[[1857180.489291426, -340.5228786472149, 659.4284049558935, 1.871687708574985], [-340.52287864721524, 1826181.8393241952, -2.229485995236632, 654.3327118089722], [659.4284049558935, -2.229485995236632, 0.31676666666666653, 0.0], [1.871687708574985, 654.3327118089722, 0.0, 0.31676666666666653]]"
2026-07-09 02:58:44,59.10863412007936,20.851107238104255,124.79999999999995,parking,306.682559930116,117.45331371425242,0.0,0.0,0.0,4.0,4.0,6.944444444444444e-05,6.944444444444444e-05,"[[1857180.489291426, -340.5228786472149, 659.4284049558935, 1.871687708574985], [-340.52287864721524, 1826181.8393241952, -2.229485995236632, 654.3327118089722], [659.4284049558935, -2.229485995236632, 0.31676666666666653, 0.0], [1.871687708574985, 654.3327118089722, 0.0, 0.31676666666666653]]"
2026-07-09 03:08:44,59.10863412007936,20.851107238104255,124.79999999999995,parking,306.682559930116,117.45331371425242,0.0,0.0,0.0,4.0,4.0,6.944444444444444e-05,6.944444444444444e-05,"[[1857180.489291426, -340.5228786472149, 659.4284049558935, 1.871687708574985], [-340.52287864721524, 1826181.8393241952, -2.229485995236632, 654.3327118089722], [659.4284049558935, -2.229485995236632, 0.31676666666666653, 0.0], [1.871687708574985, 654.3327118089722, 0.0, 0.31676666666666653]]"
2026-07-09 03:18:44,59.10863412007936,20.851107238104255,124.79999999999995,parking,306.682559930116,117.45331371425242,0.0,0.0,0.0,4.0,4.0,6.944444444444444e-05,6.944444444444444e-05,"[[1857180.489291426, -340.5228786472149, 659.4284049558935, 1.871687708574985], [-340.52287864721524, 1826181.8393241952, -2.229485995236632, 654.3327118089722], [659.4284049558935, -2.229485995236632, 0.31676666666666653, 0.0], [1.871687708574985, 654.3327118089722, 0.0, 0.31676666666666653]]"
2026-07-09 03:28:44,59.10863412007936,20.851107238104255,124.79999999999995,parking,306.682559930116,117.45331371425242,0.0,0.0,0.0,4.0,4.0,6.944444444444444e-05,6.944444444444444e-05,"[[1857180.489291426, -340.5228786472149, 659.4284049558935, 1.871687708574985], [-340.52287864721524, 1826181.8393241952, -2.229485995236632, 654.3327118089722], [659.4284049558935, -2.229485995236632, 0.31676666666666653, 0.0], [1.871687708574985, 654.3327118089722, 0.0, 0.31676666666666653]]"
2026-07-09 03:38:44,59.10863412007936,20.851107238104255,124.79999999999995,parking,306.682559930116,117.45331371425242,0.0,0.0,0.0,4.0,4.0,6.944444444444444e-05,6.944444444444444e-05,"[[1857180.489291426, -340.5228786472149, 659.4284049558935, 1.871687708574985], [-340.52287864721524, 1826181.8393241952, -2.229485995236632, 654.3327118089722], [659.4284049558935, -2.229485995236632, 0.31676666666666653, 0.0], [1.871687708574985, 654.3327118089722, 0.0, 0.31676666666666653]]"
2026-07-09 03:48:44,59.10863412007936,20.851107238104255,124.79999999999995,parking,306.682559930116,117.45331371425242,0.0,0.0,0.0,4.0,4.0,6.944444444444444e-05,6.944444444444444e-05,"[[1857180.489291426, -340.5228786472149, 659.4284049558935, 1.871687708574985], [-340.52287864721524, 1826181.8393241952, -2.229485995236632, 654.3327118089722], [659.4284049558935, -2.229485995236632, 0.31676666666666653, 0.0], [1.871687708574985, 654.3327118089722, 0.0, 0.31676666666666653]]"
2026-07-09 03:58:44,59.10863412007936,20.851107238104255,124.79999999999995,parking,306.682559930116,117.45331371425242,0.0,0.0,0.0,4.0,4.0,6.944444444444444e-05,6.944444444444444e-05,"[[1857180.489291426, -340.5228786472149, 659.4284049558935, 1.871687708574985], [-340.52287864721524, 1826181.8393241952, -2.229485995236632, 654.3327118089722], [659.4284049558935, -2.229485995236632, 0.31676666666666653, 0.0], [1.871687708574985, 654.3327118089722, 0.0, 0.31676666666666653]]"
2026-07-09 04:08:44,59.10863412007936,20.851107238104255,124.79999999999995,parking,306.682559930116,117.45331371425242,0.0,0.0,0.0,4.0,4.0,6.944444444444444e-05,6.944444444444444e-05,"[[1857180.489291426, -340.5228786472149, 659.4284049558935, 1.871687708574985], [-340.52287864721524, 1826181.8393241952, -2.229485995236632, 654.3327118089722], [659.4284049558935, -2.229485995236632, 0.31676666666666653, 0.0], [1.871687708574985, 654.3327118089722, 0.0, 0.31676666666666653]]"
2026-07-09 04:18:44,59.10863412007936,20.851107238104255,124.79999999999995,parking,306.682559930116,117.45331371425242,0.0,0.0,0.0,4.0,4.0,6.944444444444444e-05,6.944444444444444e-05,"[[1857180.489291426, -340.5228786472149, 659.4284049558935, 1.871687708574985], [-340.52287864721524, 1826181.8393241952, -2.229485995236632, 654.3327118089722], [659.4284049558935, -2.229485995236632, 0.31676666666666653, 0.0], [1.871687708574985, 654.3327118089722, 0.0, 0.31676666666666653]]"
2026-07-09 04:28:44,59.10863412007936,20.851107238104255,124.79999999999995,parking,306.682559930116,117.45331371425242,0.0,0.0,0.0,4.0,4.0,6.944444444444444e-05,6.944444444444444e-05,"[[1857180.489291426, -340.5228786472149, 659.4284049558935, 1.871687708574985], [-340.52287864721524, 1826181.8393241952, -2.229485995236632, 654.3327118089722], [659.4284049558935, -2.229485995236632, 0.31676666666666653, 0.0], [1.871687708574985, 654.3327118089722, 0.0, 0.31676666666666653]]"
2026-07-09 04:38:44,59.10863412007936,20.851107238104255,124.79999999999995,parking,306.682559930116,117.45331371425242,0.0,0.0,0.0,4.0,4.0,6.944444444444444e-05,6.944444444444444e-05,"[[1857180.489291426, -340.5228786472149, 659.4284049558935, 1.871687708574985], [-340.52287864721524, 1826181.8393241952, -2.229485995236632, 654.3327118089722], [659.4284049558935, -2.229485995236632, 0.31676666666666653, 0.0], [1.871687708574985, 654.3327118089722, 0.0, 0.31676666666666653]]"
2026-07-09 04:48:44,59.10863412007936,20.851107238104255,124.79999999999995,parking,306.682559930116,117.45331371425242,0.0,0.0,0.0,4.0,4.0,6.944444444444444e-05,6.944444444444444e-05,"[[1857180.489291426, -340.5228786472149, 659.4284049558935, 1.871687708574985], [-340.52287864721524, 1826181.8393241952, -2.229485995236632, 654.3327118089722], [659.4284049558935, -2.229485995236632, 0.31676666666666653, 0.0], [1.871687708574985, 654.3327118089722, 0.0, 0.31676666666666653]]"
2026-07-09 04:58:44,59.10863412007936,20.851107238104255,124.79999999999995,parking,306.682559930116,117.45331371425242,0.0,0.0,0.0,4.0,4.0,6.944444444444444e-05,6.944444444444444e-05,"[[1857180.489291426, -340.5228786472149, 659.4284049558935, 1.871687708574985], [-340.52287864721524, 1826181.8393241952, -2.229485995236632, 654.3327118089722], [659.4284049558935, -2.229485995236632, 0.31676666666666653, 0.0], [1.871687708574985, 654.3327118089722, 0.0, 0.31676666666666653]]"
2026-07-09 05:08:44,59.10863412007936,20.851107238104255,124.79999999999995,parking,306.682559930116,117.45331371425242,0.0,0.0,0.0,4.0,4.0,6.944444444444444e-05,6.944444444444444e-05,"[[1857180.489291426, -340.5228786472149, 659.4284049558935, 1.871687708574985], [-340.52287864721524, 1826181.8393241952, -2.229485995236632, 654.3327118089722], [659.4284049558935, -2.229485995236632, 0.31676666666666653, 0.0], [1.871687708574985, 654.3327118089722, 0.0, 0.31676666666666653]]"
2026-07-09 05:18:44,59.10863412007936,20.851107238104255,124.79999999999995,parking,306.682559930116,117.45331371425242,0.0,0.0,0.0,4.0,4.0,6.944444444444444e-05,6.944444444444444e-05,"[[1857180.489291426, -340.5228786472149, 659.4284049558935, 1.871687708574985], [-340.52287864721524, 1826181.8393241952, -2.229485995236632, 654.3327118089722], [659.4284049558935, -2.229485995236632, 0.31676666666666653, 0.0], [1.871687708574985, 654.3327118089722, 0.0, 0.31676666666666653]]"
2026-07-09 05:28:44,59.10863412007936,20.851107238104255,124.79999999999995,parking,306.682559930116,117.45331371425242,0.0,0.0,0.0,4.0,4.0,6.944444444444444e-05,6.944444444444444e-05,"[[1857180.489291426, -340.5228786472149, 659.4284049558935, 1.871687708574985], [-340.52287864721524, 1826181.8393241952, -2.229485995236632, 654.3327118089722], [659.4284049558935, -2.229485995236632, 0.31676666666666653, 0.0], [1.871687708574985, 654.3327118089722, 0.0, 0.31676666666666653]]"
2026-07-09 05:38:44,59.10863412007936,20.851107238104255,124.79999999999995,parking,306.682559930116,117.45331371425242,0.0,0.0,0.0,4.0,4.0,6.944444444444444e-05,6.944444444444444e-05,"[[1857180.489291426, -340.5228786472149, 659.4284049558935, 1.871687708574985], [-340.52287864721524, 1826181.8393241952, -2.229485995236632, 654.3327118089722], [659.4284049558935, -2.229485995236632, 0.31676666666666653, 0.0], [1.871687708574985, 654.3327118089722, 0.0, 0.31676666666666653]]"
2026-07-09 05:48:44,59.10863412007936,20.851107238104255,124.79999999999995,parking,306.682559930116,117.45331371425242,0.0,0.0,0.0,4.0,4.0,6.944444444444444e-05,6.944444444444444e-05,"[[1857180.489291426, -340.5228786472149, 659.4284049558935, 1.871687708574985], [-340.52287864721524, 1826181.8393241952, -2.229485995236632, 654.3327118089722], [659.4284049558935, -2.229485995236632, 0.31676666666666653, 0.0], [1.871687708574985, 654.3327118089722, 0.0, 0.31676666666666653]]"
2026-07-09 05:58:44,59.10863412007936,20.851107238104255,124.79999999999995,parking,306.682559930116,117.45331371425242,0.0,0.0,0.0,4.0,4.0,6.944444444444444e-05,6.944444444444444e-05,"[[1857180.489291426, -340.5228786472149, 659.4284049558935, 1.871687708574985], [-340.52287864721524, 1826181.8393241952, -2.229485995236632, 654.3327118089722], [659.4284049558935, -2.229485995236632, 0.31676666666666653, 0.0], [1.871687708574985, 654.3327118089722, 0.0, 0.31676666666666653]]"
2026-07-09 06:08:44,59.10863412007936,20.851107238104255,124.79999999999995,parking,306.682559930116,117.45331371425242,0.0,0.0,0.0,4.0,4.0,6.944444444444444e-05,6.944444444444444e-05,"[[1857180.489291426, -340.5228786472149, 659.4284049558935, 1.871687708574985], [-340.52287864721524, 1826181.8393241952, -2.229485995236632, 654.3327118089722], [659.4284049558935, -2.229485995236632, 0.31676666666666653, 0.0], [1.871687708574985, 654.3327118089722, 0.0, 0.31676666666666653]]"
2026-07-09 06:18:44,59.10863412007936,20.851107238104255,124.79999999999995,parking,306.682559930116,117.45331371425242,0.0,0.0,0.0,4.0,4.0,6.944444444444444e-05,6.944444444444444e-05,"[[1857180.489291426, -340.5228786472149, 659.4284049558935, 1.871687708574985], [-340.52287864721524, 1826181.8393241952, -2.229485995236632, 654.3327118089722], [659.4284049558935, -2.229485995236632, 0.31676666666666653, 0.0], [1.871687708574985, 654.3327118089722, 0.0, 0.31676666666666653]]"
2026-07-09 06:28:44,59.10863412007936,20.851107238104255,124.79999999999995,parking,306.682559930116,117.45331371425242,0.0,0.0,0.0,4.0,4.0,6.944444444444444e-05,6.944444444444444e-05,"[[1857180.489291426, -340.5228786472149, 659.4284049558935, 1.871687708574985], [-340.52287864721524, 1826181.8393241952, -2.229485995236632, 654.3327118089722], [659.4284049558935, -2.229485995236632, 0.31676666666666653, 0.0], [1.871687708574985, 654.3327118089722, 0.0, 0.31676666666666653]]"
2026-07-09 06:38:44,59.10863412007936,20.851107238104255,124.79999999999995,parking,306.682559930116,117.45331371425242,0.0,0.0,0.0,4.0,4.0,6.944444444444444e-05,6.944444444444444e-05,"[[1857180.489291426, -340.5228786472149, 659.4284049558935, 1.871687708574985], [-340.52287864721524, 1826181.8393241952, -2.229485995236632, 654.3327118089722], [659.4284049558935, -2.229485995236632, 0.31676666666666653, 0.0], [1.871687708574985, 654.3327118089722, 0.0, 0.31676666666666653]]"
2026-07-09 06:48:44,59.10863412007936,20.851107238104255,124.79999999999995,parking,306.682559930116,117.45331371425242,0.0,0.0,0.0,4.0,4.0,6.944444444444444e-05,6.944444444444444e-05,"[[1857180.489291426, -340.5228786472149, 659.4284049558935, 1.871687708574985], [-340.52287864721524, 1826181.8393241952, -2.229485995236632, 654.3327118089722], [659.4284049558935, -2.229485995236632, 0.31676666666666653, 0.0], [1.871687708574985, 654.3327118089722, 0.0, 0.31676666666666653]]"
2026-07-09 06:58:44,59.10863412007936,20.851107238104255,124.79999999999995,parking,306.682559930116,117.45331371425242,0.0,0.0,0.0,4.0,4.0,6.944444444444444e-05,6.944444444444444e-05,"[[1857180.489291426, -340.5228786472149, 659.4284049558935, 1.871687708574985], [-340.52287864721524, 1826181.8393241952, -2.229485995236632, 654.3327118089722], [659.4284049558935, -2.229485995236632, 0.31676666666666653, 0.0], [1.871687708574985, 654.3327118089722, 0.0, 0.31676666666666653]]"
2026-07-09 07:08:44,59.10863412007936,20.851107238104255,124.79999999999995,parking,306.682559930116,117.45331371425242,0.0,0.0,0.0,4.0,4.0,6.944444444444444e-05,6.944444444444444e-05,"[[1857180.489291426, -340.5228786472149, 659.4284049558935, 1.871687708574985], [-340.52287864721524, 1826181.8393241952, -2.229485995236632, 654.3327118089722], [659.4284049558935, -2.229485995236632, 0.31676666666666653, 0.0], [1.871687708574985, 654.3327118089722, 0.0, 0.31676666666666653]]"
2026-07-09 07:18:44,59.10863412007936,20.851107238104255,124.79999999999995,parking,306.682559930116,117.45331371425242,0.0,0.0,0.0,4.0,4.0,6.944444444444444e-05,6.944444444444444e-05,"[[1857180.489291426, -340.5228786472149, 659.4284049558935, 1.871687708574985], [-340.52287864721524, 1826181.8393241952, -2.229485995236632, 654.3327118089722], [659.4284049558935, -2.229485995236632, 0.31676666666666653, 0.0], [1.871687708574985, 654.3327118089722, 0.0, 0.31676666666666653]]"
2026-07-09 07:28:44,59.10863412007936,20.851107238104255,124.79999999999995,parking,306.682559930116,117.45331371425242,0.0,0.0,0.0,4.0,4.0,6.944444444444444e-05,6.944444444444444e-05,"[[1857180.489291426, -340.5228786472149, 659.4284049558935, 1.871687708574985], [-340.52287864721524, 1826181.8393241952, -2.229485995236632, 654.3327118089722], [659.4284049558935, -2.229485995236632, 0.31676666666666653, 0.0], [1.871687708574985, 654.3327118089722, 0.0, 0.31676666666666653]]"
2026-07-09 07:38:44,59.10863412007936,20.851107238104255,124.79999999999995,parking,306.682559930116,117.45331371425242,0.0,0.0,0.0,4.0,4.0,6.944444444444444e-05,6.944444444444444e-05,"[[1857180.489291426, -340.5228786472149, 659.4284049558935, 1.871687708574985], [-340.52287864721524, 1826181.8393241952, -2.229485995236632, 654.3327118089722], [659.4284049558935, -2.229485995236632, 0.31676666666666653, 0.0], [1.871687708574985, 654.3327118089722, 0.0, 0.31676666666666653]]"
2026-07-09 07:48:44,59.10863412007936,20.851107238104255,124.79999999999995,parking,306.682559930116,117.45331371425242,0.0,0.0,0.0,4.0,4.0,6.944444444444444e-05,6.944444444444444e-05,"[[1857180.489291426, -340.5228786472149, 659.4284049558935, 1.871687708574985], [-340.52287864721524, 1826181.8393241952, -2.229485995236632, 654.3327118089722], [659.4284049558935, -2.229485995236632, 0.31676666666666653, 0.0], [1.871687708574985, 654.3327118089722, 0.0, 0.31676666666666653]]"
2026-07-09 07:58:44,59.10863412007936,20.851107238104255,124.79999999999995,parking,306.682559930116,117.45331371425242,0.0,0.0,0.0,4.0,4.0,6.944444444444444e-05,6.944444444444444e-05,"[[1857180.489291426, -340.5228786472149, 659.4284049558935, 1.871687708574985], [-340.52287864721524, 1826181.8393241952, -2.229485995236632, 654.3327118089722], [659.4284049558935, -2.229485995236632, 0.31676666666666653, 0.0], [1.871687708574985, 654.3327118089722, 0.0, 0.31676666666666653]]"
2026-07-09 08:08:44,59.10863412007936,20.851107238104255,124.79999999999995,parking,306.682559930116,117.45331371425242,0.0,0.0,0.0,4.0,4.0,6.944444444444444e-05,6.944444444444444e-05,"[[1857180.489291426, -340.5228786472149, 659.4284049558935, 1.871687708574985], [-340.52287864721524, 1826181.8393241952, -2.229485995236632, 654.3327118089722], [659.4284049558935, -2.229485995236632, 0.31676666666666653, 0.0], [1.871687708574985, 654.3327118089722, 0.0, 0.31676666666666653]]"
2026-07-09 08:18:44,59.10863412007936,20.851107238104255,124.79999999999995,parking,306.682559930116,117.45331371425242,0.0,0.0,0.0,4.0,4.0,6.944444444444444e-05,6.944444444444444e-05,"[[1857180.489291426, -340.5228786472149, 659.4284049558935, 1.871687708574985], [-340.52287864721524, 1826181.8393241952, -2.229485995236632, 654.3327118089722], [659.4284049558935, -2.229485995236632, 0.31676666666666653, 0.0], [1.871687708574985, 654.3327118089722, 0.0, 0.31676666666666653]]"
2026-07-09 08:28:44,59.10863412007936,20.851107238104255,124.79999999999995,parking,306.682559930116,117.45331371425242,0.0,0.0,0.0,4.0,4.0,6.944444444444444e-05,6.944444444444444e-05,"[[1857180.489291426, -340.5228786472149, 659.4284049558935, 1.871687708574985], [-340.52287864721524, 1826181.8393241952, -2.229485995236632, 654.3327118089722], [659.4284049558935, -2.229485995236632, 0.31676666666666653, 0.0], [1.871687708574985, 654.3327118089722, 0.0, 0.31676666666666653]]"
2026-07-09 08:38:44,59.10863412007936,20.851107238104255,124.79999999999995,parking,306.682559930116,117.45331371425242,0.0,0.0,0.0,4.0,4.0,6.944444444444444e-05,6.944444444444444e-05,"[[1857180.489291426, -340.5228786472149, 659.4284049558935, 1.871687708574985], [-340.52287864721524, 1826181.8393241952, -2.229485995236632, 654.3327118089722], [659.4284049558935, -2.229485995236632, 0.31676666666666653, 0.0], [1.871687708574985, 654.3327118089722, 0.0, 0.31676666666666653]]"
2026-07-09 08:48:44,59.10863412007936,20.851107238104255,124.79999999999995,parking,306.682559930116,117.45331371425242,0.0,0.0,0.0,4.0,4.0,6.944444444444444e-05,6.944444444444444e-05,"[[1857180.489291426, -340.5228786472149, 659.4284049558935, 1.871687708574985], [-340.52287864721524, 1826181.8393241952, -2.229485995236632, 654.3327118089722], [659.4284049558935, -2.229485995236632, 0.31676666666666653, 0.0], [1.871687708574985, 654.3327118089722, 0.0, 0.31676666666666653]]"
2026-07-09 08:58:44,59.10863412007936,20.851107238104255,124.79999999999995,parking,306.682559930116,117.45331371425242,0.0,0.0,0.0,4.0,4.0,6.944444444444444e-05,6.944444444444444e-05,"[[1857180.489291426, -340.5228786472149, 659.4284049558935, 1.871687708574985], [-340.52287864721524, 1826181.8393241952, -2.229485995236632, 654.3327118089722], [659.4284049558935, -2.229485995236632, 0.31676666666666653, 0.0], [1.871687708574985, 654.3327118089722, 0.0, 0.31676666666666653]]"
2026-07-09 09:08:44,59.10863412007936,20.851107238104255,124.79999999999995,parking,306.682559930116,117.45331371425242,0.0,0.0,0.0,4.0,4.0,6.944444444444444e-05,6.944444444444444e-05,"[[1857180.489291426, -340.5228786472149, 659.4284049558935, 1.871687708574985], [-340.52287864721524, 1826181.8393241952, -2.229485995236632, 654.3327118089722], [659.4284049558935, -2.229485995236632, 0.31676666666666653, 0.0], [1.871687708574985, 654.3327118089722, 0.0, 0.31676666666666653]]"
2026-07-09 09:18:44,59.10863412007936,20.851107238104255,124.79999999999995,parking,306.682559930116,117.45331371425242,0.0,0.0,0.0,4.0,4.0,6.944444444444444e-05,6.944444444444444e-05,"[[1857180.489291426, -340.5228786472149, 659.4284049558935, 1.871687708574985], [-340.52287864721524, 1826181.8393241952, -2.229485995236632, 654.3327118089722], [659.4284049558935, -2.229485995236632, 0.31676666666666653, 0.0], [1.871687708574985, 654.3327118089722, 0.0, 0.31676666666666653]]"
2026-07-09 09:28:44,59.10863412007936,20.851107238104255,124.79999999999995,parking,306.682559930116,117.45331371425242,0.0,0.0,0.0,4.0,4.0,6.944444444444444e-05,6.944444444444444e-05,"[[1857180.489291426, -340.5228786472149, 659.4284049558935, 1.871687708574985], [-340.52287864721524, 1826181.8393241952, -2.229485995236632, 654.3327118089722], [659.4284049558935, -2.229485995236632, 0.31676666666666653, 0.0], [1.871687708574985, 654.3327118089722, 0.0, 0.31676666666666653]]"
2026-07-09 09:38:44,59.10863412007936,20.851107238104255,124.79999999999995,parking,306.682559930116,117.45331371425242,0.0,0.0,0.0,4.0,4.0,6.944444444444444e-05,6.944444444444444e-05,"[[1857180.489291426, -340.5228786472149, 659.4284049558935, 1.871687708574985], [-340.52287864721524, 1826181.8393241952, -2.229485995236632, 654.3327118089722], [659.4284049558935, -2.229485995236632, 0.31676666666666653, 0.0], [1.871687708574985, 654.3327118089722, 0.0, 0.31676666666666653]]"
2026-07-09 09:48:44,59.10863412007936,20.851107238104255,124.79999999999995,parking,306.682559930116,117.45331371425242,0.0,0.0,0.0,4.0,4.0,6.944444444444444e-05,6.944444444444444e-05,"[[1857180.489291426, -340.5228786472149, 659.4284049558935, 1.871687708574985], [-340.52287864721524, 1826181.8393241952, -2.229485995236632, 654.3327118089722], [659.4284049558935, -2.229485995236632, 0.31676666666666653, 0.0], [1.871687708574985, 654.3327118089722, 0.0, 0.31676666666666653]]"
2026-07-09 09:58:44,59.10863412007936,20.851107238104255,124.79999999999995,parking,306.682559930116,117.45331371425242,0.0,0.0,0.0,4.0,4.0,6.944444444444444e-05,6.944444444444444e-05,"[[1857180.489291426, -340.5228786472149, 659.4284049558935, 1.871687708574985], [-340.52287864721524, 1826181.8393241952, -2.229485995236632, 654.3327118089722], [659.4284049558935, -2.229485995236632, 0.31676666666666653, 0.0], [1.871687708574985, 654.3327118089722, 0.0, 0.31676666666666653]]"
2026-07-09 10:08:44,59.10863412007936,20.851107238104255,124.79999999999995,parking,306.682559930116,117.45331371425242,0.0,0.0,0.0,4.0,4.0,6.944444444444444e-05,6.944444444444444e-05,"[[1857180.489291426, -340.5228786472149, 659.4284049558935, 1.871687708574985], [-340.52287864721524, 1826181.8393241952, -2.229485995236632, 654.3327118089722], [659.4284049558935, -2.229485995236632, 0.31676666666666653, 0.0], [1.871687708574985, 654.3327118089722, 0.0, 0.31676666666666653]]"
2026-07-09 10:18:44,59.10863412007936,20.851107238104255,124.79999999999995,parking,306.682559930116,117.45331371425242,0.0,0.0,0.0,4.0,4.0,6.944444444444444e-05,6.944444444444444e-05,"[[1857180.489291426, -340.5228786472149, 659.4284049558935, 1.871687708574985], [-340.52287864721524, 1826181.8393241952, -2.229485995236632, 654.3327118089722], [659.4284049558935, -2.229485995236632, 0.31676666666666653, 0.0], [1.871687708574985, 654.3327118089722, 0.0, 0.31676666666666653]]"
2026-07-09 10:28:44,59.10863412007936,20.851107238104255,124.79999999999995,parking,306.682559930116,117.45331371425242,0.0,0.0,0.0,4.0,4.0,6.944444444444444e-05,6.944444444444444e-05,"[[1857180.489291426, -340.5228786472149, 659.4284049558935, 1.871687708574985], [-340.52287864721524, 1826181.8393241952, -2.229485995236632, 654.3327118089722], [659.4284049558935, -2.229485995236632, 0.31676666666666653, 0.0], [1.871687708574985, 654.3327118089722, 0.0, 0.31676666666666653]]"
2026-07-09 10:38:44,59.10863412007936,20.851107238104255,124.79999999999995,parking,306.682559930116,117.45331371425242,0.0,0.0,0.0,4.0,4.0,6.944444444444444e-05,6.944444444444444e-05,"[[1857180.489291426, -340.5228786472149, 659.4284049558935, 1.871687708574985], [-340.52287864721524, 1826181.8393241952, -2.229485995236632, 654.3327118089722], [659.4284049558935, -2.229485995236632, 0.31676666666666653, 0.0], [1.871687708574985, 654.3327118089722, 0.0, 0.31676666666666653]]"
2026-07-09 10:48:44,59.10863412007936,20.851107238104255,124.79999999999995,parking,306.682559930116,117.45331371425242,0.0,0.0,0.0,4.0,4.0,6.944444444444444e-05,6.944444444444444e-05,"[[1857180.489291426, -340.5228786472149, 659.4284049558935, 1.871687708574985], [-340.52287864721524, 1826181.8393241952, -2.229485995236632, 654.3327118089722], [659.4284049558935, -2.229485995236632, 0.31676666666666653, 0.0], [1.871687708574985, 654.3327118089722, 0.0, 0.31676666666666653]]"
2026-07-09 10:58:44,59.10863412007936,20.851107238104255,124.79999999999995,parking,306.682559930116,117.45331371425242,0.0,0.0,0.0,4.0,4.0,6.944444444444444e-05,6.944444444444444e-05,"[[1857180.489291426, -340.5228786472149, 659.4284049558935, 1.871687708574985], [-340.52287864721524, 1826181.8393241952, -2.229485995236632, 654.3327118089722], [659.4284049558935, -2.229485995236632, 0.31676666666666653, 0.0], [1.871687708574985, 654.3327118089722, 0.0, 0.31676666666666653]]"
2026-07-09 11:08:44,59.10863412007936,20.851107238104255,124.79999999999995,parking,306.682559930116,117.45331371425242,0.0,0.0,0.0,4.0,4.0,6.944444444444444e-05,6.944444444444444e-05,"[[1857180.489291426, -340.5228786472149, 659.4284049558935, 1.871687708574985], [-340.52287864721524, 1826181.8393241952, -2.229485995236632, 654.3327118089722], [659.4284049558935, -2.229485995236632, 0.31676666666666653, 0.0], [1.871687708574985, 654.3327118089722, 0.0, 0.31676666666666653]]"
2026-07-09 11:18:44,59.10863412007936,20.851107238104255,124.79999999999995,parking,306.682559930116,117.45331371425242,0.0,0.0,0.0,4.0,4.0,6.944444444444444e-05,6.944444444444444e-05,"[[1857180.489291426, -340.5228786472149, 659.4284049558935, 1.871687708574985], [-340.52287864721524, 1826181.8393241952, -2.229485995236632, 654.3327118089722], [659.4284049558935, -2.229485995236632, 0.31676666666666653, 0.0], [1.871687708574985, 654.3327118089722, 0.0, 0.31676666666666653]]"
2026-07-09 11:28:44,59.10863412007936,20.851107238104255,124.79999999999995,parking,306.682559930116,117.45331371425242,0.0,0.0,0.0,4.0,4.0,6.944444444444444e-05,6.944444444444444e-05,"[[1857180.489291426, -340.5228786472149, 659.4284049558935, 1.871687708574985], [-340.52287864721524, 1826181.8393241952, -2.229485995236632, 654.3327118089722], [659.4284049558935, -2.229485995236632, 0.31676666666666653, 0.0], [1.871687708574985, 654.3327118089722, 0.0, 0.31676666666666653]]"
2026-07-09 11:38:44,59.10863412007936,20.851107238104255,124.79999999999995,parking,306.682559930116,117.45331371425242,0.0,0.0,0.0,4.0,4.0,6.944444444444444e-05,6.944444444444444e-05,"[[1857180.489291426, -340.5228786472149, 659.4284049558935, 1.871687708574985], [-340.52287864721524, 1826181.8393241952, -2.229485995236632, 654.3327118089722], [659.4284049558935, -2.229485995236632, 0.31676666666666653, 0.0], [1.871687708574985, 654.3327118089722, 0.0, 0.31676666666666653]]"
2026-07-09 11:48:44,59.10863412007936,20.851107238104255,124.79999999999995,parking,306.682559930116,117.45331371425242,0.0,0.0,0.0,4.0,4.0,6.944444444444444e-05,6.944444444444444e-05,"[[1857180.489291426, -340.5228786472149, 659.4284049558935, 1.871687708574985], [-340.52287864721524, 1826181.8393241952, -2.229485995236632, 654.3327118089722], [659.4284049558935, -2.229485995236632, 0.31676666666666653, 0.0], [1.871687708574985, 654.3327118089722, 0.0, 0.31676666666666653]]"
2026-07-09 11:58:44,59.10863412007936,20.851107238104255,124.79999999999995,parking,306.682559930116,117.45331371425242,0.0,0.0,0.0,4.0,4.0,6.944444444444444e-05,6.944444444444444e-05,"[[1857180.489291426, -340.5228786472149, 659.4284049558935, 1.871687708574985], [-340.52287864721524, 1826181.8393241952, -2.229485995236632, 654.3327118089722], [659.4284049558935, -2.229485995236632, 0.31676666666666653, 0.0], [1.871687708574985, 654.3327118089722, 0.0, 0.31676666666666653]]"
2026-07-09 12:08:44,59.10863412007936,20.851107238104255,124.79999999999995,parking,306.682559930116,117.45331371425242,0.0,0.0,0.0,4.0,4.0,6.944444444444444e-05,6.944444444444444e-05,"[[1857180.489291426, -340.5228786472149, 659.4284049558935, 1.871687708574985], [-340.52287864721524, 1826181.8393241952, -2.229485995236632, 654.3327118089722], [659.4284049558935, -2.229485995236632, 0.31676666666666653, 0.0], [1.871687708574985, 654.3327118089722, 0.0, 0.31676666666666653]]"
2026-07-09 12:18:44,59.10863412007936,20.851107238104255,124.79999999999995,parking,306.682559930116,117.45331371425242,0.0,0.0,0.0,4.0,4.0,6.944444444444444e-05,6.944444444444444e-05,"[[1857180.489291426, -340.5228786472149, 659.4284049558935, 1.871687708574985], [-340.52287864721524, 1826181.8393241952, -2.229485995236632, 654.3327118089722], [659.4284049558935, -2.229485995236632, 0.31676666666666653, 0.0], [1.871687708574985, 654.3327118089722, 0.0, 0.31676666666666653]]"
2026-07-09 12:28:44,59.10863412007936,20.851107238104255,124.79999999999995,parking,306.682559930116,117.45331371425242,0.0,0.0,0.0,4.0,4.0,6.944444444444444e-05,6.944444444444444e-05,"[[1857180.489291426, -340.5228786472149, 659.4284049558935, 1.871687708574985], [-340.52287864721524, 1826181.8393241952, -2.229485995236632, 654.3327118089722], [659.4284049558935, -2.229485995236632, 0.31676666666666653, 0.0], [1.871687708574985, 654.3327118089722, 0.0, 0.31676666666666653]]"
2026-07-09 12:38:44,59.10863412007936,20.851107238104255,124.79999999999995,parking,306.682559930116,117.45331371425242,0.0,0.0,0.0,4.0,4.0,6.944444444444444e-05,6.944444444444444e-05,"[[1857180.489291426, -340.5228786472149, 659.4284049558935, 1.871687708574985], [-340.52287864721524, 1826181.8393241952, -2.229485995236632, 654.3327118089722], [659.4284049558935, -2.229485995236632, 0.31676666666666653, 0.0], [1.871687708574985, 654.3327118089722, 0.0, 0.31676666666666653]]"
2026-07-09 12:48:44,59.10863412007936,20.851107238104255,124.79999999999995,parking,306.682559930116,117.45331371425242,0.0,0.0,0.0,4.0,4.0,6.944444444444444e-05,6.944444444444444e-05,"[[1857180.489291426, -340.5228786472149, 659.4284049558935, 1.871687708574985], [-340.52287864721524, 1826181.8393241952, -2.229485995236632, 654.3327118089722], [659.4284049558935, -2.229485995236632, 0.31676666666666653, 0.0], [1.871687708574985, 654.3327118089722, 0.0, 0.31676666666666653]]"
2026-07-09 12:58:44,59.10863412007936,20.851107238104255,124.79999999999995,parking,306.682559930116,117.45331371425242,0.0,0.0,0.0,4.0,4.0,6.944444444444444e-05,6.944444444444444e-05,"[[1857180.489291426, -340.5228786472149, 659.4284049558935, 1.871687708574985], [-340.52287864721524, 1826181.8393241952, -2.229485995236632, 654.3327118089722], [659.4284049558935, -2.229485995236632, 0.31676666666666653, 0.0], [1.871687708574985, 654.3327118089722, 0.0, 0.31676666666666653]]"
2026-07-09 13:08:44,59.10863412007936,20.851107238104255,124.79999999999995,parking,306.682559930116,117.45331371425242,0.0,0.0,0.0,4.0,4.0,6.944444444444444e-05,6.944444444444444e-05,"[[1857180.489291426, -340.5228786472149, 659.4284049558935, 1.871687708574985], [-340.52287864721524, 1826181.8393241952, -2.229485995236632, 654.3327118089722], [659.4284049558935, -2.229485995236632, 0.31676666666666653, 0.0], [1.871687708574985, 654.3327118089722, 0.0, 0.31676666666666653]]"
2026-07-09 13:18:44,59.10863412007936,20.851107238104255,124.79999999999995,parking,306.682559930116,117.45331371425242,0.0,0.0,0.0,4.0,4.0,6.944444444444444e-05,6.944444444444444e-05,"[[1857180.489291426, -340.5228786472149, 659.4284049558935, 1.871687708574985], [-340.52287864721524, 1826181.8393241952, -2.229485995236632, 654.3327118089722], [659.4284049558935, -2.229485995236632, 0.31676666666666653, 0.0], [1.871687708574985, 654.3327118089722, 0.0, 0.31676666666666653]]"
2026-07-09 13:28:44,59.10863412007936,20.851107238104255,124.79999999999995,parking,306.682559930116,117.45331371425242,0.0,0.0,0.0,4.0,4.0,6.944444444444444e-05,6.944444444444444e-05,"[[1857180.489291426, -340.5228786472149, 659.4284049558935, 1.871687708574985], [-340.52287864721524, 1826181.8393241952, -2.229485995236632, 654.3327118089722], [659.4284049558935, -2.229485995236632, 0.31676666666666653, 0.0], [1.871687708574985, 654.3327118089722, 0.0, 0.31676666666666653]]"
2026-07-09 13:38:44,59.10863412007936,20.851107238104255,124.79999999999995,parking,306.682559930116,117.45331371425242,0.0,0.0,0.0,4.0,4.0,6.944444444444444e-05,6.944444444444444e-05,"[[1857180.489291426, -340.5228786472149, 659.4284049558935, 1.871687708574985], [-340.52287864721524, 1826181.8393241952, -2.229485995236632, 654.3327118089722], [659.4284049558935, -2.229485995236632, 0.31676666666666653, 0.0], [1.871687708574985, 654.3327118089722, 0.0, 0.31676666666666653]]"
2026-07-09 13:48:44,59.10863412007936,20.851107238104255,124.79999999999995,parking,306.682559930116,117.45331371425242,0.0,0.0,0.0,4.0,4.0,6.944444444444444e-05,6.944444444444444e-05,"[[1857180.489291426, -340.5228786472149, 659.4284049558935, 1.871687708574985], [-340.52287864721524, 1826181.8393241952, -2.229485995236632, 654.3327118089722], [659.4284049558935, -2.229485995236632, 0.31676666666666653, 0.0], [1.871687708574985, 654.3327118089722, 0.0, 0.31676666666666653]]"
2026-07-09 13:58:44,59.10863412007936,20.851107238104255,124.79999999999995,parking,306.682559930116,117.45331371425242,0.0,0.0,0.0,4.0,4.0,6.944444444444444e-05,6.944444444444444e-05,"[[1857180.489291426, -340.5228786472149, 659.4284049558935, 1.871687708574985], [-340.52287864721524, 1826181.8393241952, -2.229485995236632, 654.3327118089722], [659.4284049558935, -2.229485995236632, 0.31676666666666653, 0.0], [1.871687708574985, 654.3327118089722, 0.0, 0.31676666666666653]]"
2026-07-09 14:08:44,59.10863412007936,20.851107238104255,124.79999999999995,parking,306.682559930116,117.45331371425242,0.0,0.0,0.0,4.0,4.0,6.944444444444444e-05,6.944444444444444e-05,"[[1857180.489291426, -340.5228786472149, 659.4284049558935, 1.871687708574985], [-340.52287864721524, 1826181.8393241952, -2.229485995236632, 654.3327118089722], [659.4284049558935, -2.229485995236632, 0.31676666666666653, 0.0], [1.871687708574985, 654.3327118089722, 0.0, 0.31676666666666653]]"
2026-07-09 14:18:44,59.10863412007936,20.851107238104255,124.79999999999995,parking,306.682559930116,117.45331371425242,0.0,0.0,0.0,4.0,4.0,6.944444444444444e-05,6.944444444444444e-05,"[[1857180.489291426, -340.5228786472149, 659.4284049558935, 1.871687708574985], [-340.52287864721524, 1826181.8393241952, -2.229485995236632, 654.3327118089722], [659.4284049558935, -2.229485995236632, 0.31676666666666653, 0.0], [1.871687708574985, 654.3327118089722, 0.0, 0.31676666666666653]]"
2026-07-09 14:28:44,59.10863412007936,20.851107238104255,124.79999999999995,parking,306.682559930116,117.45331371425242,0.0,0.0,0.0,4.0,4.0,6.944444444444444e-05,6.944444444444444e-05,"[[1857180.489291426, -340.5228786472149, 659.4284049558935, 1.871687708574985], [-340.52287864721524, 1826181.8393241952, -2.229485995236632, 654.3327118089722], [659.4284049558935, -2.229485995236632, 0.31676666666666653, 0.0], [1.871687708574985, 654.3327118089722, 0.0, 0.31676666666666653]]"
2026-07-09 14:38:44,59.10863412007936,20.851107238104255,124.79999999999995,parking,306.682559930116,117.45331371425242,0.0,0.0,0.0,4.0,4.0,6.944444444444444e-05,6.944444444444444e-05,"[[1857180.489291426, -340.5228786472149, 659.4284049558935, 1.871687708574985], [-340.52287864721524, 1826181.8393241952, -2.229485995236632, 654.3327118089722], [659.4284049558935, -2.229485995236632, 0.31676666666666653, 0.0], [1.871687708574985, 654.3327118089722, 0.0, 0.31676666666666653]]"
2026-07-09 14:48:44,59.10863412007936,20.851107238104255,124.79999999999995,parking,306.682559930116,117.45331371425242,0.0,0.0,0.0,4.0,4.0,6.944444444444444e-05,6.944444444444444e-05,"[[1857180.489291426, -340.5228786472149, 659.4284049558935, 1.871687708574985], [-340.52287864721524, 1826181.8393241952, -2.229485995236632, 654.3327118089722], [659.4284049558935, -2.229485995236632, 0.31676666666666653, 0.0], [1.871687708574985, 654.3327118089722, 0.0, 0.31676666666666653]]"
2026-07-09 14:58:44,59.10863412007936,20.851107238104255,124.79999999999995,parking,306.682559930116,117.45331371425242,0.0,0.0,0.0,4.0,4.0,6.944444444444444e-05,6.944444444444444e-05,"[[1857180.489291426, -340.5228786472149, 659.4284049558935, 1.871687708574985], [-340.52287864721524, 1826181.8393241952, -2.229485995236632, 654.3327118089722], [659.4284049558935, -2.229485995236632, 0.31676666666666653, 0.0], [1.871687708574985, 654.3327118089722, 0.0, 0.31676666666666653]]"
2026-07-09 15:08:44,59.10863412007936,20.851107238104255,124.79999999999995,parking,306.682559930116,117.45331371425242,0.0,0.0,0.0,4.0,4.0,6.944444444444444e-05,6.944444444444444e-05,"[[1857180.489291426, -340.5228786472149, 659.4284049558935, 1.871687708574985], [-340.52287864721524, 1826181.8393241952, -2.229485995236632, 654.3327118089722], [659.4284049558935, -2.229485995236632, 0.31676666666666653, 0.0], [1.871687708574985, 654.3327118089722, 0.0, 0.31676666666666653]]"
2026-07-09 15:18:44,59.10863412007936,20.851107238104255,124.79999999999995,parking,306.682559930116,117.45331371425242,0.0,0.0,0.0,4.0,4.0,6.944444444444444e-05,6.944444444444444e-05,"[[1857180.489291426, -340.5228786472149, 659.4284049558935, 1.871687708574985], [-340.52287864721524, 1826181.8393241952, -2.229485995236632, 654.3327118089722], [659.4284049558935, -2.229485995236632, 0.31676666666666653, 0.0], [1.871687708574985, 654.3327118089722, 0.0, 0.31676666666666653]]"
2026-07-09 15:28:44,59.10863412007936,20.851107238104255,124.79999999999995,parking,306.682559930116,117.45331371425242,0.0,0.0,0.0,4.0,4.0,6.944444444444444e-05,6.944444444444444e-05,"[[1857180.489291426, -340.5228786472149, 659.4284049558935, 1.871687708574985], [-340.52287864721524, 1826181.8393241952, -2.229485995236632, 654.3327118089722], [659.4284049558935, -2.229485995236632, 0.31676666666666653, 0.0], [1.871687708574985, 654.3327118089722, 0.0, 0.31676666666666653]]"
2026-07-09 15:38:44,59.10863412007936,20.851107238104255,124.79999999999995,parking,306.682559930116,117.45331371425242,0.0,0.0,0.0,4.0,4.0,6.944444444444444e-05,6.944444444444444e-05,"[[1857180.489291426, -340.5228786472149, 659.4284049558935, 1.871687708574985], [-340.52287864721524, 1826181.8393241952, -2.229485995236632, 654.3327118089722], [659.4284049558935, -2.229485995236632, 0.31676666666666653, 0.0], [1.871687708574985, 654.3327118089722, 0.0, 0.31676666666666653]]"
2026-07-09 15:48:44,59.10863412007936,20.851107238104255,124.79999999999995,parking,306.682559930116,117.45331371425242,0.0,0.0,0.0,4.0,4.0,6.944444444444444e-05,6.944444444444444e-05,"[[1857180.489291426, -340.5228786472149, 659.4284049558935, 1.871687708574985], [-340.52287864721524, 1826181.8393241952, -2.229485995236632, 654.3327118089722], [659.4284049558935, -2.229485995236632, 0.31676666666666653, 0.0], [1.871687708574985, 654.3327118089722, 0.0, 0.31676666666666653]]"
2026-07-09 15:58:44,59.10863412007936,20.851107238104255,124.79999999999995,parking,306.682559930116,117.45331371425242,0.0,0.0,0.0,4.0,4.0,6.944444444444444e-05,6.944444444444444e-05,"[[1857180.489291426, -340.5228786472149, 659.4284049558935, 1.871687708574985], [-340.52287864721524, 1826181.8393241952, -2.229485995236632, 654.3327118089722], [659.4284049558935, -2.229485995236632, 0.31676666666666653, 0.0], [1.871687708574985, 654.3327118089722, 0.0, 0.31676666666666653]]"
2026-07-09 16:08:44,59.10863412007936,20.851107238104255,124.79999999999995,parking,306.682559930116,117.45331371425242,0.0,0.0,0.0,4.0,4.0,6.944444444444444e-05,6.944444444444444e-05,"[[1857180.489291426, -340.5228786472149, 659.4284049558935, 1.871687708574985], [-340.52287864721524, 1826181.8393241952, -2.229485995236632, 654.3327118089722], [659.4284049558935, -2.229485995236632, 0.31676666666666653, 0.0], [1.871687708574985, 654.3327118089722, 0.0, 0.31676666666666653]]"
2026-07-09 16:18:44,59.10863412007936,20.851107238104255,124.79999999999995,parking,306.682559930116,117.45331371425242,0.0,0.0,0.0,4.0,4.0,6.944444444444444e-05,6.944444444444444e-05,"[[1857180.489291426, -340.5228786472149, 659.4284049558935, 1.871687708574985], [-340.52287864721524, 1826181.8393241952, -2.229485995236632, 654.3327118089722], [659.4284049558935, -2.229485995236632, 0.31676666666666653, 0.0], [1.871687708574985, 654.3327118089722, 0.0, 0.31676666666666653]]"
2026-07-09 16:28:44,59.10863412007936,20.851107238104255,124.79999999999995,parking,306.682559930116,117.45331371425242,0.0,0.0,0.0,4.0,4.0,6.944444444444444e-05,6.944444444444444e-05,"[[1857180.489291426, -340.5228786472149, 659.4284049558935, 1.871687708574985], [-340.52287864721524, 1826181.8393241952, -2.229485995236632, 654.3327118089722], [659.4284049558935, -2.229485995236632, 0.31676666666666653, 0.0], [1.871687708574985, 654.3327118089722, 0.0, 0.31676666666666653]]"
2026-07-09 16:38:44,59.10863412007936,20.851107238104255,124.79999999999995,parking,306.682559930116,117.45331371425242,0.0,0.0,0.0,4.0,4.0,6.944444444444444e-05,6.944444444444444e-05,"[[1857180.489291426, -340.5228786472149, 659.4284049558935, 1.871687708574985], [-340.52287864721524, 1826181.8393241952, -2.229485995236632, 654.3327118089722], [659.4284049558935, -2.229485995236632, 0.31676666666666653, 0.0], [1.871687708574985, 654.3327118089722, 0.0, 0.31676666666666653]]"
2026-07-09 16:48:44,59.10863412007936,20.851107238104255,124.79999999999995,parking,306.682559930116,117.45331371425242,0.0,0.0,0.0,4.0,4.0,6.944444444444444e-05,6.944444444444444e-05,"[[1857180.489291426, -340.5228786472149, 659.4284049558935, 1.871687708574985], [-340.52287864721524, 1826181.8393241952, -2.229485995236632, 654.3327118089722], [659.4284049558935, -2.229485995236632, 0.31676666666666653, 0.0], [1.871687708574985, 654.3327118089722, 0.0, 0.31676666666666653]]"
2026-07-09 16:58:44,59.10863412007936,20.851107238104255,124.79999999999995,parking,306.682559930116,117.45331371425242,0.0,0.0,0.0,4.0,4.0,6.944444444444444e-05,6.944444444444444e-05,"[[1857180.489291426, -340.5228786472149, 659.4284049558935, 1.871687708574985], [-340.52287864721524, 1826181.8393241952, -2.229485995236632, 654.3327118089722], [659.4284049558935, -2.229485995236632, 0.31676666666666653, 0.0], [1.871687708574985, 654.3327118089722, 0.0, 0.31676666666666653]]"
2026-07-09 17:08:44,59.10863412007936,20.851107238104255,124.79999999999995,parking,306.682559930116,117.45331371425242,0.0,0.0,0.0,4.0,4.0,6.944444444444444e-05,6.944444444444444e-05,"[[1857180.489291426, -340.5228786472149, 659.4284049558935, 1.871687708574985], [-340.52287864721524, 1826181.8393241952, -2.229485995236632, 654.3327118089722], [659.4284049558935, -2.229485995236632, 0.31676666666666653, 0.0], [1.871687708574985, 654.3327118089722, 0.0, 0.31676666666666653]]"
2026-07-09 17:18:44,59.10863412007936,20.851107238104255,124.79999999999995,parking,306.682559930116,117.45331371425242,0.0,0.0,0.0,4.0,4.0,6.944444444444444e-05,6.944444444444444e-05,"[[1857180.489291426, -340.5228786472149, 659.4284049558935, 1.871687708574985], [-340.52287864721524, 1826181.8393241952, -2.229485995236632, 654.3327118089722], [659.4284049558935, -2.229485995236632, 0.31676666666666653, 0.0], [1.871687708574985, 654.3327118089722, 0.0, 0.31676666666666653]]"
2026-07-09 17:28:44,59.10863412007936,20.851107238104255,124.79999999999995,parking,306.682559930116,117.45331371425242,0.0,0.0,0.0,4.0,4.0,6.944444444444444e-05,6.944444444444444e-05,"[[1857180.489291426, -340.5228786472149, 659.4284049558935, 1.871687708574985], [-340.52287864721524, 1826181.8393241952, -2.229485995236632, 654.3327118089722], [659.4284049558935, -2.229485995236632, 0.31676666666666653, 0.0], [1.871687708574985, 654.3327118089722, 0.0, 0.31676666666666653]]"
2026-07-09 17:38:44,59.10863412007936,20.851107238104255,124.79999999999995,parking,306.682559930116,117.45331371425242,0.0,0.0,0.0,4.0,4.0,6.944444444444444e-05,6.944444444444444e-05,"[[1857180.489291426, -340.5228786472149, 659.4284049558935, 1.871687708574985], [-340.52287864721524, 1826181.8393241952, -2.229485995236632, 654.3327118089722], [659.4284049558935, -2.229485995236632, 0.31676666666666653, 0.0], [1.871687708574985, 654.3327118089722, 0.0, 0.31676666666666653]]"
2026-07-09 17:48:44,59.10863412007936,20.851107238104255,124.79999999999995,parking,306.682559930116,117.45331371425242,0.0,0.0,0.0,4.0,4.0,6.944444444444444e-05,6.944444444444444e-05,"[[1857180.489291426, -340.5228786472149, 659.4284049558935, 1.871687708574985], [-340.52287864721524, 1826181.8393241952, -2.229485995236632, 654.3327118089722], [659.4284049558935, -2.229485995236632, 0.31676666666666653, 0.0], [1.871687708574985, 654.3327118089722, 0.0, 0.31676666666666653]]"
2026-07-09 17:58:44,59.10863412007936,20.851107238104255,124.79999999999995,parking,306.682559930116,117.45331371425242,0.0,0.0,0.0,4.0,4.0,6.944444444444444e-05,6.944444444444444e-05,"[[1857180.489291426, -340.5228786472149, 659.4284049558935, 1.871687708574985], [-340.52287864721524, 1826181.8393241952, -2.229485995236632, 654.3327118089722], [659.4284049558935, -2.229485995236632, 0.31676666666666653, 0.0], [1.871687708574985, 654.3327118089722, 0.0, 0.31676666666666653]]"
2026-07-09 18:08:44,59.10863412007936,20.851107238104255,124.79999999999995,parking,306.682559930116,117.45331371425242,0.0,0.0,0.0,4.0,4.0,6.944444444444444e-05,6.944444444444444e-05,"[[1857180.489291426, -340.5228786472149, 659.4284049558935, 1.871687708574985], [-340.52287864721524, 1826181.8393241952, -2.229485995236632, 654.3327118089722], [659.4284049558935, -2.229485995236632, 0.31676666666666653, 0.0], [1.871687708574985, 654.3327118089722, 0.0, 0.31676666666666653]]"
2026-07-09 18:18:44,59.10863412007936,20.851107238104255,124.79999999999995,parking,306.682559930116,117.45331371425242,0.0,0.0,0.0,4.0,4.0,6.944444444444444e-05,6.944444444444444e-05,"[[1857180.489291426, -340.5228786472149, 659.4284049558935, 1.871687708574985], [-340.52287864721524, 1826181.8393241952, -2.229485995236632, 654.3327118089722], [659.4284049558935, -2.229485995236632, 0.31676666666666653, 0.0], [1.871687708574985, 654.3327118089722, 0.0, 0.31676666666666653]]"
2026-07-09 18:28:44,59.10863412007936,20.851107238104255,124.79999999999995,parking,306.682559930116,117.45331371425242,0.0,0.0,0.0,4.0,4.0,6.944444444444444e-05,6.944444444444444e-05,"[[1857180.489291426, -340.5228786472149, 659.4284049558935, 1.871687708574985], [-340.52287864721524, 1826181.8393241952, -2.229485995236632, 654.3327118089722], [659.4284049558935, -2.229485995236632, 0.31676666666666653, 0.0], [1.871687708574985, 654.3327118089722, 0.0, 0.31676666666666653]]"
2026-07-09 18:38:44,59.10863412007936,20.851107238104255,124.79999999999995,parking,306.682559930116,117.45331371425242,0.0,0.0,0.0,4.0,4.0,6.944444444444444e-05,6.944444444444444e-05,"[[1857180.489291426, -340.5228786472149, 659.4284049558935, 1.871687708574985], [-340.52287864721524, 1826181.8393241952, -2.229485995236632, 654.3327118089722], [659.4284049558935, -2.229485995236632, 0.31676666666666653, 0.0], [1.871687708574985, 654.3327118089722, 0.0, 0.31676666666666653]]"
2026-07-09 18:48:44,59.10863412007936,20.851107238104255,124.79999999999995,parking,306.682559930116,117.45331371425242,0.0,0.0,0.0,4.0,4.0,6.944444444444444e-05,6.944444444444444e-05,"[[1857180.489291426, -340.5228786472149, 659.4284049558935, 1.871687708574985], [-340.52287864721524, 1826181.8393241952, -2.229485995236632, 654.3327118089722], [659.4284049558935, -2.229485995236632, 0.31676666666666653, 0.0], [1.871687708574985, 654.3327118089722, 0.0, 0.31676666666666653]]"
2026-07-09 18:58:44,59.10863412007936,20.851107238104255,124.79999999999995,parking,306.682559930116,117.45331371425242,0.0,0.0,0.0,4.0,4.0,6.944444444444444e-05,6.944444444444444e-05,"[[1857180.489291426, -340.5228786472149, 659.4284049558935, 1.871687708574985], [-340.52287864721524, 1826181.8393241952, -2.229485995236632, 654.3327118089722], [659.4284049558935, -2.229485995236632, 0.31676666666666653, 0.0], [1.871687708574985, 654.3327118089722, 0.0, 0.31676666666666653]]"
2026-07-09 19:08:44,59.10863412007936,20.851107238104255,124.79999999999995,parking,306.682559930116,117.45331371425242,0.0,0.0,0.0,4.0,4.0,6.944444444444444e-05,6.944444444444444e-05,"[[1857180.489291426, -340.5228786472149, 659.4284049558935, 1.871687708574985], [-340.52287864721524, 1826181.8393241952, -2.229485995236632, 654.3327118089722], [659.4284049558935, -2.229485995236632, 0.31676666666666653, 0.0], [1.871687708574985, 654.3327118089722, 0.0, 0.31676666666666653]]"
2026-07-09 19:18:44,59.10863412007936,20.851107238104255,124.79999999999995,parking,306.682559930116,117.45331371425242,0.0,0.0,0.0,4.0,4.0,6.944444444444444e-05,6.944444444444444e-05,"[[1857180.489291426, -340.5228786472149, 659.4284049558935, 1.871687708574985], [-340.52287864721524, 1826181.8393241952, -2.229485995236632, 654.3327118089722], [659.4284049558935, -2.229485995236632, 0.31676666666666653, 0.0], [1.871687708574985, 654.3327118089722, 0.0, 0.31676666666666653]]"
2026-07-09 19:28:44,59.10863412007936,20.851107238104255,124.79999999999995,parking,306.682559930116,117.45331371425242,0.0,0.0,0.0,4.0,4.0,6.944444444444444e-05,6.944444444444444e-05,"[[1857180.489291426, -340.5228786472149, 659.4284049558935, 1.871687708574985], [-340.52287864721524, 1826181.8393241952, -2.229485995236632, 654.3327118089722], [659.4284049558935, -2.229485995236632, 0.31676666666666653, 0.0], [1.871687708574985, 654.3327118089722, 0.0, 0.31676666666666653]]"
2026-07-09 19:38:44,59.10863412007936,20.851107238104255,124.79999999999995,parking,306.682559930116,117.45331371425242,0.0,0.0,0.0,4.0,4.0,6.944444444444444e-05,6.944444444444444e-05,"[[1857180.489291426, -340.5228786472149, 659.4284049558935, 1.871687708574985], [-340.52287864721524, 1826181.8393241952, -2.229485995236632, 654.3327118089722], [659.4284049558935, -2.229485995236632, 0.31676666666666653, 0.0], [1.871687708574985, 654.3327118089722, 0.0, 0.31676666666666653]]"
2026-07-09 19:48:44,59.10863412007936,20.851107238104255,124.79999999999995,parking,306.682559930116,117.45331371425242,0.0,0.0,0.0,4.0,4.0,6.944444444444444e-05,6.944444444444444e-05,"[[1857180.489291426, -340.5228786472149, 659.4284049558935, 1.871687708574985], [-340.52287864721524, 1826181.8393241952, -2.229485995236632, 654.3327118089722], [659.4284049558935, -2.229485995236632, 0.31676666666666653, 0.0], [1.871687708574985, 654.3327118089722, 0.0, 0.31676666666666653]]"
2026-07-09 19:58:44,59.10863412007936,20.851107238104255,124.79999999999995,parking,306.682559930116,117.45331371425242,0.0,0.0,0.0,4.0,4.0,6.944444444444444e-05,6.944444444444444e-05,"[[1857180.489291426, -340.5228786472149, 659.4284049558935, 1.871687708574985], [-340.52287864721524, 1826181.8393241952, -2.229485995236632, 654.3327118089722], [659.4284049558935, -2.229485995236632, 0.31676666666666653, 0.0], [1.871687708574985, 654.3327118089722, 0.0, 0.31676666666666653]]"
2026-07-09 20:08:44,59.10863412007936,20.851107238104255,124.79999999999995,parking,306.682559930116,117.45331371425242,0.0,0.0,0.0,4.0,4.0,6.944444444444444e-05,6.944444444444444e-05,"[[1857180.489291426, -340.5228786472149, 659.4284049558935, 1.871687708574985], [-340.52287864721524, 1826181.8393241952, -2.229485995236632, 654.3327118089722], [659.4284049558935, -2.229485995236632, 0.31676666666666653, 0.0], [1.871687708574985, 654.3327118089722, 0.0, 0.31676666666666653]]"
2026-07-09 20:18:44,59.10863412007936,20.851107238104255,124.79999999999995,parking,306.682559930116,117.45331371425242,0.0,0.0,0.0,4.0,4.0,6.944444444444444e-05,6.944444444444444e-05,"[[1857180.489291426, -340.5228786472149, 659.4284049558935, 1.871687708574985], [-340.52287864721524, 1826181.8393241952, -2.229485995236632, 654.3327118089722], [659.4284049558935, -2.229485995236632, 0.31676666666666653, 0.0], [1.871687708574985, 654.3327118089722, 0.0, 0.31676666666666653]]"
2026-07-09 20:28:44,59.10863412007936,20.851107238104255,124.79999999999995,parking,306.682559930116,117.45331371425242,0.0,0.0,0.0,4.0,4.0,6.944444444444444e-05,6.944444444444444e-05,"[[1857180.489291426, -340.5228786472149, 659.4284049558935, 1.871687708574985], [-340.52287864721524, 1826181.8393241952, -2.229485995236632, 654.3327118089722], [659.4284049558935, -2.229485995236632, 0.31676666666666653, 0.0], [1.871687708574985, 654.3327118089722, 0.0, 0.31676666666666653]]"
2026-07-09 20:38:44,59.10863412007936,20.851107238104255,124.79999999999995,parking,306.682559930116,117.45331371425242,0.0,0.0,0.0,4.0,4.0,6.944444444444444e-05,6.944444444444444e-05,"[[1857180.489291426, -340.5228786472149, 659.4284049558935, 1.871687708574985], [-340.52287864721524, 1826181.8393241952, -2.229485995236632, 654.3327118089722], [659.4284049558935, -2.229485995236632, 0.31676666666666653, 0.0], [1.871687708574985, 654.3327118089722, 0.0, 0.31676666666666653]]"
2026-07-09 20:48:44,59.10863412007936,20.851107238104255,124.79999999999995,parking,306.682559930116,117.45331371425242,0.0,0.0,0.0,4.0,4.0,6.944444444444444e-05,6.944444444444444e-05,"[[1857180.489291426, -340.5228786472149, 659.4284049558935, 1.871687708574985], [-340.52287864721524, 1826181.8393241952, -2.229485995236632, 654.3327118089722], [659.4284049558935, -2.229485995236632, 0.31676666666666653, 0.0], [1.871687708574985, 654.3327118089722, 0.0, 0.31676666666666653]]"
2026-07-09 20:58:44,59.10863412007936,20.851107238104255,124.79999999999995,parking,306.682559930116,117.45331371425242,0.0,0.0,0.0,4.0,4.0,6.944444444444444e-05,6.944444444444444e-05,"[[1857180.489291426, -340.5228786472149, 659.4284049558935, 1.871687708574985], [-340.52287864721524, 1826181.8393241952, -2.229485995236632, 654.3327118089722], [659.4284049558935, -2.229485995236632, 0.31676666666666653, 0.0], [1.871687708574985, 654.3327118089722, 0.0, 0.31676666666666653]]"
2026-07-09 21:08:44,59.10863412007936,20.851107238104255,124.79999999999995,parking,306.682559930116,117.45331371425242,0.0,0.0,0.0,4.0,4.0,6.944444444444444e-05,6.944444444444444e-05,"[[1857180.489291426, -340.5228786472149, 659.4284049558935, 1.871687708574985], [-340.52287864721524, 1826181.8393241952, -2.229485995236632, 654.3327118089722], [659.4284049558935, -2.229485995236632, 0.31676666666666653, 0.0], [1.871687708574985, 654.3327118089722, 0.0, 0.31676666666666653]]"
2026-07-09 21:18:44,59.10863412007936,20.851107238104255,124.79999999999995,parking,306.682559930116,117.45331371425242,0.0,0.0,0.0,4.0,4.0,6.944444444444444e-05,6.944444444444444e-05,"[[1857180.489291426, -340.5228786472149, 659.4284049558935, 1.871687708574985], [-340.52287864721524, 1826181.8393241952, -2.229485995236632, 654.3327118089722], [659.4284049558935, -2.229485995236632, 0.31676666666666653, 0.0], [1.871687708574985, 654.3327118089722, 0.0, 0.31676666666666653]]"
2026-07-09 21:28:44,59.10863412007936,20.851107238104255,124.79999999999995,parking,306.682559930116,117.45331371425242,0.0,0.0,0.0,4.0,4.0,6.944444444444444e-05,6.944444444444444e-05,"[[1857180.489291426, -340.5228786472149, 659.4284049558935, 1.871687708574985], [-340.52287864721524, 1826181.8393241952, -2.229485995236632, 654.3327118089722], [659.4284049558935, -2.229485995236632, 0.31676666666666653, 0.0], [1.871687708574985, 654.3327118089722, 0.0, 0.31676666666666653]]"
2026-07-09 21:38:44,59.10863412007936,20.851107238104255,124.79999999999995,parking,306.682559930116,117.45331371425242,0.0,0.0,0.0,4.0,4.0,6.944444444444444e-05,6.944444444444444e-05,"[[1857180.489291426, -340.5228786472149, 659.4284049558935, 1.871687708574985], [-340.52287864721524, 1826181.8393241952, -2.229485995236632, 654.3327118089722], [659.4284049558935, -2.229485995236632, 0.31676666666666653, 0.0], [1.871687708574985, 654.3327118089722, 0.0, 0.31676666666666653]]"
2026-07-09 21:48:44,59.10863412007936,20.851107238104255,124.79999999999995,parking,306.682559930116,117.45331371425242,0.0,0.0,0.0,4.0,4.0,6.944444444444444e-05,6.944444444444444e-05,"[[1857180.489291426, -340.5228786472149, 659.4284049558935, 1.871687708574985], [-340.52287864721524, 1826181.8393241952, -2.229485995236632, 654.3327118089722], [659.4284049558935, -2.229485995236632, 0.31676666666666653, 0.0], [1.871687708574985, 654.3327118089722, 0.0, 0.31676666666666653]]"
2026-07-09 21:58:44,59.10863412007936,20.851107238104255,124.79999999999995,parking,306.682559930116,117.45331371425242,0.0,0.0,0.0,4.0,4.0,6.944444444444444e-05,6.944444444444444e-05,"[[1857180.489291426, -340.5228786472149, 659.4284049558935, 1.871687708574985], [-340.52287864721524, 1826181.8393241952, -2.229485995236632, 654.3327118089722], [659.4284049558935, -2.229485995236632, 0.31676666666666653, 0.0], [1.871687708574985, 654.3327118089722, 0.0, 0.31676666666666653]]"
2026-07-09 22:08:44,59.10863412007936,20.851107238104255,124.79999999999995,parking,306.682559930116,117.45331371425242,0.0,0.0,0.0,4.0,4.0,6.944444444444444e-05,6.944444444444444e-05,"[[1857180.489291426, -340.5228786472149, 659.4284049558935, 1.871687708574985], [-340.52287864721524, 1826181.8393241952, -2.229485995236632, 654.3327118089722], [659.4284049558935, -2.229485995236632, 0.31676666666666653, 0.0], [1.871687708574985, 654.3327118089722, 0.0, 0.31676666666666653]]"
2026-07-09 22:18:44,59.10863412007936,20.851107238104255,124.79999999999995,parking,306.682559930116,117.45331371425242,0.0,0.0,0.0,4.0,4.0,6.944444444444444e-05,6.944444444444444e-05,"[[1857180.489291426, -340.5228786472149, 659.4284049558935, 1.871687708574985], [-340.52287864721524, 1826181.8393241952, -2.229485995236632, 654.3327118089722], [659.4284049558935, -2.229485995236632, 0.31676666666666653, 0.0], [1.871687708574985, 654.3327118089722, 0.0, 0.31676666666666653]]"
2026-07-09 22:28:44,59.10863412007936,20.851107238104255,124.79999999999995,parking,306.682559930116,117.45331371425242,0.0,0.0,0.0,4.0,4.0,6.944444444444444e-05,6.944444444444444e-05,"[[1857180.489291426, -340.5228786472149, 659.4284049558935, 1.871687708574985], [-340.52287864721524, 1826181.8393241952, -2.229485995236632, 654.3327118089722], [659.4284049558935, -2.229485995236632, 0.31676666666666653, 0.0], [1.871687708574985, 654.3327118089722, 0.0, 0.31676666666666653]]"
2026-07-09 22:38:44,59.10863412007936,20.851107238104255,124.79999999999995,parking,306.682559930116,117.45331371425242,0.0,0.0,0.0,4.0,4.0,6.944444444444444e-05,6.944444444444444e-05,"[[1857180.489291426, -340.5228786472149, 659.4284049558935, 1.871687708574985], [-340.52287864721524, 1826181.8393241952, -2.229485995236632, 654.3327118089722], [659.4284049558935, -2.229485995236632, 0.31676666666666653, 0.0], [1.871687708574985, 654.3327118089722, 0.0, 0.31676666666666653]]"
2026-07-09 22:48:44,59.10863412007936,20.851107238104255,124.79999999999995,parking,306.682559930116,117.45331371425242,0.0,0.0,0.0,4.0,4.0,6.944444444444444e-05,6.944444444444444e-05,"[[1857180.489291426, -340.5228786472149, 659.4284049558935, 1.871687708574985], [-340.52287864721524, 1826181.8393241952, -2.229485995236632, 654.3327118089722], [659.4284049558935, -2.229485995236632, 0.31676666666666653, 0.0], [1.871687708574985, 654.3327118089722, 0.0, 0.31676666666666653]]"
2026-07-09 22:58:44,59.10863412007936,20.851107238104255,124.79999999999995,parking,306.682559930116,117.45331371425242,0.0,0.0,0.0,4.0,4.0,6.944444444444444e-05,6.944444444444444e-05,"[[1857180.489291426, -340.5228786472149, 659.4284049558935, 1.871687708574985], [-340.52287864721524, 1826181.8393241952, -2.229485995236632, 654.3327118089722], [659.4284049558935, -2.229485995236632, 0.31676666666666653, 0.0], [1.871687708574985, 654.3327118089722, 0.0, 0.31676666666666653]]"
2026-07-09 23:08:44,59.10863412007936,20.851107238104255,124.79999999999995,parking,306.682559930116,117.45331371425242,0.0,0.0,0.0,4.0,4.0,6.944444444444444e-05,6.944444444444444e-05,"[[1857180.489291426, -340.5228786472149, 659.4284049558935, 1.871687708574985], [-340.52287864721524, 1826181.8393241952, -2.229485995236632, 654.3327118089722], [659.4284049558935, -2.229485995236632, 0.31676666666666653, 0.0], [1.871687708574985, 654.3327118089722, 0.0, 0.31676666666666653]]"
2026-07-09 23:18:44,59.10863412007936,20.851107238104255,124.79999999999995,parking,306.682559930116,117.45331371425242,0.0,0.0,0.0,4.0,4.0,6.944444444444444e-05,6.944444444444444e-05,"[[1857180.489291426, -340.5228786472149, 659.4284049558935, 1.871687708574985], [-340.52287864721524, 1826181.8393241952, -2.229485995236632, 654.3327118089722], [659.4284049558935, -2.229485995236632, 0.31676666666666653, 0.0], [1.871687708574985, 654.3327118089722, 0.0, 0.31676666666666653]]"
2026-07-09 23:28:44,59.10863412007936,20.851107238104255,124.79999999999995,parking,306.682559930116,117.45331371425242,0.0,0.0,0.0,4.0,4.0,6.944444444444444e-05,6.944444444444444e-05,"[[1857180.489291426, -340.5228786472149, 659.4284049558935, 1.871687708574985], [-340.52287864721524, 1826181.8393241952, -2.229485995236632, 654.3327118089722], [659.4284049558935, -2.229485995236632, 0.31676666666666653, 0.0], [1.871687708574985, 654.3327118089722, 0.0, 0.31676666666666653]]"
2026-07-09 23:38:44,59.10863412007936,20.851107238104255,124.79999999999995,parking,306.682559930116,117.45331371425242,0.0,0.0,0.0,4.0,4.0,6.944444444444444e-05,6.944444444444444e-05,"[[1857180.489291426, -340.5228786472149, 659.4284049558935, 1.871687708574985], [-340.52287864721524, 1826181.8393241952, -2.229485995236632, 654.3327118089722], [659.4284049558935, -2.229485995236632, 0.31676666666666653, 0.0], [1.871687708574985, 654.3327118089722, 0.0, 0.31676666666666653]]"
2026-07-09 23:48:44,59.10863412007936,20.851107238104255,124.79999999999995,parking,306.682559930116,117.45331371425242,0.0,0.0,0.0,4.0,4.0,6.944444444444444e-05,6.944444444444444e-05,"[[1857180.489291426, -340.5228786472149, 659.4284049558935, 1.871687708574985], [-340.52287864721524, 1826181.8393241952, -2.229485995236632, 654.3327118089722], [659.4284049558935, -2.229485995236632, 0.31676666666666653, 0.0], [1.871687708574985, 654.3327118089722, 0.0, 0.31676666666666653]]"
2026-07-09 23:58:44,59.10863412007936,20.851107238104255,124.79999999999995,parking,306.682559930116,117.45331371425242,0.0,0.0,0.0,4.0,4.0,6.944444444444444e-05,6.944444444444444e-05,"[[1857180.489291426, -340.5228786472149, 659.4284049558935, 1.871687708574985], [-340.52287864721524, 1826181.8393241952, -2.229485995236632, 654.3327118089722], [659.4284049558935, -2.229485995236632, 0.31676666666666653, 0.0], [1.871687708574985, 654.3327118089722, 0.0, 0.31676666666666653]]"
2026-07-10 00:08:44,59.10863412007936,20.851107238104255,124.79999999999995,parking,306.682559930116,117.45331371425242,0.0,0.0,0.0,4.0,4.0,6.944444444444444e-05,6.944444444444444e-05,"[[1857180.489291426, -340.5228786472149, 659.4284049558935, 1.871687708574985], [-340.52287864721524, 1826181.8393241952, -2.229485995236632, 654.3327118089722], [659.4284049558935, -2.229485995236632, 0.31676666666666653, 0.0], [1.871687708574985, 654.3327118089722, 0.0, 0.31676666666666653]]"
2026-07-10 00:18:44,59.10863412007936,20.851107238104255,124.79999999999995,parking,306.682559930116,117.45331371425242,0.0,0.0,0.0,4.0,4.0,6.944444444444444e-05,6.944444444444444e-05,"[[1857180.489291426, -340.5228786472149, 659.4284049558935, 1.871687708574985], [-340.52287864721524, 1826181.8393241952, -2.229485995236632, 654.3327118089722], [659.4284049558935, -2.229485995236632, 0.31676666666666653, 0.0], [1.871687708574985, 654.3327118089722, 0.0, 0.31676666666666653]]"
2026-07-10 00:28:44,59.10863412007936,20.851107238104255,124.79999999999995,parking,306.682559930116,117.45331371425242,0.0,0.0,0.0,4.0,4.0,6.944444444444444e-05,6.944444444444444e-05,"[[1857180.489291426, -340.5228786472149, 659.4284049558935, 1.871687708574985], [-340.52287864721524, 1826181.8393241952, -2.229485995236632, 654.3327118089722], [659.4284049558935, -2.229485995236632, 0.31676666666666653, 0.0], [1.871687708574985, 654.3327118089722, 0.0, 0.31676666666666653]]"
2026-07-10 00:38:44,59.10863412007936,20.851107238104255,124.79999999999995,parking,306.682559930116,117.45331371425242,0.0,0.0,0.0,4.0,4.0,6.944444444444444e-05,6.944444444444444e-05,"[[1857180.489291426, -340.5228786472149, 659.4284049558935, 1.871687708574985], [-340.52287864721524, 1826181.8393241952, -2.229485995236632, 654.3327118089722], [659.4284049558935, -2.229485995236632, 0.31676666666666653, 0.0], [1.871687708574985, 654.3327118089722, 0.0, 0.31676666666666653]]"
2026-07-10 00:48:44,59.10863412007936,20.851107238104255,124.79999999999995,parking,306.682559930116,117.45331371425242,0.0,0.0,0.0,4.0,4.0,6.944444444444444e-05,6.944444444444444e-05,"[[1857180.489291426, -340.5228786472149, 659.4284049558935, 1.871687708574985], [-340.52287864721524, 1826181.8393241952, -2.229485995236632, 654.3327118089722], [659.4284049558935, -2.229485995236632, 0.31676666666666653, 0.0], [1.871687708574985, 654.3327118089722, 0.0, 0.31676666666666653]]"
2026-07-10 00:58:44,59.10863412007936,20.851107238104255,124.79999999999995,parking,306.682559930116,117.45331371425242,0.0,0.0,0.0,4.0,4.0,6.944444444444444e-05,6.944444444444444e-05,"[[1857180.489291426, -340.5228786472149, 659.4284049558935, 1.871687708574985], [-340.52287864721524, 1826181.8393241952, -2.229485995236632, 654.3327118089722], [659.4284049558935, -2.229485995236632, 0.31676666666666653, 0.0], [1.871687708574985, 654.3327118089722, 0.0, 0.31676666666666653]]"
2026-07-10 01:08:44,59.10863412007936,20.851107238104255,124.79999999999995,parking,306.682559930116,117.45331371425242,0.0,0.0,0.0,4.0,4.0,6.944444444444444e-05,6.944444444444444e-05,"[[1857180.489291426, -340.5228786472149, 659.4284049558935, 1.871687708574985], [-340.52287864721524, 1826181.8393241952, -2.229485995236632, 654.3327118089722], [659.4284049558935, -2.229485995236632, 0.31676666666666653, 0.0], [1.871687708574985, 654.3327118089722, 0.0, 0.31676666666666653]]"
2026-07-10 01:18:44,59.10863412007936,20.851107238104255,124.79999999999995,parking,306.682559930116,117.45331371425242,0.0,0.0,0.0,4.0,4.0,6.944444444444444e-05,6.944444444444444e-05,"[[1857180.489291426, -340.5228786472149, 659.4284049558935, 1.871687708574985], [-340.52287864721524, 1826181.8393241952, -2.229485995236632, 654.3327118089722], [659.4284049558935, -2.229485995236632, 0.31676666666666653, 0.0], [1.871687708574985, 654.3327118089722, 0.0, 0.31676666666666653]]"
2026-07-10 01:28:44,59.10863412007936,20.851107238104255,124.79999999999995,parking,306.682559930116,117.45331371425242,0.0,0.0,0.0,4.0,4.0,6.944444444444444e-05,6.944444444444444e-05,"[[1857180.489291426, -340.5228786472149, 659.4284049558935, 1.871687708574985], [-340.52287864721524, 1826181.8393241952, -2.229485995236632, 654.3327118089722], [659.4284049558935, -2.229485995236632, 0.31676666666666653, 0.0], [1.871687708574985, 654.3327118089722, 0.0, 0.31676666666666653]]"
2026-07-10 01:38:44,59.10863412007936,20.851107238104255,124.79999999999995,parking,306.682559930116,117.45331371425242,0.0,0.0,0.0,4.0,4.0,6.944444444444444e-05,6.944444444444444e-05,"[[1857180.489291426, -340.5228786472149, 659.4284049558935, 1.871687708574985], [-340.52287864721524, 1826181.8393241952, -2.229485995236632, 654.3327118089722], [659.4284049558935, -2.229485995236632, 0.31676666666666653, 0.0], [1.871687708574985, 654.3327118089722, 0.0, 0.31676666666666653]]"
2026-07-10 01:48:44,59.10863412007936,20.851107238104255,124.79999999999995,parking,306.682559930116,117.45331371425242,0.0,0.0,0.0,4.0,4.0,6.944444444444444e-05,6.944444444444444e-05,"[[1857180.489291426, -340.5228786472149, 659.4284049558935, 1.871687708574985], [-340.52287864721524, 1826181.8393241952, -2.229485995236632, 654.3327118089722], [659.4284049558935, -2.229485995236632, 0.31676666666666653, 0.0], [1.871687708574985, 654.3327118089722, 0.0, 0.31676666666666653]]"
2026-07-10 01:58:44,59.10863412007936,20.851107238104255,124.79999999999995,parking,306.682559930116,117.45331371425242,0.0,0.0,0.0,4.0,4.0,6.944444444444444e-05,6.944444444444444e-05,"[[1857180.489291426, -340.5228786472149, 659.4284049558935, 1.871687708574985], [-340.52287864721524, 1826181.8393241952, -2.229485995236632, 654.3327118089722], [659.4284049558935, -2.229485995236632, 0.31676666666666653, 0.0], [1.871687708574985, 654.3327118089722, 0.0, 0.31676666666666653]]"
2026-07-10 02:08:44,59.10863412007936,20.851107238104255,124.79999999999995,parking,306.682559930116,117.45331371425242,0.0,0.0,0.0,4.0,4.0,6.944444444444444e-05,6.944444444444444e-05,"[[1857180.489291426, -340.5228786472149, 659.4284049558935, 1.871687708574985], [-340.52287864721524, 1826181.8393241952, -2.229485995236632, 654.3327118089722], [659.4284049558935, -2.229485995236632, 0.31676666666666653, 0.0], [1.871687708574985, 654.3327118089722, 0.0, 0.31676666666666653]]"
2026-07-10 02:18:44,59.10863412007936,20.851107238104255,124.79999999999995,parking,306.682559930116,117.45331371425242,0.0,0.0,0.0,4.0,4.0,6.944444444444444e-05,6.944444444444444e-05,"[[1857180.489291426, -340.5228786472149, 659.4284049558935, 1.871687708574985], [-340.52287864721524, 1826181.8393241952, -2.229485995236632, 654.3327118089722], [659.4284049558935, -2.229485995236632, 0.31676666666666653, 0.0], [1.871687708574985, 654.3327118089722, 0.0, 0.31676666666666653]]"
2026-07-10 02:28:44,59.10863412007936,20.851107238104255,124.79999999999995,parking,306.682559930116,117.45331371425242,0.0,0.0,0.0,4.0,4.0,6.944444444444444e-05,6.944444444444444e-05,"[[1857180.489291426, -340.5228786472149, 659.4284049558935, 1.871687708574985], [-340.52287864721524, 1826181.8393241952, -2.229485995236632, 654.3327118089722], [659.4284049558935, -2.229485995236632, 0.31676666666666653, 0.0], [1.871687708574985, 654.3327118089722, 0.0, 0.31676666666666653]]"
2026-07-10 02:38:44,59.10863412007936,20.851107238104255,124.79999999999995,parking,306.682559930116,117.45331371425242,0.0,0.0,0.0,4.0,4.0,6.944444444444444e-05,6.944444444444444e-05,"[[1857180.489291426, -340.5228786472149, 659.4284049558935, 1.871687708574985], [-340.52287864721524, 1826181.8393241952, -2.229485995236632, 654.3327118089722], [659.4284049558935, -2.229485995236632, 0.31676666666666653, 0.0], [1.871687708574985, 654.3327118089722, 0.0, 0.31676666666666653]]"
2026-07-10 02:48:44,59.10863412007936,20.851107238104255,124.79999999999995,parking,306.682559930116,117.45331371425242,0.0,0.0,0.0,4.0,4.0,6.944444444444444e-05,6.944444444444444e-05,"[[1857180.489291426, -340.5228786472149, 659.4284049558935, 1.871687708574985], [-340.52287864721524, 1826181.8393241952, -2.229485995236632, 654.3327118089722], [659.4284049558935, -2.229485995236632, 0.31676666666666653, 0.0], [1.871687708574985, 654.3327118089722, 0.0, 0.31676666666666653]]"
2026-07-10 02:58:44,59.10863412007936,20.851107238104255,124.79999999999995,parking,306.682559930116,117.45331371425242,0.0,0.0,0.0,4.0,4.0,6.944444444444444e-05,6.944444444444444e-05,"[[1857180.489291426, -340.5228786472149, 659.4284049558935, 1.871687708574985], [-340.52287864721524, 1826181.8393241952, -2.229485995236632, 654.3327118089722], [659.4284049558935, -2.229485995236632, 0.31676666666666653, 0.0], [1.871687708574985, 654.3327118089722, 0.0, 0.31676666666666653]]"
2026-07-10 03:08:44,59.10863412007936,20.851107238104255,124.79999999999995,parking,306.682559930116,117.45331371425242,0.0,0.0,0.0,4.0,4.0,6.944444444444444e-05,6.944444444444444e-05,"[[1857180.489291426, -340.5228786472149, 659.4284049558935, 1.871687708574985], [-340.52287864721524, 1826181.8393241952, -2.229485995236632, 654.3327118089722], [659.4284049558935, -2.229485995236632, 0.31676666666666653, 0.0], [1.871687708574985, 654.3327118089722, 0.0, 0.31676666666666653]]"
2026-07-10 03:18:44,59.10863412007936,20.851107238104255,124.79999999999995,parking,306.682559930116,117.45331371425242,0.0,0.0,0.0,4.0,4.0,6.944444444444444e-05,6.944444444444444e-05,"[[1857180.489291426, -340.5228786472149, 659.4284049558935, 1.871687708574985], [-340.52287864721524, 1826181.8393241952, -2.229485995236632, 654.3327118089722], [659.4284049558935, -2.229485995236632, 0.31676666666666653, 0.0], [1.871687708574985, 654.3327118089722, 0.0, 0.31676666666666653]]"
2026-07-10 03:28:44,59.10863412007936,20.851107238104255,124.79999999999995,parking,306.682559930116,117.45331371425242,0.0,0.0,0.0,4.0,4.0,6.944444444444444e-05,6.944444444444444e-05,"[[1857180.489291426, -340.5228786472149, 659.4284049558935, 1.871687708574985], [-340.52287864721524, 1826181.8393241952, -2.229485995236632, 654.3327118089722], [659.4284049558935, -2.229485995236632, 0.31676666666666653, 0.0], [1.871687708574985, 654.3327118089722, 0.0, 0.31676666666666653]]"
2026-07-10 03:38:44,59.10863412007936,20.851107238104255,124.79999999999995,parking,306.682559930116,117.45331371425242,0.0,0.0,0.0,4.0,4.0,6.944444444444444e-05,6.944444444444444e-05,"[[1857180.489291426, -340.5228786472149, 659.4284049558935, 1.871687708574985], [-340.52287864721524, 1826181.8393241952, -2.229485995236632, 654.3327118089722], [659.4284049558935, -2.229485995236632, 0.31676666666666653, 0.0], [1.871687708574985, 654.3327118089722, 0.0, 0.31676666666666653]]"
2026-07-10 03:48:44,59.10863412007936,20.851107238104255,124.79999999999995,parking,306.682559930116,117.45331371425242,0.0,0.0,0.0,4.0,4.0,6.944444444444444e-05,6.944444444444444e-05,"[[1857180.489291426, -340.5228786472149, 659.4284049558935, 1.871687708574985], [-340.52287864721524, 1826181.8393241952, -2.229485995236632, 654.3327118089722], [659.4284049558935, -2.229485995236632, 0.31676666666666653, 0.0], [1.871687708574985, 654.3327118089722, 0.0, 0.31676666666666653]]"
2026-07-10 03:58:44,59.10863412007936,20.851107238104255,124.79999999999995,parking,306.682559930116,117.45331371425242,0.0,0.0,0.0,4.0,4.0,6.944444444444444e-05,6.944444444444444e-05,"[[1857180.489291426, -340.5228786472149, 659.4284049558935, 1.871687708574985], [-340.52287864721524, 1826181.8393241952, -2.229485995236632, 654.3327118089722], [659.4284049558935, -2.229485995236632, 0.31676666666666653, 0.0], [1.871687708574985, 654.3327118089722, 0.0, 0.31676666666666653]]"
2026-07-10 04:08:44,59.10863412007936,20.851107238104255,124.79999999999995,parking,306.682559930116,117.45331371425242,0.0,0.0,0.0,4.0,4.0,6.944444444444444e-05,6.944444444444444e-05,"[[1857180.489291426, -340.5228786472149, 659.4284049558935, 1.871687708574985], [-340.52287864721524, 1826181.8393241952, -2.229485995236632, 654.3327118089722], [659.4284049558935, -2.229485995236632, 0.31676666666666653, 0.0], [1.871687708574985, 654.3327118089722, 0.0, 0.31676666666666653]]"
2026-07-10 04:18:44,59.10863412007936,20.851107238104255,124.79999999999995,parking,306.682559930116,117.45331371425242,0.0,0.0,0.0,4.0,4.0,6.944444444444444e-05,6.944444444444444e-05,"[[1857180.489291426, -340.5228786472149, 659.4284049558935, 1.871687708574985], [-340.52287864721524, 1826181.8393241952, -2.229485995236632, 654.3327118089722], [659.4284049558935, -2.229485995236632, 0.31676666666666653, 0.0], [1.871687708574985, 654.3327118089722, 0.0, 0.31676666666666653]]"
2026-07-10 04:28:44,59.10863412007936,20.851107238104255,124.79999999999995,parking,306.682559930116,117.45331371425242,0.0,0.0,0.0,4.0,4.0,6.944444444444444e-05,6.944444444444444e-05,"[[1857180.489291426, -340.5228786472149, 659.4284049558935, 1.871687708574985], [-340.52287864721524, 1826181.8393241952, -2.229485995236632, 654.3327118089722], [659.4284049558935, -2.229485995236632, 0.31676666666666653, 0.0], [1.871687708574985, 654.3327118089722, 0.0, 0.31676666666666653]]"
2026-07-10 04:38:44,59.10863412007936,20.851107238104255,124.79999999999995,parking,306.682559930116,117.45331371425242,0.0,0.0,0.0,4.0,4.0,6.944444444444444e-05,6.944444444444444e-05,"[[1857180.489291426, -340.5228786472149, 659.4284049558935, 1.871687708574985], [-340.52287864721524, 1826181.8393241952, -2.229485995236632, 654.3327118089722], [659.4284049558935, -2.229485995236632, 0.31676666666666653, 0.0], [1.871687708574985, 654.3327118089722, 0.0, 0.31676666666666653]]"
2026-07-10 04:48:44,59.10863412007936,20.851107238104255,124.79999999999995,parking,306.682559930116,117.45331371425242,0.0,0.0,0.0,4.0,4.0,6.944444444444444e-05,6.944444444444444e-05,"[[1857180.489291426, -340.5228786472149, 659.4284049558935, 1.871687708574985], [-340.52287864721524, 1826181.8393241952, -2.229485995236632, 654.3327118089722], [659.4284049558935, -2.229485995236632, 0.31676666666666653, 0.0], [1.871687708574985, 654.3327118089722, 0.0, 0.31676666666666653]]"
2026-07-10 04:58:44,59.10863412007936,20.851107238104255,124.79999999999995,parking,306.682559930116,117.45331371425242,0.0,0.0,0.0,4.0,4.0,6.944444444444444e-05,6.944444444444444e-05,"[[1857180.489291426, -340.5228786472149, 659.4284049558935, 1.871687708574985], [-340.52287864721524, 1826181.8393241952, -2.229485995236632, 654.3327118089722], [659.4284049558935, -2.229485995236632, 0.31676666666666653, 0.0], [1.871687708574985, 654.3327118089722, 0.0, 0.31676666666666653]]"
2026-07-10 05:08:44,59.10863412007936,20.851107238104255,124.79999999999995,parking,306.682559930116,117.45331371425242,0.0,0.0,0.0,4.0,4.0,6.944444444444444e-05,6.944444444444444e-05,"[[1857180.489291426, -340.5228786472149, 659.4284049558935, 1.871687708574985], [-340.52287864721524, 1826181.8393241952, -2.229485995236632, 654.3327118089722], [659.4284049558935, -2.229485995236632, 0.31676666666666653, 0.0], [1.871687708574985, 654.3327118089722, 0.0, 0.31676666666666653]]"
2026-07-10 05:18:44,59.10863412007936,20.851107238104255,124.79999999999995,parking,306.682559930116,117.45331371425242,0.0,0.0,0.0,4.0,4.0,6.944444444444444e-05,6.944444444444444e-05,"[[1857180.489291426, -340.5228786472149, 659.4284049558935, 1.871687708574985], [-340.52287864721524, 1826181.8393241952, -2.229485995236632, 654.3327118089722], [659.4284049558935, -2.229485995236632, 0.31676666666666653, 0.0], [1.871687708574985, 654.3327118089722, 0.0, 0.31676666666666653]]"
2026-07-10 05:28:44,59.10863412007936,20.851107238104255,124.79999999999995,parking,306.682559930116,117.45331371425242,0.0,0.0,0.0,4.0,4.0,6.944444444444444e-05,6.944444444444444e-05,"[[1857180.489291426, -340.5228786472149, 659.4284049558935, 1.871687708574985], [-340.52287864721524, 1826181.8393241952, -2.229485995236632, 654.3327118089722], [659.4284049558935, -2.229485995236632, 0.31676666666666653, 0.0], [1.871687708574985, 654.3327118089722, 0.0, 0.31676666666666653]]"
2026-07-10 05:38:44,59.10863412007936,20.851107238104255,124.79999999999995,parking,306.682559930116,117.45331371425242,0.0,0.0,0.0,4.0,4.0,6.944444444444444e-05,6.944444444444444e-05,"[[1857180.489291426, -340.5228786472149, 659.4284049558935, 1.871687708574985], [-340.52287864721524, 1826181.8393241952, -2.229485995236632, 654.3327118089722], [659.4284049558935, -2.229485995236632, 0.31676666666666653, 0.0], [1.871687708574985, 654.3327118089722, 0.0, 0.31676666666666653]]"
2026-07-10 05:48:44,59.10863412007936,20.851107238104255,124.79999999999995,parking,306.682559930116,117.45331371425242,0.0,0.0,0.0,4.0,4.0,6.944444444444444e-05,6.944444444444444e-05,"[[1857180.489291426, -340.5228786472149, 659.4284049558935, 1.871687708574985], [-340.52287864721524, 1826181.8393241952, -2.229485995236632, 654.3327118089722], [659.4284049558935, -2.229485995236632, 0.31676666666666653, 0.0], [1.871687708574985, 654.3327118089722, 0.0, 0.31676666666666653]]"
2026-07-10 05:58:44,59.10863412007936,20.851107238104255,124.79999999999995,parking,306.682559930116,117.45331371425242,0.0,0.0,0.0,4.0,4.0,6.944444444444444e-05,6.944444444444444e-05,"[[1857180.489291426, -340.5228786472149, 659.4284049558935, 1.871687708574985], [-340.52287864721524, 1826181.8393241952, -2.229485995236632, 654.3327118089722], [659.4284049558935, -2.229485995236632, 0.31676666666666653, 0.0], [1.871687708574985, 654.3327118089722, 0.0, 0.31676666666666653]]"
2026-07-10 06:08:44,59.10863412007936,20.851107238104255,124.79999999999995,parking,306.682559930116,117.45331371425242,0.0,0.0,0.0,4.0,4.0,6.944444444444444e-05,6.944444444444444e-05,"[[1857180.489291426, -340.5228786472149, 659.4284049558935, 1.871687708574985], [-340.52287864721524, 1826181.8393241952, -2.229485995236632, 654.3327118089722], [659.4284049558935, -2.229485995236632, 0.31676666666666653, 0.0], [1.871687708574985, 654.3327118089722, 0.0, 0.31676666666666653]]"
2026-07-10 06:18:44,59.10863412007936,20.851107238104255,124.79999999999995,parking,306.682559930116,117.45331371425242,0.0,0.0,0.0,4.0,4.0,6.944444444444444e-05,6.944444444444444e-05,"[[1857180.489291426, -340.5228786472149, 659.4284049558935, 1.871687708574985], [-340.52287864721524, 1826181.8393241952, -2.229485995236632, 654.3327118089722], [659.4284049558935, -2.229485995236632, 0.31676666666666653, 0.0], [1.871687708574985, 654.3327118089722, 0.0, 0.31676666666666653]]"
2026-07-10 06:28:44,59.10863412007936,20.851107238104255,124.79999999999995,parking,306.682559930116,117.45331371425242,0.0,0.0,0.0,4.0,4.0,6.944444444444444e-05,6.944444444444444e-05,"[[1857180.489291426, -340.5228786472149, 659.4284049558935, 1.871687708574985], [-340.52287864721524, 1826181.8393241952, -2.229485995236632, 654.3327118089722], [659.4284049558935, -2.229485995236632, 0.31676666666666653, 0.0], [1.871687708574985, 654.3327118089722, 0.0, 0.31676666666666653]]"
2026-07-10 06:38:44,59.10863412007936,20.851107238104255,124.79999999999995,parking,306.682559930116,117.45331371425242,0.0,0.0,0.0,4.0,4.0,6.944444444444444e-05,6.944444444444444e-05,"[[1857180.489291426, -340.5228786472149, 659.4284049558935, 1.871687708574985], [-340.52287864721524, 1826181.8393241952, -2.229485995236632, 654.3327118089722], [659.4284049558935, -2.229485995236632, 0.31676666666666653, 0.0], [1.871687708574985, 654.3327118089722, 0.0, 0.31676666666666653]]"
2026-07-10 06:48:44,59.10863412007936,20.851107238104255,124.79999999999995,parking,306.682559930116,117.45331371425242,0.0,0.0,0.0,4.0,4.0,6.944444444444444e-05,6.944444444444444e-05,"[[1857180.489291426, -340.5228786472149, 659.4284049558935, 1.871687708574985], [-340.52287864721524, 1826181.8393241952, -2.229485995236632, 654.3327118089722], [659.4284049558935, -2.229485995236632, 0.31676666666666653, 0.0], [1.871687708574985, 654.3327118089722, 0.0, 0.31676666666666653]]"
2026-07-10 06:58:44,59.10863412007936,20.851107238104255,124.79999999999995,parking,306.682559930116,117.45331371425242,0.0,0.0,0.0,4.0,4.0,6.944444444444444e-05,6.944444444444444e-05,"[[1857180.489291426, -340.5228786472149, 659.4284049558935, 1.871687708574985], [-340.52287864721524, 1826181.8393241952, -2.229485995236632, 654.3327118089722], [659.4284049558935, -2.229485995236632, 0.31676666666666653, 0.0], [1.871687708574985, 654.3327118089722, 0.0, 0.31676666666666653]]"
2026-07-10 07:08:44,59.10863412007936,20.851107238104255,124.79999999999995,parking,306.682559930116,117.45331371425242,0.0,0.0,0.0,4.0,4.0,6.944444444444444e-05,6.944444444444444e-05,"[[1857180.489291426, -340.5228786472149, 659.4284049558935, 1.871687708574985], [-340.52287864721524, 1826181.8393241952, -2.229485995236632, 654.3327118089722], [659.4284049558935, -2.229485995236632, 0.31676666666666653, 0.0], [1.871687708574985, 654.3327118089722, 0.0, 0.31676666666666653]]"
2026-07-10 07:18:44,59.10863412007936,20.851107238104255,124.79999999999995,parking,306.682559930116,117.45331371425242,0.0,0.0,0.0,4.0,4.0,6.944444444444444e-05,6.944444444444444e-05,"[[1857180.489291426, -340.5228786472149, 659.4284049558935, 1.871687708574985], [-340.52287864721524, 1826181.8393241952, -2.229485995236632, 654.3327118089722], [659.4284049558935, -2.229485995236632, 0.31676666666666653, 0.0], [1.871687708574985, 654.3327118089722, 0.0, 0.31676666666666653]]"
2026-07-10 07:28:44,59.10863412007936,20.851107238104255,124.79999999999995,parking,306.682559930116,117.45331371425242,0.0,0.0,0.0,4.0,4.0,6.944444444444444e-05,6.944444444444444e-05,"[[1857180.489291426, -340.5228786472149, 659.4284049558935, 1.871687708574985], [-340.52287864721524, 1826181.8393241952, -2.229485995236632, 654.3327118089722], [659.4284049558935, -2.229485995236632, 0.31676666666666653, 0.0], [1.871687708574985, 654.3327118089722, 0.0, 0.31676666666666653]]"
2026-07-10 07:38:44,59.10863412007936,20.851107238104255,124.79999999999995,parking,306.682559930116,117.45331371425242,0.0,0.0,0.0,4.0,4.0,6.944444444444444e-05,6.944444444444444e-05,"[[1857180.489291426, -340.5228786472149, 659.4284049558935, 1.871687708574985], [-340.52287864721524, 1826181.8393241952, -2.229485995236632, 654.3327118089722], [659.4284049558935, -2.229485995236632, 0.31676666666666653, 0.0], [1.871687708574985, 654.3327118089722, 0.0, 0.31676666666666653]]"
2026-07-10 07:48:44,59.10863412007936,20.851107238104255,124.79999999999995,parking,306.682559930116,117.45331371425242,0.0,0.0,0.0,4.0,4.0,6.944444444444444e-05,6.944444444444444e-05,"[[1857180.489291426, -340.5228786472149, 659.4284049558935, 1.871687708574985], [-340.52287864721524, 1826181.8393241952, -2.229485995236632, 654.3327118089722], [659.4284049558935, -2.229485995236632, 0.31676666666666653, 0.0], [1.871687708574985, 654.3327118089722, 0.0, 0.31676666666666653]]"
2026-07-10 07:58:44,59.10863412007936,20.851107238104255,124.79999999999995,parking,306.682559930116,117.45331371425242,0.0,0.0,0.0,4.0,4.0,6.944444444444444e-05,6.944444444444444e-05,"[[1857180.489291426, -340.5228786472149, 659.4284049558935, 1.871687708574985], [-340.52287864721524, 1826181.8393241952, -2.229485995236632, 654.3327118089722], [659.4284049558935, -2.229485995236632, 0.31676666666666653, 0.0], [1.871687708574985, 654.3327118089722, 0.0, 0.31676666666666653]]"
2026-07-10 08:08:44,59.10863412007936,20.851107238104255,124.79999999999995,parking,306.682559930116,117.45331371425242,0.0,0.0,0.0,4.0,4.0,6.944444444444444e-05,6.944444444444444e-05,"[[1857180.489291426, -340.5228786472149, 659.4284049558935, 1.871687708574985], [-340.52287864721524, 1826181.8393241952, -2.229485995236632, 654.3327118089722], [659.4284049558935, -2.229485995236632, 0.31676666666666653, 0.0], [1.871687708574985, 654.3327118089722, 0.0, 0.31676666666666653]]"
2026-07-10 08:18:44,59.10863412007936,20.851107238104255,124.79999999999995,parking,306.682559930116,117.45331371425242,0.0,0.0,0.0,4.0,4.0,6.944444444444444e-05,6.944444444444444e-05,"[[1857180.489291426, -340.5228786472149, 659.4284049558935, 1.871687708574985], [-340.52287864721524, 1826181.8393241952, -2.229485995236632, 654.3327118089722], [659.4284049558935, -2.229485995236632, 0.31676666666666653, 0.0], [1.871687708574985, 654.3327118089722, 0.0, 0.31676666666666653]]"
2026-07-10 08:28:44,59.10863412007936,20.851107238104255,124.79999999999995,parking,306.682559930116,117.45331371425242,0.0,0.0,0.0,4.0,4.0,6.944444444444444e-05,6.944444444444444e-05,"[[1857180.489291426, -340.5228786472149, 659.4284049558935, 1.871687708574985], [-340.52287864721524, 1826181.8393241952, -2.229485995236632, 654.3327118089722], [659.4284049558935, -2.229485995236632, 0.31676666666666653, 0.0], [1.871687708574985, 654.3327118089722, 0.0, 0.31676666666666653]]"
2026-07-10 08:38:44,59.10863412007936,20.851107238104255,124.79999999999995,parking,306.682559930116,117.45331371425242,0.0,0.0,0.0,4.0,4.0,6.944444444444444e-05,6.944444444444444e-05,"[[1857180.489291426, -340.5228786472149, 659.4284049558935, 1.871687708574985], [-340.52287864721524, 1826181.8393241952, -2.229485995236632, 654.3327118089722], [659.4284049558935, -2.229485995236632, 0.31676666666666653, 0.0], [1.871687708574985, 654.3327118089722, 0.0, 0.31676666666666653]]"
2026-07-10 08:48:44,59.10863412007936,20.851107238104255,124.79999999999995,parking,306.682559930116,117.45331371425242,0.0,0.0,0.0,4.0,4.0,6.944444444444444e-05,6.944444444444444e-05,"[[1857180.489291426, -340.5228786472149, 659.4284049558935, 1.871687708574985], [-340.52287864721524, 1826181.8393241952, -2.229485995236632, 654.3327118089722], [659.4284049558935, -2.229485995236632, 0.31676666666666653, 0.0], [1.871687708574985, 654.3327118089722, 0.0, 0.31676666666666653]]"
2026-07-10 08:58:44,59.10863412007936,20.851107238104255,124.79999999999995,parking,306.682559930116,117.45331371425242,0.0,0.0,0.0,4.0,4.0,6.944444444444444e-05,6.944444444444444e-05,"[[1857180.489291426, -340.5228786472149, 659.4284049558935, 1.871687708574985], [-340.52287864721524, 1826181.8393241952, -2.229485995236632, 654.3327118089722], [659.4284049558935, -2.229485995236632, 0.31676666666666653, 0.0], [1.871687708574985, 654.3327118089722, 0.0, 0.31676666666666653]]"
2026-07-10 09:08:44,59.10863412007936,20.851107238104255,124.79999999999995,parking,306.682559930116,117.45331371425242,0.0,0.0,0.0,4.0,4.0,6.944444444444444e-05,6.944444444444444e-05,"[[1857180.489291426, -340.5228786472149, 659.4284049558935, 1.871687708574985], [-340.52287864721524, 1826181.8393241952, -2.229485995236632, 654.3327118089722], [659.4284049558935, -2.229485995236632, 0.31676666666666653, 0.0], [1.871687708574985, 654.3327118089722, 0.0, 0.31676666666666653]]"
2026-07-10 09:18:44,59.10863412007936,20.851107238104255,124.79999999999995,parking,306.682559930116,117.45331371425242,0.0,0.0,0.0,4.0,4.0,6.944444444444444e-05,6.944444444444444e-05,"[[1857180.489291426, -340.5228786472149, 659.4284049558935, 1.871687708574985], [-340.52287864721524, 1826181.8393241952, -2.229485995236632, 654.3327118089722], [659.4284049558935, -2.229485995236632, 0.31676666666666653, 0.0], [1.871687708574985, 654.3327118089722, 0.0, 0.31676666666666653]]"
2026-07-10 09:28:44,59.10863412007936,20.851107238104255,124.79999999999995,parking,306.682559930116,117.45331371425242,0.0,0.0,0.0,4.0,4.0,6.944444444444444e-05,6.944444444444444e-05,"[[1857180.489291426, -340.5228786472149, 659.4284049558935, 1.871687708574985], [-340.52287864721524, 1826181.8393241952, -2.229485995236632, 654.3327118089722], [659.4284049558935, -2.229485995236632, 0.31676666666666653, 0.0], [1.871687708574985, 654.3327118089722, 0.0, 0.31676666666666653]]"
2026-07-10 09:38:44,59.10863412007936,20.851107238104255,124.79999999999995,parking,306.682559930116,117.45331371425242,0.0,0.0,0.0,4.0,4.0,6.944444444444444e-05,6.944444444444444e-05,"[[1857180.489291426, -340.5228786472149, 659.4284049558935, 1.871687708574985], [-340.52287864721524, 1826181.8393241952, -2.229485995236632, 654.3327118089722], [659.4284049558935, -2.229485995236632, 0.31676666666666653, 0.0], [1.871687708574985, 654.3327118089722, 0.0, 0.31676666666666653]]"
2026-07-10 09:48:44,59.10863412007936,20.851107238104255,124.79999999999995,parking,306.682559930116,117.45331371425242,0.0,0.0,0.0,4.0,4.0,6.944444444444444e-05,6.944444444444444e-05,"[[1857180.489291426, -340.5228786472149, 659.4284049558935, 1.871687708574985], [-340.52287864721524, 1826181.8393241952, -2.229485995236632, 654.3327118089722], [659.4284049558935, -2.229485995236632, 0.31676666666666653, 0.0], [1.871687708574985, 654.3327118089722, 0.0, 0.31676666666666653]]"
2026-07-10 09:58:44,59.10863412007936,20.851107238104255,124.79999999999995,parking,306.682559930116,117.45331371425242,0.0,0.0,0.0,4.0,4.0,6.944444444444444e-05,6.944444444444444e-05,"[[1857180.489291426, -340.5228786472149, 659.4284049558935, 1.871687708574985], [-340.52287864721524, 1826181.8393241952, -2.229485995236632, 654.3327118089722], [659.4284049558935, -2.229485995236632, 0.31676666666666653, 0.0], [1.871687708574985, 654.3327118089722, 0.0, 0.31676666666666653]]"
2026-07-10 10:08:44,59.10863412007936,20.851107238104255,124.79999999999995,parking,306.682559930116,117.45331371425242,0.0,0.0,0.0,4.0,4.0,6.944444444444444e-05,6.944444444444444e-05,"[[1857180.489291426, -340.5228786472149, 659.4284049558935, 1.871687708574985], [-340.52287864721524, 1826181.8393241952, -2.229485995236632, 654.3327118089722], [659.4284049558935, -2.229485995236632, 0.31676666666666653, 0.0], [1.871687708574985, 654.3327118089722, 0.0, 0.31676666666666653]]"
2026-07-10 10:18:44,59.10863412007936,20.851107238104255,124.79999999999995,parking,306.682559930116,117.45331371425242,0.0,0.0,0.0,4.0,4.0,6.944444444444444e-05,6.944444444444444e-05,"[[1857180.489291426, -340.5228786472149, 659.4284049558935, 1.871687708574985], [-340.52287864721524, 1826181.8393241952, -2.229485995236632, 654.3327118089722], [659.4284049558935, -2.229485995236632, 0.31676666666666653, 0.0], [1.871687708574985, 654.3327118089722, 0.0, 0.31676666666666653]]"
2026-07-10 10:28:44,59.10863412007936,20.851107238104255,124.79999999999995,parking,306.682559930116,117.45331371425242,0.0,0.0,0.0,4.0,4.0,6.944444444444444e-05,6.944444444444444e-05,"[[1857180.489291426, -340.5228786472149, 659.4284049558935, 1.871687708574985], [-340.52287864721524, 1826181.8393241952, -2.229485995236632, 654.3327118089722], [659.4284049558935, -2.229485995236632, 0.31676666666666653, 0.0], [1.871687708574985, 654.3327118089722, 0.0, 0.31676666666666653]]"
2026-07-10 10:38:44,59.10863412007936,20.851107238104255,124.79999999999995,parking,306.682559930116,117.45331371425242,0.0,0.0,0.0,4.0,4.0,6.944444444444444e-05,6.944444444444444e-05,"[[1857180.489291426, -340.5228786472149, 659.4284049558935, 1.871687708574985], [-340.52287864721524, 1826181.8393241952, -2.229485995236632, 654.3327118089722], [659.4284049558935, -2.229485995236632, 0.31676666666666653, 0.0], [1.871687708574985, 654.3327118089722, 0.0, 0.31676666666666653]]"
2026-07-10 10:48:44,59.10863412007936,20.851107238104255,124.79999999999995,parking,306.682559930116,117.45331371425242,0.0,0.0,0.0,4.0,4.0,6.944444444444444e-05,6.944444444444444e-05,"[[1857180.489291426, -340.5228786472149, 659.4284049558935, 1.871687708574985], [-340.52287864721524, 1826181.8393241952, -2.229485995236632, 654.3327118089722], [659.4284049558935, -2.229485995236632, 0.31676666666666653, 0.0], [1.871687708574985, 654.3327118089722, 0.0, 0.31676666666666653]]"
2026-07-10 10:58:44,59.10863412007936,20.851107238104255,124.79999999999995,parking,306.682559930116,117.45331371425242,0.0,0.0,0.0,4.0,4.0,6.944444444444444e-05,6.944444444444444e-05,"[[1857180.489291426, -340.5228786472149, 659.4284049558935, 1.871687708574985], [-340.52287864721524, 1826181.8393241952, -2.229485995236632, 654.3327118089722], [659.4284049558935, -2.229485995236632, 0.31676666666666653, 0.0], [1.871687708574985, 654.3327118089722, 0.0, 0.31676666666666653]]"
2026-07-10 11:08:44,59.10863412007936,20.851107238104255,124.79999999999995,parking,306.682559930116,117.45331371425242,0.0,0.0,0.0,4.0,4.0,6.944444444444444e-05,6.944444444444444e-05,"[[1857180.489291426, -340.5228786472149, 659.4284049558935, 1.871687708574985], [-340.52287864721524, 1826181.8393241952, -2.229485995236632, 654.3327118089722], [659.4284049558935, -2.229485995236632, 0.31676666666666653, 0.0], [1.871687708574985, 654.3327118089722, 0.0, 0.31676666666666653]]"
2026-07-10 11:18:44,59.10863412007936,20.851107238104255,124.79999999999995,parking,306.682559930116,117.45331371425242,0.0,0.0,0.0,4.0,4.0,6.944444444444444e-05,6.944444444444444e-05,"[[1857180.489291426, -340.5228786472149, 659.4284049558935, 1.871687708574985], [-340.52287864721524, 1826181.8393241952, -2.229485995236632, 654.3327118089722], [659.4284049558935, -2.229485995236632, 0.31676666666666653, 0.0], [1.871687708574985, 654.3327118089722, 0.0, 0.31676666666666653]]"
2026-07-10 11:28:44,59.10863412007936,20.851107238104255,124.79999999999995,parking,306.682559930116,117.45331371425242,0.0,0.0,0.0,4.0,4.0,6.944444444444444e-05,6.944444444444444e-05,"[[1857180.489291426, -340.5228786472149, 659.4284049558935, 1.871687708574985], [-340.52287864721524, 1826181.8393241952, -2.229485995236632, 654.3327118089722], [659.4284049558935, -2.229485995236632, 0.31676666666666653, 0.0], [1.871687708574985, 654.3327118089722, 0.0, 0.31676666666666653]]"
2026-07-10 11:38:44,59.10863412007936,20.851107238104255,124.79999999999995,parking,306.682559930116,117.45331371425242,0.0,0.0,0.0,4.0,4.0,6.944444444444444e-05,6.944444444444444e-05,"[[1857180.489291426, -340.5228786472149, 659.4284049558935, 1.871687708574985], [-340.52287864721524, 1826181.8393241952, -2.229485995236632, 654.3327118089722], [659.4284049558935, -2.229485995236632, 0.31676666666666653, 0.0], [1.871687708574985, 654.3327118089722, 0.0, 0.31676666666666653]]"
2026-07-10 11:48:44,59.10863412007936,20.851107238104255,124.79999999999995,parking,306.682559930116,117.45331371425242,0.0,0.0,0.0,4.0,4.0,6.944444444444444e-05,6.944444444444444e-05,"[[1857180.489291426, -340.5228786472149, 659.4284049558935, 1.871687708574985], [-340.52287864721524, 1826181.8393241952, -2.229485995236632, 654.3327118089722], [659.4284049558935, -2.229485995236632, 0.31676666666666653, 0.0], [1.871687708574985, 654.3327118089722, 0.0, 0.31676666666666653]]"
2026-07-10 11:58:44,59.10863412007936,20.851107238104255,124.79999999999995,parking,306.682559930116,117.45331371425242,0.0,0.0,0.0,4.0,4.0,6.944444444444444e-05,6.944444444444444e-05,"[[1857180.489291426, -340.5228786472149, 659.4284049558935, 1.871687708574985], [-340.52287864721524, 1826181.8393241952, -2.229485995236632, 654.3327118089722], [659.4284049558935, -2.229485995236632, 0.31676666666666653, 0.0], [1.871687708574985, 654.3327118089722, 0.0, 0.31676666666666653]]"
2026-07-10 12:08:44,59.10863412007936,20.851107238104255,124.79999999999995,parking,306.682559930116,117.45331371425242,0.0,0.0,0.0,4.0,4.0,6.944444444444444e-05,6.944444444444444e-05,"[[1857180.489291426, -340.5228786472149, 659.4284049558935, 1.871687708574985], [-340.52287864721524, 1826181.8393241952, -2.229485995236632, 654.3327118089722], [659.4284049558935, -2.229485995236632, 0.31676666666666653, 0.0], [1.871687708574985, 654.3327118089722, 0.0, 0.31676666666666653]]"
2026-07-10 12:18:44,59.10863412007936,20.851107238104255,124.79999999999995,parking,306.682559930116,117.45331371425242,0.0,0.0,0.0,4.0,4.0,6.944444444444444e-05,6.944444444444444e-05,"[[1857180.489291426, -340.5228786472149, 659.4284049558935, 1.871687708574985], [-340.52287864721524, 1826181.8393241952, -2.229485995236632, 654.3327118089722], [659.4284049558935, -2.229485995236632, 0.31676666666666653, 0.0], [1.871687708574985, 654.3327118089722, 0.0, 0.31676666666666653]]"
2026-07-10 12:28:44,59.10863412007936,20.851107238104255,124.79999999999995,parking,306.682559930116,117.45331371425242,0.0,0.0,0.0,4.0,4.0,6.944444444444444e-05,6.944444444444444e-05,"[[1857180.489291426, -340.5228786472149, 659.4284049558935, 1.871687708574985], [-340.52287864721524, 1826181.8393241952, -2.229485995236632, 654.3327118089722], [659.4284049558935, -2.229485995236632, 0.31676666666666653, 0.0], [1.871687708574985, 654.3327118089722, 0.0, 0.31676666666666653]]"
2026-07-10 12:38:44,59.10863412007936,20.851107238104255,124.79999999999995,parking,306.682559930116,117.45331371425242,0.0,0.0,0.0,4.0,4.0,6.944444444444444e-05,6.944444444444444e-05,"[[1857180.489291426, -340.5228786472149, 659.4284049558935, 1.871687708574985], [-340.52287864721524, 1826181.8393241952, -2.229485995236632, 654.3327118089722], [659.4284049558935, -2.229485995236632, 0.31676666666666653, 0.0], [1.871687708574985, 654.3327118089722, 0.0, 0.31676666666666653]]"
2026-07-10 12:48:44,59.10863412007936,20.851107238104255,124.79999999999995,parking,306.682559930116,117.45331371425242,0.0,0.0,0.0,4.0,4.0,6.944444444444444e-05,6.944444444444444e-05,"[[1857180.489291426, -340.5228786472149, 659.4284049558935, 1.871687708574985], [-340.52287864721524, 1826181.8393241952, -2.229485995236632, 654.3327118089722], [659.4284049558935, -2.229485995236632, 0.31676666666666653, 0.0], [1.871687708574985, 654.3327118089722, 0.0, 0.31676666666666653]]"
2026-07-10 12:58:44,59.10863412007936,20.851107238104255,124.79999999999995,parking,306.682559930116,117.45331371425242,0.0,0.0,0.0,4.0,4.0,6.944444444444444e-05,6.944444444444444e-05,"[[1857180.489291426, -340.5228786472149, 659.4284049558935, 1.871687708574985], [-340.52287864721524, 1826181.8393241952, -2.229485995236632, 654.3327118089722], [659.4284049558935, -2.229485995236632, 0.31676666666666653, 0.0], [1.871687708574985, 654.3327118089722, 0.0, 0.31676666666666653]]"
2026-07-10 13:08:44,59.10863412007936,20.851107238104255,124.79999999999995,parking,306.682559930116,117.45331371425242,0.0,0.0,0.0,4.0,4.0,6.944444444444444e-05,6.944444444444444e-05,"[[1857180.489291426, -340.5228786472149, 659.4284049558935, 1.871687708574985], [-340.52287864721524, 1826181.8393241952, -2.229485995236632, 654.3327118089722], [659.4284049558935, -2.229485995236632, 0.31676666666666653, 0.0], [1.871687708574985, 654.3327118089722, 0.0, 0.31676666666666653]]"
2026-07-10 13:18:44,59.10863412007936,20.851107238104255,124.79999999999995,parking,306.682559930116,117.45331371425242,0.0,0.0,0.0,4.0,4.0,6.944444444444444e-05,6.944444444444444e-05,"[[1857180.489291426, -340.5228786472149, 659.4284049558935, 1.871687708574985], [-340.52287864721524, 1826181.8393241952, -2.229485995236632, 654.3327118089722], [659.4284049558935, -2.229485995236632, 0.31676666666666653, 0.0], [1.871687708574985, 654.3327118089722, 0.0, 0.31676666666666653]]"
2026-07-10 13:28:44,59.10863412007936,20.851107238104255,124.79999999999995,parking,306.682559930116,117.45331371425242,0.0,0.0,0.0,4.0,4.0,6.944444444444444e-05,6.944444444444444e-05,"[[1857180.489291426, -340.5228786472149, 659.4284049558935, 1.871687708574985], [-340.52287864721524, 1826181.8393241952, -2.229485995236632, 654.3327118089722], [659.4284049558935, -2.229485995236632, 0.31676666666666653, 0.0], [1.871687708574985, 654.3327118089722, 0.0, 0.31676666666666653]]"
2026-07-10 13:38:44,59.10863412007936,20.851107238104255,124.79999999999995,parking,306.682559930116,117.45331371425242,0.0,0.0,0.0,4.0,4.0,6.944444444444444e-05,6.944444444444444e-05,"[[1857180.489291426, -340.5228786472149, 659.4284049558935, 1.871687708574985], [-340.52287864721524, 1826181.8393241952, -2.229485995236632, 654.3327118089722], [659.4284049558935, -2.229485995236632, 0.31676666666666653, 0.0], [1.871687708574985, 654.3327118089722, 0.0, 0.31676666666666653]]"
2026-07-10 13:48:44,59.10863412007936,20.851107238104255,124.79999999999995,parking,306.682559930116,117.45331371425242,0.0,0.0,0.0,4.0,4.0,6.944444444444444e-05,6.944444444444444e-05,"[[1857180.489291426, -340.5228786472149, 659.4284049558935, 1.871687708574985], [-340.52287864721524, 1826181.8393241952, -2.229485995236632, 654.3327118089722], [659.4284049558935, -2.229485995236632, 0.31676666666666653, 0.0], [1.871687708574985, 654.3327118089722, 0.0, 0.31676666666666653]]"
2026-07-10 13:58:44,59.10863412007936,20.851107238104255,124.79999999999995,parking,306.682559930116,117.45331371425242,0.0,0.0,0.0,4.0,4.0,6.944444444444444e-05,6.944444444444444e-05,"[[1857180.489291426, -340.5228786472149, 659.4284049558935, 1.871687708574985], [-340.52287864721524, 1826181.8393241952, -2.229485995236632, 654.3327118089722], [659.4284049558935, -2.229485995236632, 0.31676666666666653, 0.0], [1.871687708574985, 654.3327118089722, 0.0, 0.31676666666666653]]"
2026-07-10 14:08:44,59.10863412007936,20.851107238104255,124.79999999999995,parking,306.682559930116,117.45331371425242,0.0,0.0,0.0,4.0,4.0,6.944444444444444e-05,6.944444444444444e-05,"[[1857180.489291426, -340.5228786472149, 659.4284049558935, 1.871687708574985], [-340.52287864721524, 1826181.8393241952, -2.229485995236632, 654.3327118089722], [659.4284049558935, -2.229485995236632, 0.31676666666666653, 0.0], [1.871687708574985, 654.3327118089722, 0.0, 0.31676666666666653]]"
2026-07-10 14:18:44,59.10863412007936,20.851107238104255,124.79999999999995,parking,306.682559930116,117.45331371425242,0.0,0.0,0.0,4.0,4.0,6.944444444444444e-05,6.944444444444444e-05,"[[1857180.489291426, -340.5228786472149, 659.4284049558935, 1.871687708574985], [-340.52287864721524, 1826181.8393241952, -2.229485995236632, 654.3327118089722], [659.4284049558935, -2.229485995236632, 0.31676666666666653, 0.0], [1.871687708574985, 654.3327118089722, 0.0, 0.31676666666666653]]"
2026-07-10 14:28:44,59.10863412007936,20.851107238104255,124.79999999999995,parking,306.682559930116,117.45331371425242,0.0,0.0,0.0,4.0,4.0,6.944444444444444e-05,6.944444444444444e-05,"[[1857180.489291426, -340.5228786472149, 659.4284049558935, 1.871687708574985], [-340.52287864721524, 1826181.8393241952, -2.229485995236632, 654.3327118089722], [659.4284049558935, -2.229485995236632, 0.31676666666666653, 0.0], [1.871687708574985, 654.3327118089722, 0.0, 0.31676666666666653]]"
2026-07-10 14:38:44,59.10863412007936,20.851107238104255,124.79999999999995,parking,306.682559930116,117.45331371425242,0.0,0.0,0.0,4.0,4.0,6.944444444444444e-05,6.944444444444444e-05,"[[1857180.489291426, -340.5228786472149, 659.4284049558935, 1.871687708574985], [-340.52287864721524, 1826181.8393241952, -2.229485995236632, 654.3327118089722], [659.4284049558935, -2.229485995236632, 0.31676666666666653, 0.0], [1.871687708574985, 654.3327118089722, 0.0, 0.31676666666666653]]"
2026-07-10 14:48:44,59.10863412007936,20.851107238104255,124.79999999999995,parking,306.682559930116,117.45331371425242,0.0,0.0,0.0,4.0,4.0,6.944444444444444e-05,6.944444444444444e-05,"[[1857180.489291426, -340.5228786472149, 659.4284049558935, 1.871687708574985], [-340.52287864721524, 1826181.8393241952, -2.229485995236632, 654.3327118089722], [659.4284049558935, -2.229485995236632, 0.31676666666666653, 0.0], [1.871687708574985, 654.3327118089722, 0.0, 0.31676666666666653]]"
2026-07-10 14:58:44,59.10863412007936,20.851107238104255,124.79999999999995,parking,306.682559930116,117.45331371425242,0.0,0.0,0.0,4.0,4.0,6.944444444444444e-05,6.944444444444444e-05,"[[1857180.489291426, -340.5228786472149, 659.4284049558935, 1.871687708574985], [-340.52287864721524, 1826181.8393241952, -2.229485995236632, 654.3327118089722], [659.4284049558935, -2.229485995236632, 0.31676666666666653, 0.0], [1.871687708574985, 654.3327118089722, 0.0, 0.31676666666666653]]"
2026-07-10 15:08:44,59.10863412007936,20.851107238104255,124.79999999999995,parking,306.682559930116,117.45331371425242,0.0,0.0,0.0,4.0,4.0,6.944444444444444e-05,6.944444444444444e-05,"[[1857180.489291426, -340.5228786472149, 659.4284049558935, 1.871687708574985], [-340.52287864721524, 1826181.8393241952, -2.229485995236632, 654.3327118089722], [659.4284049558935, -2.229485995236632, 0.31676666666666653, 0.0], [1.871687708574985, 654.3327118089722, 0.0, 0.31676666666666653]]"
2026-07-10 15:18:44,59.10863412007936,20.851107238104255,124.79999999999995,parking,306.682559930116,117.45331371425242,0.0,0.0,0.0,4.0,4.0,6.944444444444444e-05,6.944444444444444e-05,"[[1857180.489291426, -340.5228786472149, 659.4284049558935, 1.871687708574985], [-340.52287864721524, 1826181.8393241952, -2.229485995236632, 654.3327118089722], [659.4284049558935, -2.229485995236632, 0.31676666666666653, 0.0], [1.871687708574985, 654.3327118089722, 0.0, 0.31676666666666653]]"
2026-07-10 15:28:44,59.10863412007936,20.851107238104255,124.79999999999995,parking,306.682559930116,117.45331371425242,0.0,0.0,0.0,4.0,4.0,6.944444444444444e-05,6.944444444444444e-05,"[[1857180.489291426, -340.5228786472149, 659.4284049558935, 1.871687708574985], [-340.52287864721524, 1826181.8393241952, -2.229485995236632, 654.3327118089722], [659.4284049558935, -2.229485995236632, 0.31676666666666653, 0.0], [1.871687708574985, 654.3327118089722, 0.0, 0.31676666666666653]]"
2026-07-10 15:38:44,59.10863412007936,20.851107238104255,124.79999999999995,parking,306.682559930116,117.45331371425242,0.0,0.0,0.0,4.0,4.0,6.944444444444444e-05,6.944444444444444e-05,"[[1857180.489291426, -340.5228786472149, 659.4284049558935, 1.871687708574985], [-340.52287864721524, 1826181.8393241952, -2.229485995236632, 654.3327118089722], [659.4284049558935, -2.229485995236632, 0.31676666666666653, 0.0], [1.871687708574985, 654.3327118089722, 0.0, 0.31676666666666653]]"
2026-07-10 15:48:44,59.10863412007936,20.851107238104255,124.79999999999995,parking,306.682559930116,117.45331371425242,0.0,0.0,0.0,4.0,4.0,6.944444444444444e-05,6.944444444444444e-05,"[[1857180.489291426, -340.5228786472149, 659.4284049558935, 1.871687708574985], [-340.52287864721524, 1826181.8393241952, -2.229485995236632, 654.3327118089722], [659.4284049558935, -2.229485995236632, 0.31676666666666653, 0.0], [1.871687708574985, 654.3327118089722, 0.0, 0.31676666666666653]]"
2026-07-10 15:58:44,59.10863412007936,20.851107238104255,124.79999999999995,parking,306.682559930116,117.45331371425242,0.0,0.0,0.0,4.0,4.0,6.944444444444444e-05,6.944444444444444e-05,"[[1857180.489291426, -340.5228786472149, 659.4284049558935, 1.871687708574985], [-340.52287864721524, 1826181.8393241952, -2.229485995236632, 654.3327118089722], [659.4284049558935, -2.229485995236632, 0.31676666666666653, 0.0], [1.871687708574985, 654.3327118089722, 0.0, 0.31676666666666653]]"
2026-07-10 16:08:44,59.10863412007936,20.851107238104255,124.79999999999995,parking,306.682559930116,117.45331371425242,0.0,0.0,0.0,4.0,4.0,6.944444444444444e-05,6.944444444444444e-05,"[[1857180.489291426, -340.5228786472149, 659.4284049558935, 1.871687708574985], [-340.52287864721524, 1826181.8393241952, -2.229485995236632, 654.3327118089722], [659.4284049558935, -2.229485995236632, 0.31676666666666653, 0.0], [1.871687708574985, 654.3327118089722, 0.0, 0.31676666666666653]]"
2026-07-10 16:18:44,59.10863412007936,20.851107238104255,124.79999999999995,parking,306.682559930116,117.45331371425242,0.0,0.0,0.0,4.0,4.0,6.944444444444444e-05,6.944444444444444e-05,"[[1857180.489291426, -340.5228786472149, 659.4284049558935, 1.871687708574985], [-340.52287864721524, 1826181.8393241952, -2.229485995236632, 654.3327118089722], [659.4284049558935, -2.229485995236632, 0.31676666666666653, 0.0], [1.871687708574985, 654.3327118089722, 0.0, 0.31676666666666653]]"
2026-07-10 16:28:44,59.10863412007936,20.851107238104255,124.79999999999995,parking,306.682559930116,117.45331371425242,0.0,0.0,0.0,4.0,4.0,6.944444444444444e-05,6.944444444444444e-05,"[[1857180.489291426, -340.5228786472149, 659.4284049558935, 1.871687708574985], [-340.52287864721524, 1826181.8393241952, -2.229485995236632, 654.3327118089722], [659.4284049558935, -2.229485995236632, 0.31676666666666653, 0.0], [1.871687708574985, 654.3327118089722, 0.0, 0.31676666666666653]]"
2026-07-10 16:38:44,59.10863412007936,20.851107238104255,124.79999999999995,parking,306.682559930116,117.45331371425242,0.0,0.0,0.0,4.0,4.0,6.944444444444444e-05,6.944444444444444e-05,"[[1857180.489291426, -340.5228786472149, 659.4284049558935, 1.871687708574985], [-340.52287864721524, 1826181.8393241952, -2.229485995236632, 654.3327118089722], [659.4284049558935, -2.229485995236632, 0.31676666666666653, 0.0], [1.871687708574985, 654.3327118089722, 0.0, 0.31676666666666653]]"
2026-07-10 16:48:44,59.10863412007936,20.851107238104255,124.79999999999995,parking,306.682559930116,117.45331371425242,0.0,0.0,0.0,4.0,4.0,6.944444444444444e-05,6.944444444444444e-05,"[[1857180.489291426, -340.5228786472149, 659.4284049558935, 1.871687708574985], [-340.52287864721524, 1826181.8393241952, -2.229485995236632, 654.3327118089722], [659.4284049558935, -2.229485995236632, 0.31676666666666653, 0.0], [1.871687708574985, 654.3327118089722, 0.0, 0.31676666666666653]]"
2026-07-10 16:58:44,59.10863412007936,20.851107238104255,124.79999999999995,parking,306.682559930116,117.45331371425242,0.0,0.0,0.0,4.0,4.0,6.944444444444444e-05,6.944444444444444e-05,"[[1857180.489291426, -340.5228786472149, 659.4284049558935, 1.871687708574985], [-340.52287864721524, 1826181.8393241952, -2.229485995236632, 654.3327118089722], [659.4284049558935, -2.229485995236632, 0.31676666666666653, 0.0], [1.871687708574985, 654.3327118089722, 0.0, 0.31676666666666653]]"
2026-07-10 17:08:44,59.10863412007936,20.851107238104255,124.79999999999995,parking,306.682559930116,117.45331371425242,0.0,0.0,0.0,4.0,4.0,6.944444444444444e-05,6.944444444444444e-05,"[[1857180.489291426, -340.5228786472149, 659.4284049558935, 1.871687708574985], [-340.52287864721524, 1826181.8393241952, -2.229485995236632, 654.3327118089722], [659.4284049558935, -2.229485995236632, 0.31676666666666653, 0.0], [1.871687708574985, 654.3327118089722, 0.0, 0.31676666666666653]]"
2026-07-10 17:18:44,59.10863412007936,20.851107238104255,124.79999999999995,parking,306.682559930116,117.45331371425242,0.0,0.0,0.0,4.0,4.0,6.944444444444444e-05,6.944444444444444e-05,"[[1857180.489291426, -340.5228786472149, 659.4284049558935, 1.871687708574985], [-340.52287864721524, 1826181.8393241952, -2.229485995236632, 654.3327118089722], [659.4284049558935, -2.229485995236632, 0.31676666666666653, 0.0], [1.871687708574985, 654.3327118089722, 0.0, 0.31676666666666653]]"
2026-07-10 17:28:44,59.10863412007936,20.851107238104255,124.79999999999995,parking,306.682559930116,117.45331371425242,0.0,0.0,0.0,4.0,4.0,6.944444444444444e-05,6.944444444444444e-05,"[[1857180.489291426, -340.5228786472149, 659.4284049558935, 1.871687708574985], [-340.52287864721524, 1826181.8393241952, -2.229485995236632, 654.3327118089722], [659.4284049558935, -2.229485995236632, 0.31676666666666653, 0.0], [1.871687708574985, 654.3327118089722, 0.0, 0.31676666666666653]]"
2026-07-10 17:38:44,59.10863412007936,20.851107238104255,124.79999999999995,parking,306.682559930116,117.45331371425242,0.0,0.0,0.0,4.0,4.0,6.944444444444444e-05,6.944444444444444e-05,"[[1857180.489291426, -340.5228786472149, 659.4284049558935, 1.871687708574985], [-340.52287864721524, 1826181.8393241952, -2.229485995236632, 654.3327118089722], [659.4284049558935, -2.229485995236632, 0.31676666666666653, 0.0], [1.871687708574985, 654.3327118089722, 0.0, 0.31676666666666653]]"
2026-07-10 17:48:44,59.10863412007936,20.851107238104255,124.79999999999995,parking,306.682559930116,117.45331371425242,0.0,0.0,0.0,4.0,4.0,6.944444444444444e-05,6.944444444444444e-05,"[[1857180.489291426, -340.5228786472149, 659.4284049558935, 1.871687708574985], [-340.52287864721524, 1826181.8393241952, -2.229485995236632, 654.3327118089722], [659.4284049558935, -2.229485995236632, 0.31676666666666653, 0.0], [1.871687708574985, 654.3327118089722, 0.0, 0.31676666666666653]]"
2026-07-10 17:58:44,59.10863412007936,20.851107238104255,124.79999999999995,parking,306.682559930116,117.45331371425242,0.0,0.0,0.0,4.0,4.0,6.944444444444444e-05,6.944444444444444e-05,"[[1857180.489291426, -340.5228786472149, 659.4284049558935, 1.871687708574985], [-340.52287864721524, 1826181.8393241952, -2.229485995236632, 654.3327118089722], [659.4284049558935, -2.229485995236632, 0.31676666666666653, 0.0], [1.871687708574985, 654.3327118089722, 0.0, 0.31676666666666653]]"
2026-07-10 18:08:44,59.10863412007936,20.851107238104255,124.79999999999995,parking,306.682559930116,117.45331371425242,0.0,0.0,0.0,4.0,4.0,6.944444444444444e-05,6.944444444444444e-05,"[[1857180.489291426, -340.5228786472149, 659.4284049558935, 1.871687708574985], [-340.52287864721524, 1826181.8393241952, -2.229485995236632, 654.3327118089722], [659.4284049558935, -2.229485995236632, 0.31676666666666653, 0.0], [1.871687708574985, 654.3327118089722, 0.0, 0.31676666666666653]]"
2026-07-10 18:18:44,59.10863412007936,20.851107238104255,124.79999999999995,parking,306.682559930116,117.45331371425242,0.0,0.0,0.0,4.0,4.0,6.944444444444444e-05,6.944444444444444e-05,"[[1857180.489291426, -340.5228786472149, 659.4284049558935, 1.871687708574985], [-340.52287864721524, 1826181.8393241952, -2.229485995236632, 654.3327118089722], [659.4284049558935, -2.229485995236632, 0.31676666666666653, 0.0], [1.871687708574985, 654.3327118089722, 0.0, 0.31676666666666653]]"
2026-07-10 18:28:44,59.10863412007936,20.851107238104255,124.79999999999995,parking,306.682559930116,117.45331371425242,0.0,0.0,0.0,4.0,4.0,6.944444444444444e-05,6.944444444444444e-05,"[[1857180.489291426, -340.5228786472149, 659.4284049558935, 1.871687708574985], [-340.52287864721524, 1826181.8393241952, -2.229485995236632, 654.3327118089722], [659.4284049558935, -2.229485995236632, 0.31676666666666653, 0.0], [1.871687708574985, 654.3327118089722, 0.0, 0.31676666666666653]]"
2026-07-10 18:38:44,59.10863412007936,20.851107238104255,124.79999999999995,parking,306.682559930116,117.45331371425242,0.0,0.0,0.0,4.0,4.0,6.944444444444444e-05,6.944444444444444e-05,"[[1857180.489291426, -340.5228786472149, 659.4284049558935, 1.871687708574985], [-340.52287864721524, 1826181.8393241952, -2.229485995236632, 654.3327118089722], [659.4284049558935, -2.229485995236632, 0.31676666666666653, 0.0], [1.871687708574985, 654.3327118089722, 0.0, 0.31676666666666653]]"
2026-07-10 18:48:44,59.10863412007936,20.851107238104255,124.79999999999995,parking,306.682559930116,117.45331371425242,0.0,0.0,0.0,4.0,4.0,6.944444444444444e-05,6.944444444444444e-05,"[[1857180.489291426, -340.5228786472149, 659.4284049558935, 1.871687708574985], [-340.52287864721524, 1826181.8393241952, -2.229485995236632, 654.3327118089722], [659.4284049558935, -2.229485995236632, 0.31676666666666653, 0.0], [1.871687708574985, 654.3327118089722, 0.0, 0.31676666666666653]]"
2026-07-10 18:58:44,59.10863412007936,20.851107238104255,124.79999999999995,parking,306.682559930116,117.45331371425242,0.0,0.0,0.0,4.0,4.0,6.944444444444444e-05,6.944444444444444e-05,"[[1857180.489291426, -340.5228786472149, 659.4284049558935, 1.871687708574985], [-340.52287864721524, 1826181.8393241952, -2.229485995236632, 654.3327118089722], [659.4284049558935, -2.229485995236632, 0.31676666666666653, 0.0], [1.871687708574985, 654.3327118089722, 0.0, 0.31676666666666653]]"
2026-07-10 19:08:44,59.10863412007936,20.851107238104255,124.79999999999995,parking,306.682559930116,117.45331371425242,0.0,0.0,0.0,4.0,4.0,6.944444444444444e-05,6.944444444444444e-05,"[[1857180.489291426, -340.5228786472149, 659.4284049558935, 1.871687708574985], [-340.52287864721524, 1826181.8393241952, -2.229485995236632, 654.3327118089722], [659.4284049558935, -2.229485995236632, 0.31676666666666653, 0.0], [1.871687708574985, 654.3327118089722, 0.0, 0.31676666666666653]]"
2026-07-10 19:18:44,59.10863412007936,20.851107238104255,124.79999999999995,parking,306.682559930116,117.45331371425242,0.0,0.0,0.0,4.0,4.0,6.944444444444444e-05,6.944444444444444e-05,"[[1857180.489291426, -340.5228786472149, 659.4284049558935, 1.871687708574985], [-340.52287864721524, 1826181.8393241952, -2.229485995236632, 654.3327118089722], [659.4284049558935, -2.229485995236632, 0.31676666666666653, 0.0], [1.871687708574985, 654.3327118089722, 0.0, 0.31676666666666653]]"
2026-07-10 19:28:44,59.10863412007936,20.851107238104255,124.79999999999995,parking,306.682559930116,117.45331371425242,0.0,0.0,0.0,4.0,4.0,6.944444444444444e-05,6.944444444444444e-05,"[[1857180.489291426, -340.5228786472149, 659.4284049558935, 1.871687708574985], [-340.52287864721524, 1826181.8393241952, -2.229485995236632, 654.3327118089722], [659.4284049558935, -2.229485995236632, 0.31676666666666653, 0.0], [1.871687708574985, 654.3327118089722, 0.0, 0.31676666666666653]]"
2026-07-10 19:38:44,59.10863412007936,20.851107238104255,124.79999999999995,parking,306.682559930116,117.45331371425242,0.0,0.0,0.0,4.0,4.0,6.944444444444444e-05,6.944444444444444e-05,"[[1857180.489291426, -340.5228786472149, 659.4284049558935, 1.871687708574985], [-340.52287864721524, 1826181.8393241952, -2.229485995236632, 654.3327118089722], [659.4284049558935, -2.229485995236632, 0.31676666666666653, 0.0], [1.871687708574985, 654.3327118089722, 0.0, 0.31676666666666653]]"
2026-07-10 19:48:44,59.10863412007936,20.851107238104255,124.79999999999995,parking,306.682559930116,117.45331371425242,0.0,0.0,0.0,4.0,4.0,6.944444444444444e-05,6.944444444444444e-05,"[[1857180.489291426, -340.5228786472149, 659.4284049558935, 1.871687708574985], [-340.52287864721524, 1826181.8393241952, -2.229485995236632, 654.3327118089722], [659.4284049558935, -2.229485995236632, 0.31676666666666653, 0.0], [1.871687708574985, 654.3327118089722, 0.0, 0.31676666666666653]]"
2026-07-10 19:58:44,59.10863412007936,20.851107238104255,124.79999999999995,parking,306.682559930116,117.45331371425242,0.0,0.0,0.0,4.0,4.0,6.944444444444444e-05,6.944444444444444e-05,"[[1857180.489291426, -340.5228786472149, 659.4284049558935, 1.871687708574985], [-340.52287864721524, 1826181.8393241952, -2.229485995236632, 654.3327118089722], [659.4284049558935, -2.229485995236632, 0.31676666666666653, 0.0], [1.871687708574985, 654.3327118089722, 0.0, 0.31676666666666653]]"
2026-07-10 20:08:44,59.10863412007936,20.851107238104255,124.79999999999995,parking,306.682559930116,117.45331371425242,0.0,0.0,0.0,4.0,4.0,6.944444444444444e-05,6.944444444444444e-05,"[[1857180.489291426, -340.5228786472149, 659.4284049558935, 1.871687708574985], [-340.52287864721524, 1826181.8393241952, -2.229485995236632, 654.3327118089722], [659.4284049558935, -2.229485995236632, 0.31676666666666653, 0.0], [1.871687708574985, 654.3327118089722, 0.0, 0.31676666666666653]]"
2026-07-10 20:18:44,59.10863412007936,20.851107238104255,124.79999999999995,parking,306.682559930116,117.45331371425242,0.0,0.0,0.0,4.0,4.0,6.944444444444444e-05,6.944444444444444e-05,"[[1857180.489291426, -340.5228786472149, 659.4284049558935, 1.871687708574985], [-340.52287864721524, 1826181.8393241952, -2.229485995236632, 654.3327118089722], [659.4284049558935, -2.229485995236632, 0.31676666666666653, 0.0], [1.871687708574985, 654.3327118089722, 0.0, 0.31676666666666653]]"
2026-07-10 20:28:44,59.10863412007936,20.851107238104255,124.79999999999995,parking,306.682559930116,117.45331371425242,0.0,0.0,0.0,4.0,4.0,6.944444444444444e-05,6.944444444444444e-05,"[[1857180.489291426, -340.5228786472149, 659.4284049558935, 1.871687708574985], [-340.52287864721524, 1826181.8393241952, -2.229485995236632, 654.3327118089722], [659.4284049558935, -2.229485995236632, 0.31676666666666653, 0.0], [1.871687708574985, 654.3327118089722, 0.0, 0.31676666666666653]]"
2026-07-10 20:38:44,59.10863412007936,20.851107238104255,124.79999999999995,parking,306.682559930116,117.45331371425242,0.0,0.0,0.0,4.0,4.0,6.944444444444444e-05,6.944444444444444e-05,"[[1857180.489291426, -340.5228786472149, 659.4284049558935, 1.871687708574985], [-340.52287864721524, 1826181.8393241952, -2.229485995236632, 654.3327118089722], [659.4284049558935, -2.229485995236632, 0.31676666666666653, 0.0], [1.871687708574985, 654.3327118089722, 0.0, 0.31676666666666653]]"
2026-07-10 20:48:44,59.10863412007936,20.851107238104255,124.79999999999995,parking,306.682559930116,117.45331371425242,0.0,0.0,0.0,4.0,4.0,6.944444444444444e-05,6.944444444444444e-05,"[[1857180.489291426, -340.5228786472149, 659.4284049558935, 1.871687708574985], [-340.52287864721524, 1826181.8393241952, -2.229485995236632, 654.3327118089722], [659.4284049558935, -2.229485995236632, 0.31676666666666653, 0.0], [1.871687708574985, 654.3327118089722, 0.0, 0.31676666666666653]]"
2026-07-10 20:58:44,59.10863412007936,20.851107238104255,124.79999999999995,parking,306.682559930116,117.45331371425242,0.0,0.0,0.0,4.0,4.0,6.944444444444444e-05,6.944444444444444e-05,"[[1857180.489291426, -340.5228786472149, 659.4284049558935, 1.871687708574985], [-340.52287864721524, 1826181.8393241952, -2.229485995236632, 654.3327118089722], [659.4284049558935, -2.229485995236632, 0.31676666666666653, 0.0], [1.871687708574985, 654.3327118089722, 0.0, 0.31676666666666653]]"
2026-07-10 21:08:44,59.10863412007936,20.851107238104255,124.79999999999995,parking,306.682559930116,117.45331371425242,0.0,0.0,0.0,4.0,4.0,6.944444444444444e-05,6.944444444444444e-05,"[[1857180.489291426, -340.5228786472149, 659.4284049558935, 1.871687708574985], [-340.52287864721524, 1826181.8393241952, -2.229485995236632, 654.3327118089722], [659.4284049558935, -2.229485995236632, 0.31676666666666653, 0.0], [1.871687708574985, 654.3327118089722, 0.0, 0.31676666666666653]]"
2026-07-10 21:18:44,59.10863412007936,20.851107238104255,124.79999999999995,parking,306.682559930116,117.45331371425242,0.0,0.0,0.0,4.0,4.0,6.944444444444444e-05,6.944444444444444e-05,"[[1857180.489291426, -340.5228786472149, 659.4284049558935, 1.871687708574985], [-340.52287864721524, 1826181.8393241952, -2.229485995236632, 654.3327118089722], [659.4284049558935, -2.229485995236632, 0.31676666666666653, 0.0], [1.871687708574985, 654.3327118089722, 0.0, 0.31676666666666653]]"
2026-07-10 21:28:44,59.10863412007936,20.851107238104255,124.79999999999995,parking,306.682559930116,117.45331371425242,0.0,0.0,0.0,4.0,4.0,6.944444444444444e-05,6.944444444444444e-05,"[[1857180.489291426, -340.5228786472149, 659.4284049558935, 1.871687708574985], [-340.52287864721524, 1826181.8393241952, -2.229485995236632, 654.3327118089722], [659.4284049558935, -2.229485995236632, 0.31676666666666653, 0.0], [1.871687708574985, 654.3327118089722, 0.0, 0.31676666666666653]]"
2026-07-10 21:38:44,59.10863412007936,20.851107238104255,124.79999999999995,parking,306.682559930116,117.45331371425242,0.0,0.0,0.0,4.0,4.0,6.944444444444444e-05,6.944444444444444e-05,"[[1857180.489291426, -340.5228786472149, 659.4284049558935, 1.871687708574985], [-340.52287864721524, 1826181.8393241952, -2.229485995236632, 654.3327118089722], [659.4284049558935, -2.229485995236632, 0.31676666666666653, 0.0], [1.871687708574985, 654.3327118089722, 0.0, 0.31676666666666653]]"
2026-07-10 21:48:44,59.10863412007936,20.851107238104255,124.79999999999995,parking,306.682559930116,117.45331371425242,0.0,0.0,0.0,4.0,4.0,6.944444444444444e-05,6.944444444444444e-05,"[[1857180.489291426, -340.5228786472149, 659.4284049558935, 1.871687708574985], [-340.52287864721524, 1826181.8393241952, -2.229485995236632, 654.3327118089722], [659.4284049558935, -2.229485995236632, 0.31676666666666653, 0.0], [1.871687708574985, 654.3327118089722, 0.0, 0.31676666666666653]]"
2026-07-10 21:58:44,59.10863412007936,20.851107238104255,124.79999999999995,parking,306.682559930116,117.45331371425242,0.0,0.0,0.0,4.0,4.0,6.944444444444444e-05,6.944444444444444e-05,"[[1857180.489291426, -340.5228786472149, 659.4284049558935, 1.871687708574985], [-340.52287864721524, 1826181.8393241952, -2.229485995236632, 654.3327118089722], [659.4284049558935, -2.229485995236632, 0.31676666666666653, 0.0], [1.871687708574985, 654.3327118089722, 0.0, 0.31676666666666653]]"
2026-07-10 22:08:44,59.10863412007936,20.851107238104255,124.79999999999995,parking,306.682559930116,117.45331371425242,0.0,0.0,0.0,4.0,4.0,6.944444444444444e-05,6.944444444444444e-05,"[[1857180.489291426, -340.5228786472149, 659.4284049558935, 1.871687708574985], [-340.52287864721524, 1826181.8393241952, -2.229485995236632, 654.3327118089722], [659.4284049558935, -2.229485995236632, 0.31676666666666653, 0.0], [1.871687708574985, 654.3327118089722, 0.0, 0.31676666666666653]]"
2026-07-10 22:18:44,59.10863412007936,20.851107238104255,124.79999999999995,parking,306.682559930116,117.45331371425242,0.0,0.0,0.0,4.0,4.0,6.944444444444444e-05,6.944444444444444e-05,"[[1857180.489291426, -340.5228786472149, 659.4284049558935, 1.871687708574985], [-340.52287864721524, 1826181.8393241952, -2.229485995236632, 654.3327118089722], [659.4284049558935, -2.229485995236632, 0.31676666666666653, 0.0], [1.871687708574985, 654.3327118089722, 0.0, 0.31676666666666653]]"
2026-07-10 22:28:44,59.10863412007936,20.851107238104255,124.79999999999995,parking,306.682559930116,117.45331371425242,0.0,0.0,0.0,4.0,4.0,6.944444444444444e-05,6.944444444444444e-05,"[[1857180.489291426, -340.5228786472149, 659.4284049558935, 1.871687708574985], [-340.52287864721524, 1826181.8393241952, -2.229485995236632, 654.3327118089722], [659.4284049558935, -2.229485995236632, 0.31676666666666653, 0.0], [1.871687708574985, 654.3327118089722, 0.0, 0.31676666666666653]]"
2026-07-10 22:38:44,59.10863412007936,20.851107238104255,124.79999999999995,parking,306.682559930116,117.45331371425242,0.0,0.0,0.0,4.0,4.0,6.944444444444444e-05,6.944444444444444e-05,"[[1857180.489291426, -340.5228786472149, 659.4284049558935, 1.871687708574985], [-340.52287864721524, 1826181.8393241952, -2.229485995236632, 654.3327118089722], [659.4284049558935, -2.229485995236632, 0.31676666666666653, 0.0], [1.871687708574985, 654.3327118089722, 0.0, 0.31676666666666653]]"
2026-07-10 22:48:44,59.10863412007936,20.851107238104255,124.79999999999995,parking,306.682559930116,117.45331371425242,0.0,0.0,0.0,4.0,4.0,6.944444444444444e-05,6.944444444444444e-05,"[[1857180.489291426, -340.5228786472149, 659.4284049558935, 1.871687708574985], [-340.52287864721524, 1826181.8393241952, -2.229485995236632, 654.3327118089722], [659.4284049558935, -2.229485995236632, 0.31676666666666653, 0.0], [1.871687708574985, 654.3327118089722, 0.0, 0.31676666666666653]]"
2026-07-10 22:58:44,59.10863412007936,20.851107238104255,124.79999999999995,parking,306.682559930116,117.45331371425242,0.0,0.0,0.0,4.0,4.0,6.944444444444444e-05,6.944444444444444e-05,"[[1857180.489291426, -340.5228786472149, 659.4284049558935, 1.871687708574985], [-340.52287864721524, 1826181.8393241952, -2.229485995236632, 654.3327118089722], [659.4284049558935, -2.229485995236632, 0.31676666666666653, 0.0], [1.871687708574985, 654.3327118089722, 0.0, 0.31676666666666653]]"
2026-07-10 23:08:44,59.10863412007936,20.851107238104255,124.79999999999995,parking,306.682559930116,117.45331371425242,0.0,0.0,0.0,4.0,4.0,6.944444444444444e-05,6.944444444444444e-05,"[[1857180.489291426, -340.5228786472149, 659.4284049558935, 1.871687708574985], [-340.52287864721524, 1826181.8393241952, -2.229485995236632, 654.3327118089722], [659.4284049558935, -2.229485995236632, 0.31676666666666653, 0.0], [1.871687708574985, 654.3327118089722, 0.0, 0.31676666666666653]]"
2026-07-10 23:18:44,59.10863412007936,20.851107238104255,124.79999999999995,parking,306.682559930116,117.45331371425242,0.0,0.0,0.0,4.0,4.0,6.944444444444444e-05,6.944444444444444e-05,"[[1857180.489291426, -340.5228786472149, 659.4284049558935, 1.871687708574985], [-340.52287864721524, 1826181.8393241952, -2.229485995236632, 654.3327118089722], [659.4284049558935, -2.229485995236632, 0.31676666666666653, 0.0], [1.871687708574985, 654.3327118089722, 0.0, 0.31676666666666653]]"
2026-07-10 23:28:44,59.10863412007936,20.851107238104255,124.79999999999995,parking,306.682559930116,117.45331371425242,0.0,0.0,0.0,4.0,4.0,6.944444444444444e-05,6.944444444444444e-05,"[[1857180.489291426, -340.5228786472149, 659.4284049558935, 1.871687708574985], [-340.52287864721524, 1826181.8393241952, -2.229485995236632, 654.3327118089722], [659.4284049558935, -2.229485995236632, 0.31676666666666653, 0.0], [1.871687708574985, 654.3327118089722, 0.0, 0.31676666666666653]]"
2026-07-10 23:38:44,59.10863412007936,20.851107238104255,124.79999999999995,parking,306.682559930116,117.45331371425242,0.0,0.0,0.0,4.0,4.0,6.944444444444444e-05,6.944444444444444e-05,"[[1857180.489291426, -340.5228786472149, 659.4284049558935, 1.871687708574985], [-340.52287864721524, 1826181.8393241952, -2.229485995236632, 654.3327118089722], [659.4284049558935, -2.229485995236632, 0.31676666666666653, 0.0], [1.871687708574985, 654.3327118089722, 0.0, 0.31676666666666653]]"
2026-07-10 23:48:44,59.10863412007936,20.851107238104255,124.79999999999995,parking,306.682559930116,117.45331371425242,0.0,0.0,0.0,4.0,4.0,6.944444444444444e-05,6.944444444444444e-05,"[[1857180.489291426, -340.5228786472149, 659.4284049558935, 1.871687708574985], [-340.52287864721524, 1826181.8393241952, -2.229485995236632, 654.3327118089722], [659.4284049558935, -2.229485995236632, 0.31676666666666653, 0.0], [1.871687708574985, 654.3327118089722, 0.0, 0.31676666666666653]]"
2026-07-10 23:58:44,59.10863412007936,20.851107238104255,124.79999999999995,parking,306.682559930116,117.45331371425242,0.0,0.0,0.0,4.0,4.0,6.944444444444444e-05,6.944444444444444e-05,"[[1857180.489291426, -340.5228786472149, 659.4284049558935, 1.871687708574985], [-340.52287864721524, 1826181.8393241952, -2.229485995236632, 654.3327118089722], [659.4284049558935, -2.229485995236632, 0.31676666666666653, 0.0], [1.871687708574985, 654.3327118089722, 0.0, 0.31676666666666653]]"
2026-07-11 00:08:44,59.10863412007936,20.851107238104255,124.79999999999995,parking,306.682559930116,117.45331371425242,0.0,0.0,0.0,4.0,4.0,6.944444444444444e-05,6.944444444444444e-05,"[[1857180.489291426, -340.5228786472149, 659.4284049558935, 1.871687708574985], [-340.52287864721524, 1826181.8393241952, -2.229485995236632, 654.3327118089722], [659.4284049558935, -2.229485995236632, 0.31676666666666653, 0.0], [1.871687708574985, 654.3327118089722, 0.0, 0.31676666666666653]]"
2026-07-11 00:18:44,59.10863412007936,20.851107238104255,124.79999999999995,parking,306.682559930116,117.45331371425242,0.0,0.0,0.0,4.0,4.0,6.944444444444444e-05,6.944444444444444e-05,"[[1857180.489291426, -340.5228786472149, 659.4284049558935, 1.871687708574985], [-340.52287864721524, 1826181.8393241952, -2.229485995236632, 654.3327118089722], [659.4284049558935, -2.229485995236632, 0.31676666666666653, 0.0], [1.871687708574985, 654.3327118089722, 0.0, 0.31676666666666653]]"
2026-07-11 00:28:44,59.10863412007936,20.851107238104255,124.79999999999995,parking,306.682559930116,117.45331371425242,0.0,0.0,0.0,4.0,4.0,6.944444444444444e-05,6.944444444444444e-05,"[[1857180.489291426, -340.5228786472149, 659.4284049558935, 1.871687708574985], [-340.52287864721524, 1826181.8393241952, -2.229485995236632, 654.3327118089722], [659.4284049558935, -2.229485995236632, 0.31676666666666653, 0.0], [1.871687708574985, 654.3327118089722, 0.0, 0.31676666666666653]]"
2026-07-11 00:38:44,59.10863412007936,20.851107238104255,124.79999999999995,parking,306.682559930116,117.45331371425242,0.0,0.0,0.0,4.0,4.0,6.944444444444444e-05,6.944444444444444e-05,"[[1857180.489291426, -340.5228786472149, 659.4284049558935, 1.871687708574985], [-340.52287864721524, 1826181.8393241952, -2.229485995236632, 654.3327118089722], [659.4284049558935, -2.229485995236632, 0.31676666666666653, 0.0], [1.871687708574985, 654.3327118089722, 0.0, 0.31676666666666653]]"
2026-07-11 00:48:44,59.10863412007936,20.851107238104255,124.79999999999995,parking,306.682559930116,117.45331371425242,0.0,0.0,0.0,4.0,4.0,6.944444444444444e-05,6.944444444444444e-05,"[[1857180.489291426, -340.5228786472149, 659.4284049558935, 1.871687708574985], [-340.52287864721524, 1826181.8393241952, -2.229485995236632, 654.3327118089722], [659.4284049558935, -2.229485995236632, 0.31676666666666653, 0.0], [1.871687708574985, 654.3327118089722, 0.0, 0.31676666666666653]]"
2026-07-11 00:58:44,59.10863412007936,20.851107238104255,124.79999999999995,parking,306.682559930116,117.45331371425242,0.0,0.0,0.0,4.0,4.0,6.944444444444444e-05,6.944444444444444e-05,"[[1857180.489291426, -340.5228786472149, 659.4284049558935, 1.871687708574985], [-340.52287864721524, 1826181.8393241952, -2.229485995236632, 654.3327118089722], [659.4284049558935, -2.229485995236632, 0.31676666666666653, 0.0], [1.871687708574985, 654.3327118089722, 0.0, 0.31676666666666653]]"
2026-07-11 01:08:44,59.10863412007936,20.851107238104255,124.79999999999995,parking,306.682559930116,117.45331371425242,0.0,0.0,0.0,4.0,4.0,6.944444444444444e-05,6.944444444444444e-05,"[[1857180.489291426, -340.5228786472149, 659.4284049558935, 1.871687708574985], [-340.52287864721524, 1826181.8393241952, -2.229485995236632, 654.3327118089722], [659.4284049558935, -2.229485995236632, 0.31676666666666653, 0.0], [1.871687708574985, 654.3327118089722, 0.0, 0.31676666666666653]]"
2026-07-11 01:18:44,59.10863412007936,20.851107238104255,124.79999999999995,parking,306.682559930116,117.45331371425242,0.0,0.0,0.0,4.0,4.0,6.944444444444444e-05,6.944444444444444e-05,"[[1857180.489291426, -340.5228786472149, 659.4284049558935, 1.871687708574985], [-340.52287864721524, 1826181.8393241952, -2.229485995236632, 654.3327118089722], [659.4284049558935, -2.229485995236632, 0.31676666666666653, 0.0], [1.871687708574985, 654.3327118089722, 0.0, 0.31676666666666653]]"
2026-07-11 01:28:44,59.10863412007936,20.851107238104255,124.79999999999995,parking,306.682559930116,117.45331371425242,0.0,0.0,0.0,4.0,4.0,6.944444444444444e-05,6.944444444444444e-05,"[[1857180.489291426, -340.5228786472149, 659.4284049558935, 1.871687708574985], [-340.52287864721524, 1826181.8393241952, -2.229485995236632, 654.3327118089722], [659.4284049558935, -2.229485995236632, 0.31676666666666653, 0.0], [1.871687708574985, 654.3327118089722, 0.0, 0.31676666666666653]]"
2026-07-11 01:38:44,59.10863412007936,20.851107238104255,124.79999999999995,parking,306.682559930116,117.45331371425242,0.0,0.0,0.0,4.0,4.0,6.944444444444444e-05,6.944444444444444e-05,"[[1857180.489291426, -340.5228786472149, 659.4284049558935, 1.871687708574985], [-340.52287864721524, 1826181.8393241952, -2.229485995236632, 654.3327118089722], [659.4284049558935, -2.229485995236632, 0.31676666666666653, 0.0], [1.871687708574985, 654.3327118089722, 0.0, 0.31676666666666653]]"
2026-07-11 01:48:44,59.10863412007936,20.851107238104255,124.79999999999995,parking,306.682559930116,117.45331371425242,0.0,0.0,0.0,4.0,4.0,6.944444444444444e-05,6.944444444444444e-05,"[[1857180.489291426, -340.5228786472149, 659.4284049558935, 1.871687708574985], [-340.52287864721524, 1826181.8393241952, -2.229485995236632, 654.3327118089722], [659.4284049558935, -2.229485995236632, 0.31676666666666653, 0.0], [1.871687708574985, 654.3327118089722, 0.0, 0.31676666666666653]]"
2026-07-11 01:58:44,59.10863412007936,20.851107238104255,124.79999999999995,parking,306.682559930116,117.45331371425242,0.0,0.0,0.0,4.0,4.0,6.944444444444444e-05,6.944444444444444e-05,"[[1857180.489291426, -340.5228786472149, 659.4284049558935, 1.871687708574985], [-340.52287864721524, 1826181.8393241952, -2.229485995236632, 654.3327118089722], [659.4284049558935, -2.229485995236632, 0.31676666666666653, 0.0], [1.871687708574985, 654.3327118089722, 0.0, 0.31676666666666653]]"
2026-07-11 02:08:44,59.10863412007936,20.851107238104255,124.79999999999995,parking,306.682559930116,117.45331371425242,0.0,0.0,0.0,4.0,4.0,6.944444444444444e-05,6.944444444444444e-05,"[[1857180.489291426, -340.5228786472149, 659.4284049558935, 1.871687708574985], [-340.52287864721524, 1826181.8393241952, -2.229485995236632, 654.3327118089722], [659.4284049558935, -2.229485995236632, 0.31676666666666653, 0.0], [1.871687708574985, 654.3327118089722, 0.0, 0.31676666666666653]]"
2026-07-11 02:18:44,59.10863412007936,20.851107238104255,124.79999999999995,parking,306.682559930116,117.45331371425242,0.0,0.0,0.0,4.0,4.0,6.944444444444444e-05,6.944444444444444e-05,"[[1857180.489291426, -340.5228786472149, 659.4284049558935, 1.871687708574985], [-340.52287864721524, 1826181.8393241952, -2.229485995236632, 654.3327118089722], [659.4284049558935, -2.229485995236632, 0.31676666666666653, 0.0], [1.871687708574985, 654.3327118089722, 0.0, 0.31676666666666653]]"
2026-07-11 02:28:44,59.10863412007936,20.851107238104255,124.79999999999995,parking,306.682559930116,117.45331371425242,0.0,0.0,0.0,4.0,4.0,6.944444444444444e-05,6.944444444444444e-05,"[[1857180.489291426, -340.5228786472149, 659.4284049558935, 1.871687708574985], [-340.52287864721524, 1826181.8393241952, -2.229485995236632, 654.3327118089722], [659.4284049558935, -2.229485995236632, 0.31676666666666653, 0.0], [1.871687708574985, 654.3327118089722, 0.0, 0.31676666666666653]]"
2026-07-11 02:38:44,59.10863412007936,20.851107238104255,124.79999999999995,parking,306.682559930116,117.45331371425242,0.0,0.0,0.0,4.0,4.0,6.944444444444444e-05,6.944444444444444e-05,"[[1857180.489291426, -340.5228786472149, 659.4284049558935, 1.871687708574985], [-340.52287864721524, 1826181.8393241952, -2.229485995236632, 654.3327118089722], [659.4284049558935, -2.229485995236632, 0.31676666666666653, 0.0], [1.871687708574985, 654.3327118089722, 0.0, 0.31676666666666653]]"
2026-07-11 02:48:44,59.10863412007936,20.851107238104255,124.79999999999995,parking,306.682559930116,117.45331371425242,0.0,0.0,0.0,4.0,4.0,6.944444444444444e-05,6.944444444444444e-05,"[[1857180.489291426, -340.5228786472149, 659.4284049558935, 1.871687708574985], [-340.52287864721524, 1826181.8393241952, -2.229485995236632, 654.3327118089722], [659.4284049558935, -2.229485995236632, 0.31676666666666653, 0.0], [1.871687708574985, 654.3327118089722, 0.0, 0.31676666666666653]]"
2026-07-11 02:58:44,59.10863412007936,20.851107238104255,124.79999999999995,parking,306.682559930116,117.45331371425242,0.0,0.0,0.0,4.0,4.0,6.944444444444444e-05,6.944444444444444e-05,"[[1857180.489291426, -340.5228786472149, 659.4284049558935, 1.871687708574985], [-340.52287864721524, 1826181.8393241952, -2.229485995236632, 654.3327118089722], [659.4284049558935, -2.229485995236632, 0.31676666666666653, 0.0], [1.871687708574985, 654.3327118089722, 0.0, 0.31676666666666653]]"
2026-07-11 03:08:44,59.10863412007936,20.851107238104255,124.79999999999995,parking,306.682559930116,117.45331371425242,0.0,0.0,0.0,4.0,4.0,6.944444444444444e-05,6.944444444444444e-05,"[[1857180.489291426, -340.5228786472149, 659.4284049558935, 1.871687708574985], [-340.52287864721524, 1826181.8393241952, -2.229485995236632, 654.3327118089722], [659.4284049558935, -2.229485995236632, 0.31676666666666653, 0.0], [1.871687708574985, 654.3327118089722, 0.0, 0.31676666666666653]]"
2026-07-11 03:18:44,59.10863412007936,20.851107238104255,124.79999999999995,parking,306.682559930116,117.45331371425242,0.0,0.0,0.0,4.0,4.0,6.944444444444444e-05,6.944444444444444e-05,"[[1857180.489291426, -340.5228786472149, 659.4284049558935, 1.871687708574985], [-340.52287864721524, 1826181.8393241952, -2.229485995236632, 654.3327118089722], [659.4284049558935, -2.229485995236632, 0.31676666666666653, 0.0], [1.871687708574985, 654.3327118089722, 0.0, 0.31676666666666653]]"
2026-07-11 03:28:44,59.10863412007936,20.851107238104255,124.79999999999995,parking,306.682559930116,117.45331371425242,0.0,0.0,0.0,4.0,4.0,6.944444444444444e-05,6.944444444444444e-05,"[[1857180.489291426, -340.5228786472149, 659.4284049558935, 1.871687708574985], [-340.52287864721524, 1826181.8393241952, -2.229485995236632, 654.3327118089722], [659.4284049558935, -2.229485995236632, 0.31676666666666653, 0.0], [1.871687708574985, 654.3327118089722, 0.0, 0.31676666666666653]]"
2026-07-11 03:38:44,59.10863412007936,20.851107238104255,124.79999999999995,parking,306.682559930116,117.45331371425242,0.0,0.0,0.0,4.0,4.0,6.944444444444444e-05,6.944444444444444e-05,"[[1857180.489291426, -340.5228786472149, 659.4284049558935, 1.871687708574985], [-340.52287864721524, 1826181.8393241952, -2.229485995236632, 654.3327118089722], [659.4284049558935, -2.229485995236632, 0.31676666666666653, 0.0], [1.871687708574985, 654.3327118089722, 0.0, 0.31676666666666653]]"
2026-07-11 03:48:44,59.10863412007936,20.851107238104255,124.79999999999995,parking,306.682559930116,117.45331371425242,0.0,0.0,0.0,4.0,4.0,6.944444444444444e-05,6.944444444444444e-05,"[[1857180.489291426, -340.5228786472149, 659.4284049558935, 1.871687708574985], [-340.52287864721524, 1826181.8393241952, -2.229485995236632, 654.3327118089722], [659.4284049558935, -2.229485995236632, 0.31676666666666653, 0.0], [1.871687708574985, 654.3327118089722, 0.0, 0.31676666666666653]]"
2026-07-11 03:58:44,59.10863412007936,20.851107238104255,124.79999999999995,parking,306.682559930116,117.45331371425242,0.0,0.0,0.0,4.0,4.0,6.944444444444444e-05,6.944444444444444e-05,"[[1857180.489291426, -340.5228786472149, 659.4284049558935, 1.871687708574985], [-340.52287864721524, 1826181.8393241952, -2.229485995236632, 654.3327118089722], [659.4284049558935, -2.229485995236632, 0.31676666666666653, 0.0], [1.871687708574985, 654.3327118089722, 0.0, 0.31676666666666653]]"
2026-07-11 04:08:44,59.10863412007936,20.851107238104255,124.79999999999995,parking,306.682559930116,117.45331371425242,0.0,0.0,0.0,4.0,4.0,6.944444444444444e-05,6.944444444444444e-05,"[[1857180.489291426, -340.5228786472149, 659.4284049558935, 1.871687708574985], [-340.52287864721524, 1826181.8393241952, -2.229485995236632, 654.3327118089722], [659.4284049558935, -2.229485995236632, 0.31676666666666653, 0.0], [1.871687708574985, 654.3327118089722, 0.0, 0.31676666666666653]]"
2026-07-11 04:18:44,59.10863412007936,20.851107238104255,124.79999999999995,parking,306.682559930116,117.45331371425242,0.0,0.0,0.0,4.0,4.0,6.944444444444444e-05,6.944444444444444e-05,"[[1857180.489291426, -340.5228786472149, 659.4284049558935, 1.871687708574985], [-340.52287864721524, 1826181.8393241952, -2.229485995236632, 654.3327118089722], [659.4284049558935, -2.229485995236632, 0.31676666666666653, 0.0], [1.871687708574985, 654.3327118089722, 0.0, 0.31676666666666653]]"
2026-07-11 04:28:44,59.10863412007936,20.851107238104255,124.79999999999995,parking,306.682559930116,117.45331371425242,0.0,0.0,0.0,4.0,4.0,6.944444444444444e-05,6.944444444444444e-05,"[[1857180.489291426, -340.5228786472149, 659.4284049558935, 1.871687708574985], [-340.52287864721524, 1826181.8393241952, -2.229485995236632, 654.3327118089722], [659.4284049558935, -2.229485995236632, 0.31676666666666653, 0.0], [1.871687708574985, 654.3327118089722, 0.0, 0.31676666666666653]]"
2026-07-11 04:38:44,59.10863412007936,20.851107238104255,124.79999999999995,parking,306.682559930116,117.45331371425242,0.0,0.0,0.0,4.0,4.0,6.944444444444444e-05,6.944444444444444e-05,"[[1857180.489291426, -340.5228786472149, 659.4284049558935, 1.871687708574985], [-340.52287864721524, 1826181.8393241952, -2.229485995236632, 654.3327118089722], [659.4284049558935, -2.229485995236632, 0.31676666666666653, 0.0], [1.871687708574985, 654.3327118089722, 0.0, 0.31676666666666653]]"
2026-07-11 04:48:44,59.10863412007936,20.851107238104255,124.79999999999995,parking,306.682559930116,117.45331371425242,0.0,0.0,0.0,4.0,4.0,6.944444444444444e-05,6.944444444444444e-05,"[[1857180.489291426, -340.5228786472149, 659.4284049558935, 1.871687708574985], [-340.52287864721524, 1826181.8393241952, -2.229485995236632, 654.3327118089722], [659.4284049558935, -2.229485995236632, 0.31676666666666653, 0.0], [1.871687708574985, 654.3327118089722, 0.0, 0.31676666666666653]]"
2026-07-11 04:58:44,59.10863412007936,20.851107238104255,124.79999999999995,parking,306.682559930116,117.45331371425242,0.0,0.0,0.0,4.0,4.0,6.944444444444444e-05,6.944444444444444e-05,"[[1857180.489291426, -340.5228786472149, 659.4284049558935, 1.871687708574985], [-340.52287864721524, 1826181.8393241952, -2.229485995236632, 654.3327118089722], [659.4284049558935, -2.229485995236632, 0.31676666666666653, 0.0], [1.871687708574985, 654.3327118089722, 0.0, 0.31676666666666653]]"
2026-07-11 05:08:44,59.10863412007936,20.851107238104255,124.79999999999995,parking,306.682559930116,117.45331371425242,0.0,0.0,0.0,4.0,4.0,6.944444444444444e-05,6.944444444444444e-05,"[[1857180.489291426, -340.5228786472149, 659.4284049558935, 1.871687708574985], [-340.52287864721524, 1826181.8393241952, -2.229485995236632, 654.3327118089722], [659.4284049558935, -2.229485995236632, 0.31676666666666653, 0.0], [1.871687708574985, 654.3327118089722, 0.0, 0.31676666666666653]]"
2026-07-11 05:18:44,59.10863412007936,20.851107238104255,124.79999999999995,parking,306.682559930116,117.45331371425242,0.0,0.0,0.0,4.0,4.0,6.944444444444444e-05,6.944444444444444e-05,"[[1857180.489291426, -340.5228786472149, 659.4284049558935, 1.871687708574985], [-340.52287864721524, 1826181.8393241952, -2.229485995236632, 654.3327118089722], [659.4284049558935, -2.229485995236632, 0.31676666666666653, 0.0], [1.871687708574985, 654.3327118089722, 0.0, 0.31676666666666653]]"
2026-07-11 05:28:44,59.10863412007936,20.851107238104255,124.79999999999995,parking,306.682559930116,117.45331371425242,0.0,0.0,0.0,4.0,4.0,6.944444444444444e-05,6.944444444444444e-05,"[[1857180.489291426, -340.5228786472149, 659.4284049558935, 1.871687708574985], [-340.52287864721524, 1826181.8393241952, -2.229485995236632, 654.3327118089722], [659.4284049558935, -2.229485995236632, 0.31676666666666653, 0.0], [1.871687708574985, 654.3327118089722, 0.0, 0.31676666666666653]]"
2026-07-11 05:38:44,59.10863412007936,20.851107238104255,124.79999999999995,parking,306.682559930116,117.45331371425242,0.0,0.0,0.0,4.0,4.0,6.944444444444444e-05,6.944444444444444e-05,"[[1857180.489291426, -340.5228786472149, 659.4284049558935, 1.871687708574985], [-340.52287864721524, 1826181.8393241952, -2.229485995236632, 654.3327118089722], [659.4284049558935, -2.229485995236632, 0.31676666666666653, 0.0], [1.871687708574985, 654.3327118089722, 0.0, 0.31676666666666653]]"
2026-07-11 05:48:44,59.10863412007936,20.851107238104255,124.79999999999995,parking,306.682559930116,117.45331371425242,0.0,0.0,0.0,4.0,4.0,6.944444444444444e-05,6.944444444444444e-05,"[[1857180.489291426, -340.5228786472149, 659.4284049558935, 1.871687708574985], [-340.52287864721524, 1826181.8393241952, -2.229485995236632, 654.3327118089722], [659.4284049558935, -2.229485995236632, 0.31676666666666653, 0.0], [1.871687708574985, 654.3327118089722, 0.0, 0.31676666666666653]]"
2026-07-11 05:58:44,59.10863412007936,20.851107238104255,124.79999999999995,parking,306.682559930116,117.45331371425242,0.0,0.0,0.0,4.0,4.0,6.944444444444444e-05,6.944444444444444e-05,"[[1857180.489291426, -340.5228786472149, 659.4284049558935, 1.871687708574985], [-340.52287864721524, 1826181.8393241952, -2.229485995236632, 654.3327118089722], [659.4284049558935, -2.229485995236632, 0.31676666666666653, 0.0], [1.871687708574985, 654.3327118089722, 0.0, 0.31676666666666653]]"
2026-07-11 06:08:44,59.10863412007936,20.851107238104255,124.79999999999995,parking,306.682559930116,117.45331371425242,0.0,0.0,0.0,4.0,4.0,6.944444444444444e-05,6.944444444444444e-05,"[[1857180.489291426, -340.5228786472149, 659.4284049558935, 1.871687708574985], [-340.52287864721524, 1826181.8393241952, -2.229485995236632, 654.3327118089722], [659.4284049558935, -2.229485995236632, 0.31676666666666653, 0.0], [1.871687708574985, 654.3327118089722, 0.0, 0.31676666666666653]]"
2026-07-11 06:18:44,59.10863412007936,20.851107238104255,124.79999999999995,parking,306.682559930116,117.45331371425242,0.0,0.0,0.0,4.0,4.0,6.944444444444444e-05,6.944444444444444e-05,"[[1857180.489291426, -340.5228786472149, 659.4284049558935, 1.871687708574985], [-340.52287864721524, 1826181.8393241952, -2.229485995236632, 654.3327118089722], [659.4284049558935, -2.229485995236632, 0.31676666666666653, 0.0], [1.871687708574985, 654.3327118089722, 0.0, 0.31676666666666653]]"
2026-07-11 06:28:44,59.10863412007936,20.851107238104255,124.79999999999995,parking,306.682559930116,117.45331371425242,0.0,0.0,0.0,4.0,4.0,6.944444444444444e-05,6.944444444444444e-05,"[[1857180.489291426, -340.5228786472149, 659.4284049558935, 1.871687708574985], [-340.52287864721524, 1826181.8393241952, -2.229485995236632, 654.3327118089722], [659.4284049558935, -2.229485995236632, 0.31676666666666653, 0.0], [1.871687708574985, 654.3327118089722, 0.0, 0.31676666666666653]]"
2026-07-11 06:38:44,59.10863412007936,20.851107238104255,124.79999999999995,parking,306.682559930116,117.45331371425242,0.0,0.0,0.0,4.0,4.0,6.944444444444444e-05,6.944444444444444e-05,"[[1857180.489291426, -340.5228786472149, 659.4284049558935, 1.871687708574985], [-340.52287864721524, 1826181.8393241952, -2.229485995236632, 654.3327118089722], [659.4284049558935, -2.229485995236632, 0.31676666666666653, 0.0], [1.871687708574985, 654.3327118089722, 0.0, 0.31676666666666653]]"
2026-07-11 06:48:44,59.10863412007936,20.851107238104255,124.79999999999995,parking,306.682559930116,117.45331371425242,0.0,0.0,0.0,4.0,4.0,6.944444444444444e-05,6.944444444444444e-05,"[[1857180.489291426, -340.5228786472149, 659.4284049558935, 1.871687708574985], [-340.52287864721524, 1826181.8393241952, -2.229485995236632, 654.3327118089722], [659.4284049558935, -2.229485995236632, 0.31676666666666653, 0.0], [1.871687708574985, 654.3327118089722, 0.0, 0.31676666666666653]]"
2026-07-11 06:58:44,59.10863412007936,20.851107238104255,124.79999999999995,parking,306.682559930116,117.45331371425242,0.0,0.0,0.0,4.0,4.0,6.944444444444444e-05,6.944444444444444e-05,"[[1857180.489291426, -340.5228786472149, 659.4284049558935, 1.871687708574985], [-340.52287864721524, 1826181.8393241952, -2.229485995236632, 654.3327118089722], [659.4284049558935, -2.229485995236632, 0.31676666666666653, 0.0], [1.871687708574985, 654.3327118089722, 0.0, 0.31676666666666653]]"
2026-07-11 07:08:44,59.10863412007936,20.851107238104255,124.79999999999995,parking,306.682559930116,117.45331371425242,0.0,0.0,0.0,4.0,4.0,6.944444444444444e-05,6.944444444444444e-05,"[[1857180.489291426, -340.5228786472149, 659.4284049558935, 1.871687708574985], [-340.52287864721524, 1826181.8393241952, -2.229485995236632, 654.3327118089722], [659.4284049558935, -2.229485995236632, 0.31676666666666653, 0.0], [1.871687708574985, 654.3327118089722, 0.0, 0.31676666666666653]]"
2026-07-11 07:18:44,59.10863412007936,20.851107238104255,124.79999999999995,parking,306.682559930116,117.45331371425242,0.0,0.0,0.0,4.0,4.0,6.944444444444444e-05,6.944444444444444e-05,"[[1857180.489291426, -340.5228786472149, 659.4284049558935, 1.871687708574985], [-340.52287864721524, 1826181.8393241952, -2.229485995236632, 654.3327118089722], [659.4284049558935, -2.229485995236632, 0.31676666666666653, 0.0], [1.871687708574985, 654.3327118089722, 0.0, 0.31676666666666653]]"
2026-07-11 07:28:44,59.10863412007936,20.851107238104255,124.79999999999995,parking,306.682559930116,117.45331371425242,0.0,0.0,0.0,4.0,4.0,6.944444444444444e-05,6.944444444444444e-05,"[[1857180.489291426, -340.5228786472149, 659.4284049558935, 1.871687708574985], [-340.52287864721524, 1826181.8393241952, -2.229485995236632, 654.3327118089722], [659.4284049558935, -2.229485995236632, 0.31676666666666653, 0.0], [1.871687708574985, 654.3327118089722, 0.0, 0.31676666666666653]]"
2026-07-11 07:38:44,59.10863412007936,20.851107238104255,124.79999999999995,parking,306.682559930116,117.45331371425242,0.0,0.0,0.0,4.0,4.0,6.944444444444444e-05,6.944444444444444e-05,"[[1857180.489291426, -340.5228786472149, 659.4284049558935, 1.871687708574985], [-340.52287864721524, 1826181.8393241952, -2.229485995236632, 654.3327118089722], [659.4284049558935, -2.229485995236632, 0.31676666666666653, 0.0], [1.871687708574985, 654.3327118089722, 0.0, 0.31676666666666653]]"
2026-07-11 07:48:44,59.10863412007936,20.851107238104255,124.79999999999995,parking,306.682559930116,117.45331371425242,0.0,0.0,0.0,4.0,4.0,6.944444444444444e-05,6.944444444444444e-05,"[[1857180.489291426, -340.5228786472149, 659.4284049558935, 1.871687708574985], [-340.52287864721524, 1826181.8393241952, -2.229485995236632, 654.3327118089722], [659.4284049558935, -2.229485995236632, 0.31676666666666653, 0.0], [1.871687708574985, 654.3327118089722, 0.0, 0.31676666666666653]]"
2026-07-11 07:58:44,59.10863412007936,20.851107238104255,124.79999999999995,parking,306.682559930116,117.45331371425242,0.0,0.0,0.0,4.0,4.0,6.944444444444444e-05,6.944444444444444e-05,"[[1857180.489291426, -340.5228786472149, 659.4284049558935, 1.871687708574985], [-340.52287864721524, 1826181.8393241952, -2.229485995236632, 654.3327118089722], [659.4284049558935, -2.229485995236632, 0.31676666666666653, 0.0], [1.871687708574985, 654.3327118089722, 0.0, 0.31676666666666653]]"
2026-07-11 08:08:44,59.10863412007936,20.851107238104255,124.79999999999995,parking,306.682559930116,117.45331371425242,0.0,0.0,0.0,4.0,4.0,6.944444444444444e-05,6.944444444444444e-05,"[[1857180.489291426, -340.5228786472149, 659.4284049558935, 1.871687708574985], [-340.52287864721524, 1826181.8393241952, -2.229485995236632, 654.3327118089722], [659.4284049558935, -2.229485995236632, 0.31676666666666653, 0.0], [1.871687708574985, 654.3327118089722, 0.0, 0.31676666666666653]]"
2026-07-11 08:18:44,59.10863412007936,20.851107238104255,124.79999999999995,parking,306.682559930116,117.45331371425242,0.0,0.0,0.0,4.0,4.0,6.944444444444444e-05,6.944444444444444e-05,"[[1857180.489291426, -340.5228786472149, 659.4284049558935, 1.871687708574985], [-340.52287864721524, 1826181.8393241952, -2.229485995236632, 654.3327118089722], [659.4284049558935, -2.229485995236632, 0.31676666666666653, 0.0], [1.871687708574985, 654.3327118089722, 0.0, 0.31676666666666653]]"
2026-07-11 08:28:44,59.10863412007936,20.851107238104255,124.79999999999995,parking,306.682559930116,117.45331371425242,0.0,0.0,0.0,4.0,4.0,6.944444444444444e-05,6.944444444444444e-05,"[[1857180.489291426, -340.5228786472149, 659.4284049558935, 1.871687708574985], [-340.52287864721524, 1826181.8393241952, -2.229485995236632, 654.3327118089722], [659.4284049558935, -2.229485995236632, 0.31676666666666653, 0.0], [1.871687708574985, 654.3327118089722, 0.0, 0.31676666666666653]]"
2026-07-11 08:38:44,59.10863412007936,20.851107238104255,124.79999999999995,parking,306.682559930116,117.45331371425242,0.0,0.0,0.0,4.0,4.0,6.944444444444444e-05,6.944444444444444e-05,"[[1857180.489291426, -340.5228786472149, 659.4284049558935, 1.871687708574985], [-340.52287864721524, 1826181.8393241952, -2.229485995236632, 654.3327118089722], [659.4284049558935, -2.229485995236632, 0.31676666666666653, 0.0], [1.871687708574985, 654.3327118089722, 0.0, 0.31676666666666653]]"
2026-07-11 08:48:44,59.10863412007936,20.851107238104255,124.79999999999995,parking,306.682559930116,117.45331371425242,0.0,0.0,0.0,4.0,4.0,6.944444444444444e-05,6.944444444444444e-05,"[[1857180.489291426, -340.5228786472149, 659.4284049558935, 1.871687708574985], [-340.52287864721524, 1826181.8393241952, -2.229485995236632, 654.3327118089722], [659.4284049558935, -2.229485995236632, 0.31676666666666653, 0.0], [1.871687708574985, 654.3327118089722, 0.0, 0.31676666666666653]]"
2026-07-11 08:58:44,59.10863412007936,20.851107238104255,124.79999999999995,parking,306.682559930116,117.45331371425242,0.0,0.0,0.0,4.0,4.0,6.944444444444444e-05,6.944444444444444e-05,"[[1857180.489291426, -340.5228786472149, 659.4284049558935, 1.871687708574985], [-340.52287864721524, 1826181.8393241952, -2.229485995236632, 654.3327118089722], [659.4284049558935, -2.229485995236632, 0.31676666666666653, 0.0], [1.871687708574985, 654.3327118089722, 0.0, 0.31676666666666653]]"
2026-07-11 09:08:44,59.10863412007936,20.851107238104255,124.79999999999995,parking,306.682559930116,117.45331371425242,0.0,0.0,0.0,4.0,4.0,6.944444444444444e-05,6.944444444444444e-05,"[[1857180.489291426, -340.5228786472149, 659.4284049558935, 1.871687708574985], [-340.52287864721524, 1826181.8393241952, -2.229485995236632, 654.3327118089722], [659.4284049558935, -2.229485995236632, 0.31676666666666653, 0.0], [1.871687708574985, 654.3327118089722, 0.0, 0.31676666666666653]]"
2026-07-11 09:18:44,59.10863412007936,20.851107238104255,124.79999999999995,parking,306.682559930116,117.45331371425242,0.0,0.0,0.0,4.0,4.0,6.944444444444444e-05,6.944444444444444e-05,"[[1857180.489291426, -340.5228786472149, 659.4284049558935, 1.871687708574985], [-340.52287864721524, 1826181.8393241952, -2.229485995236632, 654.3327118089722], [659.4284049558935, -2.229485995236632, 0.31676666666666653, 0.0], [1.871687708574985, 654.3327118089722, 0.0, 0.31676666666666653]]"
2026-07-11 09:28:44,59.10863412007936,20.851107238104255,124.79999999999995,parking,306.682559930116,117.45331371425242,0.0,0.0,0.0,4.0,4.0,6.944444444444444e-05,6.944444444444444e-05,"[[1857180.489291426, -340.5228786472149, 659.4284049558935, 1.871687708574985], [-340.52287864721524, 1826181.8393241952, -2.229485995236632, 654.3327118089722], [659.4284049558935, -2.229485995236632, 0.31676666666666653, 0.0], [1.871687708574985, 654.3327118089722, 0.0, 0.31676666666666653]]"
2026-07-11 09:38:44,59.10863412007936,20.851107238104255,124.79999999999995,parking,306.682559930116,117.45331371425242,0.0,0.0,0.0,4.0,4.0,6.944444444444444e-05,6.944444444444444e-05,"[[1857180.489291426, -340.5228786472149, 659.4284049558935, 1.871687708574985], [-340.52287864721524, 1826181.8393241952, -2.229485995236632, 654.3327118089722], [659.4284049558935, -2.229485995236632, 0.31676666666666653, 0.0], [1.871687708574985, 654.3327118089722, 0.0, 0.31676666666666653]]"
2026-07-11 09:48:44,59.10863412007936,20.851107238104255,124.79999999999995,parking,306.682559930116,117.45331371425242,0.0,0.0,0.0,4.0,4.0,6.944444444444444e-05,6.944444444444444e-05,"[[1857180.489291426, -340.5228786472149, 659.4284049558935, 1.871687708574985], [-340.52287864721524, 1826181.8393241952, -2.229485995236632, 654.3327118089722], [659.4284049558935, -2.229485995236632, 0.31676666666666653, 0.0], [1.871687708574985, 654.3327118089722, 0.0, 0.31676666666666653]]"
2026-07-11 09:58:44,59.10863412007936,20.851107238104255,124.79999999999995,parking,306.682559930116,117.45331371425242,0.0,0.0,0.0,4.0,4.0,6.944444444444444e-05,6.944444444444444e-05,"[[1857180.489291426, -340.5228786472149, 659.4284049558935, 1.871687708574985], [-340.52287864721524, 1826181.8393241952, -2.229485995236632, 654.3327118089722], [659.4284049558935, -2.229485995236632, 0.31676666666666653, 0.0], [1.871687708574985, 654.3327118089722, 0.0, 0.31676666666666653]]"
2026-07-11 10:08:44,59.10863412007936,20.851107238104255,124.79999999999995,parking,306.682559930116,117.45331371425242,0.0,0.0,0.0,4.0,4.0,6.944444444444444e-05,6.944444444444444e-05,"[[1857180.489291426, -340.5228786472149, 659.4284049558935, 1.871687708574985], [-340.52287864721524, 1826181.8393241952, -2.229485995236632, 654.3327118089722], [659.4284049558935, -2.229485995236632, 0.31676666666666653, 0.0], [1.871687708574985, 654.3327118089722, 0.0, 0.31676666666666653]]"
2026-07-11 10:18:44,59.10863412007936,20.851107238104255,124.79999999999995,parking,306.682559930116,117.45331371425242,0.0,0.0,0.0,4.0,4.0,6.944444444444444e-05,6.944444444444444e-05,"[[1857180.489291426, -340.5228786472149, 659.4284049558935, 1.871687708574985], [-340.52287864721524, 1826181.8393241952, -2.229485995236632, 654.3327118089722], [659.4284049558935, -2.229485995236632, 0.31676666666666653, 0.0], [1.871687708574985, 654.3327118089722, 0.0, 0.31676666666666653]]"
2026-07-11 10:28:44,59.10863412007936,20.851107238104255,124.79999999999995,parking,306.682559930116,117.45331371425242,0.0,0.0,0.0,4.0,4.0,6.944444444444444e-05,6.944444444444444e-05,"[[1857180.489291426, -340.5228786472149, 659.4284049558935, 1.871687708574985], [-340.52287864721524, 1826181.8393241952, -2.229485995236632, 654.3327118089722], [659.4284049558935, -2.229485995236632, 0.31676666666666653, 0.0], [1.871687708574985, 654.3327118089722, 0.0, 0.31676666666666653]]"
2026-07-11 10:38:44,59.10863412007936,20.851107238104255,124.79999999999995,parking,306.682559930116,117.45331371425242,0.0,0.0,0.0,4.0,4.0,6.944444444444444e-05,6.944444444444444e-05,"[[1857180.489291426, -340.5228786472149, 659.4284049558935, 1.871687708574985], [-340.52287864721524, 1826181.8393241952, -2.229485995236632, 654.3327118089722], [659.4284049558935, -2.229485995236632, 0.31676666666666653, 0.0], [1.871687708574985, 654.3327118089722, 0.0, 0.31676666666666653]]"
2026-07-11 10:48:44,59.10863412007936,20.851107238104255,124.79999999999995,parking,306.682559930116,117.45331371425242,0.0,0.0,0.0,4.0,4.0,6.944444444444444e-05,6.944444444444444e-05,"[[1857180.489291426, -340.5228786472149, 659.4284049558935, 1.871687708574985], [-340.52287864721524, 1826181.8393241952, -2.229485995236632, 654.3327118089722], [659.4284049558935, -2.229485995236632, 0.31676666666666653, 0.0], [1.871687708574985, 654.3327118089722, 0.0, 0.31676666666666653]]"
2026-07-11 10:58:44,59.10863412007936,20.851107238104255,124.79999999999995,parking,306.682559930116,117.45331371425242,0.0,0.0,0.0,4.0,4.0,6.944444444444444e-05,6.944444444444444e-05,"[[1857180.489291426, -340.5228786472149, 659.4284049558935, 1.871687708574985], [-340.52287864721524, 1826181.8393241952, -2.229485995236632, 654.3327118089722], [659.4284049558935, -2.229485995236632, 0.31676666666666653, 0.0], [1.871687708574985, 654.3327118089722, 0.0, 0.31676666666666653]]"
2026-07-11 11:08:44,59.10863412007936,20.851107238104255,124.79999999999995,parking,306.682559930116,117.45331371425242,0.0,0.0,0.0,4.0,4.0,6.944444444444444e-05,6.944444444444444e-05,"[[1857180.489291426, -340.5228786472149, 659.4284049558935, 1.871687708574985], [-340.52287864721524, 1826181.8393241952, -2.229485995236632, 654.3327118089722], [659.4284049558935, -2.229485995236632, 0.31676666666666653, 0.0], [1.871687708574985, 654.3327118089722, 0.0, 0.31676666666666653]]"
2026-07-11 11:18:44,59.10863412007936,20.851107238104255,124.79999999999995,parking,306.682559930116,117.45331371425242,0.0,0.0,0.0,4.0,4.0,6.944444444444444e-05,6.944444444444444e-05,"[[1857180.489291426, -340.5228786472149, 659.4284049558935, 1.871687708574985], [-340.52287864721524, 1826181.8393241952, -2.229485995236632, 654.3327118089722], [659.4284049558935, -2.229485995236632, 0.31676666666666653, 0.0], [1.871687708574985, 654.3327118089722, 0.0, 0.31676666666666653]]"
2026-07-11 11:28:44,59.10863412007936,20.851107238104255,124.79999999999995,parking,306.682559930116,117.45331371425242,0.0,0.0,0.0,4.0,4.0,6.944444444444444e-05,6.944444444444444e-05,"[[1857180.489291426, -340.5228786472149, 659.4284049558935, 1.871687708574985], [-340.52287864721524, 1826181.8393241952, -2.229485995236632, 654.3327118089722], [659.4284049558935, -2.229485995236632, 0.31676666666666653, 0.0], [1.871687708574985, 654.3327118089722, 0.0, 0.31676666666666653]]"
2026-07-11 11:38:44,59.10863412007936,20.851107238104255,124.79999999999995,parking,306.682559930116,117.45331371425242,0.0,0.0,0.0,4.0,4.0,6.944444444444444e-05,6.944444444444444e-05,"[[1857180.489291426, -340.5228786472149, 659.4284049558935, 1.871687708574985], [-340.52287864721524, 1826181.8393241952, -2.229485995236632, 654.3327118089722], [659.4284049558935, -2.229485995236632, 0.31676666666666653, 0.0], [1.871687708574985, 654.3327118089722, 0.0, 0.31676666666666653]]"
2026-07-11 11:48:44,59.10863412007936,20.851107238104255,124.79999999999995,parking,306.682559930116,117.45331371425242,0.0,0.0,0.0,4.0,4.0,6.944444444444444e-05,6.944444444444444e-05,"[[1857180.489291426, -340.5228786472149, 659.4284049558935, 1.871687708574985], [-340.52287864721524, 1826181.8393241952, -2.229485995236632, 654.3327118089722], [659.4284049558935, -2.229485995236632, 0.31676666666666653, 0.0], [1.871687708574985, 654.3327118089722, 0.0, 0.31676666666666653]]"
2026-07-11 11:58:44,59.10863412007936,20.851107238104255,124.79999999999995,parking,306.682559930116,117.45331371425242,0.0,0.0,0.0,4.0,4.0,6.944444444444444e-05,6.944444444444444e-05,"[[1857180.489291426, -340.5228786472149, 659.4284049558935, 1.871687708574985], [-340.52287864721524, 1826181.8393241952, -2.229485995236632, 654.3327118089722], [659.4284049558935, -2.229485995236632, 0.31676666666666653, 0.0], [1.871687708574985, 654.3327118089722, 0.0, 0.31676666666666653]]"
2026-07-11 12:08:44,59.10863412007936,20.851107238104255,124.79999999999995,parking,306.682559930116,117.45331371425242,0.0,0.0,0.0,4.0,4.0,6.944444444444444e-05,6.944444444444444e-05,"[[1857180.489291426, -340.5228786472149, 659.4284049558935, 1.871687708574985], [-340.52287864721524, 1826181.8393241952, -2.229485995236632, 654.3327118089722], [659.4284049558935, -2.229485995236632, 0.31676666666666653, 0.0], [1.871687708574985, 654.3327118089722, 0.0, 0.31676666666666653]]"
2026-07-11 12:18:44,59.10863412007936,20.851107238104255,124.79999999999995,parking,306.682559930116,117.45331371425242,0.0,0.0,0.0,4.0,4.0,6.944444444444444e-05,6.944444444444444e-05,"[[1857180.489291426, -340.5228786472149, 659.4284049558935, 1.871687708574985], [-340.52287864721524, 1826181.8393241952, -2.229485995236632, 654.3327118089722], [659.4284049558935, -2.229485995236632, 0.31676666666666653, 0.0], [1.871687708574985, 654.3327118089722, 0.0, 0.31676666666666653]]"
2026-07-11 12:28:44,59.10863412007936,20.851107238104255,124.79999999999995,parking,306.682559930116,117.45331371425242,0.0,0.0,0.0,4.0,4.0,6.944444444444444e-05,6.944444444444444e-05,"[[1857180.489291426, -340.5228786472149, 659.4284049558935, 1.871687708574985], [-340.52287864721524, 1826181.8393241952, -2.229485995236632, 654.3327118089722], [659.4284049558935, -2.229485995236632, 0.31676666666666653, 0.0], [1.871687708574985, 654.3327118089722, 0.0, 0.31676666666666653]]"
2026-07-11 12:38:44,59.10863412007936,20.851107238104255,124.79999999999995,parking,306.682559930116,117.45331371425242,0.0,0.0,0.0,4.0,4.0,6.944444444444444e-05,6.944444444444444e-05,"[[1857180.489291426, -340.5228786472149, 659.4284049558935, 1.871687708574985], [-340.52287864721524, 1826181.8393241952, -2.229485995236632, 654.3327118089722], [659.4284049558935, -2.229485995236632, 0.31676666666666653, 0.0], [1.871687708574985, 654.3327118089722, 0.0, 0.31676666666666653]]"
2026-07-11 12:48:44,59.10863412007936,20.851107238104255,124.79999999999995,parking,306.682559930116,117.45331371425242,0.0,0.0,0.0,4.0,4.0,6.944444444444444e-05,6.944444444444444e-05,"[[1857180.489291426, -340.5228786472149, 659.4284049558935, 1.871687708574985], [-340.52287864721524, 1826181.8393241952, -2.229485995236632, 654.3327118089722], [659.4284049558935, -2.229485995236632, 0.31676666666666653, 0.0], [1.871687708574985, 654.3327118089722, 0.0, 0.31676666666666653]]"
2026-07-11 12:58:44,59.10863412007936,20.851107238104255,124.79999999999995,parking,306.682559930116,117.45331371425242,0.0,0.0,0.0,4.0,4.0,6.944444444444444e-05,6.944444444444444e-05,"[[1857180.489291426, -340.5228786472149, 659.4284049558935, 1.871687708574985], [-340.52287864721524, 1826181.8393241952, -2.229485995236632, 654.3327118089722], [659.4284049558935, -2.229485995236632, 0.31676666666666653, 0.0], [1.871687708574985, 654.3327118089722, 0.0, 0.31676666666666653]]"
2026-07-11 13:08:44,59.10863412007936,20.851107238104255,124.79999999999995,parking,306.682559930116,117.45331371425242,0.0,0.0,0.0,4.0,4.0,6.944444444444444e-05,6.944444444444444e-05,"[[1857180.489291426, -340.5228786472149, 659.4284049558935, 1.871687708574985], [-340.52287864721524, 1826181.8393241952, -2.229485995236632, 654.3327118089722], [659.4284049558935, -2.229485995236632, 0.31676666666666653, 0.0], [1.871687708574985, 654.3327118089722, 0.0, 0.31676666666666653]]"
2026-07-11 13:18:44,59.10863412007936,20.851107238104255,124.79999999999995,parking,306.682559930116,117.45331371425242,0.0,0.0,0.0,4.0,4.0,6.944444444444444e-05,6.944444444444444e-05,"[[1857180.489291426, -340.5228786472149, 659.4284049558935, 1.871687708574985], [-340.52287864721524, 1826181.8393241952, -2.229485995236632, 654.3327118089722], [659.4284049558935, -2.229485995236632, 0.31676666666666653, 0.0], [1.871687708574985, 654.3327118089722, 0.0, 0.31676666666666653]]"
2026-07-11 13:28:44,59.10863412007936,20.851107238104255,124.79999999999995,parking,306.682559930116,117.45331371425242,0.0,0.0,0.0,4.0,4.0,6.944444444444444e-05,6.944444444444444e-05,"[[1857180.489291426, -340.5228786472149, 659.4284049558935, 1.871687708574985], [-340.52287864721524, 1826181.8393241952, -2.229485995236632, 654.3327118089722], [659.4284049558935, -2.229485995236632, 0.31676666666666653, 0.0], [1.871687708574985, 654.3327118089722, 0.0, 0.31676666666666653]]"
2026-07-11 13:38:44,59.10863412007936,20.851107238104255,124.79999999999995,parking,306.682559930116,117.45331371425242,0.0,0.0,0.0,4.0,4.0,6.944444444444444e-05,6.944444444444444e-05,"[[1857180.489291426, -340.5228786472149, 659.4284049558935, 1.871687708574985], [-340.52287864721524, 1826181.8393241952, -2.229485995236632, 654.3327118089722], [659.4284049558935, -2.229485995236632, 0.31676666666666653, 0.0], [1.871687708574985, 654.3327118089722, 0.0, 0.31676666666666653]]"
2026-07-11 13:48:44,59.10863412007936,20.851107238104255,124.79999999999995,parking,306.682559930116,117.45331371425242,0.0,0.0,0.0,4.0,4.0,6.944444444444444e-05,6.944444444444444e-05,"[[1857180.489291426, -340.5228786472149, 659.4284049558935, 1.871687708574985], [-340.52287864721524, 1826181.8393241952, -2.229485995236632, 654.3327118089722], [659.4284049558935, -2.229485995236632, 0.31676666666666653, 0.0], [1.871687708574985, 654.3327118089722, 0.0, 0.31676666666666653]]"
2026-07-11 13:58:44,59.10863412007936,20.851107238104255,124.79999999999995,parking,306.682559930116,117.45331371425242,0.0,0.0,0.0,4.0,4.0,6.944444444444444e-05,6.944444444444444e-05,"[[1857180.489291426, -340.5228786472149, 659.4284049558935, 1.871687708574985], [-340.52287864721524, 1826181.8393241952, -2.229485995236632, 654.3327118089722], [659.4284049558935, -2.229485995236632, 0.31676666666666653, 0.0], [1.871687708574985, 654.3327118089722, 0.0, 0.31676666666666653]]"
2026-07-11 14:08:44,59.10863412007936,20.851107238104255,124.79999999999995,parking,306.682559930116,117.45331371425242,0.0,0.0,0.0,4.0,4.0,6.944444444444444e-05,6.944444444444444e-05,"[[1857180.489291426, -340.5228786472149, 659.4284049558935, 1.871687708574985], [-340.52287864721524, 1826181.8393241952, -2.229485995236632, 654.3327118089722], [659.4284049558935, -2.229485995236632, 0.31676666666666653, 0.0], [1.871687708574985, 654.3327118089722, 0.0, 0.31676666666666653]]"
2026-07-11 14:18:44,59.10863412007936,20.851107238104255,124.79999999999995,parking,306.682559930116,117.45331371425242,0.0,0.0,0.0,4.0,4.0,6.944444444444444e-05,6.944444444444444e-05,"[[1857180.489291426, -340.5228786472149, 659.4284049558935, 1.871687708574985], [-340.52287864721524, 1826181.8393241952, -2.229485995236632, 654.3327118089722], [659.4284049558935, -2.229485995236632, 0.31676666666666653, 0.0], [1.871687708574985, 654.3327118089722, 0.0, 0.31676666666666653]]"
2026-07-11 14:28:44,59.10863412007936,20.851107238104255,124.79999999999995,parking,306.682559930116,117.45331371425242,0.0,0.0,0.0,4.0,4.0,6.944444444444444e-05,6.944444444444444e-05,"[[1857180.489291426, -340.5228786472149, 659.4284049558935, 1.871687708574985], [-340.52287864721524, 1826181.8393241952, -2.229485995236632, 654.3327118089722], [659.4284049558935, -2.229485995236632, 0.31676666666666653, 0.0], [1.871687708574985, 654.3327118089722, 0.0, 0.31676666666666653]]"
2026-07-11 14:38:44,59.10863412007936,20.851107238104255,124.79999999999995,parking,306.682559930116,117.45331371425242,0.0,0.0,0.0,4.0,4.0,6.944444444444444e-05,6.944444444444444e-05,"[[1857180.489291426, -340.5228786472149, 659.4284049558935, 1.871687708574985], [-340.52287864721524, 1826181.8393241952, -2.229485995236632, 654.3327118089722], [659.4284049558935, -2.229485995236632, 0.31676666666666653, 0.0], [1.871687708574985, 654.3327118089722, 0.0, 0.31676666666666653]]"
2026-07-11 14:48:44,59.10863412007936,20.851107238104255,124.79999999999995,parking,306.682559930116,117.45331371425242,0.0,0.0,0.0,4.0,4.0,6.944444444444444e-05,6.944444444444444e-05,"[[1857180.489291426, -340.5228786472149, 659.4284049558935, 1.871687708574985], [-340.52287864721524, 1826181.8393241952, -2.229485995236632, 654.3327118089722], [659.4284049558935, -2.229485995236632, 0.31676666666666653, 0.0], [1.871687708574985, 654.3327118089722, 0.0, 0.31676666666666653]]"
2026-07-11 14:58:44,59.10863412007936,20.851107238104255,124.79999999999995,parking,306.682559930116,117.45331371425242,0.0,0.0,0.0,4.0,4.0,6.944444444444444e-05,6.944444444444444e-05,"[[1857180.489291426, -340.5228786472149, 659.4284049558935, 1.871687708574985], [-340.52287864721524, 1826181.8393241952, -2.229485995236632, 654.3327118089722], [659.4284049558935, -2.229485995236632, 0.31676666666666653, 0.0], [1.871687708574985, 654.3327118089722, 0.0, 0.31676666666666653]]"
2026-07-11 15:08:44,59.10863412007936,20.851107238104255,124.79999999999995,parking,306.682559930116,117.45331371425242,0.0,0.0,0.0,4.0,4.0,6.944444444444444e-05,6.944444444444444e-05,"[[1857180.489291426, -340.5228786472149, 659.4284049558935, 1.871687708574985], [-340.52287864721524, 1826181.8393241952, -2.229485995236632, 654.3327118089722], [659.4284049558935, -2.229485995236632, 0.31676666666666653, 0.0], [1.871687708574985, 654.3327118089722, 0.0, 0.31676666666666653]]"
2026-07-11 15:18:44,59.10863412007936,20.851107238104255,124.79999999999995,parking,306.682559930116,117.45331371425242,0.0,0.0,0.0,4.0,4.0,6.944444444444444e-05,6.944444444444444e-05,"[[1857180.489291426, -340.5228786472149, 659.4284049558935, 1.871687708574985], [-340.52287864721524, 1826181.8393241952, -2.229485995236632, 654.3327118089722], [659.4284049558935, -2.229485995236632, 0.31676666666666653, 0.0], [1.871687708574985, 654.3327118089722, 0.0, 0.31676666666666653]]"
2026-07-11 15:28:44,59.10863412007936,20.851107238104255,124.79999999999995,parking,306.682559930116,117.45331371425242,0.0,0.0,0.0,4.0,4.0,6.944444444444444e-05,6.944444444444444e-05,"[[1857180.489291426, -340.5228786472149, 659.4284049558935, 1.871687708574985], [-340.52287864721524, 1826181.8393241952, -2.229485995236632, 654.3327118089722], [659.4284049558935, -2.229485995236632, 0.31676666666666653, 0.0], [1.871687708574985, 654.3327118089722, 0.0, 0.31676666666666653]]"
2026-07-11 15:38:44,59.10863412007936,20.851107238104255,124.79999999999995,parking,306.682559930116,117.45331371425242,0.0,0.0,0.0,4.0,4.0,6.944444444444444e-05,6.944444444444444e-05,"[[1857180.489291426, -340.5228786472149, 659.4284049558935, 1.871687708574985], [-340.52287864721524, 1826181.8393241952, -2.229485995236632, 654.3327118089722], [659.4284049558935, -2.229485995236632, 0.31676666666666653, 0.0], [1.871687708574985, 654.3327118089722, 0.0, 0.31676666666666653]]"
2026-07-11 15:48:44,59.10863412007936,20.851107238104255,124.79999999999995,parking,306.682559930116,117.45331371425242,0.0,0.0,0.0,4.0,4.0,6.944444444444444e-05,6.944444444444444e-05,"[[1857180.489291426, -340.5228786472149, 659.4284049558935, 1.871687708574985], [-340.52287864721524, 1826181.8393241952, -2.229485995236632, 654.3327118089722], [659.4284049558935, -2.229485995236632, 0.31676666666666653, 0.0], [1.871687708574985, 654.3327118089722, 0.0, 0.31676666666666653]]"
2026-07-11 15:58:44,59.10863412007936,20.851107238104255,124.79999999999995,parking,306.682559930116,117.45331371425242,0.0,0.0,0.0,4.0,4.0,6.944444444444444e-05,6.944444444444444e-05,"[[1857180.489291426, -340.5228786472149, 659.4284049558935, 1.871687708574985], [-340.52287864721524, 1826181.8393241952, -2.229485995236632, 654.3327118089722], [659.4284049558935, -2.229485995236632, 0.31676666666666653, 0.0], [1.871687708574985, 654.3327118089722, 0.0, 0.31676666666666653]]"
2026-07-11 16:08:44,59.10863412007936,20.851107238104255,124.79999999999995,parking,306.682559930116,117.45331371425242,0.0,0.0,0.0,4.0,4.0,6.944444444444444e-05,6.944444444444444e-05,"[[1857180.489291426, -340.5228786472149, 659.4284049558935, 1.871687708574985], [-340.52287864721524, 1826181.8393241952, -2.229485995236632, 654.3327118089722], [659.4284049558935, -2.229485995236632, 0.31676666666666653, 0.0], [1.871687708574985, 654.3327118089722, 0.0, 0.31676666666666653]]"
2026-07-11 16:18:44,59.10863412007936,20.851107238104255,124.79999999999995,parking,306.682559930116,117.45331371425242,0.0,0.0,0.0,4.0,4.0,6.944444444444444e-05,6.944444444444444e-05,"[[1857180.489291426, -340.5228786472149, 659.4284049558935, 1.871687708574985], [-340.52287864721524, 1826181.8393241952, -2.229485995236632, 654.3327118089722], [659.4284049558935, -2.229485995236632, 0.31676666666666653, 0.0], [1.871687708574985, 654.3327118089722, 0.0, 0.31676666666666653]]"
2026-07-11 16:28:44,59.10863412007936,20.851107238104255,124.79999999999995,parking,306.682559930116,117.45331371425242,0.0,0.0,0.0,4.0,4.0,6.944444444444444e-05,6.944444444444444e-05,"[[1857180.489291426, -340.5228786472149, 659.4284049558935, 1.871687708574985], [-340.52287864721524, 1826181.8393241952, -2.229485995236632, 654.3327118089722], [659.4284049558935, -2.229485995236632, 0.31676666666666653, 0.0], [1.871687708574985, 654.3327118089722, 0.0, 0.31676666666666653]]"
2026-07-11 16:38:44,59.10863412007936,20.851107238104255,124.79999999999995,parking,306.682559930116,117.45331371425242,0.0,0.0,0.0,4.0,4.0,6.944444444444444e-05,6.944444444444444e-05,"[[1857180.489291426, -340.5228786472149, 659.4284049558935, 1.871687708574985], [-340.52287864721524, 1826181.8393241952, -2.229485995236632, 654.3327118089722], [659.4284049558935, -2.229485995236632, 0.31676666666666653, 0.0], [1.871687708574985, 654.3327118089722, 0.0, 0.31676666666666653]]"
2026-07-11 16:48:44,59.10863412007936,20.851107238104255,124.79999999999995,parking,306.682559930116,117.45331371425242,0.0,0.0,0.0,4.0,4.0,6.944444444444444e-05,6.944444444444444e-05,"[[1857180.489291426, -340.5228786472149, 659.4284049558935, 1.871687708574985], [-340.52287864721524, 1826181.8393241952, -2.229485995236632, 654.3327118089722], [659.4284049558935, -2.229485995236632, 0.31676666666666653, 0.0], [1.871687708574985, 654.3327118089722, 0.0, 0.31676666666666653]]"
2026-07-11 16:58:44,59.10863412007936,20.851107238104255,124.79999999999995,parking,306.682559930116,117.45331371425242,0.0,0.0,0.0,4.0,4.0,6.944444444444444e-05,6.944444444444444e-05,"[[1857180.489291426, -340.5228786472149, 659.4284049558935, 1.871687708574985], [-340.52287864721524, 1826181.8393241952, -2.229485995236632, 654.3327118089722], [659.4284049558935, -2.229485995236632, 0.31676666666666653, 0.0], [1.871687708574985, 654.3327118089722, 0.0, 0.31676666666666653]]"
2026-07-11 17:08:44,59.10863412007936,20.851107238104255,124.79999999999995,parking,306.682559930116,117.45331371425242,0.0,0.0,0.0,4.0,4.0,6.944444444444444e-05,6.944444444444444e-05,"[[1857180.489291426, -340.5228786472149, 659.4284049558935, 1.871687708574985], [-340.52287864721524, 1826181.8393241952, -2.229485995236632, 654.3327118089722], [659.4284049558935, -2.229485995236632, 0.31676666666666653, 0.0], [1.871687708574985, 654.3327118089722, 0.0, 0.31676666666666653]]"
2026-07-11 17:18:44,59.10863412007936,20.851107238104255,124.79999999999995,parking,306.682559930116,117.45331371425242,0.0,0.0,0.0,4.0,4.0,6.944444444444444e-05,6.944444444444444e-05,"[[1857180.489291426, -340.5228786472149, 659.4284049558935, 1.871687708574985], [-340.52287864721524, 1826181.8393241952, -2.229485995236632, 654.3327118089722], [659.4284049558935, -2.229485995236632, 0.31676666666666653, 0.0], [1.871687708574985, 654.3327118089722, 0.0, 0.31676666666666653]]"
2026-07-11 17:28:44,59.10863412007936,20.851107238104255,124.79999999999995,parking,306.682559930116,117.45331371425242,0.0,0.0,0.0,4.0,4.0,6.944444444444444e-05,6.944444444444444e-05,"[[1857180.489291426, -340.5228786472149, 659.4284049558935, 1.871687708574985], [-340.52287864721524, 1826181.8393241952, -2.229485995236632, 654.3327118089722], [659.4284049558935, -2.229485995236632, 0.31676666666666653, 0.0], [1.871687708574985, 654.3327118089722, 0.0, 0.31676666666666653]]"
2026-07-11 17:38:44,59.10863412007936,20.851107238104255,124.79999999999995,parking,306.682559930116,117.45331371425242,0.0,0.0,0.0,4.0,4.0,6.944444444444444e-05,6.944444444444444e-05,"[[1857180.489291426, -340.5228786472149, 659.4284049558935, 1.871687708574985], [-340.52287864721524, 1826181.8393241952, -2.229485995236632, 654.3327118089722], [659.4284049558935, -2.229485995236632, 0.31676666666666653, 0.0], [1.871687708574985, 654.3327118089722, 0.0, 0.31676666666666653]]"
2026-07-11 17:48:44,59.10863412007936,20.851107238104255,124.79999999999995,parking,306.682559930116,117.45331371425242,0.0,0.0,0.0,4.0,4.0,6.944444444444444e-05,6.944444444444444e-05,"[[1857180.489291426, -340.5228786472149, 659.4284049558935, 1.871687708574985], [-340.52287864721524, 1826181.8393241952, -2.229485995236632, 654.3327118089722], [659.4284049558935, -2.229485995236632, 0.31676666666666653, 0.0], [1.871687708574985, 654.3327118089722, 0.0, 0.31676666666666653]]"
2026-07-11 17:58:44,59.10863412007936,20.851107238104255,124.79999999999995,parking,306.682559930116,117.45331371425242,0.0,0.0,0.0,4.0,4.0,6.944444444444444e-05,6.944444444444444e-05,"[[1857180.489291426, -340.5228786472149, 659.4284049558935, 1.871687708574985], [-340.52287864721524, 1826181.8393241952, -2.229485995236632, 654.3327118089722], [659.4284049558935, -2.229485995236632, 0.31676666666666653, 0.0], [1.871687708574985, 654.3327118089722, 0.0, 0.31676666666666653]]"
2026-07-11 18:08:44,59.10863412007936,20.851107238104255,124.79999999999995,parking,306.682559930116,117.45331371425242,0.0,0.0,0.0,4.0,4.0,6.944444444444444e-05,6.944444444444444e-05,"[[1857180.489291426, -340.5228786472149, 659.4284049558935, 1.871687708574985], [-340.52287864721524, 1826181.8393241952, -2.229485995236632, 654.3327118089722], [659.4284049558935, -2.229485995236632, 0.31676666666666653, 0.0], [1.871687708574985, 654.3327118089722, 0.0, 0.31676666666666653]]"
2026-07-11 18:18:44,59.10863412007936,20.851107238104255,124.79999999999995,parking,306.682559930116,117.45331371425242,0.0,0.0,0.0,4.0,4.0,6.944444444444444e-05,6.944444444444444e-05,"[[1857180.489291426, -340.5228786472149, 659.4284049558935, 1.871687708574985], [-340.52287864721524, 1826181.8393241952, -2.229485995236632, 654.3327118089722], [659.4284049558935, -2.229485995236632, 0.31676666666666653, 0.0], [1.871687708574985, 654.3327118089722, 0.0, 0.31676666666666653]]"
2026-07-11 18:28:44,59.10863412007936,20.851107238104255,124.79999999999995,parking,306.682559930116,117.45331371425242,0.0,0.0,0.0,4.0,4.0,6.944444444444444e-05,6.944444444444444e-05,"[[1857180.489291426, -340.5228786472149, 659.4284049558935, 1.871687708574985], [-340.52287864721524, 1826181.8393241952, -2.229485995236632, 654.3327118089722], [659.4284049558935, -2.229485995236632, 0.31676666666666653, 0.0], [1.871687708574985, 654.3327118089722, 0.0, 0.31676666666666653]]"
2026-07-11 18:38:44,59.10863412007936,20.851107238104255,124.79999999999995,parking,306.682559930116,117.45331371425242,0.0,0.0,0.0,4.0,4.0,6.944444444444444e-05,6.944444444444444e-05,"[[1857180.489291426, -340.5228786472149, 659.4284049558935, 1.871687708574985], [-340.52287864721524, 1826181.8393241952, -2.229485995236632, 654.3327118089722], [659.4284049558935, -2.229485995236632, 0.31676666666666653, 0.0], [1.871687708574985, 654.3327118089722, 0.0, 0.31676666666666653]]"
2026-07-11 18:48:44,59.10863412007936,20.851107238104255,124.79999999999995,parking,306.682559930116,117.45331371425242,0.0,0.0,0.0,4.0,4.0,6.944444444444444e-05,6.944444444444444e-05,"[[1857180.489291426, -340.5228786472149, 659.4284049558935, 1.871687708574985], [-340.52287864721524, 1826181.8393241952, -2.229485995236632, 654.3327118089722], [659.4284049558935, -2.229485995236632, 0.31676666666666653, 0.0], [1.871687708574985, 654.3327118089722, 0.0, 0.31676666666666653]]"
2026-07-11 18:58:44,59.10863412007936,20.851107238104255,124.79999999999995,parking,306.682559930116,117.45331371425242,0.0,0.0,0.0,4.0,4.0,6.944444444444444e-05,6.944444444444444e-05,"[[1857180.489291426, -340.5228786472149, 659.4284049558935, 1.871687708574985], [-340.52287864721524, 1826181.8393241952, -2.229485995236632, 654.3327118089722], [659.4284049558935, -2.229485995236632, 0.31676666666666653, 0.0], [1.871687708574985, 654.3327118089722, 0.0, 0.31676666666666653]]"
2026-07-11 19:08:44,59.10863412007936,20.851107238104255,124.79999999999995,parking,306.682559930116,117.45331371425242,0.0,0.0,0.0,4.0,4.0,6.944444444444444e-05,6.944444444444444e-05,"[[1857180.489291426, -340.5228786472149, 659.4284049558935, 1.871687708574985], [-340.52287864721524, 1826181.8393241952, -2.229485995236632, 654.3327118089722], [659.4284049558935, -2.229485995236632, 0.31676666666666653, 0.0], [1.871687708574985, 654.3327118089722, 0.0, 0.31676666666666653]]"
2026-07-11 19:18:44,59.10863412007936,20.851107238104255,124.79999999999995,parking,306.682559930116,117.45331371425242,0.0,0.0,0.0,4.0,4.0,6.944444444444444e-05,6.944444444444444e-05,"[[1857180.489291426, -340.5228786472149, 659.4284049558935, 1.871687708574985], [-340.52287864721524, 1826181.8393241952, -2.229485995236632, 654.3327118089722], [659.4284049558935, -2.229485995236632, 0.31676666666666653, 0.0], [1.871687708574985, 654.3327118089722, 0.0, 0.31676666666666653]]"
2026-07-11 19:28:44,59.10863412007936,20.851107238104255,124.79999999999995,parking,306.682559930116,117.45331371425242,0.0,0.0,0.0,4.0,4.0,6.944444444444444e-05,6.944444444444444e-05,"[[1857180.489291426, -340.5228786472149, 659.4284049558935, 1.871687708574985], [-340.52287864721524, 1826181.8393241952, -2.229485995236632, 654.3327118089722], [659.4284049558935, -2.229485995236632, 0.31676666666666653, 0.0], [1.871687708574985, 654.3327118089722, 0.0, 0.31676666666666653]]"
2026-07-11 19:38:44,59.10863412007936,20.851107238104255,124.79999999999995,parking,306.682559930116,117.45331371425242,0.0,0.0,0.0,4.0,4.0,6.944444444444444e-05,6.944444444444444e-05,"[[1857180.489291426, -340.5228786472149, 659.4284049558935, 1.871687708574985], [-340.52287864721524, 1826181.8393241952, -2.229485995236632, 654.3327118089722], [659.4284049558935, -2.229485995236632, 0.31676666666666653, 0.0], [1.871687708574985, 654.3327118089722, 0.0, 0.31676666666666653]]"
2026-07-11 19:48:44,59.10863412007936,20.851107238104255,124.79999999999995,parking,306.682559930116,117.45331371425242,0.0,0.0,0.0,4.0,4.0,6.944444444444444e-05,6.944444444444444e-05,"[[1857180.489291426, -340.5228786472149, 659.4284049558935, 1.871687708574985], [-340.52287864721524, 1826181.8393241952, -2.229485995236632, 654.3327118089722], [659.4284049558935, -2.229485995236632, 0.31676666666666653, 0.0], [1.871687708574985, 654.3327118089722, 0.0, 0.31676666666666653]]"
2026-07-11 19:58:44,59.10863412007936,20.851107238104255,124.79999999999995,parking,306.682559930116,117.45331371425242,0.0,0.0,0.0,4.0,4.0,6.944444444444444e-05,6.944444444444444e-05,"[[1857180.489291426, -340.5228786472149, 659.4284049558935, 1.871687708574985], [-340.52287864721524, 1826181.8393241952, -2.229485995236632, 654.3327118089722], [659.4284049558935, -2.229485995236632, 0.31676666666666653, 0.0], [1.871687708574985, 654.3327118089722, 0.0, 0.31676666666666653]]"
2026-07-11 20:08:44,59.10863412007936,20.851107238104255,124.79999999999995,parking,306.682559930116,117.45331371425242,0.0,0.0,0.0,4.0,4.0,6.944444444444444e-05,6.944444444444444e-05,"[[1857180.489291426, -340.5228786472149, 659.4284049558935, 1.871687708574985], [-340.52287864721524, 1826181.8393241952, -2.229485995236632, 654.3327118089722], [659.4284049558935, -2.229485995236632, 0.31676666666666653, 0.0], [1.871687708574985, 654.3327118089722, 0.0, 0.31676666666666653]]"
2026-07-11 20:18:44,59.10863412007936,20.851107238104255,124.79999999999995,parking,306.682559930116,117.45331371425242,0.0,0.0,0.0,4.0,4.0,6.944444444444444e-05,6.944444444444444e-05,"[[1857180.489291426, -340.5228786472149, 659.4284049558935, 1.871687708574985], [-340.52287864721524, 1826181.8393241952, -2.229485995236632, 654.3327118089722], [659.4284049558935, -2.229485995236632, 0.31676666666666653, 0.0], [1.871687708574985, 654.3327118089722, 0.0, 0.31676666666666653]]"
2026-07-11 20:28:44,59.10863412007936,20.851107238104255,124.79999999999995,parking,306.682559930116,117.45331371425242,0.0,0.0,0.0,4.0,4.0,6.944444444444444e-05,6.944444444444444e-05,"[[1857180.489291426, -340.5228786472149, 659.4284049558935, 1.871687708574985], [-340.52287864721524, 1826181.8393241952, -2.229485995236632, 654.3327118089722], [659.4284049558935, -2.229485995236632, 0.31676666666666653, 0.0], [1.871687708574985, 654.3327118089722, 0.0, 0.31676666666666653]]"
2026-07-11 20:38:44,59.10863412007936,20.851107238104255,124.79999999999995,parking,306.682559930116,117.45331371425242,0.0,0.0,0.0,4.0,4.0,6.944444444444444e-05,6.944444444444444e-05,"[[1857180.489291426, -340.5228786472149, 659.4284049558935, 1.871687708574985], [-340.52287864721524, 1826181.8393241952, -2.229485995236632, 654.3327118089722], [659.4284049558935, -2.229485995236632, 0.31676666666666653, 0.0], [1.871687708574985, 654.3327118089722, 0.0, 0.31676666666666653]]"
2026-07-11 20:48:44,59.10863412007936,20.851107238104255,124.79999999999995,parking,306.682559930116,117.45331371425242,0.0,0.0,0.0,4.0,4.0,6.944444444444444e-05,6.944444444444444e-05,"[[1857180.489291426, -340.5228786472149, 659.4284049558935, 1.871687708574985], [-340.52287864721524, 1826181.8393241952, -2.229485995236632, 654.3327118089722], [659.4284049558935, -2.229485995236632, 0.31676666666666653, 0.0], [1.871687708574985, 654.3327118089722, 0.0, 0.31676666666666653]]"
2026-07-11 20:58:44,59.10863412007936,20.851107238104255,124.79999999999995,parking,306.682559930116,117.45331371425242,0.0,0.0,0.0,4.0,4.0,6.944444444444444e-05,6.944444444444444e-05,"[[1857180.489291426, -340.5228786472149, 659.4284049558935, 1.871687708574985], [-340.52287864721524, 1826181.8393241952, -2.229485995236632, 654.3327118089722], [659.4284049558935, -2.229485995236632, 0.31676666666666653, 0.0], [1.871687708574985, 654.3327118089722, 0.0, 0.31676666666666653]]"
2026-07-11 21:08:44,59.10863412007936,20.851107238104255,124.79999999999995,parking,306.682559930116,117.45331371425242,0.0,0.0,0.0,4.0,4.0,6.944444444444444e-05,6.944444444444444e-05,"[[1857180.489291426, -340.5228786472149, 659.4284049558935, 1.871687708574985], [-340.52287864721524, 1826181.8393241952, -2.229485995236632, 654.3327118089722], [659.4284049558935, -2.229485995236632, 0.31676666666666653, 0.0], [1.871687708574985, 654.3327118089722, 0.0, 0.31676666666666653]]"
2026-07-11 21:18:44,59.10863412007936,20.851107238104255,124.79999999999995,parking,306.682559930116,117.45331371425242,0.0,0.0,0.0,4.0,4.0,6.944444444444444e-05,6.944444444444444e-05,"[[1857180.489291426, -340.5228786472149, 659.4284049558935, 1.871687708574985], [-340.52287864721524, 1826181.8393241952, -2.229485995236632, 654.3327118089722], [659.4284049558935, -2.229485995236632, 0.31676666666666653, 0.0], [1.871687708574985, 654.3327118089722, 0.0, 0.31676666666666653]]"
2026-07-11 21:28:44,59.10863412007936,20.851107238104255,124.79999999999995,parking,306.682559930116,117.45331371425242,0.0,0.0,0.0,4.0,4.0,6.944444444444444e-05,6.944444444444444e-05,"[[1857180.489291426, -340.5228786472149, 659.4284049558935, 1.871687708574985], [-340.52287864721524, 1826181.8393241952, -2.229485995236632, 654.3327118089722], [659.4284049558935, -2.229485995236632, 0.31676666666666653, 0.0], [1.871687708574985, 654.3327118089722, 0.0, 0.31676666666666653]]"
2026-07-11 21:38:44,59.10863412007936,20.851107238104255,124.79999999999995,parking,306.682559930116,117.45331371425242,0.0,0.0,0.0,4.0,4.0,6.944444444444444e-05,6.944444444444444e-05,"[[1857180.489291426, -340.5228786472149, 659.4284049558935, 1.871687708574985], [-340.52287864721524, 1826181.8393241952, -2.229485995236632, 654.3327118089722], [659.4284049558935, -2.229485995236632, 0.31676666666666653, 0.0], [1.871687708574985, 654.3327118089722, 0.0, 0.31676666666666653]]"
2026-07-11 21:48:44,59.10863412007936,20.851107238104255,124.79999999999995,parking,306.682559930116,117.45331371425242,0.0,0.0,0.0,4.0,4.0,6.944444444444444e-05,6.944444444444444e-05,"[[1857180.489291426, -340.5228786472149, 659.4284049558935, 1.871687708574985], [-340.52287864721524, 1826181.8393241952, -2.229485995236632, 654.3327118089722], [659.4284049558935, -2.229485995236632, 0.31676666666666653, 0.0], [1.871687708574985, 654.3327118089722, 0.0, 0.31676666666666653]]"
2026-07-11 21:58:44,59.10863412007936,20.851107238104255,124.79999999999995,parking,306.682559930116,117.45331371425242,0.0,0.0,0.0,4.0,4.0,6.944444444444444e-05,6.944444444444444e-05,"[[1857180.489291426, -340.5228786472149, 659.4284049558935, 1.871687708574985], [-340.52287864721524, 1826181.8393241952, -2.229485995236632, 654.3327118089722], [659.4284049558935, -2.229485995236632, 0.31676666666666653, 0.0], [1.871687708574985, 654.3327118089722, 0.0, 0.31676666666666653]]"
2026-07-11 22:08:44,59.10863412007936,20.851107238104255,124.79999999999995,parking,306.682559930116,117.45331371425242,0.0,0.0,0.0,4.0,4.0,6.944444444444444e-05,6.944444444444444e-05,"[[1857180.489291426, -340.5228786472149, 659.4284049558935, 1.871687708574985], [-340.52287864721524, 1826181.8393241952, -2.229485995236632, 654.3327118089722], [659.4284049558935, -2.229485995236632, 0.31676666666666653, 0.0], [1.871687708574985, 654.3327118089722, 0.0, 0.31676666666666653]]"
2026-07-11 22:18:44,59.10863412007936,20.851107238104255,124.79999999999995,parking,306.682559930116,117.45331371425242,0.0,0.0,0.0,4.0,4.0,6.944444444444444e-05,6.944444444444444e-05,"[[1857180.489291426, -340.5228786472149, 659.4284049558935, 1.871687708574985], [-340.52287864721524, 1826181.8393241952, -2.229485995236632, 654.3327118089722], [659.4284049558935, -2.229485995236632, 0.31676666666666653, 0.0], [1.871687708574985, 654.3327118089722, 0.0, 0.31676666666666653]]"
2026-07-11 22:28:44,59.10863412007936,20.851107238104255,124.79999999999995,parking,306.682559930116,117.45331371425242,0.0,0.0,0.0,4.0,4.0,6.944444444444444e-05,6.944444444444444e-05,"[[1857180.489291426, -340.5228786472149, 659.4284049558935, 1.871687708574985], [-340.52287864721524, 1826181.8393241952, -2.229485995236632, 654.3327118089722], [659.4284049558935, -2.229485995236632, 0.31676666666666653, 0.0], [1.871687708574985, 654.3327118089722, 0.0, 0.31676666666666653]]"
2026-07-11 22:38:44,59.10863412007936,20.851107238104255,124.79999999999995,parking,306.682559930116,117.45331371425242,0.0,0.0,0.0,4.0,4.0,6.944444444444444e-05,6.944444444444444e-05,"[[1857180.489291426, -340.5228786472149, 659.4284049558935, 1.871687708574985], [-340.52287864721524, 1826181.8393241952, -2.229485995236632, 654.3327118089722], [659.4284049558935, -2.229485995236632, 0.31676666666666653, 0.0], [1.871687708574985, 654.3327118089722, 0.0, 0.31676666666666653]]"
2026-07-11 22:48:44,59.10863412007936,20.851107238104255,124.79999999999995,parking,306.682559930116,117.45331371425242,0.0,0.0,0.0,4.0,4.0,6.944444444444444e-05,6.944444444444444e-05,"[[1857180.489291426, -340.5228786472149, 659.4284049558935, 1.871687708574985], [-340.52287864721524, 1826181.8393241952, -2.229485995236632, 654.3327118089722], [659.4284049558935, -2.229485995236632, 0.31676666666666653, 0.0], [1.871687708574985, 654.3327118089722, 0.0, 0.31676666666666653]]"
2026-07-11 22:58:44,59.10863412007936,20.851107238104255,124.79999999999995,parking,306.682559930116,117.45331371425242,0.0,0.0,0.0,4.0,4.0,6.944444444444444e-05,6.944444444444444e-05,"[[1857180.489291426, -340.5228786472149, 659.4284049558935, 1.871687708574985], [-340.52287864721524, 1826181.8393241952, -2.229485995236632, 654.3327118089722], [659.4284049558935, -2.229485995236632, 0.31676666666666653, 0.0], [1.871687708574985, 654.3327118089722, 0.0, 0.31676666666666653]]"
2026-07-11 23:08:44,59.10863412007936,20.851107238104255,124.79999999999995,parking,306.682559930116,117.45331371425242,0.0,0.0,0.0,4.0,4.0,6.944444444444444e-05,6.944444444444444e-05,"[[1857180.489291426, -340.5228786472149, 659.4284049558935, 1.871687708574985], [-340.52287864721524, 1826181.8393241952, -2.229485995236632, 654.3327118089722], [659.4284049558935, -2.229485995236632, 0.31676666666666653, 0.0], [1.871687708574985, 654.3327118089722, 0.0, 0.31676666666666653]]"
2026-07-11 23:18:44,59.10863412007936,20.851107238104255,124.79999999999995,parking,306.682559930116,117.45331371425242,0.0,0.0,0.0,4.0,4.0,6.944444444444444e-05,6.944444444444444e-05,"[[1857180.489291426, -340.5228786472149, 659.4284049558935, 1.871687708574985], [-340.52287864721524, 1826181.8393241952, -2.229485995236632, 654.3327118089722], [659.4284049558935, -2.229485995236632, 0.31676666666666653, 0.0], [1.871687708574985, 654.3327118089722, 0.0, 0.31676666666666653]]"
2026-07-11 23:28:44,59.10863412007936,20.851107238104255,124.79999999999995,parking,306.682559930116,117.45331371425242,0.0,0.0,0.0,4.0,4.0,6.944444444444444e-05,6.944444444444444e-05,"[[1857180.489291426, -340.5228786472149, 659.4284049558935, 1.871687708574985], [-340.52287864721524, 1826181.8393241952, -2.229485995236632, 654.3327118089722], [659.4284049558935, -2.229485995236632, 0.31676666666666653, 0.0], [1.871687708574985, 654.3327118089722, 0.0, 0.31676666666666653]]"
2026-07-11 23:38:44,59.10863412007936,20.851107238104255,124.79999999999995,parking,306.682559930116,117.45331371425242,0.0,0.0,0.0,4.0,4.0,6.944444444444444e-05,6.944444444444444e-05,"[[1857180.489291426, -340.5228786472149, 659.4284049558935, 1.871687708574985], [-340.52287864721524, 1826181.8393241952, -2.229485995236632, 654.3327118089722], [659.4284049558935, -2.229485995236632, 0.31676666666666653, 0.0], [1.871687708574985, 654.3327118089722, 0.0, 0.31676666666666653]]"
2026-07-11 23:48:44,59.10863412007936,20.851107238104255,124.79999999999995,parking,306.682559930116,117.45331371425242,0.0,0.0,0.0,4.0,4.0,6.944444444444444e-05,6.944444444444444e-05,"[[1857180.489291426, -340.5228786472149, 659.4284049558935, 1.871687708574985], [-340.52287864721524, 1826181.8393241952, -2.229485995236632, 654.3327118089722], [659.4284049558935, -2.229485995236632, 0.31676666666666653, 0.0], [1.871687708574985, 654.3327118089722, 0.0, 0.31676666666666653]]"
2026-07-11 23:58:44,59.10863412007936,20.851107238104255,124.79999999999995,parking,306.682559930116,117.45331371425242,0.0,0.0,0.0,4.0,4.0,6.944444444444444e-05,6.944444444444444e-05,"[[1857180.489291426, -340.5228786472149, 659.4284049558935, 1.871687708574985], [-340.52287864721524, 1826181.8393241952, -2.229485995236632, 654.3327118089722], [659.4284049558935, -2.229485995236632, 0.31676666666666653, 0.0], [1.871687708574985, 654.3327118089722, 0.0, 0.31676666666666653]]"
2026-07-12 00:08:44,59.10863412007936,20.851107238104255,124.79999999999995,parking,306.682559930116,117.45331371425242,0.0,0.0,0.0,4.0,4.0,6.944444444444444e-05,6.944444444444444e-05,"[[1857180.489291426, -340.5228786472149, 659.4284049558935, 1.871687708574985], [-340.52287864721524, 1826181.8393241952, -2.229485995236632, 654.3327118089722], [659.4284049558935, -2.229485995236632, 0.31676666666666653, 0.0], [1.871687708574985, 654.3327118089722, 0.0, 0.31676666666666653]]"
2026-07-12 00:18:44,59.10863412007936,20.851107238104255,124.79999999999995,parking,306.682559930116,117.45331371425242,0.0,0.0,0.0,4.0,4.0,6.944444444444444e-05,6.944444444444444e-05,"[[1857180.489291426, -340.5228786472149, 659.4284049558935, 1.871687708574985], [-340.52287864721524, 1826181.8393241952, -2.229485995236632, 654.3327118089722], [659.4284049558935, -2.229485995236632, 0.31676666666666653, 0.0], [1.871687708574985, 654.3327118089722, 0.0, 0.31676666666666653]]"
2026-07-12 00:28:44,59.10863412007936,20.851107238104255,124.79999999999995,parking,306.682559930116,117.45331371425242,0.0,0.0,0.0,4.0,4.0,6.944444444444444e-05,6.944444444444444e-05,"[[1857180.489291426, -340.5228786472149, 659.4284049558935, 1.871687708574985], [-340.52287864721524, 1826181.8393241952, -2.229485995236632, 654.3327118089722], [659.4284049558935, -2.229485995236632, 0.31676666666666653, 0.0], [1.871687708574985, 654.3327118089722, 0.0, 0.31676666666666653]]"
2026-07-12 00:38:44,59.10863412007936,20.851107238104255,124.79999999999995,parking,306.682559930116,117.45331371425242,0.0,0.0,0.0,4.0,4.0,6.944444444444444e-05,6.944444444444444e-05,"[[1857180.489291426, -340.5228786472149, 659.4284049558935, 1.871687708574985], [-340.52287864721524, 1826181.8393241952, -2.229485995236632, 654.3327118089722], [659.4284049558935, -2.229485995236632, 0.31676666666666653, 0.0], [1.871687708574985, 654.3327118089722, 0.0, 0.31676666666666653]]"
2026-07-12 00:48:44,59.10863412007936,20.851107238104255,124.79999999999995,parking,306.682559930116,117.45331371425242,0.0,0.0,0.0,4.0,4.0,6.944444444444444e-05,6.944444444444444e-05,"[[1857180.489291426, -340.5228786472149, 659.4284049558935, 1.871687708574985], [-340.52287864721524, 1826181.8393241952, -2.229485995236632, 654.3327118089722], [659.4284049558935, -2.229485995236632, 0.31676666666666653, 0.0], [1.871687708574985, 654.3327118089722, 0.0, 0.31676666666666653]]"
2026-07-12 00:58:44,59.10863412007936,20.851107238104255,124.79999999999995,parking,306.682559930116,117.45331371425242,0.0,0.0,0.0,4.0,4.0,6.944444444444444e-05,6.944444444444444e-05,"[[1857180.489291426, -340.5228786472149, 659.4284049558935, 1.871687708574985], [-340.52287864721524, 1826181.8393241952, -2.229485995236632, 654.3327118089722], [659.4284049558935, -2.229485995236632, 0.31676666666666653, 0.0], [1.871687708574985, 654.3327118089722, 0.0, 0.31676666666666653]]"
2026-07-12 01:08:44,59.10863412007936,20.851107238104255,124.79999999999995,parking,306.682559930116,117.45331371425242,0.0,0.0,0.0,4.0,4.0,6.944444444444444e-05,6.944444444444444e-05,"[[1857180.489291426, -340.5228786472149, 659.4284049558935, 1.871687708574985], [-340.52287864721524, 1826181.8393241952, -2.229485995236632, 654.3327118089722], [659.4284049558935, -2.229485995236632, 0.31676666666666653, 0.0], [1.871687708574985, 654.3327118089722, 0.0, 0.31676666666666653]]"
2026-07-12 01:18:44,59.10863412007936,20.851107238104255,124.79999999999995,parking,306.682559930116,117.45331371425242,0.0,0.0,0.0,4.0,4.0,6.944444444444444e-05,6.944444444444444e-05,"[[1857180.489291426, -340.5228786472149, 659.4284049558935, 1.871687708574985], [-340.52287864721524, 1826181.8393241952, -2.229485995236632, 654.3327118089722], [659.4284049558935, -2.229485995236632, 0.31676666666666653, 0.0], [1.871687708574985, 654.3327118089722, 0.0, 0.31676666666666653]]"
2026-07-12 01:28:44,59.10863412007936,20.851107238104255,124.79999999999995,parking,306.682559930116,117.45331371425242,0.0,0.0,0.0,4.0,4.0,6.944444444444444e-05,6.944444444444444e-05,"[[1857180.489291426, -340.5228786472149, 659.4284049558935, 1.871687708574985], [-340.52287864721524, 1826181.8393241952, -2.229485995236632, 654.3327118089722], [659.4284049558935, -2.229485995236632, 0.31676666666666653, 0.0], [1.871687708574985, 654.3327118089722, 0.0, 0.31676666666666653]]"
2026-07-12 01:38:44,59.10863412007936,20.851107238104255,124.79999999999995,parking,306.682559930116,117.45331371425242,0.0,0.0,0.0,4.0,4.0,6.944444444444444e-05,6.944444444444444e-05,"[[1857180.489291426, -340.5228786472149, 659.4284049558935, 1.871687708574985], [-340.52287864721524, 1826181.8393241952, -2.229485995236632, 654.3327118089722], [659.4284049558935, -2.229485995236632, 0.31676666666666653, 0.0], [1.871687708574985, 654.3327118089722, 0.0, 0.31676666666666653]]"
2026-07-12 01:48:44,59.10863412007936,20.851107238104255,124.79999999999995,parking,306.682559930116,117.45331371425242,0.0,0.0,0.0,4.0,4.0,6.944444444444444e-05,6.944444444444444e-05,"[[1857180.489291426, -340.5228786472149, 659.4284049558935, 1.871687708574985], [-340.52287864721524, 1826181.8393241952, -2.229485995236632, 654.3327118089722], [659.4284049558935, -2.229485995236632, 0.31676666666666653, 0.0], [1.871687708574985, 654.3327118089722, 0.0, 0.31676666666666653]]"
2026-07-12 01:58:44,59.10863412007936,20.851107238104255,124.79999999999995,parking,306.682559930116,117.45331371425242,0.0,0.0,0.0,4.0,4.0,6.944444444444444e-05,6.944444444444444e-05,"[[1857180.489291426, -340.5228786472149, 659.4284049558935, 1.871687708574985], [-340.52287864721524, 1826181.8393241952, -2.229485995236632, 654.3327118089722], [659.4284049558935, -2.229485995236632, 0.31676666666666653, 0.0], [1.871687708574985, 654.3327118089722, 0.0, 0.31676666666666653]]"
2026-07-12 02:08:44,59.10863412007936,20.851107238104255,124.79999999999995,parking,306.682559930116,117.45331371425242,0.0,0.0,0.0,4.0,4.0,6.944444444444444e-05,6.944444444444444e-05,"[[1857180.489291426, -340.5228786472149, 659.4284049558935, 1.871687708574985], [-340.52287864721524, 1826181.8393241952, -2.229485995236632, 654.3327118089722], [659.4284049558935, -2.229485995236632, 0.31676666666666653, 0.0], [1.871687708574985, 654.3327118089722, 0.0, 0.31676666666666653]]"
2026-07-12 02:18:44,59.10863412007936,20.851107238104255,124.79999999999995,parking,306.682559930116,117.45331371425242,0.0,0.0,0.0,4.0,4.0,6.944444444444444e-05,6.944444444444444e-05,"[[1857180.489291426, -340.5228786472149, 659.4284049558935, 1.871687708574985], [-340.52287864721524, 1826181.8393241952, -2.229485995236632, 654.3327118089722], [659.4284049558935, -2.229485995236632, 0.31676666666666653, 0.0], [1.871687708574985, 654.3327118089722, 0.0, 0.31676666666666653]]"
2026-07-12 02:28:44,59.10863412007936,20.851107238104255,124.79999999999995,parking,306.682559930116,117.45331371425242,0.0,0.0,0.0,4.0,4.0,6.944444444444444e-05,6.944444444444444e-05,"[[1857180.489291426, -340.5228786472149, 659.4284049558935, 1.871687708574985], [-340.52287864721524, 1826181.8393241952, -2.229485995236632, 654.3327118089722], [659.4284049558935, -2.229485995236632, 0.31676666666666653, 0.0], [1.871687708574985, 654.3327118089722, 0.0, 0.31676666666666653]]"
2026-07-12 02:38:44,59.10863412007936,20.851107238104255,124.79999999999995,parking,306.682559930116,117.45331371425242,0.0,0.0,0.0,4.0,4.0,6.944444444444444e-05,6.944444444444444e-05,"[[1857180.489291426, -340.5228786472149, 659.4284049558935, 1.871687708574985], [-340.52287864721524, 1826181.8393241952, -2.229485995236632, 654.3327118089722], [659.4284049558935, -2.229485995236632, 0.31676666666666653, 0.0], [1.871687708574985, 654.3327118089722, 0.0, 0.31676666666666653]]"
2026-07-12 02:48:44,59.10863412007936,20.851107238104255,124.79999999999995,parking,306.682559930116,117.45331371425242,0.0,0.0,0.0,4.0,4.0,6.944444444444444e-05,6.944444444444444e-05,"[[1857180.489291426, -340.5228786472149, 659.4284049558935, 1.871687708574985], [-340.52287864721524, 1826181.8393241952, -2.229485995236632, 654.3327118089722], [659.4284049558935, -2.229485995236632, 0.31676666666666653, 0.0], [1.871687708574985, 654.3327118089722, 0.0, 0.31676666666666653]]"
2026-07-12 02:58:44,59.10863412007936,20.851107238104255,124.79999999999995,parking,306.682559930116,117.45331371425242,0.0,0.0,0.0,4.0,4.0,6.944444444444444e-05,6.944444444444444e-05,"[[1857180.489291426, -340.5228786472149, 659.4284049558935, 1.871687708574985], [-340.52287864721524, 1826181.8393241952, -2.229485995236632, 654.3327118089722], [659.4284049558935, -2.229485995236632, 0.31676666666666653, 0.0], [1.871687708574985, 654.3327118089722, 0.0, 0.31676666666666653]]"
2026-07-12 03:08:44,59.10863412007936,20.851107238104255,124.79999999999995,parking,306.682559930116,117.45331371425242,0.0,0.0,0.0,4.0,4.0,6.944444444444444e-05,6.944444444444444e-05,"[[1857180.489291426, -340.5228786472149, 659.4284049558935, 1.871687708574985], [-340.52287864721524, 1826181.8393241952, -2.229485995236632, 654.3327118089722], [659.4284049558935, -2.229485995236632, 0.31676666666666653, 0.0], [1.871687708574985, 654.3327118089722, 0.0, 0.31676666666666653]]"
2026-07-12 03:18:44,59.10863412007936,20.851107238104255,124.79999999999995,parking,306.682559930116,117.45331371425242,0.0,0.0,0.0,4.0,4.0,6.944444444444444e-05,6.944444444444444e-05,"[[1857180.489291426, -340.5228786472149, 659.4284049558935, 1.871687708574985], [-340.52287864721524, 1826181.8393241952, -2.229485995236632, 654.3327118089722], [659.4284049558935, -2.229485995236632, 0.31676666666666653, 0.0], [1.871687708574985, 654.3327118089722, 0.0, 0.31676666666666653]]"
2026-07-12 03:28:44,59.10863412007936,20.851107238104255,124.79999999999995,parking,306.682559930116,117.45331371425242,0.0,0.0,0.0,4.0,4.0,6.944444444444444e-05,6.944444444444444e-05,"[[1857180.489291426, -340.5228786472149, 659.4284049558935, 1.871687708574985], [-340.52287864721524, 1826181.8393241952, -2.229485995236632, 654.3327118089722], [659.4284049558935, -2.229485995236632, 0.31676666666666653, 0.0], [1.871687708574985, 654.3327118089722, 0.0, 0.31676666666666653]]"
2026-07-12 03:38:44,59.10863412007936,20.851107238104255,124.79999999999995,parking,306.682559930116,117.45331371425242,0.0,0.0,0.0,4.0,4.0,6.944444444444444e-05,6.944444444444444e-05,"[[1857180.489291426, -340.5228786472149, 659.4284049558935, 1.871687708574985], [-340.52287864721524, 1826181.8393241952, -2.229485995236632, 654.3327118089722], [659.4284049558935, -2.229485995236632, 0.31676666666666653, 0.0], [1.871687708574985, 654.3327118089722, 0.0, 0.31676666666666653]]"
2026-07-12 03:48:44,59.10863412007936,20.851107238104255,124.79999999999995,parking,306.682559930116,117.45331371425242,0.0,0.0,0.0,4.0,4.0,6.944444444444444e-05,6.944444444444444e-05,"[[1857180.489291426, -340.5228786472149, 659.4284049558935, 1.871687708574985], [-340.52287864721524, 1826181.8393241952, -2.229485995236632, 654.3327118089722], [659.4284049558935, -2.229485995236632, 0.31676666666666653, 0.0], [1.871687708574985, 654.3327118089722, 0.0, 0.31676666666666653]]"
2026-07-12 03:58:44,59.10863412007936,20.851107238104255,124.79999999999995,parking,306.682559930116,117.45331371425242,0.0,0.0,0.0,4.0,4.0,6.944444444444444e-05,6.944444444444444e-05,"[[1857180.489291426, -340.5228786472149, 659.4284049558935, 1.871687708574985], [-340.52287864721524, 1826181.8393241952, -2.229485995236632, 654.3327118089722], [659.4284049558935, -2.229485995236632, 0.31676666666666653, 0.0], [1.871687708574985, 654.3327118089722, 0.0, 0.31676666666666653]]"
2026-07-12 04:08:44,59.10863412007936,20.851107238104255,124.79999999999995,parking,306.682559930116,117.45331371425242,0.0,0.0,0.0,4.0,4.0,6.944444444444444e-05,6.944444444444444e-05,"[[1857180.489291426, -340.5228786472149, 659.4284049558935, 1.871687708574985], [-340.52287864721524, 1826181.8393241952, -2.229485995236632, 654.3327118089722], [659.4284049558935, -2.229485995236632, 0.31676666666666653, 0.0], [1.871687708574985, 654.3327118089722, 0.0, 0.31676666666666653]]"
2026-07-12 04:18:44,59.10863412007936,20.851107238104255,124.79999999999995,parking,306.682559930116,117.45331371425242,0.0,0.0,0.0,4.0,4.0,6.944444444444444e-05,6.944444444444444e-05,"[[1857180.489291426, -340.5228786472149, 659.4284049558935, 1.871687708574985], [-340.52287864721524, 1826181.8393241952, -2.229485995236632, 654.3327118089722], [659.4284049558935, -2.229485995236632, 0.31676666666666653, 0.0], [1.871687708574985, 654.3327118089722, 0.0, 0.31676666666666653]]"
2026-07-12 04:28:44,59.10863412007936,20.851107238104255,124.79999999999995,parking,306.682559930116,117.45331371425242,0.0,0.0,0.0,4.0,4.0,6.944444444444444e-05,6.944444444444444e-05,"[[1857180.489291426, -340.5228786472149, 659.4284049558935, 1.871687708574985], [-340.52287864721524, 1826181.8393241952, -2.229485995236632, 654.3327118089722], [659.4284049558935, -2.229485995236632, 0.31676666666666653, 0.0], [1.871687708574985, 654.3327118089722, 0.0, 0.31676666666666653]]"
2026-07-12 04:38:44,59.10863412007936,20.851107238104255,124.79999999999995,parking,306.682559930116,117.45331371425242,0.0,0.0,0.0,4.0,4.0,6.944444444444444e-05,6.944444444444444e-05,"[[1857180.489291426, -340.5228786472149, 659.4284049558935, 1.871687708574985], [-340.52287864721524, 1826181.8393241952, -2.229485995236632, 654.3327118089722], [659.4284049558935, -2.229485995236632, 0.31676666666666653, 0.0], [1.871687708574985, 654.3327118089722, 0.0, 0.31676666666666653]]"
2026-07-12 04:48:44,59.10863412007936,20.851107238104255,124.79999999999995,parking,306.682559930116,117.45331371425242,0.0,0.0,0.0,4.0,4.0,6.944444444444444e-05,6.944444444444444e-05,"[[1857180.489291426, -340.5228786472149, 659.4284049558935, 1.871687708574985], [-340.52287864721524, 1826181.8393241952, -2.229485995236632, 654.3327118089722], [659.4284049558935, -2.229485995236632, 0.31676666666666653, 0.0], [1.871687708574985, 654.3327118089722, 0.0, 0.31676666666666653]]"
2026-07-12 04:58:44,59.10863412007936,20.851107238104255,124.79999999999995,parking,306.682559930116,117.45331371425242,0.0,0.0,0.0,4.0,4.0,6.944444444444444e-05,6.944444444444444e-05,"[[1857180.489291426, -340.5228786472149, 659.4284049558935, 1.871687708574985], [-340.52287864721524, 1826181.8393241952, -2.229485995236632, 654.3327118089722], [659.4284049558935, -2.229485995236632, 0.31676666666666653, 0.0], [1.871687708574985, 654.3327118089722, 0.0, 0.31676666666666653]]"
2026-07-12 05:08:44,59.10863412007936,20.851107238104255,124.79999999999995,parking,306.682559930116,117.45331371425242,0.0,0.0,0.0,4.0,4.0,6.944444444444444e-05,6.944444444444444e-05,"[[1857180.489291426, -340.5228786472149, 659.4284049558935, 1.871687708574985], [-340.52287864721524, 1826181.8393241952, -2.229485995236632, 654.3327118089722], [659.4284049558935, -2.229485995236632, 0.31676666666666653, 0.0], [1.871687708574985, 654.3327118089722, 0.0, 0.31676666666666653]]"
2026-07-12 05:18:44,59.10863412007936,20.851107238104255,124.79999999999995,parking,306.682559930116,117.45331371425242,0.0,0.0,0.0,4.0,4.0,6.944444444444444e-05,6.944444444444444e-05,"[[1857180.489291426, -340.5228786472149, 659.4284049558935, 1.871687708574985], [-340.52287864721524, 1826181.8393241952, -2.229485995236632, 654.3327118089722], [659.4284049558935, -2.229485995236632, 0.31676666666666653, 0.0], [1.871687708574985, 654.3327118089722, 0.0, 0.31676666666666653]]"
2026-07-12 05:28:44,59.10863412007936,20.851107238104255,124.79999999999995,parking,306.682559930116,117.45331371425242,0.0,0.0,0.0,4.0,4.0,6.944444444444444e-05,6.944444444444444e-05,"[[1857180.489291426, -340.5228786472149, 659.4284049558935, 1.871687708574985], [-340.52287864721524, 1826181.8393241952, -2.229485995236632, 654.3327118089722], [659.4284049558935, -2.229485995236632, 0.31676666666666653, 0.0], [1.871687708574985, 654.3327118089722, 0.0, 0.31676666666666653]]"
2026-07-12 05:38:44,59.10863412007936,20.851107238104255,124.79999999999995,parking,306.682559930116,117.45331371425242,0.0,0.0,0.0,4.0,4.0,6.944444444444444e-05,6.944444444444444e-05,"[[1857180.489291426, -340.5228786472149, 659.4284049558935, 1.871687708574985], [-340.52287864721524, 1826181.8393241952, -2.229485995236632, 654.3327118089722], [659.4284049558935, -2.229485995236632, 0.31676666666666653, 0.0], [1.871687708574985, 654.3327118089722, 0.0, 0.31676666666666653]]"
2026-07-12 05:48:44,59.10863412007936,20.851107238104255,124.79999999999995,parking,306.682559930116,117.45331371425242,0.0,0.0,0.0,4.0,4.0,6.944444444444444e-05,6.944444444444444e-05,"[[1857180.489291426, -340.5228786472149, 659.4284049558935, 1.871687708574985], [-340.52287864721524, 1826181.8393241952, -2.229485995236632, 654.3327118089722], [659.4284049558935, -2.229485995236632, 0.31676666666666653, 0.0], [1.871687708574985, 654.3327118089722, 0.0, 0.31676666666666653]]"
2026-07-12 05:58:44,59.10863412007936,20.851107238104255,124.79999999999995,parking,306.682559930116,117.45331371425242,0.0,0.0,0.0,4.0,4.0,6.944444444444444e-05,6.944444444444444e-05,"[[1857180.489291426, -340.5228786472149, 659.4284049558935, 1.871687708574985], [-340.52287864721524, 1826181.8393241952, -2.229485995236632, 654.3327118089722], [659.4284049558935, -2.229485995236632, 0.31676666666666653, 0.0], [1.871687708574985, 654.3327118089722, 0.0, 0.31676666666666653]]"
2026-07-12 06:08:44,59.10863412007936,20.851107238104255,124.79999999999995,parking,306.682559930116,117.45331371425242,0.0,0.0,0.0,4.0,4.0,6.944444444444444e-05,6.944444444444444e-05,"[[1857180.489291426, -340.5228786472149, 659.4284049558935, 1.871687708574985], [-340.52287864721524, 1826181.8393241952, -2.229485995236632, 654.3327118089722], [659.4284049558935, -2.229485995236632, 0.31676666666666653, 0.0], [1.871687708574985, 654.3327118089722, 0.0, 0.31676666666666653]]"
2026-07-12 06:18:44,59.10863412007936,20.851107238104255,124.79999999999995,parking,306.682559930116,117.45331371425242,0.0,0.0,0.0,4.0,4.0,6.944444444444444e-05,6.944444444444444e-05,"[[1857180.489291426, -340.5228786472149, 659.4284049558935, 1.871687708574985], [-340.52287864721524, 1826181.8393241952, -2.229485995236632, 654.3327118089722], [659.4284049558935, -2.229485995236632, 0.31676666666666653, 0.0], [1.871687708574985, 654.3327118089722, 0.0, 0.31676666666666653]]"
2026-07-12 06:28:44,59.10863412007936,20.851107238104255,124.79999999999995,parking,306.682559930116,117.45331371425242,0.0,0.0,0.0,4.0,4.0,6.944444444444444e-05,6.944444444444444e-05,"[[1857180.489291426, -340.5228786472149, 659.4284049558935, 1.871687708574985], [-340.52287864721524, 1826181.8393241952, -2.229485995236632, 654.3327118089722], [659.4284049558935, -2.229485995236632, 0.31676666666666653, 0.0], [1.871687708574985, 654.3327118089722, 0.0, 0.31676666666666653]]"
2026-07-12 06:38:44,59.10863412007936,20.851107238104255,124.79999999999995,parking,306.682559930116,117.45331371425242,0.0,0.0,0.0,4.0,4.0,6.944444444444444e-05,6.944444444444444e-05,"[[1857180.489291426, -340.5228786472149, 659.4284049558935, 1.871687708574985], [-340.52287864721524, 1826181.8393241952, -2.229485995236632, 654.3327118089722], [659.4284049558935, -2.229485995236632, 0.31676666666666653, 0.0], [1.871687708574985, 654.3327118089722, 0.0, 0.31676666666666653]]"
2026-07-12 06:48:44,59.10863412007936,20.851107238104255,124.79999999999995,parking,306.682559930116,117.45331371425242,0.0,0.0,0.0,4.0,4.0,6.944444444444444e-05,6.944444444444444e-05,"[[1857180.489291426, -340.5228786472149, 659.4284049558935, 1.871687708574985], [-340.52287864721524, 1826181.8393241952, -2.229485995236632, 654.3327118089722], [659.4284049558935, -2.229485995236632, 0.31676666666666653, 0.0], [1.871687708574985, 654.3327118089722, 0.0, 0.31676666666666653]]"
2026-07-12 06:58:44,59.10863412007936,20.851107238104255,124.79999999999995,parking,306.682559930116,117.45331371425242,0.0,0.0,0.0,4.0,4.0,6.944444444444444e-05,6.944444444444444e-05,"[[1857180.489291426, -340.5228786472149, 659.4284049558935, 1.871687708574985], [-340.52287864721524, 1826181.8393241952, -2.229485995236632, 654.3327118089722], [659.4284049558935, -2.229485995236632, 0.31676666666666653, 0.0], [1.871687708574985, 654.3327118089722, 0.0, 0.31676666666666653]]"
2026-07-12 07:08:44,59.10863412007936,20.851107238104255,124.79999999999995,parking,306.682559930116,117.45331371425242,0.0,0.0,0.0,4.0,4.0,6.944444444444444e-05,6.944444444444444e-05,"[[1857180.489291426, -340.5228786472149, 659.4284049558935, 1.871687708574985], [-340.52287864721524, 1826181.8393241952, -2.229485995236632, 654.3327118089722], [659.4284049558935, -2.229485995236632, 0.31676666666666653, 0.0], [1.871687708574985, 654.3327118089722, 0.0, 0.31676666666666653]]"
2026-07-12 07:18:44,59.10863412007936,20.851107238104255,124.79999999999995,parking,306.682559930116,117.45331371425242,0.0,0.0,0.0,4.0,4.0,6.944444444444444e-05,6.944444444444444e-05,"[[1857180.489291426, -340.5228786472149, 659.4284049558935, 1.871687708574985], [-340.52287864721524, 1826181.8393241952, -2.229485995236632, 654.3327118089722], [659.4284049558935, -2.229485995236632, 0.31676666666666653, 0.0], [1.871687708574985, 654.3327118089722, 0.0, 0.31676666666666653]]"
2026-07-12 07:28:44,59.10863412007936,20.851107238104255,124.79999999999995,parking,306.682559930116,117.45331371425242,0.0,0.0,0.0,4.0,4.0,6.944444444444444e-05,6.944444444444444e-05,"[[1857180.489291426, -340.5228786472149, 659.4284049558935, 1.871687708574985], [-340.52287864721524, 1826181.8393241952, -2.229485995236632, 654.3327118089722], [659.4284049558935, -2.229485995236632, 0.31676666666666653, 0.0], [1.871687708574985, 654.3327118089722, 0.0, 0.31676666666666653]]"
2026-07-12 07:38:44,59.10863412007936,20.851107238104255,124.79999999999995,parking,306.682559930116,117.45331371425242,0.0,0.0,0.0,4.0,4.0,6.944444444444444e-05,6.944444444444444e-05,"[[1857180.489291426, -340.5228786472149, 659.4284049558935, 1.871687708574985], [-340.52287864721524, 1826181.8393241952, -2.229485995236632, 654.3327118089722], [659.4284049558935, -2.229485995236632, 0.31676666666666653, 0.0], [1.871687708574985, 654.3327118089722, 0.0, 0.31676666666666653]]"
2026-07-12 07:48:44,59.10863412007936,20.851107238104255,124.79999999999995,parking,306.682559930116,117.45331371425242,0.0,0.0,0.0,4.0,4.0,6.944444444444444e-05,6.944444444444444e-05,"[[1857180.489291426, -340.5228786472149, 659.4284049558935, 1.871687708574985], [-340.52287864721524, 1826181.8393241952, -2.229485995236632, 654.3327118089722], [659.4284049558935, -2.229485995236632, 0.31676666666666653, 0.0], [1.871687708574985, 654.3327118089722, 0.0, 0.31676666666666653]]"
2026-07-12 07:58:44,59.10863412007936,20.851107238104255,124.79999999999995,parking,306.682559930116,117.45331371425242,0.0,0.0,0.0,4.0,4.0,6.944444444444444e-05,6.944444444444444e-05,"[[1857180.489291426, -340.5228786472149, 659.4284049558935, 1.871687708574985], [-340.52287864721524, 1826181.8393241952, -2.229485995236632, 654.3327118089722], [659.4284049558935, -2.229485995236632, 0.31676666666666653, 0.0], [1.871687708574985, 654.3327118089722, 0.0, 0.31676666666666653]]"
2026-07-12 08:08:44,59.10863412007936,20.851107238104255,124.79999999999995,parking,306.682559930116,117.45331371425242,0.0,0.0,0.0,4.0,4.0,6.944444444444444e-05,6.944444444444444e-05,"[[1857180.489291426, -340.5228786472149, 659.4284049558935, 1.871687708574985], [-340.52287864721524, 1826181.8393241952, -2.229485995236632, 654.3327118089722], [659.4284049558935, -2.229485995236632, 0.31676666666666653, 0.0], [1.871687708574985, 654.3327118089722, 0.0, 0.31676666666666653]]"
2026-07-12 08:18:44,59.10863412007936,20.851107238104255,124.79999999999995,parking,306.682559930116,117.45331371425242,0.0,0.0,0.0,4.0,4.0,6.944444444444444e-05,6.944444444444444e-05,"[[1857180.489291426, -340.5228786472149, 659.4284049558935, 1.871687708574985], [-340.52287864721524, 1826181.8393241952, -2.229485995236632, 654.3327118089722], [659.4284049558935, -2.229485995236632, 0.31676666666666653, 0.0], [1.871687708574985, 654.3327118089722, 0.0, 0.31676666666666653]]"
2026-07-12 08:28:44,59.10863412007936,20.851107238104255,124.79999999999995,parking,306.682559930116,117.45331371425242,0.0,0.0,0.0,4.0,4.0,6.944444444444444e-05,6.944444444444444e-05,"[[1857180.489291426, -340.5228786472149, 659.4284049558935, 1.871687708574985], [-340.52287864721524, 1826181.8393241952, -2.229485995236632, 654.3327118089722], [659.4284049558935, -2.229485995236632, 0.31676666666666653, 0.0], [1.871687708574985, 654.3327118089722, 0.0, 0.31676666666666653]]"
2026-07-12 08:38:44,59.10863412007936,20.851107238104255,124.79999999999995,parking,306.682559930116,117.45331371425242,0.0,0.0,0.0,4.0,4.0,6.944444444444444e-05,6.944444444444444e-05,"[[1857180.489291426, -340.5228786472149, 659.4284049558935, 1.871687708574985], [-340.52287864721524, 1826181.8393241952, -2.229485995236632, 654.3327118089722], [659.4284049558935, -2.229485995236632, 0.31676666666666653, 0.0], [1.871687708574985, 654.3327118089722, 0.0, 0.31676666666666653]]"
2026-07-12 08:48:44,59.10863412007936,20.851107238104255,124.79999999999995,parking,306.682559930116,117.45331371425242,0.0,0.0,0.0,4.0,4.0,6.944444444444444e-05,6.944444444444444e-05,"[[1857180.489291426, -340.5228786472149, 659.4284049558935, 1.871687708574985], [-340.52287864721524, 1826181.8393241952, -2.229485995236632, 654.3327118089722], [659.4284049558935, -2.229485995236632, 0.31676666666666653, 0.0], [1.871687708574985, 654.3327118089722, 0.0, 0.31676666666666653]]"
2026-07-12 08:58:44,59.10863412007936,20.851107238104255,124.79999999999995,parking,306.682559930116,117.45331371425242,0.0,0.0,0.0,4.0,4.0,6.944444444444444e-05,6.944444444444444e-05,"[[1857180.489291426, -340.5228786472149, 659.4284049558935, 1.871687708574985], [-340.52287864721524, 1826181.8393241952, -2.229485995236632, 654.3327118089722], [659.4284049558935, -2.229485995236632, 0.31676666666666653, 0.0], [1.871687708574985, 654.3327118089722, 0.0, 0.31676666666666653]]"
2026-07-12 09:08:44,59.10863412007936,20.851107238104255,124.79999999999995,parking,306.682559930116,117.45331371425242,0.0,0.0,0.0,4.0,4.0,6.944444444444444e-05,6.944444444444444e-05,"[[1857180.489291426, -340.5228786472149, 659.4284049558935, 1.871687708574985], [-340.52287864721524, 1826181.8393241952, -2.229485995236632, 654.3327118089722], [659.4284049558935, -2.229485995236632, 0.31676666666666653, 0.0], [1.871687708574985, 654.3327118089722, 0.0, 0.31676666666666653]]"
2026-07-12 09:18:44,59.10863412007936,20.851107238104255,124.79999999999995,parking,306.682559930116,117.45331371425242,0.0,0.0,0.0,4.0,4.0,6.944444444444444e-05,6.944444444444444e-05,"[[1857180.489291426, -340.5228786472149, 659.4284049558935, 1.871687708574985], [-340.52287864721524, 1826181.8393241952, -2.229485995236632, 654.3327118089722], [659.4284049558935, -2.229485995236632, 0.31676666666666653, 0.0], [1.871687708574985, 654.3327118089722, 0.0, 0.31676666666666653]]"
2026-07-12 09:28:44,59.10863412007936,20.851107238104255,124.79999999999995,parking,306.682559930116,117.45331371425242,0.0,0.0,0.0,4.0,4.0,6.944444444444444e-05,6.944444444444444e-05,"[[1857180.489291426, -340.5228786472149, 659.4284049558935, 1.871687708574985], [-340.52287864721524, 1826181.8393241952, -2.229485995236632, 654.3327118089722], [659.4284049558935, -2.229485995236632, 0.31676666666666653, 0.0], [1.871687708574985, 654.3327118089722, 0.0, 0.31676666666666653]]"
2026-07-12 09:38:44,59.10863412007936,20.851107238104255,124.79999999999995,parking,306.682559930116,117.45331371425242,0.0,0.0,0.0,4.0,4.0,6.944444444444444e-05,6.944444444444444e-05,"[[1857180.489291426, -340.5228786472149, 659.4284049558935, 1.871687708574985], [-340.52287864721524, 1826181.8393241952, -2.229485995236632, 654.3327118089722], [659.4284049558935, -2.229485995236632, 0.31676666666666653, 0.0], [1.871687708574985, 654.3327118089722, 0.0, 0.31676666666666653]]"
2026-07-12 09:48:44,59.10863412007936,20.851107238104255,124.79999999999995,parking,306.682559930116,117.45331371425242,0.0,0.0,0.0,4.0,4.0,6.944444444444444e-05,6.944444444444444e-05,"[[1857180.489291426, -340.5228786472149, 659.4284049558935, 1.871687708574985], [-340.52287864721524, 1826181.8393241952, -2.229485995236632, 654.3327118089722], [659.4284049558935, -2.229485995236632, 0.31676666666666653, 0.0], [1.871687708574985, 654.3327118089722, 0.0, 0.31676666666666653]]"
2026-07-12 09:58:44,59.10863412007936,20.851107238104255,124.79999999999995,parking,306.682559930116,117.45331371425242,0.0,0.0,0.0,4.0,4.0,6.944444444444444e-05,6.944444444444444e-05,"[[1857180.489291426, -340.5228786472149, 659.4284049558935, 1.871687708574985], [-340.52287864721524, 1826181.8393241952, -2.229485995236632, 654.3327118089722], [659.4284049558935, -2.229485995236632, 0.31676666666666653, 0.0], [1.871687708574985, 654.3327118089722, 0.0, 0.31676666666666653]]"
2026-07-12 10:08:44,59.10863412007936,20.851107238104255,124.79999999999995,parking,306.682559930116,117.45331371425242,0.0,0.0,0.0,4.0,4.0,6.944444444444444e-05,6.944444444444444e-05,"[[1857180.489291426, -340.5228786472149, 659.4284049558935, 1.871687708574985], [-340.52287864721524, 1826181.8393241952, -2.229485995236632, 654.3327118089722], [659.4284049558935, -2.229485995236632, 0.31676666666666653, 0.0], [1.871687708574985, 654.3327118089722, 0.0, 0.31676666666666653]]"
2026-07-12 10:18:44,59.10863412007936,20.851107238104255,124.79999999999995,parking,306.682559930116,117.45331371425242,0.0,0.0,0.0,4.0,4.0,6.944444444444444e-05,6.944444444444444e-05,"[[1857180.489291426, -340.5228786472149, 659.4284049558935, 1.871687708574985], [-340.52287864721524, 1826181.8393241952, -2.229485995236632, 654.3327118089722], [659.4284049558935, -2.229485995236632, 0.31676666666666653, 0.0], [1.871687708574985, 654.3327118089722, 0.0, 0.31676666666666653]]"
2026-07-12 10:28:44,59.10863412007936,20.851107238104255,124.79999999999995,parking,306.682559930116,117.45331371425242,0.0,0.0,0.0,4.0,4.0,6.944444444444444e-05,6.944444444444444e-05,"[[1857180.489291426, -340.5228786472149, 659.4284049558935, 1.871687708574985], [-340.52287864721524, 1826181.8393241952, -2.229485995236632, 654.3327118089722], [659.4284049558935, -2.229485995236632, 0.31676666666666653, 0.0], [1.871687708574985, 654.3327118089722, 0.0, 0.31676666666666653]]"
2026-07-12 10:38:44,59.10863412007936,20.851107238104255,124.79999999999995,parking,306.682559930116,117.45331371425242,0.0,0.0,0.0,4.0,4.0,6.944444444444444e-05,6.944444444444444e-05,"[[1857180.489291426, -340.5228786472149, 659.4284049558935, 1.871687708574985], [-340.52287864721524, 1826181.8393241952, -2.229485995236632, 654.3327118089722], [659.4284049558935, -2.229485995236632, 0.31676666666666653, 0.0], [1.871687708574985, 654.3327118089722, 0.0, 0.31676666666666653]]"
2026-07-12 10:48:44,59.10863412007936,20.851107238104255,124.79999999999995,parking,306.682559930116,117.45331371425242,0.0,0.0,0.0,4.0,4.0,6.944444444444444e-05,6.944444444444444e-05,"[[1857180.489291426, -340.5228786472149, 659.4284049558935, 1.871687708574985], [-340.52287864721524, 1826181.8393241952, -2.229485995236632, 654.3327118089722], [659.4284049558935, -2.229485995236632, 0.31676666666666653, 0.0], [1.871687708574985, 654.3327118089722, 0.0, 0.31676666666666653]]"
2026-07-12 10:58:44,59.10863412007936,20.851107238104255,124.79999999999995,parking,306.682559930116,117.45331371425242,0.0,0.0,0.0,4.0,4.0,6.944444444444444e-05,6.944444444444444e-05,"[[1857180.489291426, -340.5228786472149, 659.4284049558935, 1.871687708574985], [-340.52287864721524, 1826181.8393241952, -2.229485995236632, 654.3327118089722], [659.4284049558935, -2.229485995236632, 0.31676666666666653, 0.0], [1.871687708574985, 654.3327118089722, 0.0, 0.31676666666666653]]"
2026-07-12 11:08:44,59.10863412007936,20.851107238104255,124.79999999999995,parking,306.682559930116,117.45331371425242,0.0,0.0,0.0,4.0,4.0,6.944444444444444e-05,6.944444444444444e-05,"[[1857180.489291426, -340.5228786472149, 659.4284049558935, 1.871687708574985], [-340.52287864721524, 1826181.8393241952, -2.229485995236632, 654.3327118089722], [659.4284049558935, -2.229485995236632, 0.31676666666666653, 0.0], [1.871687708574985, 654.3327118089722, 0.0, 0.31676666666666653]]"
2026-07-12 11:18:44,59.10863412007936,20.851107238104255,124.79999999999995,parking,306.682559930116,117.45331371425242,0.0,0.0,0.0,4.0,4.0,6.944444444444444e-05,6.944444444444444e-05,"[[1857180.489291426, -340.5228786472149, 659.4284049558935, 1.871687708574985], [-340.52287864721524, 1826181.8393241952, -2.229485995236632, 654.3327118089722], [659.4284049558935, -2.229485995236632, 0.31676666666666653, 0.0], [1.871687708574985, 654.3327118089722, 0.0, 0.31676666666666653]]"
2026-07-12 11:28:44,59.10863412007936,20.851107238104255,124.79999999999995,parking,306.682559930116,117.45331371425242,0.0,0.0,0.0,4.0,4.0,6.944444444444444e-05,6.944444444444444e-05,"[[1857180.489291426, -340.5228786472149, 659.4284049558935, 1.871687708574985], [-340.52287864721524, 1826181.8393241952, -2.229485995236632, 654.3327118089722], [659.4284049558935, -2.229485995236632, 0.31676666666666653, 0.0], [1.871687708574985, 654.3327118089722, 0.0, 0.31676666666666653]]"
2026-07-12 11:38:44,59.10863412007936,20.851107238104255,124.79999999999995,parking,306.682559930116,117.45331371425242,0.0,0.0,0.0,4.0,4.0,6.944444444444444e-05,6.944444444444444e-05,"[[1857180.489291426, -340.5228786472149, 659.4284049558935, 1.871687708574985], [-340.52287864721524, 1826181.8393241952, -2.229485995236632, 654.3327118089722], [659.4284049558935, -2.229485995236632, 0.31676666666666653, 0.0], [1.871687708574985, 654.3327118089722, 0.0, 0.31676666666666653]]"
2026-07-12 11:48:44,59.10863412007936,20.851107238104255,124.79999999999995,parking,306.682559930116,117.45331371425242,0.0,0.0,0.0,4.0,4.0,6.944444444444444e-05,6.944444444444444e-05,"[[1857180.489291426, -340.5228786472149, 659.4284049558935, 1.871687708574985], [-340.52287864721524, 1826181.8393241952, -2.229485995236632, 654.3327118089722], [659.4284049558935, -2.229485995236632, 0.31676666666666653, 0.0], [1.871687708574985, 654.3327118089722, 0.0, 0.31676666666666653]]"
2026-07-12 11:58:44,59.10863412007936,20.851107238104255,124.79999999999995,parking,306.682559930116,117.45331371425242,0.0,0.0,0.0,4.0,4.0,6.944444444444444e-05,6.944444444444444e-05,"[[1857180.489291426, -340.5228786472149, 659.4284049558935, 1.871687708574985], [-340.52287864721524, 1826181.8393241952, -2.229485995236632, 654.3327118089722], [659.4284049558935, -2.229485995236632, 0.31676666666666653, 0.0], [1.871687708574985, 654.3327118089722, 0.0, 0.31676666666666653]]"
2026-07-12 12:08:44,59.10863412007936,20.851107238104255,124.79999999999995,parking,306.682559930116,117.45331371425242,0.0,0.0,0.0,4.0,4.0,6.944444444444444e-05,6.944444444444444e-05,"[[1857180.489291426, -340.5228786472149, 659.4284049558935, 1.871687708574985], [-340.52287864721524, 1826181.8393241952, -2.229485995236632, 654.3327118089722], [659.4284049558935, -2.229485995236632, 0.31676666666666653, 0.0], [1.871687708574985, 654.3327118089722, 0.0, 0.31676666666666653]]"
2026-07-12 12:18:44,59.10863412007936,20.851107238104255,124.79999999999995,parking,306.682559930116,117.45331371425242,0.0,0.0,0.0,4.0,4.0,6.944444444444444e-05,6.944444444444444e-05,"[[1857180.489291426, -340.5228786472149, 659.4284049558935, 1.871687708574985], [-340.52287864721524, 1826181.8393241952, -2.229485995236632, 654.3327118089722], [659.4284049558935, -2.229485995236632, 0.31676666666666653, 0.0], [1.871687708574985, 654.3327118089722, 0.0, 0.31676666666666653]]"
2026-07-12 12:28:44,59.10863412007936,20.851107238104255,124.79999999999995,parking,306.682559930116,117.45331371425242,0.0,0.0,0.0,4.0,4.0,6.944444444444444e-05,6.944444444444444e-05,"[[1857180.489291426, -340.5228786472149, 659.4284049558935, 1.871687708574985], [-340.52287864721524, 1826181.8393241952, -2.229485995236632, 654.3327118089722], [659.4284049558935, -2.229485995236632, 0.31676666666666653, 0.0], [1.871687708574985, 654.3327118089722, 0.0, 0.31676666666666653]]"
2026-07-12 12:38:44,59.10863412007936,20.851107238104255,124.79999999999995,parking,306.682559930116,117.45331371425242,0.0,0.0,0.0,4.0,4.0,6.944444444444444e-05,6.944444444444444e-05,"[[1857180.489291426, -340.5228786472149, 659.4284049558935, 1.871687708574985], [-340.52287864721524, 1826181.8393241952, -2.229485995236632, 654.3327118089722], [659.4284049558935, -2.229485995236632, 0.31676666666666653, 0.0], [1.871687708574985, 654.3327118089722, 0.0, 0.31676666666666653]]"
2026-07-12 12:48:44,59.10863412007936,20.851107238104255,124.79999999999995,parking,306.682559930116,117.45331371425242,0.0,0.0,0.0,4.0,4.0,6.944444444444444e-05,6.944444444444444e-05,"[[1857180.489291426, -340.5228786472149, 659.4284049558935, 1.871687708574985], [-340.52287864721524, 1826181.8393241952, -2.229485995236632, 654.3327118089722], [659.4284049558935, -2.229485995236632, 0.31676666666666653, 0.0], [1.871687708574985, 654.3327118089722, 0.0, 0.31676666666666653]]"
2026-07-12 12:58:44,59.10863412007936,20.851107238104255,124.79999999999995,parking,306.682559930116,117.45331371425242,0.0,0.0,0.0,4.0,4.0,6.944444444444444e-05,6.944444444444444e-05,"[[1857180.489291426, -340.5228786472149, 659.4284049558935, 1.871687708574985], [-340.52287864721524, 1826181.8393241952, -2.229485995236632, 654.3327118089722], [659.4284049558935, -2.229485995236632, 0.31676666666666653, 0.0], [1.871687708574985, 654.3327118089722, 0.0, 0.31676666666666653]]"
2026-07-12 13:08:44,59.10863412007936,20.851107238104255,124.79999999999995,parking,306.682559930116,117.45331371425242,0.0,0.0,0.0,4.0,4.0,6.944444444444444e-05,6.944444444444444e-05,"[[1857180.489291426, -340.5228786472149, 659.4284049558935, 1.871687708574985], [-340.52287864721524, 1826181.8393241952, -2.229485995236632, 654.3327118089722], [659.4284049558935, -2.229485995236632, 0.31676666666666653, 0.0], [1.871687708574985, 654.3327118089722, 0.0, 0.31676666666666653]]"
2026-07-12 13:18:44,59.10863412007936,20.851107238104255,124.79999999999995,parking,306.682559930116,117.45331371425242,0.0,0.0,0.0,4.0,4.0,6.944444444444444e-05,6.944444444444444e-05,"[[1857180.489291426, -340.5228786472149, 659.4284049558935, 1.871687708574985], [-340.52287864721524, 1826181.8393241952, -2.229485995236632, 654.3327118089722], [659.4284049558935, -2.229485995236632, 0.31676666666666653, 0.0], [1.871687708574985, 654.3327118089722, 0.0, 0.31676666666666653]]"
2026-07-12 13:28:44,59.10863412007936,20.851107238104255,124.79999999999995,parking,306.682559930116,117.45331371425242,0.0,0.0,0.0,4.0,4.0,6.944444444444444e-05,6.944444444444444e-05,"[[1857180.489291426, -340.5228786472149, 659.4284049558935, 1.871687708574985], [-340.52287864721524, 1826181.8393241952, -2.229485995236632, 654.3327118089722], [659.4284049558935, -2.229485995236632, 0.31676666666666653, 0.0], [1.871687708574985, 654.3327118089722, 0.0, 0.31676666666666653]]"
2026-07-12 13:38:44,59.10863412007936,20.851107238104255,124.79999999999995,parking,306.682559930116,117.45331371425242,0.0,0.0,0.0,4.0,4.0,6.944444444444444e-05,6.944444444444444e-05,"[[1857180.489291426, -340.5228786472149, 659.4284049558935, 1.871687708574985], [-340.52287864721524, 1826181.8393241952, -2.229485995236632, 654.3327118089722], [659.4284049558935, -2.229485995236632, 0.31676666666666653, 0.0], [1.871687708574985, 654.3327118089722, 0.0, 0.31676666666666653]]"
2026-07-12 13:48:44,59.10863412007936,20.851107238104255,124.79999999999995,parking,306.682559930116,117.45331371425242,0.0,0.0,0.0,4.0,4.0,6.944444444444444e-05,6.944444444444444e-05,"[[1857180.489291426, -340.5228786472149, 659.4284049558935, 1.871687708574985], [-340.52287864721524, 1826181.8393241952, -2.229485995236632, 654.3327118089722], [659.4284049558935, -2.229485995236632, 0.31676666666666653, 0.0], [1.871687708574985, 654.3327118089722, 0.0, 0.31676666666666653]]"
2026-07-12 13:58:44,59.10863412007936,20.851107238104255,124.79999999999995,parking,306.682559930116,117.45331371425242,0.0,0.0,0.0,4.0,4.0,6.944444444444444e-05,6.944444444444444e-05,"[[1857180.489291426, -340.5228786472149, 659.4284049558935, 1.871687708574985], [-340.52287864721524, 1826181.8393241952, -2.229485995236632, 654.3327118089722], [659.4284049558935, -2.229485995236632, 0.31676666666666653, 0.0], [1.871687708574985, 654.3327118089722, 0.0, 0.31676666666666653]]"
2026-07-12 14:08:44,59.10863412007936,20.851107238104255,124.79999999999995,parking,306.682559930116,117.45331371425242,0.0,0.0,0.0,4.0,4.0,6.944444444444444e-05,6.944444444444444e-05,"[[1857180.489291426, -340.5228786472149, 659.4284049558935, 1.871687708574985], [-340.52287864721524, 1826181.8393241952, -2.229485995236632, 654.3327118089722], [659.4284049558935, -2.229485995236632, 0.31676666666666653, 0.0], [1.871687708574985, 654.3327118089722, 0.0, 0.31676666666666653]]"
2026-07-12 14:18:44,59.10863412007936,20.851107238104255,124.79999999999995,parking,306.682559930116,117.45331371425242,0.0,0.0,0.0,4.0,4.0,6.944444444444444e-05,6.944444444444444e-05,"[[1857180.489291426, -340.5228786472149, 659.4284049558935, 1.871687708574985], [-340.52287864721524, 1826181.8393241952, -2.229485995236632, 654.3327118089722], [659.4284049558935, -2.229485995236632, 0.31676666666666653, 0.0], [1.871687708574985, 654.3327118089722, 0.0, 0.31676666666666653]]"
2026-07-12 14:28:44,59.10863412007936,20.851107238104255,124.79999999999995,parking,306.682559930116,117.45331371425242,0.0,0.0,0.0,4.0,4.0,6.944444444444444e-05,6.944444444444444e-05,"[[1857180.489291426, -340.5228786472149, 659.4284049558935, 1.871687708574985], [-340.52287864721524, 1826181.8393241952, -2.229485995236632, 654.3327118089722], [659.4284049558935, -2.229485995236632, 0.31676666666666653, 0.0], [1.871687708574985, 654.3327118089722, 0.0, 0.31676666666666653]]"
2026-07-12 14:38:44,59.10863412007936,20.851107238104255,124.79999999999995,parking,306.682559930116,117.45331371425242,0.0,0.0,0.0,4.0,4.0,6.944444444444444e-05,6.944444444444444e-05,"[[1857180.489291426, -340.5228786472149, 659.4284049558935, 1.871687708574985], [-340.52287864721524, 1826181.8393241952, -2.229485995236632, 654.3327118089722], [659.4284049558935, -2.229485995236632, 0.31676666666666653, 0.0], [1.871687708574985, 654.3327118089722, 0.0, 0.31676666666666653]]"
2026-07-12 14:48:44,59.10863412007936,20.851107238104255,124.79999999999995,parking,306.682559930116,117.45331371425242,0.0,0.0,0.0,4.0,4.0,6.944444444444444e-05,6.944444444444444e-05,"[[1857180.489291426, -340.5228786472149, 659.4284049558935, 1.871687708574985], [-340.52287864721524, 1826181.8393241952, -2.229485995236632, 654.3327118089722], [659.4284049558935, -2.229485995236632, 0.31676666666666653, 0.0], [1.871687708574985, 654.3327118089722, 0.0, 0.31676666666666653]]"
2026-07-12 14:58:44,59.10863412007936,20.851107238104255,124.79999999999995,parking,306.682559930116,117.45331371425242,0.0,0.0,0.0,4.0,4.0,6.944444444444444e-05,6.944444444444444e-05,"[[1857180.489291426, -340.5228786472149, 659.4284049558935, 1.871687708574985], [-340.52287864721524, 1826181.8393241952, -2.229485995236632, 654.3327118089722], [659.4284049558935, -2.229485995236632, 0.31676666666666653, 0.0], [1.871687708574985, 654.3327118089722, 0.0, 0.31676666666666653]]"
2026-07-12 15:08:44,59.10863412007936,20.851107238104255,124.79999999999995,parking,306.682559930116,117.45331371425242,0.0,0.0,0.0,4.0,4.0,6.944444444444444e-05,6.944444444444444e-05,"[[1857180.489291426, -340.5228786472149, 659.4284049558935, 1.871687708574985], [-340.52287864721524, 1826181.8393241952, -2.229485995236632, 654.3327118089722], [659.4284049558935, -2.229485995236632, 0.31676666666666653, 0.0], [1.871687708574985, 654.3327118089722, 0.0, 0.31676666666666653]]"
2026-07-12 15:18:44,59.10863412007936,20.851107238104255,124.79999999999995,parking,306.682559930116,117.45331371425242,0.0,0.0,0.0,4.0,4.0,6.944444444444444e-05,6.944444444444444e-05,"[[1857180.489291426, -340.5228786472149, 659.4284049558935, 1.871687708574985], [-340.52287864721524, 1826181.8393241952, -2.229485995236632, 654.3327118089722], [659.4284049558935, -2.229485995236632, 0.31676666666666653, 0.0], [1.871687708574985, 654.3327118089722, 0.0, 0.31676666666666653]]"
2026-07-12 15:28:44,59.10863412007936,20.851107238104255,124.79999999999995,parking,306.682559930116,117.45331371425242,0.0,0.0,0.0,4.0,4.0,6.944444444444444e-05,6.944444444444444e-05,"[[1857180.489291426, -340.5228786472149, 659.4284049558935, 1.871687708574985], [-340.52287864721524, 1826181.8393241952, -2.229485995236632, 654.3327118089722], [659.4284049558935, -2.229485995236632, 0.31676666666666653, 0.0], [1.871687708574985, 654.3327118089722, 0.0, 0.31676666666666653]]"
2026-07-12 15:38:44,59.10863412007936,20.851107238104255,124.79999999999995,parking,306.682559930116,117.45331371425242,0.0,0.0,0.0,4.0,4.0,6.944444444444444e-05,6.944444444444444e-05,"[[1857180.489291426, -340.5228786472149, 659.4284049558935, 1.871687708574985], [-340.52287864721524, 1826181.8393241952, -2.229485995236632, 654.3327118089722], [659.4284049558935, -2.229485995236632, 0.31676666666666653, 0.0], [1.871687708574985, 654.3327118089722, 0.0, 0.31676666666666653]]"
2026-07-12 15:48:44,59.10863412007936,20.851107238104255,124.79999999999995,parking,306.682559930116,117.45331371425242,0.0,0.0,0.0,4.0,4.0,6.944444444444444e-05,6.944444444444444e-05,"[[1857180.489291426, -340.5228786472149, 659.4284049558935, 1.871687708574985], [-340.52287864721524, 1826181.8393241952, -2.229485995236632, 654.3327118089722], [659.4284049558935, -2.229485995236632, 0.31676666666666653, 0.0], [1.871687708574985, 654.3327118089722, 0.0, 0.31676666666666653]]"
2026-07-12 15:58:44,59.10863412007936,20.851107238104255,124.79999999999995,parking,306.682559930116,117.45331371425242,0.0,0.0,0.0,4.0,4.0,6.944444444444444e-05,6.944444444444444e-05,"[[1857180.489291426, -340.5228786472149, 659.4284049558935, 1.871687708574985], [-340.52287864721524, 1826181.8393241952, -2.229485995236632, 654.3327118089722], [659.4284049558935, -2.229485995236632, 0.31676666666666653, 0.0], [1.871687708574985, 654.3327118089722, 0.0, 0.31676666666666653]]"
2026-07-12 16:08:44,59.10863412007936,20.851107238104255,124.79999999999995,parking,306.682559930116,117.45331371425242,0.0,0.0,0.0,4.0,4.0,6.944444444444444e-05,6.944444444444444e-05,"[[1857180.489291426, -340.5228786472149, 659.4284049558935, 1.871687708574985], [-340.52287864721524, 1826181.8393241952, -2.229485995236632, 654.3327118089722], [659.4284049558935, -2.229485995236632, 0.31676666666666653, 0.0], [1.871687708574985, 654.3327118089722, 0.0, 0.31676666666666653]]"
2026-07-12 16:18:44,59.10863412007936,20.851107238104255,124.79999999999995,parking,306.682559930116,117.45331371425242,0.0,0.0,0.0,4.0,4.0,6.944444444444444e-05,6.944444444444444e-05,"[[1857180.489291426, -340.5228786472149, 659.4284049558935, 1.871687708574985], [-340.52287864721524, 1826181.8393241952, -2.229485995236632, 654.3327118089722], [659.4284049558935, -2.229485995236632, 0.31676666666666653, 0.0], [1.871687708574985, 654.3327118089722, 0.0, 0.31676666666666653]]"
2026-07-12 16:28:44,59.10863412007936,20.851107238104255,124.79999999999995,parking,306.682559930116,117.45331371425242,0.0,0.0,0.0,4.0,4.0,6.944444444444444e-05,6.944444444444444e-05,"[[1857180.489291426, -340.5228786472149, 659.4284049558935, 1.871687708574985], [-340.52287864721524, 1826181.8393241952, -2.229485995236632, 654.3327118089722], [659.4284049558935, -2.229485995236632, 0.31676666666666653, 0.0], [1.871687708574985, 654.3327118089722, 0.0, 0.31676666666666653]]"
2026-07-12 16:38:44,59.10863412007936,20.851107238104255,124.79999999999995,parking,306.682559930116,117.45331371425242,0.0,0.0,0.0,4.0,4.0,6.944444444444444e-05,6.944444444444444e-05,"[[1857180.489291426, -340.5228786472149, 659.4284049558935, 1.871687708574985], [-340.52287864721524, 1826181.8393241952, -2.229485995236632, 654.3327118089722], [659.4284049558935, -2.229485995236632, 0.31676666666666653, 0.0], [1.871687708574985, 654.3327118089722, 0.0, 0.31676666666666653]]"
2026-07-12 16:48:44,59.10863412007936,20.851107238104255,124.79999999999995,parking,306.682559930116,117.45331371425242,0.0,0.0,0.0,4.0,4.0,6.944444444444444e-05,6.944444444444444e-05,"[[1857180.489291426, -340.5228786472149, 659.4284049558935, 1.871687708574985], [-340.52287864721524, 1826181.8393241952, -2.229485995236632, 654.3327118089722], [659.4284049558935, -2.229485995236632, 0.31676666666666653, 0.0], [1.871687708574985, 654.3327118089722, 0.0, 0.31676666666666653]]"
2026-07-12 16:58:44,59.10863412007936,20.851107238104255,124.79999999999995,parking,306.682559930116,117.45331371425242,0.0,0.0,0.0,4.0,4.0,6.944444444444444e-05,6.944444444444444e-05,"[[1857180.489291426, -340.5228786472149, 659.4284049558935, 1.871687708574985], [-340.52287864721524, 1826181.8393241952, -2.229485995236632, 654.3327118089722], [659.4284049558935, -2.229485995236632, 0.31676666666666653, 0.0], [1.871687708574985, 654.3327118089722, 0.0, 0.31676666666666653]]"
2026-07-12 17:08:44,59.10863412007936,20.851107238104255,124.79999999999995,parking,306.682559930116,117.45331371425242,0.0,0.0,0.0,4.0,4.0,6.944444444444444e-05,6.944444444444444e-05,"[[1857180.489291426, -340.5228786472149, 659.4284049558935, 1.871687708574985], [-340.52287864721524, 1826181.8393241952, -2.229485995236632, 654.3327118089722], [659.4284049558935, -2.229485995236632, 0.31676666666666653, 0.0], [1.871687708574985, 654.3327118089722, 0.0, 0.31676666666666653]]"
2026-07-12 17:18:44,59.10863412007936,20.851107238104255,124.79999999999995,parking,306.682559930116,117.45331371425242,0.0,0.0,0.0,4.0,4.0,6.944444444444444e-05,6.944444444444444e-05,"[[1857180.489291426, -340.5228786472149, 659.4284049558935, 1.871687708574985], [-340.52287864721524, 1826181.8393241952, -2.229485995236632, 654.3327118089722], [659.4284049558935, -2.229485995236632, 0.31676666666666653, 0.0], [1.871687708574985, 654.3327118089722, 0.0, 0.31676666666666653]]"
2026-07-12 17:28:44,59.10863412007936,20.851107238104255,124.79999999999995,parking,306.682559930116,117.45331371425242,0.0,0.0,0.0,4.0,4.0,6.944444444444444e-05,6.944444444444444e-05,"[[1857180.489291426, -340.5228786472149, 659.4284049558935, 1.871687708574985], [-340.52287864721524, 1826181.8393241952, -2.229485995236632, 654.3327118089722], [659.4284049558935, -2.229485995236632, 0.31676666666666653, 0.0], [1.871687708574985, 654.3327118089722, 0.0, 0.31676666666666653]]"
2026-07-12 17:38:44,59.10863412007936,20.851107238104255,124.79999999999995,parking,306.682559930116,117.45331371425242,0.0,0.0,0.0,4.0,4.0,6.944444444444444e-05,6.944444444444444e-05,"[[1857180.489291426, -340.5228786472149, 659.4284049558935, 1.871687708574985], [-340.52287864721524, 1826181.8393241952, -2.229485995236632, 654.3327118089722], [659.4284049558935, -2.229485995236632, 0.31676666666666653, 0.0], [1.871687708574985, 654.3327118089722, 0.0, 0.31676666666666653]]"
2026-07-12 17:48:44,59.10863412007936,20.851107238104255,124.79999999999995,parking,306.682559930116,117.45331371425242,0.0,0.0,0.0,4.0,4.0,6.944444444444444e-05,6.944444444444444e-05,"[[1857180.489291426, -340.5228786472149, 659.4284049558935, 1.871687708574985], [-340.52287864721524, 1826181.8393241952, -2.229485995236632, 654.3327118089722], [659.4284049558935, -2.229485995236632, 0.31676666666666653, 0.0], [1.871687708574985, 654.3327118089722, 0.0, 0.31676666666666653]]"
2026-07-12 17:58:44,59.10863412007936,20.851107238104255,124.79999999999995,parking,306.682559930116,117.45331371425242,0.0,0.0,0.0,4.0,4.0,6.944444444444444e-05,6.944444444444444e-05,"[[1857180.489291426, -340.5228786472149, 659.4284049558935, 1.871687708574985], [-340.52287864721524, 1826181.8393241952, -2.229485995236632, 654.3327118089722], [659.4284049558935, -2.229485995236632, 0.31676666666666653, 0.0], [1.871687708574985, 654.3327118089722, 0.0, 0.31676666666666653]]"
2026-07-12 18:08:44,59.10863412007936,20.851107238104255,124.79999999999995,parking,306.682559930116,117.45331371425242,0.0,0.0,0.0,4.0,4.0,6.944444444444444e-05,6.944444444444444e-05,"[[1857180.489291426, -340.5228786472149, 659.4284049558935, 1.871687708574985], [-340.52287864721524, 1826181.8393241952, -2.229485995236632, 654.3327118089722], [659.4284049558935, -2.229485995236632, 0.31676666666666653, 0.0], [1.871687708574985, 654.3327118089722, 0.0, 0.31676666666666653]]"
2026-07-12 18:18:44,59.10863412007936,20.851107238104255,124.79999999999995,parking,306.682559930116,117.45331371425242,0.0,0.0,0.0,4.0,4.0,6.944444444444444e-05,6.944444444444444e-05,"[[1857180.489291426, -340.5228786472149, 659.4284049558935, 1.871687708574985], [-340.52287864721524, 1826181.8393241952, -2.229485995236632, 654.3327118089722], [659.4284049558935, -2.229485995236632, 0.31676666666666653, 0.0], [1.871687708574985, 654.3327118089722, 0.0, 0.31676666666666653]]"
2026-07-12 18:28:44,59.10863412007936,20.851107238104255,124.79999999999995,parking,306.682559930116,117.45331371425242,0.0,0.0,0.0,4.0,4.0,6.944444444444444e-05,6.944444444444444e-05,"[[1857180.489291426, -340.5228786472149, 659.4284049558935, 1.871687708574985], [-340.52287864721524, 1826181.8393241952, -2.229485995236632, 654.3327118089722], [659.4284049558935, -2.229485995236632, 0.31676666666666653, 0.0], [1.871687708574985, 654.3327118089722, 0.0, 0.31676666666666653]]"
2026-07-12 18:38:44,59.10863412007936,20.851107238104255,124.79999999999995,parking,306.682559930116,117.45331371425242,0.0,0.0,0.0,4.0,4.0,6.944444444444444e-05,6.944444444444444e-05,"[[1857180.489291426, -340.5228786472149, 659.4284049558935, 1.871687708574985], [-340.52287864721524, 1826181.8393241952, -2.229485995236632, 654.3327118089722], [659.4284049558935, -2.229485995236632, 0.31676666666666653, 0.0], [1.871687708574985, 654.3327118089722, 0.0, 0.31676666666666653]]"
2026-07-12 18:48:44,59.10863412007936,20.851107238104255,124.79999999999995,parking,306.682559930116,117.45331371425242,0.0,0.0,0.0,4.0,4.0,6.944444444444444e-05,6.944444444444444e-05,"[[1857180.489291426, -340.5228786472149, 659.4284049558935, 1.871687708574985], [-340.52287864721524, 1826181.8393241952, -2.229485995236632, 654.3327118089722], [659.4284049558935, -2.229485995236632, 0.31676666666666653, 0.0], [1.871687708574985, 654.3327118089722, 0.0, 0.31676666666666653]]"
2026-07-12 18:58:44,59.10863412007936,20.851107238104255,124.79999999999995,parking,306.682559930116,117.45331371425242,0.0,0.0,0.0,4.0,4.0,6.944444444444444e-05,6.944444444444444e-05,"[[1857180.489291426, -340.5228786472149, 659.4284049558935, 1.871687708574985], [-340.52287864721524, 1826181.8393241952, -2.229485995236632, 654.3327118089722], [659.4284049558935, -2.229485995236632, 0.31676666666666653, 0.0], [1.871687708574985, 654.3327118089722, 0.0, 0.31676666666666653]]"
2026-07-12 19:08:44,59.10863412007936,20.851107238104255,124.79999999999995,parking,306.682559930116,117.45331371425242,0.0,0.0,0.0,4.0,4.0,6.944444444444444e-05,6.944444444444444e-05,"[[1857180.489291426, -340.5228786472149, 659.4284049558935, 1.871687708574985], [-340.52287864721524, 1826181.8393241952, -2.229485995236632, 654.3327118089722], [659.4284049558935, -2.229485995236632, 0.31676666666666653, 0.0], [1.871687708574985, 654.3327118089722, 0.0, 0.31676666666666653]]"
2026-07-12 19:18:44,59.10863412007936,20.851107238104255,124.79999999999995,parking,306.682559930116,117.45331371425242,0.0,0.0,0.0,4.0,4.0,6.944444444444444e-05,6.944444444444444e-05,"[[1857180.489291426, -340.5228786472149, 659.4284049558935, 1.871687708574985], [-340.52287864721524, 1826181.8393241952, -2.229485995236632, 654.3327118089722], [659.4284049558935, -2.229485995236632, 0.31676666666666653, 0.0], [1.871687708574985, 654.3327118089722, 0.0, 0.31676666666666653]]"
2026-07-12 19:28:44,59.10863412007936,20.851107238104255,124.79999999999995,parking,306.682559930116,117.45331371425242,0.0,0.0,0.0,4.0,4.0,6.944444444444444e-05,6.944444444444444e-05,"[[1857180.489291426, -340.5228786472149, 659.4284049558935, 1.871687708574985], [-340.52287864721524, 1826181.8393241952, -2.229485995236632, 654.3327118089722], [659.4284049558935, -2.229485995236632, 0.31676666666666653, 0.0], [1.871687708574985, 654.3327118089722, 0.0, 0.31676666666666653]]"
2026-07-12 19:38:44,59.10863412007936,20.851107238104255,124.79999999999995,parking,306.682559930116,117.45331371425242,0.0,0.0,0.0,4.0,4.0,6.944444444444444e-05,6.944444444444444e-05,"[[1857180.489291426, -340.5228786472149, 659.4284049558935, 1.871687708574985], [-340.52287864721524, 1826181.8393241952, -2.229485995236632, 654.3327118089722], [659.4284049558935, -2.229485995236632, 0.31676666666666653, 0.0], [1.871687708574985, 654.3327118089722, 0.0, 0.31676666666666653]]"
2026-07-12 19:48:44,59.10863412007936,20.851107238104255,124.79999999999995,parking,306.682559930116,117.45331371425242,0.0,0.0,0.0,4.0,4.0,6.944444444444444e-05,6.944444444444444e-05,"[[1857180.489291426, -340.5228786472149, 659.4284049558935, 1.871687708574985], [-340.52287864721524, 1826181.8393241952, -2.229485995236632, 654.3327118089722], [659.4284049558935, -2.229485995236632, 0.31676666666666653, 0.0], [1.871687708574985, 654.3327118089722, 0.0, 0.31676666666666653]]"
2026-07-12 19:58:44,59.10863412007936,20.851107238104255,124.79999999999995,parking,306.682559930116,117.45331371425242,0.0,0.0,0.0,4.0,4.0,6.944444444444444e-05,6.944444444444444e-05,"[[1857180.489291426, -340.5228786472149, 659.4284049558935, 1.871687708574985], [-340.52287864721524, 1826181.8393241952, -2.229485995236632, 654.3327118089722], [659.4284049558935, -2.229485995236632, 0.31676666666666653, 0.0], [1.871687708574985, 654.3327118089722, 0.0, 0.31676666666666653]]"
2026-07-12 20:08:44,59.10863412007936,20.851107238104255,124.79999999999995,parking,306.682559930116,117.45331371425242,0.0,0.0,0.0,4.0,4.0,6.944444444444444e-05,6.944444444444444e-05,"[[1857180.489291426, -340.5228786472149, 659.4284049558935, 1.871687708574985], [-340.52287864721524, 1826181.8393241952, -2.229485995236632, 654.3327118089722], [659.4284049558935, -2.229485995236632, 0.31676666666666653, 0.0], [1.871687708574985, 654.3327118089722, 0.0, 0.31676666666666653]]"
2026-07-12 20:18:44,59.10863412007936,20.851107238104255,124.79999999999995,parking,306.682559930116,117.45331371425242,0.0,0.0,0.0,4.0,4.0,6.944444444444444e-05,6.944444444444444e-05,"[[1857180.489291426, -340.5228786472149, 659.4284049558935, 1.871687708574985], [-340.52287864721524, 1826181.8393241952, -2.229485995236632, 654.3327118089722], [659.4284049558935, -2.229485995236632, 0.31676666666666653, 0.0], [1.871687708574985, 654.3327118089722, 0.0, 0.31676666666666653]]"
2026-07-12 20:28:44,59.10863412007936,20.851107238104255,124.79999999999995,parking,306.682559930116,117.45331371425242,0.0,0.0,0.0,4.0,4.0,6.944444444444444e-05,6.944444444444444e-05,"[[1857180.489291426, -340.5228786472149, 659.4284049558935, 1.871687708574985], [-340.52287864721524, 1826181.8393241952, -2.229485995236632, 654.3327118089722], [659.4284049558935, -2.229485995236632, 0.31676666666666653, 0.0], [1.871687708574985, 654.3327118089722, 0.0, 0.31676666666666653]]"
2026-07-12 20:38:44,59.10863412007936,20.851107238104255,124.79999999999995,parking,306.682559930116,117.45331371425242,0.0,0.0,0.0,4.0,4.0,6.944444444444444e-05,6.944444444444444e-05,"[[1857180.489291426, -340.5228786472149, 659.4284049558935, 1.871687708574985], [-340.52287864721524, 1826181.8393241952, -2.229485995236632, 654.3327118089722], [659.4284049558935, -2.229485995236632, 0.31676666666666653, 0.0], [1.871687708574985, 654.3327118089722, 0.0, 0.31676666666666653]]"
2026-07-12 20:48:44,59.10863412007936,20.851107238104255,124.79999999999995,parking,306.682559930116,117.45331371425242,0.0,0.0,0.0,4.0,4.0,6.944444444444444e-05,6.944444444444444e-05,"[[1857180.489291426, -340.5228786472149, 659.4284049558935, 1.871687708574985], [-340.52287864721524, 1826181.8393241952, -2.229485995236632, 654.3327118089722], [659.4284049558935, -2.229485995236632, 0.31676666666666653, 0.0], [1.871687708574985, 654.3327118089722, 0.0, 0.31676666666666653]]"
2026-07-12 20:58:44,59.10863412007936,20.851107238104255,124.79999999999995,parking,306.682559930116,117.45331371425242,0.0,0.0,0.0,4.0,4.0,6.944444444444444e-05,6.944444444444444e-05,"[[1857180.489291426, -340.5228786472149, 659.4284049558935, 1.871687708574985], [-340.52287864721524, 1826181.8393241952, -2.229485995236632, 654.3327118089722], [659.4284049558935, -2.229485995236632, 0.31676666666666653, 0.0], [1.871687708574985, 654.3327118089722, 0.0, 0.31676666666666653]]"
2026-07-12 21:08:44,59.10863412007936,20.851107238104255,124.79999999999995,parking,306.682559930116,117.45331371425242,0.0,0.0,0.0,4.0,4.0,6.944444444444444e-05,6.944444444444444e-05,"[[1857180.489291426, -340.5228786472149, 659.4284049558935, 1.871687708574985], [-340.52287864721524, 1826181.8393241952, -2.229485995236632, 654.3327118089722], [659.4284049558935, -2.229485995236632, 0.31676666666666653, 0.0], [1.871687708574985, 654.3327118089722, 0.0, 0.31676666666666653]]"
2026-07-12 21:18:44,59.10863412007936,20.851107238104255,124.79999999999995,parking,306.682559930116,117.45331371425242,0.0,0.0,0.0,4.0,4.0,6.944444444444444e-05,6.944444444444444e-05,"[[1857180.489291426, -340.5228786472149, 659.4284049558935, 1.871687708574985], [-340.52287864721524, 1826181.8393241952, -2.229485995236632, 654.3327118089722], [659.4284049558935, -2.229485995236632, 0.31676666666666653, 0.0], [1.871687708574985, 654.3327118089722, 0.0, 0.31676666666666653]]"
2026-07-12 21:28:44,59.10863412007936,20.851107238104255,124.79999999999995,parking,306.682559930116,117.45331371425242,0.0,0.0,0.0,4.0,4.0,6.944444444444444e-05,6.944444444444444e-05,"[[1857180.489291426, -340.5228786472149, 659.4284049558935, 1.871687708574985], [-340.52287864721524, 1826181.8393241952, -2.229485995236632, 654.3327118089722], [659.4284049558935, -2.229485995236632, 0.31676666666666653, 0.0], [1.871687708574985, 654.3327118089722, 0.0, 0.31676666666666653]]"
2026-07-12 21:38:44,59.10863412007936,20.851107238104255,124.79999999999995,parking,306.682559930116,117.45331371425242,0.0,0.0,0.0,4.0,4.0,6.944444444444444e-05,6.944444444444444e-05,"[[1857180.489291426, -340.5228786472149, 659.4284049558935, 1.871687708574985], [-340.52287864721524, 1826181.8393241952, -2.229485995236632, 654.3327118089722], [659.4284049558935, -2.229485995236632, 0.31676666666666653, 0.0], [1.871687708574985, 654.3327118089722, 0.0, 0.31676666666666653]]"
2026-07-12 21:48:44,59.10863412007936,20.851107238104255,124.79999999999995,parking,306.682559930116,117.45331371425242,0.0,0.0,0.0,4.0,4.0,6.944444444444444e-05,6.944444444444444e-05,"[[1857180.489291426, -340.5228786472149, 659.4284049558935, 1.871687708574985], [-340.52287864721524, 1826181.8393241952, -2.229485995236632, 654.3327118089722], [659.4284049558935, -2.229485995236632, 0.31676666666666653, 0.0], [1.871687708574985, 654.3327118089722, 0.0, 0.31676666666666653]]"
2026-07-12 21:58:44,59.10863412007936,20.851107238104255,124.79999999999995,parking,306.682559930116,117.45331371425242,0.0,0.0,0.0,4.0,4.0,6.944444444444444e-05,6.944444444444444e-05,"[[1857180.489291426, -340.5228786472149, 659.4284049558935, 1.871687708574985], [-340.52287864721524, 1826181.8393241952, -2.229485995236632, 654.3327118089722], [659.4284049558935, -2.229485995236632, 0.31676666666666653, 0.0], [1.871687708574985, 654.3327118089722, 0.0, 0.31676666666666653]]"
2026-07-12 22:08:44,59.10863412007936,20.851107238104255,124.79999999999995,parking,306.682559930116,117.45331371425242,0.0,0.0,0.0,4.0,4.0,6.944444444444444e-05,6.944444444444444e-05,"[[1857180.489291426, -340.5228786472149, 659.4284049558935, 1.871687708574985], [-340.52287864721524, 1826181.8393241952, -2.229485995236632, 654.3327118089722], [659.4284049558935, -2.229485995236632, 0.31676666666666653, 0.0], [1.871687708574985, 654.3327118089722, 0.0, 0.31676666666666653]]"
2026-07-12 22:18:44,59.10863412007936,20.851107238104255,124.79999999999995,parking,306.682559930116,117.45331371425242,0.0,0.0,0.0,4.0,4.0,6.944444444444444e-05,6.944444444444444e-05,"[[1857180.489291426, -340.5228786472149, 659.4284049558935, 1.871687708574985], [-340.52287864721524, 1826181.8393241952, -2.229485995236632, 654.3327118089722], [659.4284049558935, -2.229485995236632, 0.31676666666666653, 0.0], [1.871687708574985, 654.3327118089722, 0.0, 0.31676666666666653]]"
2026-07-12 22:28:44,59.10863412007936,20.851107238104255,124.79999999999995,parking,306.682559930116,117.45331371425242,0.0,0.0,0.0,4.0,4.0,6.944444444444444e-05,6.944444444444444e-05,"[[1857180.489291426, -340.5228786472149, 659.4284049558935, 1.871687708574985], [-340.52287864721524, 1826181.8393241952, -2.229485995236632, 654.3327118089722], [659.4284049558935, -2.229485995236632, 0.31676666666666653, 0.0], [1.871687708574985, 654.3327118089722, 0.0, 0.31676666666666653]]"
2026-07-12 22:38:44,59.10863412007936,20.851107238104255,124.79999999999995,parking,306.682559930116,117.45331371425242,0.0,0.0,0.0,4.0,4.0,6.944444444444444e-05,6.944444444444444e-05,"[[1857180.489291426, -340.5228786472149, 659.4284049558935, 1.871687708574985], [-340.52287864721524, 1826181.8393241952, -2.229485995236632, 654.3327118089722], [659.4284049558935, -2.229485995236632, 0.31676666666666653, 0.0], [1.871687708574985, 654.3327118089722, 0.0, 0.31676666666666653]]"
2026-07-12 22:48:44,59.10863412007936,20.851107238104255,124.79999999999995,parking,306.682559930116,117.45331371425242,0.0,0.0,0.0,4.0,4.0,6.944444444444444e-05,6.944444444444444e-05,"[[1857180.489291426, -340.5228786472149, 659.4284049558935, 1.871687708574985], [-340.52287864721524, 1826181.8393241952, -2.229485995236632, 654.3327118089722], [659.4284049558935, -2.229485995236632, 0.31676666666666653, 0.0], [1.871687708574985, 654.3327118089722, 0.0, 0.31676666666666653]]"
2026-07-12 22:58:44,59.10863412007936,20.851107238104255,124.79999999999995,parking,306.682559930116,117.45331371425242,0.0,0.0,0.0,4.0,4.0,6.944444444444444e-05,6.944444444444444e-05,"[[1857180.489291426, -340.5228786472149, 659.4284049558935, 1.871687708574985], [-340.52287864721524, 1826181.8393241952, -2.229485995236632, 654.3327118089722], [659.4284049558935, -2.229485995236632, 0.31676666666666653, 0.0], [1.871687708574985, 654.3327118089722, 0.0, 0.31676666666666653]]"
2026-07-12 23:08:44,59.10863412007936,20.851107238104255,124.79999999999995,parking,306.682559930116,117.45331371425242,0.0,0.0,0.0,4.0,4.0,6.944444444444444e-05,6.944444444444444e-05,"[[1857180.489291426, -340.5228786472149, 659.4284049558935, 1.871687708574985], [-340.52287864721524, 1826181.8393241952, -2.229485995236632, 654.3327118089722], [659.4284049558935, -2.229485995236632, 0.31676666666666653, 0.0], [1.871687708574985, 654.3327118089722, 0.0, 0.31676666666666653]]"
2026-07-12 23:18:44,59.10863412007936,20.851107238104255,124.79999999999995,parking,306.682559930116,117.45331371425242,0.0,0.0,0.0,4.0,4.0,6.944444444444444e-05,6.944444444444444e-05,"[[1857180.489291426, -340.5228786472149, 659.4284049558935, 1.871687708574985], [-340.52287864721524, 1826181.8393241952, -2.229485995236632, 654.3327118089722], [659.4284049558935, -2.229485995236632, 0.31676666666666653, 0.0], [1.871687708574985, 654.3327118089722, 0.0, 0.31676666666666653]]"
2026-07-12 23:28:44,59.10863412007936,20.851107238104255,124.79999999999995,parking,306.682559930116,117.45331371425242,0.0,0.0,0.0,4.0,4.0,6.944444444444444e-05,6.944444444444444e-05,"[[1857180.489291426, -340.5228786472149, 659.4284049558935, 1.871687708574985], [-340.52287864721524, 1826181.8393241952, -2.229485995236632, 654.3327118089722], [659.4284049558935, -2.229485995236632, 0.31676666666666653, 0.0], [1.871687708574985, 654.3327118089722, 0.0, 0.31676666666666653]]"
2026-07-12 23:38:44,59.10863412007936,20.851107238104255,124.79999999999995,parking,306.682559930116,117.45331371425242,0.0,0.0,0.0,4.0,4.0,6.944444444444444e-05,6.944444444444444e-05,"[[1857180.489291426, -340.5228786472149, 659.4284049558935, 1.871687708574985], [-340.52287864721524, 1826181.8393241952, -2.229485995236632, 654.3327118089722], [659.4284049558935, -2.229485995236632, 0.31676666666666653, 0.0], [1.871687708574985, 654.3327118089722, 0.0, 0.31676666666666653]]"
2026-07-12 23:48:44,59.10863412007936,20.851107238104255,124.79999999999995,parking,306.682559930116,117.45331371425242,0.0,0.0,0.0,4.0,4.0,6.944444444444444e-05,6.944444444444444e-05,"[[1857180.489291426, -340.5228786472149, 659.4284049558935, 1.871687708574985], [-340.52287864721524, 1826181.8393241952, -2.229485995236632, 654.3327118089722], [659.4284049558935, -2.229485995236632, 0.31676666666666653, 0.0], [1.871687708574985, 654.3327118089722, 0.0, 0.31676666666666653]]"
2026-07-12 23:58:44,59.10863412007936,20.851107238104255,124.79999999999995,parking,306.682559930116,117.45331371425242,0.0,0.0,0.0,4.0,4.0,6.944444444444444e-05,6.944444444444444e-05,"[[1857180.489291426, -340.5228786472149, 659.4284049558935, 1.871687708574985], [-340.52287864721524, 1826181.8393241952, -2.229485995236632, 654.3327118089722], [659.4284049558935, -2.229485995236632, 0.31676666666666653, 0.0], [1.871687708574985, 654.3327118089722, 0.0, 0.31676666666666653]]"
2026-07-13 00:08:44,59.10863412007936,20.851107238104255,124.79999999999995,parking,306.682559930116,117.45331371425242,0.0,0.0,0.0,4.0,4.0,6.944444444444444e-05,6.944444444444444e-05,"[[1857180.489291426, -340.5228786472149, 659.4284049558935, 1.871687708574985], [-340.52287864721524, 1826181.8393241952, -2.229485995236632, 654.3327118089722], [659.4284049558935, -2.229485995236632, 0.31676666666666653, 0.0], [1.871687708574985, 654.3327118089722, 0.0, 0.31676666666666653]]"
2026-07-13 00:18:44,59.10863412007936,20.851107238104255,124.79999999999995,parking,306.682559930116,117.45331371425242,0.0,0.0,0.0,4.0,4.0,6.944444444444444e-05,6.944444444444444e-05,"[[1857180.489291426, -340.5228786472149, 659.4284049558935, 1.871687708574985], [-340.52287864721524, 1826181.8393241952, -2.229485995236632, 654.3327118089722], [659.4284049558935, -2.229485995236632, 0.31676666666666653, 0.0], [1.871687708574985, 654.3327118089722, 0.0, 0.31676666666666653]]"
2026-07-13 00:28:44,59.10863412007936,20.851107238104255,124.79999999999995,parking,306.682559930116,117.45331371425242,0.0,0.0,0.0,4.0,4.0,6.944444444444444e-05,6.944444444444444e-05,"[[1857180.489291426, -340.5228786472149, 659.4284049558935, 1.871687708574985], [-340.52287864721524, 1826181.8393241952, -2.229485995236632, 654.3327118089722], [659.4284049558935, -2.229485995236632, 0.31676666666666653, 0.0], [1.871687708574985, 654.3327118089722, 0.0, 0.31676666666666653]]"
2026-07-13 00:38:44,59.10863412007936,20.851107238104255,124.79999999999995,parking,306.682559930116,117.45331371425242,0.0,0.0,0.0,4.0,4.0,6.944444444444444e-05,6.944444444444444e-05,"[[1857180.489291426, -340.5228786472149, 659.4284049558935, 1.871687708574985], [-340.52287864721524, 1826181.8393241952, -2.229485995236632, 654.3327118089722], [659.4284049558935, -2.229485995236632, 0.31676666666666653, 0.0], [1.871687708574985, 654.3327118089722, 0.0, 0.31676666666666653]]"
2026-07-13 00:48:44,59.10863412007936,20.851107238104255,124.79999999999995,parking,306.682559930116,117.45331371425242,0.0,0.0,0.0,4.0,4.0,6.944444444444444e-05,6.944444444444444e-05,"[[1857180.489291426, -340.5228786472149, 659.4284049558935, 1.871687708574985], [-340.52287864721524, 1826181.8393241952, -2.229485995236632, 654.3327118089722], [659.4284049558935, -2.229485995236632, 0.31676666666666653, 0.0], [1.871687708574985, 654.3327118089722, 0.0, 0.31676666666666653]]"
2026-07-13 00:58:44,59.10863412007936,20.851107238104255,124.79999999999995,parking,306.682559930116,117.45331371425242,0.0,0.0,0.0,4.0,4.0,6.944444444444444e-05,6.944444444444444e-05,"[[1857180.489291426, -340.5228786472149, 659.4284049558935, 1.871687708574985], [-340.52287864721524, 1826181.8393241952, -2.229485995236632, 654.3327118089722], [659.4284049558935, -2.229485995236632, 0.31676666666666653, 0.0], [1.871687708574985, 654.3327118089722, 0.0, 0.31676666666666653]]"
2026-07-13 01:08:44,59.10863412007936,20.851107238104255,124.79999999999995,parking,306.682559930116,117.45331371425242,0.0,0.0,0.0,4.0,4.0,6.944444444444444e-05,6.944444444444444e-05,"[[1857180.489291426, -340.5228786472149, 659.4284049558935, 1.871687708574985], [-340.52287864721524, 1826181.8393241952, -2.229485995236632, 654.3327118089722], [659.4284049558935, -2.229485995236632, 0.31676666666666653, 0.0], [1.871687708574985, 654.3327118089722, 0.0, 0.31676666666666653]]"
2026-07-13 01:18:44,59.10863412007936,20.851107238104255,124.79999999999995,parking,306.682559930116,117.45331371425242,0.0,0.0,0.0,4.0,4.0,6.944444444444444e-05,6.944444444444444e-05,"[[1857180.489291426, -340.5228786472149, 659.4284049558935, 1.871687708574985], [-340.52287864721524, 1826181.8393241952, -2.229485995236632, 654.3327118089722], [659.4284049558935, -2.229485995236632, 0.31676666666666653, 0.0], [1.871687708574985, 654.3327118089722, 0.0, 0.31676666666666653]]"
2026-07-13 01:28:44,59.10863412007936,20.851107238104255,124.79999999999995,parking,306.682559930116,117.45331371425242,0.0,0.0,0.0,4.0,4.0,6.944444444444444e-05,6.944444444444444e-05,"[[1857180.489291426, -340.5228786472149, 659.4284049558935, 1.871687708574985], [-340.52287864721524, 1826181.8393241952, -2.229485995236632, 654.3327118089722], [659.4284049558935, -2.229485995236632, 0.31676666666666653, 0.0], [1.871687708574985, 654.3327118089722, 0.0, 0.31676666666666653]]"
2026-07-13 01:38:44,59.10863412007936,20.851107238104255,124.79999999999995,parking,306.682559930116,117.45331371425242,0.0,0.0,0.0,4.0,4.0,6.944444444444444e-05,6.944444444444444e-05,"[[1857180.489291426, -340.5228786472149, 659.4284049558935, 1.871687708574985], [-340.52287864721524, 1826181.8393241952, -2.229485995236632, 654.3327118089722], [659.4284049558935, -2.229485995236632, 0.31676666666666653, 0.0], [1.871687708574985, 654.3327118089722, 0.0, 0.31676666666666653]]"
2026-07-13 01:48:44,59.10863412007936,20.851107238104255,124.79999999999995,parking,306.682559930116,117.45331371425242,0.0,0.0,0.0,4.0,4.0,6.944444444444444e-05,6.944444444444444e-05,"[[1857180.489291426, -340.5228786472149, 659.4284049558935, 1.871687708574985], [-340.52287864721524, 1826181.8393241952, -2.229485995236632, 654.3327118089722], [659.4284049558935, -2.229485995236632, 0.31676666666666653, 0.0], [1.871687708574985, 654.3327118089722, 0.0, 0.31676666666666653]]"
2026-07-13 01:58:44,59.10863412007936,20.851107238104255,124.79999999999995,parking,306.682559930116,117.45331371425242,0.0,0.0,0.0,4.0,4.0,6.944444444444444e-05,6.944444444444444e-05,"[[1857180.489291426, -340.5228786472149, 659.4284049558935, 1.871687708574985], [-340.52287864721524, 1826181.8393241952, -2.229485995236632, 654.3327118089722], [659.4284049558935, -2.229485995236632, 0.31676666666666653, 0.0], [1.871687708574985, 654.3327118089722, 0.0, 0.31676666666666653]]"
2026-07-13 02:08:44,59.10863412007936,20.851107238104255,124.79999999999995,parking,306.682559930116,117.45331371425242,0.0,0.0,0.0,4.0,4.0,6.944444444444444e-05,6.944444444444444e-05,"[[1857180.489291426, -340.5228786472149, 659.4284049558935, 1.871687708574985], [-340.52287864721524, 1826181.8393241952, -2.229485995236632, 654.3327118089722], [659.4284049558935, -2.229485995236632, 0.31676666666666653, 0.0], [1.871687708574985, 654.3327118089722, 0.0, 0.31676666666666653]]"
2026-07-13 02:18:44,59.10863412007936,20.851107238104255,124.79999999999995,parking,306.682559930116,117.45331371425242,0.0,0.0,0.0,4.0,4.0,6.944444444444444e-05,6.944444444444444e-05,"[[1857180.489291426, -340.5228786472149, 659.4284049558935, 1.871687708574985], [-340.52287864721524, 1826181.8393241952, -2.229485995236632, 654.3327118089722], [659.4284049558935, -2.229485995236632, 0.31676666666666653, 0.0], [1.871687708574985, 654.3327118089722, 0.0, 0.31676666666666653]]"
2026-07-13 02:28:44,59.10863412007936,20.851107238104255,124.79999999999995,parking,306.682559930116,117.45331371425242,0.0,0.0,0.0,4.0,4.0,6.944444444444444e-05,6.944444444444444e-05,"[[1857180.489291426, -340.5228786472149, 659.4284049558935, 1.871687708574985], [-340.52287864721524, 1826181.8393241952, -2.229485995236632, 654.3327118089722], [659.4284049558935, -2.229485995236632, 0.31676666666666653, 0.0], [1.871687708574985, 654.3327118089722, 0.0, 0.31676666666666653]]"
2026-07-13 02:38:44,59.10863412007936,20.851107238104255,124.79999999999995,parking,306.682559930116,117.45331371425242,0.0,0.0,0.0,4.0,4.0,6.944444444444444e-05,6.944444444444444e-05,"[[1857180.489291426, -340.5228786472149, 659.4284049558935, 1.871687708574985], [-340.52287864721524, 1826181.8393241952, -2.229485995236632, 654.3327118089722], [659.4284049558935, -2.229485995236632, 0.31676666666666653, 0.0], [1.871687708574985, 654.3327118089722, 0.0, 0.31676666666666653]]"
2026-07-13 02:48:44,59.10863412007936,20.851107238104255,124.79999999999995,parking,306.682559930116,117.45331371425242,0.0,0.0,0.0,4.0,4.0,6.944444444444444e-05,6.944444444444444e-05,"[[1857180.489291426, -340.5228786472149, 659.4284049558935, 1.871687708574985], [-340.52287864721524, 1826181.8393241952, -2.229485995236632, 654.3327118089722], [659.4284049558935, -2.229485995236632, 0.31676666666666653, 0.0], [1.871687708574985, 654.3327118089722, 0.0, 0.31676666666666653]]"
2026-07-13 02:58:44,59.10863412007936,20.851107238104255,124.79999999999995,parking,306.682559930116,117.45331371425242,0.0,0.0,0.0,4.0,4.0,6.944444444444444e-05,6.944444444444444e-05,"[[1857180.489291426, -340.5228786472149, 659.4284049558935, 1.871687708574985], [-340.52287864721524, 1826181.8393241952, -2.229485995236632, 654.3327118089722], [659.4284049558935, -2.229485995236632, 0.31676666666666653, 0.0], [1.871687708574985, 654.3327118089722, 0.0, 0.31676666666666653]]"
2026-07-13 03:08:44,59.10863412007936,20.851107238104255,124.79999999999995,parking,306.682559930116,117.45331371425242,0.0,0.0,0.0,4.0,4.0,6.944444444444444e-05,6.944444444444444e-05,"[[1857180.489291426, -340.5228786472149, 659.4284049558935, 1.871687708574985], [-340.52287864721524, 1826181.8393241952, -2.229485995236632, 654.3327118089722], [659.4284049558935, -2.229485995236632, 0.31676666666666653, 0.0], [1.871687708574985, 654.3327118089722, 0.0, 0.31676666666666653]]"
2026-07-13 03:18:44,59.10863412007936,20.851107238104255,124.79999999999995,parking,306.682559930116,117.45331371425242,0.0,0.0,0.0,4.0,4.0,6.944444444444444e-05,6.944444444444444e-05,"[[1857180.489291426, -340.5228786472149, 659.4284049558935, 1.871687708574985], [-340.52287864721524, 1826181.8393241952, -2.229485995236632, 654.3327118089722], [659.4284049558935, -2.229485995236632, 0.31676666666666653, 0.0], [1.871687708574985, 654.3327118089722, 0.0, 0.31676666666666653]]"
2026-07-13 03:28:44,59.10863412007936,20.851107238104255,124.79999999999995,parking,306.682559930116,117.45331371425242,0.0,0.0,0.0,4.0,4.0,6.944444444444444e-05,6.944444444444444e-05,"[[1857180.489291426, -340.5228786472149, 659.4284049558935, 1.871687708574985], [-340.52287864721524, 1826181.8393241952, -2.229485995236632, 654.3327118089722], [659.4284049558935, -2.229485995236632, 0.31676666666666653, 0.0], [1.871687708574985, 654.3327118089722, 0.0, 0.31676666666666653]]"
2026-07-13 03:38:44,59.10863412007936,20.851107238104255,124.79999999999995,parking,306.682559930116,117.45331371425242,0.0,0.0,0.0,4.0,4.0,6.944444444444444e-05,6.944444444444444e-05,"[[1857180.489291426, -340.5228786472149, 659.4284049558935, 1.871687708574985], [-340.52287864721524, 1826181.8393241952, -2.229485995236632, 654.3327118089722], [659.4284049558935, -2.229485995236632, 0.31676666666666653, 0.0], [1.871687708574985, 654.3327118089722, 0.0, 0.31676666666666653]]"
2026-07-13 03:48:44,59.10863412007936,20.851107238104255,124.79999999999995,parking,306.682559930116,117.45331371425242,0.0,0.0,0.0,4.0,4.0,6.944444444444444e-05,6.944444444444444e-05,"[[1857180.489291426, -340.5228786472149, 659.4284049558935, 1.871687708574985], [-340.52287864721524, 1826181.8393241952, -2.229485995236632, 654.3327118089722], [659.4284049558935, -2.229485995236632, 0.31676666666666653, 0.0], [1.871687708574985, 654.3327118089722, 0.0, 0.31676666666666653]]"
2026-07-13 03:58:44,59.10863412007936,20.851107238104255,124.79999999999995,parking,306.682559930116,117.45331371425242,0.0,0.0,0.0,4.0,4.0,6.944444444444444e-05,6.944444444444444e-05,"[[1857180.489291426, -340.5228786472149, 659.4284049558935, 1.871687708574985], [-340.52287864721524, 1826181.8393241952, -2.229485995236632, 654.3327118089722], [659.4284049558935, -2.229485995236632, 0.31676666666666653, 0.0], [1.871687708574985, 654.3327118089722, 0.0, 0.31676666666666653]]"
2026-07-13 04:08:44,59.10863412007936,20.851107238104255,124.79999999999995,parking,306.682559930116,117.45331371425242,0.0,0.0,0.0,4.0,4.0,6.944444444444444e-05,6.944444444444444e-05,"[[1857180.489291426, -340.5228786472149, 659.4284049558935, 1.871687708574985], [-340.52287864721524, 1826181.8393241952, -2.229485995236632, 654.3327118089722], [659.4284049558935, -2.229485995236632, 0.31676666666666653, 0.0], [1.871687708574985, 654.3327118089722, 0.0, 0.31676666666666653]]"
2026-07-13 04:18:44,59.10863412007936,20.851107238104255,124.79999999999995,parking,306.682559930116,117.45331371425242,0.0,0.0,0.0,4.0,4.0,6.944444444444444e-05,6.944444444444444e-05,"[[1857180.489291426, -340.5228786472149, 659.4284049558935, 1.871687708574985], [-340.52287864721524, 1826181.8393241952, -2.229485995236632, 654.3327118089722], [659.4284049558935, -2.229485995236632, 0.31676666666666653, 0.0], [1.871687708574985, 654.3327118089722, 0.0, 0.31676666666666653]]"
2026-07-13 04:28:44,59.10863412007936,20.851107238104255,124.79999999999995,parking,306.682559930116,117.45331371425242,0.0,0.0,0.0,4.0,4.0,6.944444444444444e-05,6.944444444444444e-05,"[[1857180.489291426, -340.5228786472149, 659.4284049558935, 1.871687708574985], [-340.52287864721524, 1826181.8393241952, -2.229485995236632, 654.3327118089722], [659.4284049558935, -2.229485995236632, 0.31676666666666653, 0.0], [1.871687708574985, 654.3327118089722, 0.0, 0.31676666666666653]]"
2026-07-13 04:38:44,59.10863412007936,20.851107238104255,124.79999999999995,parking,306.682559930116,117.45331371425242,0.0,0.0,0.0,4.0,4.0,6.944444444444444e-05,6.944444444444444e-05,"[[1857180.489291426, -340.5228786472149, 659.4284049558935, 1.871687708574985], [-340.52287864721524, 1826181.8393241952, -2.229485995236632, 654.3327118089722], [659.4284049558935, -2.229485995236632, 0.31676666666666653, 0.0], [1.871687708574985, 654.3327118089722, 0.0, 0.31676666666666653]]"
2026-07-13 04:48:44,59.10863412007936,20.851107238104255,124.79999999999995,parking,306.682559930116,117.45331371425242,0.0,0.0,0.0,4.0,4.0,6.944444444444444e-05,6.944444444444444e-05,"[[1857180.489291426, -340.5228786472149, 659.4284049558935, 1.871687708574985], [-340.52287864721524, 1826181.8393241952, -2.229485995236632, 654.3327118089722], [659.4284049558935, -2.229485995236632, 0.31676666666666653, 0.0], [1.871687708574985, 654.3327118089722, 0.0, 0.31676666666666653]]"
2026-07-13 04:58:44,59.10863412007936,20.851107238104255,124.79999999999995,parking,306.682559930116,117.45331371425242,0.0,0.0,0.0,4.0,4.0,6.944444444444444e-05,6.944444444444444e-05,"[[1857180.489291426, -340.5228786472149, 659.4284049558935, 1.871687708574985], [-340.52287864721524, 1826181.8393241952, -2.229485995236632, 654.3327118089722], [659.4284049558935, -2.229485995236632, 0.31676666666666653, 0.0], [1.871687708574985, 654.3327118089722, 0.0, 0.31676666666666653]]"
2026-07-13 05:08:44,59.10863412007936,20.851107238104255,124.79999999999995,parking,306.682559930116,117.45331371425242,0.0,0.0,0.0,4.0,4.0,6.944444444444444e-05,6.944444444444444e-05,"[[1857180.489291426, -340.5228786472149, 659.4284049558935, 1.871687708574985], [-340.52287864721524, 1826181.8393241952, -2.229485995236632, 654.3327118089722], [659.4284049558935, -2.229485995236632, 0.31676666666666653, 0.0], [1.871687708574985, 654.3327118089722, 0.0, 0.31676666666666653]]"
2026-07-13 05:18:44,59.10863412007936,20.851107238104255,124.79999999999995,parking,306.682559930116,117.45331371425242,0.0,0.0,0.0,4.0,4.0,6.944444444444444e-05,6.944444444444444e-05,"[[1857180.489291426, -340.5228786472149, 659.4284049558935, 1.871687708574985], [-340.52287864721524, 1826181.8393241952, -2.229485995236632, 654.3327118089722], [659.4284049558935, -2.229485995236632, 0.31676666666666653, 0.0], [1.871687708574985, 654.3327118089722, 0.0, 0.31676666666666653]]"
2026-07-13 05:28:44,59.10863412007936,20.851107238104255,124.79999999999995,parking,306.682559930116,117.45331371425242,0.0,0.0,0.0,4.0,4.0,6.944444444444444e-05,6.944444444444444e-05,"[[1857180.489291426, -340.5228786472149, 659.4284049558935, 1.871687708574985], [-340.52287864721524, 1826181.8393241952, -2.229485995236632, 654.3327118089722], [659.4284049558935, -2.229485995236632, 0.31676666666666653, 0.0], [1.871687708574985, 654.3327118089722, 0.0, 0.31676666666666653]]"
2026-07-13 05:38:44,59.10863412007936,20.851107238104255,124.79999999999995,parking,306.682559930116,117.45331371425242,0.0,0.0,0.0,4.0,4.0,6.944444444444444e-05,6.944444444444444e-05,"[[1857180.489291426, -340.5228786472149, 659.4284049558935, 1.871687708574985], [-340.52287864721524, 1826181.8393241952, -2.229485995236632, 654.3327118089722], [659.4284049558935, -2.229485995236632, 0.31676666666666653, 0.0], [1.871687708574985, 654.3327118089722, 0.0, 0.31676666666666653]]"
2026-07-13 05:48:44,59.10863412007936,20.851107238104255,124.79999999999995,parking,306.682559930116,117.45331371425242,0.0,0.0,0.0,4.0,4.0,6.944444444444444e-05,6.944444444444444e-05,"[[1857180.489291426, -340.5228786472149, 659.4284049558935, 1.871687708574985], [-340.52287864721524, 1826181.8393241952, -2.229485995236632, 654.3327118089722], [659.4284049558935, -2.229485995236632, 0.31676666666666653, 0.0], [1.871687708574985, 654.3327118089722, 0.0, 0.31676666666666653]]"
2026-07-13 05:58:44,59.10863412007936,20.851107238104255,124.79999999999995,parking,306.682559930116,117.45331371425242,0.0,0.0,0.0,4.0,4.0,6.944444444444444e-05,6.944444444444444e-05,"[[1857180.489291426, -340.5228786472149, 659.4284049558935, 1.871687708574985], [-340.52287864721524, 1826181.8393241952, -2.229485995236632, 654.3327118089722], [659.4284049558935, -2.229485995236632, 0.31676666666666653, 0.0], [1.871687708574985, 654.3327118089722, 0.0, 0.31676666666666653]]"
2026-07-13 06:08:44,59.10863412007936,20.851107238104255,124.79999999999995,parking,306.682559930116,117.45331371425242,0.0,0.0,0.0,4.0,4.0,6.944444444444444e-05,6.944444444444444e-05,"[[1857180.489291426, -340.5228786472149, 659.4284049558935, 1.871687708574985], [-340.52287864721524, 1826181.8393241952, -2.229485995236632, 654.3327118089722], [659.4284049558935, -2.229485995236632, 0.31676666666666653, 0.0], [1.871687708574985, 654.3327118089722, 0.0, 0.31676666666666653]]"
2026-07-13 06:18:44,59.10863412007936,20.851107238104255,124.79999999999995,parking,306.682559930116,117.45331371425242,0.0,0.0,0.0,4.0,4.0,6.944444444444444e-05,6.944444444444444e-05,"[[1857180.489291426, -340.5228786472149, 659.4284049558935, 1.871687708574985], [-340.52287864721524, 1826181.8393241952, -2.229485995236632, 654.3327118089722], [659.4284049558935, -2.229485995236632, 0.31676666666666653, 0.0], [1.871687708574985, 654.3327118089722, 0.0, 0.31676666666666653]]"
2026-07-13 06:28:44,59.10863412007936,20.851107238104255,124.79999999999995,parking,306.682559930116,117.45331371425242,0.0,0.0,0.0,4.0,4.0,6.944444444444444e-05,6.944444444444444e-05,"[[1857180.489291426, -340.5228786472149, 659.4284049558935, 1.871687708574985], [-340.52287864721524, 1826181.8393241952, -2.229485995236632, 654.3327118089722], [659.4284049558935, -2.229485995236632, 0.31676666666666653, 0.0], [1.871687708574985, 654.3327118089722, 0.0, 0.31676666666666653]]"
2026-07-13 06:38:44,59.10863412007936,20.851107238104255,124.79999999999995,parking,306.682559930116,117.45331371425242,0.0,0.0,0.0,4.0,4.0,6.944444444444444e-05,6.944444444444444e-05,"[[1857180.489291426, -340.5228786472149, 659.4284049558935, 1.871687708574985], [-340.52287864721524, 1826181.8393241952, -2.229485995236632, 654.3327118089722], [659.4284049558935, -2.229485995236632, 0.31676666666666653, 0.0], [1.871687708574985, 654.3327118089722, 0.0, 0.31676666666666653]]"
2026-07-13 06:48:44,59.10863412007936,20.851107238104255,124.79999999999995,parking,306.682559930116,117.45331371425242,0.0,0.0,0.0,4.0,4.0,6.944444444444444e-05,6.944444444444444e-05,"[[1857180.489291426, -340.5228786472149, 659.4284049558935, 1.871687708574985], [-340.52287864721524, 1826181.8393241952, -2.229485995236632, 654.3327118089722], [659.4284049558935, -2.229485995236632, 0.31676666666666653, 0.0], [1.871687708574985, 654.3327118089722, 0.0, 0.31676666666666653]]"
2026-07-13 06:58:44,59.10863412007936,20.851107238104255,124.79999999999995,parking,306.682559930116,117.45331371425242,0.0,0.0,0.0,4.0,4.0,6.944444444444444e-05,6.944444444444444e-05,"[[1857180.489291426, -340.5228786472149, 659.4284049558935, 1.871687708574985], [-340.52287864721524, 1826181.8393241952, -2.229485995236632, 654.3327118089722], [659.4284049558935, -2.229485995236632, 0.31676666666666653, 0.0], [1.871687708574985, 654.3327118089722, 0.0, 0.31676666666666653]]"
2026-07-13 07:08:44,59.10863412007936,20.851107238104255,124.79999999999995,parking,306.682559930116,117.45331371425242,0.0,0.0,0.0,4.0,4.0,6.944444444444444e-05,6.944444444444444e-05,"[[1857180.489291426, -340.5228786472149, 659.4284049558935, 1.871687708574985], [-340.52287864721524, 1826181.8393241952, -2.229485995236632, 654.3327118089722], [659.4284049558935, -2.229485995236632, 0.31676666666666653, 0.0], [1.871687708574985, 654.3327118089722, 0.0, 0.31676666666666653]]"
2026-07-13 07:18:44,59.10863412007936,20.851107238104255,124.79999999999995,parking,306.682559930116,117.45331371425242,0.0,0.0,0.0,4.0,4.0,6.944444444444444e-05,6.944444444444444e-05,"[[1857180.489291426, -340.5228786472149, 659.4284049558935, 1.871687708574985], [-340.52287864721524, 1826181.8393241952, -2.229485995236632, 654.3327118089722], [659.4284049558935, -2.229485995236632, 0.31676666666666653, 0.0], [1.871687708574985, 654.3327118089722, 0.0, 0.31676666666666653]]"
2026-07-13 07:28:44,59.10863412007936,20.851107238104255,124.79999999999995,parking,306.682559930116,117.45331371425242,0.0,0.0,0.0,4.0,4.0,6.944444444444444e-05,6.944444444444444e-05,"[[1857180.489291426, -340.5228786472149, 659.4284049558935, 1.871687708574985], [-340.52287864721524, 1826181.8393241952, -2.229485995236632, 654.3327118089722], [659.4284049558935, -2.229485995236632, 0.31676666666666653, 0.0], [1.871687708574985, 654.3327118089722, 0.0, 0.31676666666666653]]"
2026-07-13 07:38:44,59.10863412007936,20.851107238104255,124.79999999999995,parking,306.682559930116,117.45331371425242,0.0,0.0,0.0,4.0,4.0,6.944444444444444e-05,6.944444444444444e-05,"[[1857180.489291426, -340.5228786472149, 659.4284049558935, 1.871687708574985], [-340.52287864721524, 1826181.8393241952, -2.229485995236632, 654.3327118089722], [659.4284049558935, -2.229485995236632, 0.31676666666666653, 0.0], [1.871687708574985, 654.3327118089722, 0.0, 0.31676666666666653]]"
2026-07-13 07:48:44,59.10863412007936,20.851107238104255,124.79999999999995,parking,306.682559930116,117.45331371425242,0.0,0.0,0.0,4.0,4.0,6.944444444444444e-05,6.944444444444444e-05,"[[1857180.489291426, -340.5228786472149, 659.4284049558935, 1.871687708574985], [-340.52287864721524, 1826181.8393241952, -2.229485995236632, 654.3327118089722], [659.4284049558935, -2.229485995236632, 0.31676666666666653, 0.0], [1.871687708574985, 654.3327118089722, 0.0, 0.31676666666666653]]"
2026-07-13 07:58:44,59.10863412007936,20.851107238104255,124.79999999999995,parking,306.682559930116,117.45331371425242,0.0,0.0,0.0,4.0,4.0,6.944444444444444e-05,6.944444444444444e-05,"[[1857180.489291426, -340.5228786472149, 659.4284049558935, 1.871687708574985], [-340.52287864721524, 1826181.8393241952, -2.229485995236632, 654.3327118089722], [659.4284049558935, -2.229485995236632, 0.31676666666666653, 0.0], [1.871687708574985, 654.3327118089722, 0.0, 0.31676666666666653]]"
2026-07-13 08:08:44,59.10863412007936,20.851107238104255,124.79999999999995,parking,306.682559930116,117.45331371425242,0.0,0.0,0.0,4.0,4.0,6.944444444444444e-05,6.944444444444444e-05,"[[1857180.489291426, -340.5228786472149, 659.4284049558935, 1.871687708574985], [-340.52287864721524, 1826181.8393241952, -2.229485995236632, 654.3327118089722], [659.4284049558935, -2.229485995236632, 0.31676666666666653, 0.0], [1.871687708574985, 654.3327118089722, 0.0, 0.31676666666666653]]"
2026-07-13 08:18:44,59.10863412007936,20.851107238104255,124.79999999999995,parking,306.682559930116,117.45331371425242,0.0,0.0,0.0,4.0,4.0,6.944444444444444e-05,6.944444444444444e-05,"[[1857180.489291426, -340.5228786472149, 659.4284049558935, 1.871687708574985], [-340.52287864721524, 1826181.8393241952, -2.229485995236632, 654.3327118089722], [659.4284049558935, -2.229485995236632, 0.31676666666666653, 0.0], [1.871687708574985, 654.3327118089722, 0.0, 0.31676666666666653]]"
2026-07-13 08:28:44,59.10863412007936,20.851107238104255,124.79999999999995,parking,306.682559930116,117.45331371425242,0.0,0.0,0.0,4.0,4.0,6.944444444444444e-05,6.944444444444444e-05,"[[1857180.489291426, -340.5228786472149, 659.4284049558935, 1.871687708574985], [-340.52287864721524, 1826181.8393241952, -2.229485995236632, 654.3327118089722], [659.4284049558935, -2.229485995236632, 0.31676666666666653, 0.0], [1.871687708574985, 654.3327118089722, 0.0, 0.31676666666666653]]"
2026-07-13 08:38:44,59.10863412007936,20.851107238104255,124.79999999999995,parking,306.682559930116,117.45331371425242,0.0,0.0,0.0,4.0,4.0,6.944444444444444e-05,6.944444444444444e-05,"[[1857180.489291426, -340.5228786472149, 659.4284049558935, 1.871687708574985], [-340.52287864721524, 1826181.8393241952, -2.229485995236632, 654.3327118089722], [659.4284049558935, -2.229485995236632, 0.31676666666666653, 0.0], [1.871687708574985, 654.3327118089722, 0.0, 0.31676666666666653]]"
2026-07-13 08:48:44,59.10863412007936,20.851107238104255,124.79999999999995,parking,306.682559930116,117.45331371425242,0.0,0.0,0.0,4.0,4.0,6.944444444444444e-05,6.944444444444444e-05,"[[1857180.489291426, -340.5228786472149, 659.4284049558935, 1.871687708574985], [-340.52287864721524, 1826181.8393241952, -2.229485995236632, 654.3327118089722], [659.4284049558935, -2.229485995236632, 0.31676666666666653, 0.0], [1.871687708574985, 654.3327118089722, 0.0, 0.31676666666666653]]"
2026-07-13 08:58:44,59.10863412007936,20.851107238104255,124.79999999999995,parking,306.682559930116,117.45331371425242,0.0,0.0,0.0,4.0,4.0,6.944444444444444e-05,6.944444444444444e-05,"[[1857180.489291426, -340.5228786472149, 659.4284049558935, 1.871687708574985], [-340.52287864721524, 1826181.8393241952, -2.229485995236632, 654.3327118089722], [659.4284049558935, -2.229485995236632, 0.31676666666666653, 0.0], [1.871687708574985, 654.3327118089722, 0.0, 0.31676666666666653]]"
2026-07-13 09:08:44,59.10863412007936,20.851107238104255,124.79999999999995,parking,306.682559930116,117.45331371425242,0.0,0.0,0.0,4.0,4.0,6.944444444444444e-05,6.944444444444444e-05,"[[1857180.489291426, -340.5228786472149, 659.4284049558935, 1.871687708574985], [-340.52287864721524, 1826181.8393241952, -2.229485995236632, 654.3327118089722], [659.4284049558935, -2.229485995236632, 0.31676666666666653, 0.0], [1.871687708574985, 654.3327118089722, 0.0, 0.31676666666666653]]"
2026-07-13 09:18:44,59.10863412007936,20.851107238104255,124.79999999999995,parking,306.682559930116,117.45331371425242,0.0,0.0,0.0,4.0,4.0,6.944444444444444e-05,6.944444444444444e-05,"[[1857180.489291426, -340.5228786472149, 659.4284049558935, 1.871687708574985], [-340.52287864721524, 1826181.8393241952, -2.229485995236632, 654.3327118089722], [659.4284049558935, -2.229485995236632, 0.31676666666666653, 0.0], [1.871687708574985, 654.3327118089722, 0.0, 0.31676666666666653]]"
2026-07-13 09:28:44,59.10863412007936,20.851107238104255,124.79999999999995,parking,306.682559930116,117.45331371425242,0.0,0.0,0.0,4.0,4.0,6.944444444444444e-05,6.944444444444444e-05,"[[1857180.489291426, -340.5228786472149, 659.4284049558935, 1.871687708574985], [-340.52287864721524, 1826181.8393241952, -2.229485995236632, 654.3327118089722], [659.4284049558935, -2.229485995236632, 0.31676666666666653, 0.0], [1.871687708574985, 654.3327118089722, 0.0, 0.31676666666666653]]"
2026-07-13 09:38:44,59.10863412007936,20.851107238104255,124.79999999999995,parking,306.682559930116,117.45331371425242,0.0,0.0,0.0,4.0,4.0,6.944444444444444e-05,6.944444444444444e-05,"[[1857180.489291426, -340.5228786472149, 659.4284049558935, 1.871687708574985], [-340.52287864721524, 1826181.8393241952, -2.229485995236632, 654.3327118089722], [659.4284049558935, -2.229485995236632, 0.31676666666666653, 0.0], [1.871687708574985, 654.3327118089722, 0.0, 0.31676666666666653]]"
2026-07-13 09:48:44,59.10863412007936,20.851107238104255,124.79999999999995,parking,306.682559930116,117.45331371425242,0.0,0.0,0.0,4.0,4.0,6.944444444444444e-05,6.944444444444444e-05,"[[1857180.489291426, -340.5228786472149, 659.4284049558935, 1.871687708574985], [-340.52287864721524, 1826181.8393241952, -2.229485995236632, 654.3327118089722], [659.4284049558935, -2.229485995236632, 0.31676666666666653, 0.0], [1.871687708574985, 654.3327118089722, 0.0, 0.31676666666666653]]"
2026-07-13 09:58:44,59.10863412007936,20.851107238104255,124.79999999999995,parking,306.682559930116,117.45331371425242,0.0,0.0,0.0,4.0,4.0,6.944444444444444e-05,6.944444444444444e-05,"[[1857180.489291426, -340.5228786472149, 659.4284049558935, 1.871687708574985], [-340.52287864721524, 1826181.8393241952, -2.229485995236632, 654.3327118089722], [659.4284049558935, -2.229485995236632, 0.31676666666666653, 0.0], [1.871687708574985, 654.3327118089722, 0.0, 0.31676666666666653]]"
2026-07-13 10:08:44,59.10863412007936,20.851107238104255,124.79999999999995,parking,306.682559930116,117.45331371425242,0.0,0.0,0.0,4.0,4.0,6.944444444444444e-05,6.944444444444444e-05,"[[1857180.489291426, -340.5228786472149, 659.4284049558935, 1.871687708574985], [-340.52287864721524, 1826181.8393241952, -2.229485995236632, 654.3327118089722], [659.4284049558935, -2.229485995236632, 0.31676666666666653, 0.0], [1.871687708574985, 654.3327118089722, 0.0, 0.31676666666666653]]"
2026-07-13 10:18:44,59.10863412007936,20.851107238104255,124.79999999999995,parking,306.682559930116,117.45331371425242,0.0,0.0,0.0,4.0,4.0,6.944444444444444e-05,6.944444444444444e-05,"[[1857180.489291426, -340.5228786472149, 659.4284049558935, 1.871687708574985], [-340.52287864721524, 1826181.8393241952, -2.229485995236632, 654.3327118089722], [659.4284049558935, -2.229485995236632, 0.31676666666666653, 0.0], [1.871687708574985, 654.3327118089722, 0.0, 0.31676666666666653]]"
2026-07-13 10:28:44,59.10863412007936,20.851107238104255,124.79999999999995,parking,306.682559930116,117.45331371425242,0.0,0.0,0.0,4.0,4.0,6.944444444444444e-05,6.944444444444444e-05,"[[1857180.489291426, -340.5228786472149, 659.4284049558935, 1.871687708574985], [-340.52287864721524, 1826181.8393241952, -2.229485995236632, 654.3327118089722], [659.4284049558935, -2.229485995236632, 0.31676666666666653, 0.0], [1.871687708574985, 654.3327118089722, 0.0, 0.31676666666666653]]"
2026-07-13 10:38:44,59.10863412007936,20.851107238104255,124.79999999999995,parking,306.682559930116,117.45331371425242,0.0,0.0,0.0,4.0,4.0,6.944444444444444e-05,6.944444444444444e-05,"[[1857180.489291426, -340.5228786472149, 659.4284049558935, 1.871687708574985], [-340.52287864721524, 1826181.8393241952, -2.229485995236632, 654.3327118089722], [659.4284049558935, -2.229485995236632, 0.31676666666666653, 0.0], [1.871687708574985, 654.3327118089722, 0.0, 0.31676666666666653]]"
2026-07-13 10:48:44,59.10863412007936,20.851107238104255,124.79999999999995,parking,306.682559930116,117.45331371425242,0.0,0.0,0.0,4.0,4.0,6.944444444444444e-05,6.944444444444444e-05,"[[1857180.489291426, -340.5228786472149, 659.4284049558935, 1.871687708574985], [-340.52287864721524, 1826181.8393241952, -2.229485995236632, 654.3327118089722], [659.4284049558935, -2.229485995236632, 0.31676666666666653, 0.0], [1.871687708574985, 654.3327118089722, 0.0, 0.31676666666666653]]"
2026-07-13 10:58:44,59.10863412007936,20.851107238104255,124.79999999999995,parking,306.682559930116,117.45331371425242,0.0,0.0,0.0,4.0,4.0,6.944444444444444e-05,6.944444444444444e-05,"[[1857180.489291426, -340.5228786472149, 659.4284049558935, 1.871687708574985], [-340.52287864721524, 1826181.8393241952, -2.229485995236632, 654.3327118089722], [659.4284049558935, -2.229485995236632, 0.31676666666666653, 0.0], [1.871687708574985, 654.3327118089722, 0.0, 0.31676666666666653]]"
2026-07-13 11:08:44,59.10863412007936,20.851107238104255,124.79999999999995,parking,306.682559930116,117.45331371425242,0.0,0.0,0.0,4.0,4.0,6.944444444444444e-05,6.944444444444444e-05,"[[1857180.489291426, -340.5228786472149, 659.4284049558935, 1.871687708574985], [-340.52287864721524, 1826181.8393241952, -2.229485995236632, 654.3327118089722], [659.4284049558935, -2.229485995236632, 0.31676666666666653, 0.0], [1.871687708574985, 654.3327118089722, 0.0, 0.31676666666666653]]"
2026-07-13 11:18:44,59.10863412007936,20.851107238104255,124.79999999999995,parking,306.682559930116,117.45331371425242,0.0,0.0,0.0,4.0,4.0,6.944444444444444e-05,6.944444444444444e-05,"[[1857180.489291426, -340.5228786472149, 659.4284049558935, 1.871687708574985], [-340.52287864721524, 1826181.8393241952, -2.229485995236632, 654.3327118089722], [659.4284049558935, -2.229485995236632, 0.31676666666666653, 0.0], [1.871687708574985, 654.3327118089722, 0.0, 0.31676666666666653]]"
2026-07-13 11:28:44,59.10863412007936,20.851107238104255,124.79999999999995,parking,306.682559930116,117.45331371425242,0.0,0.0,0.0,4.0,4.0,6.944444444444444e-05,6.944444444444444e-05,"[[1857180.489291426, -340.5228786472149, 659.4284049558935, 1.871687708574985], [-340.52287864721524, 1826181.8393241952, -2.229485995236632, 654.3327118089722], [659.4284049558935, -2.229485995236632, 0.31676666666666653, 0.0], [1.871687708574985, 654.3327118089722, 0.0, 0.31676666666666653]]"
2026-07-13 11:38:44,59.10863412007936,20.851107238104255,124.79999999999995,parking,306.682559930116,117.45331371425242,0.0,0.0,0.0,4.0,4.0,6.944444444444444e-05,6.944444444444444e-05,"[[1857180.489291426, -340.5228786472149, 659.4284049558935, 1.871687708574985], [-340.52287864721524, 1826181.8393241952, -2.229485995236632, 654.3327118089722], [659.4284049558935, -2.229485995236632, 0.31676666666666653, 0.0], [1.871687708574985, 654.3327118089722, 0.0, 0.31676666666666653]]"
2026-07-13 11:48:44,59.10863412007936,20.851107238104255,124.79999999999995,parking,306.682559930116,117.45331371425242,0.0,0.0,0.0,4.0,4.0,6.944444444444444e-05,6.944444444444444e-05,"[[1857180.489291426, -340.5228786472149, 659.4284049558935, 1.871687708574985], [-340.52287864721524, 1826181.8393241952, -2.229485995236632, 654.3327118089722], [659.4284049558935, -2.229485995236632, 0.31676666666666653, 0.0], [1.871687708574985, 654.3327118089722, 0.0, 0.31676666666666653]]"
2026-07-13 11:58:44,59.10863412007936,20.851107238104255,124.79999999999995,parking,306.682559930116,117.45331371425242,0.0,0.0,0.0,4.0,4.0,6.944444444444444e-05,6.944444444444444e-05,"[[1857180.489291426, -340.5228786472149, 659.4284049558935, 1.871687708574985], [-340.52287864721524, 1826181.8393241952, -2.229485995236632, 654.3327118089722], [659.4284049558935, -2.229485995236632, 0.31676666666666653, 0.0], [1.871687708574985, 654.3327118089722, 0.0, 0.31676666666666653]]"
2026-07-13 12:08:44,59.10863412007936,20.851107238104255,124.79999999999995,parking,306.682559930116,117.45331371425242,0.0,0.0,0.0,4.0,4.0,6.944444444444444e-05,6.944444444444444e-05,"[[1857180.489291426, -340.5228786472149, 659.4284049558935, 1.871687708574985], [-340.52287864721524, 1826181.8393241952, -2.229485995236632, 654.3327118089722], [659.4284049558935, -2.229485995236632, 0.31676666666666653, 0.0], [1.871687708574985, 654.3327118089722, 0.0, 0.31676666666666653]]"
2026-07-13 12:18:44,59.10863412007936,20.851107238104255,124.79999999999995,parking,306.682559930116,117.45331371425242,0.0,0.0,0.0,4.0,4.0,6.944444444444444e-05,6.944444444444444e-05,"[[1857180.489291426, -340.5228786472149, 659.4284049558935, 1.871687708574985], [-340.52287864721524, 1826181.8393241952, -2.229485995236632, 654.3327118089722], [659.4284049558935, -2.229485995236632, 0.31676666666666653, 0.0], [1.871687708574985, 654.3327118089722, 0.0, 0.31676666666666653]]"
2026-07-13 12:28:44,59.10863412007936,20.851107238104255,124.79999999999995,parking,306.682559930116,117.45331371425242,0.0,0.0,0.0,4.0,4.0,6.944444444444444e-05,6.944444444444444e-05,"[[1857180.489291426, -340.5228786472149, 659.4284049558935, 1.871687708574985], [-340.52287864721524, 1826181.8393241952, -2.229485995236632, 654.3327118089722], [659.4284049558935, -2.229485995236632, 0.31676666666666653, 0.0], [1.871687708574985, 654.3327118089722, 0.0, 0.31676666666666653]]"
2026-07-13 12:38:44,59.10863412007936,20.851107238104255,124.79999999999995,parking,306.682559930116,117.45331371425242,0.0,0.0,0.0,4.0,4.0,6.944444444444444e-05,6.944444444444444e-05,"[[1857180.489291426, -340.5228786472149, 659.4284049558935, 1.871687708574985], [-340.52287864721524, 1826181.8393241952, -2.229485995236632, 654.3327118089722], [659.4284049558935, -2.229485995236632, 0.31676666666666653, 0.0], [1.871687708574985, 654.3327118089722, 0.0, 0.31676666666666653]]"
2026-07-13 12:48:44,59.10863412007936,20.851107238104255,124.79999999999995,parking,306.682559930116,117.45331371425242,0.0,0.0,0.0,4.0,4.0,6.944444444444444e-05,6.944444444444444e-05,"[[1857180.489291426, -340.5228786472149, 659.4284049558935, 1.871687708574985], [-340.52287864721524, 1826181.8393241952, -2.229485995236632, 654.3327118089722], [659.4284049558935, -2.229485995236632, 0.31676666666666653, 0.0], [1.871687708574985, 654.3327118089722, 0.0, 0.31676666666666653]]"
2026-07-13 12:58:44,59.10863412007936,20.851107238104255,124.79999999999995,parking,306.682559930116,117.45331371425242,0.0,0.0,0.0,4.0,4.0,6.944444444444444e-05,6.944444444444444e-05,"[[1857180.489291426, -340.5228786472149, 659.4284049558935, 1.871687708574985], [-340.52287864721524, 1826181.8393241952, -2.229485995236632, 654.3327118089722], [659.4284049558935, -2.229485995236632, 0.31676666666666653, 0.0], [1.871687708574985, 654.3327118089722, 0.0, 0.31676666666666653]]"
2026-07-13 13:08:44,59.10863412007936,20.851107238104255,124.79999999999995,parking,306.682559930116,117.45331371425242,0.0,0.0,0.0,4.0,4.0,6.944444444444444e-05,6.944444444444444e-05,"[[1857180.489291426, -340.5228786472149, 659.4284049558935, 1.871687708574985], [-340.52287864721524, 1826181.8393241952, -2.229485995236632, 654.3327118089722], [659.4284049558935, -2.229485995236632, 0.31676666666666653, 0.0], [1.871687708574985, 654.3327118089722, 0.0, 0.31676666666666653]]"
2026-07-13 13:18:44,59.10863412007936,20.851107238104255,124.79999999999995,parking,306.682559930116,117.45331371425242,0.0,0.0,0.0,4.0,4.0,6.944444444444444e-05,6.944444444444444e-05,"[[1857180.489291426, -340.5228786472149, 659.4284049558935, 1.871687708574985], [-340.52287864721524, 1826181.8393241952, -2.229485995236632, 654.3327118089722], [659.4284049558935, -2.229485995236632, 0.31676666666666653, 0.0], [1.871687708574985, 654.3327118089722, 0.0, 0.31676666666666653]]"
2026-07-13 13:28:44,59.10863412007936,20.851107238104255,124.79999999999995,parking,306.682559930116,117.45331371425242,0.0,0.0,0.0,4.0,4.0,6.944444444444444e-05,6.944444444444444e-05,"[[1857180.489291426, -340.5228786472149, 659.4284049558935, 1.871687708574985], [-340.52287864721524, 1826181.8393241952, -2.229485995236632, 654.3327118089722], [659.4284049558935, -2.229485995236632, 0.31676666666666653, 0.0], [1.871687708574985, 654.3327118089722, 0.0, 0.31676666666666653]]"
2026-07-13 13:38:44,59.10863412007936,20.851107238104255,124.79999999999995,parking,306.682559930116,117.45331371425242,0.0,0.0,0.0,4.0,4.0,6.944444444444444e-05,6.944444444444444e-05,"[[1857180.489291426, -340.5228786472149, 659.4284049558935, 1.871687708574985], [-340.52287864721524, 1826181.8393241952, -2.229485995236632, 654.3327118089722], [659.4284049558935, -2.229485995236632, 0.31676666666666653, 0.0], [1.871687708574985, 654.3327118089722, 0.0, 0.31676666666666653]]"
2026-07-13 13:48:44,59.10863412007936,20.851107238104255,124.79999999999995,parking,306.682559930116,117.45331371425242,0.0,0.0,0.0,4.0,4.0,6.944444444444444e-05,6.944444444444444e-05,"[[1857180.489291426, -340.5228786472149, 659.4284049558935, 1.871687708574985], [-340.52287864721524, 1826181.8393241952, -2.229485995236632, 654.3327118089722], [659.4284049558935, -2.229485995236632, 0.31676666666666653, 0.0], [1.871687708574985, 654.3327118089722, 0.0, 0.31676666666666653]]"
2026-07-13 13:58:44,59.10863412007936,20.851107238104255,124.79999999999995,parking,306.682559930116,117.45331371425242,0.0,0.0,0.0,4.0,4.0,6.944444444444444e-05,6.944444444444444e-05,"[[1857180.489291426, -340.5228786472149, 659.4284049558935, 1.871687708574985], [-340.52287864721524, 1826181.8393241952, -2.229485995236632, 654.3327118089722], [659.4284049558935, -2.229485995236632, 0.31676666666666653, 0.0], [1.871687708574985, 654.3327118089722, 0.0, 0.31676666666666653]]"
2026-07-13 14:08:44,59.10863412007936,20.851107238104255,124.79999999999995,parking,306.682559930116,117.45331371425242,0.0,0.0,0.0,4.0,4.0,6.944444444444444e-05,6.944444444444444e-05,"[[1857180.489291426, -340.5228786472149, 659.4284049558935, 1.871687708574985], [-340.52287864721524, 1826181.8393241952, -2.229485995236632, 654.3327118089722], [659.4284049558935, -2.229485995236632, 0.31676666666666653, 0.0], [1.871687708574985, 654.3327118089722, 0.0, 0.31676666666666653]]"
2026-07-13 14:18:44,59.10863412007936,20.851107238104255,124.79999999999995,parking,306.682559930116,117.45331371425242,0.0,0.0,0.0,4.0,4.0,6.944444444444444e-05,6.944444444444444e-05,"[[1857180.489291426, -340.5228786472149, 659.4284049558935, 1.871687708574985], [-340.52287864721524, 1826181.8393241952, -2.229485995236632, 654.3327118089722], [659.4284049558935, -2.229485995236632, 0.31676666666666653, 0.0], [1.871687708574985, 654.3327118089722, 0.0, 0.31676666666666653]]"
2026-07-13 14:28:44,59.10863412007936,20.851107238104255,124.79999999999995,parking,306.682559930116,117.45331371425242,0.0,0.0,0.0,4.0,4.0,6.944444444444444e-05,6.944444444444444e-05,"[[1857180.489291426, -340.5228786472149, 659.4284049558935, 1.871687708574985], [-340.52287864721524, 1826181.8393241952, -2.229485995236632, 654.3327118089722], [659.4284049558935, -2.229485995236632, 0.31676666666666653, 0.0], [1.871687708574985, 654.3327118089722, 0.0, 0.31676666666666653]]"
2026-07-13 14:38:44,59.10863412007936,20.851107238104255,124.79999999999995,parking,306.682559930116,117.45331371425242,0.0,0.0,0.0,4.0,4.0,6.944444444444444e-05,6.944444444444444e-05,"[[1857180.489291426, -340.5228786472149, 659.4284049558935, 1.871687708574985], [-340.52287864721524, 1826181.8393241952, -2.229485995236632, 654.3327118089722], [659.4284049558935, -2.229485995236632, 0.31676666666666653, 0.0], [1.871687708574985, 654.3327118089722, 0.0, 0.31676666666666653]]"
2026-07-13 14:48:44,59.10863412007936,20.851107238104255,124.79999999999995,parking,306.682559930116,117.45331371425242,0.0,0.0,0.0,4.0,4.0,6.944444444444444e-05,6.944444444444444e-05,"[[1857180.489291426, -340.5228786472149, 659.4284049558935, 1.871687708574985], [-340.52287864721524, 1826181.8393241952, -2.229485995236632, 654.3327118089722], [659.4284049558935, -2.229485995236632, 0.31676666666666653, 0.0], [1.871687708574985, 654.3327118089722, 0.0, 0.31676666666666653]]"
2026-07-13 14:58:44,59.10863412007936,20.851107238104255,124.79999999999995,parking,306.682559930116,117.45331371425242,0.0,0.0,0.0,4.0,4.0,6.944444444444444e-05,6.944444444444444e-05,"[[1857180.489291426, -340.5228786472149, 659.4284049558935, 1.871687708574985], [-340.52287864721524, 1826181.8393241952, -2.229485995236632, 654.3327118089722], [659.4284049558935, -2.229485995236632, 0.31676666666666653, 0.0], [1.871687708574985, 654.3327118089722, 0.0, 0.31676666666666653]]"
2026-07-13 15:08:44,59.10863412007936,20.851107238104255,124.79999999999995,parking,306.682559930116,117.45331371425242,0.0,0.0,0.0,4.0,4.0,6.944444444444444e-05,6.944444444444444e-05,"[[1857180.489291426, -340.5228786472149, 659.4284049558935, 1.871687708574985], [-340.52287864721524, 1826181.8393241952, -2.229485995236632, 654.3327118089722], [659.4284049558935, -2.229485995236632, 0.31676666666666653, 0.0], [1.871687708574985, 654.3327118089722, 0.0, 0.31676666666666653]]"
2026-07-13 15:18:44,59.10863412007936,20.851107238104255,124.79999999999995,parking,306.682559930116,117.45331371425242,0.0,0.0,0.0,4.0,4.0,6.944444444444444e-05,6.944444444444444e-05,"[[1857180.489291426, -340.5228786472149, 659.4284049558935, 1.871687708574985], [-340.52287864721524, 1826181.8393241952, -2.229485995236632, 654.3327118089722], [659.4284049558935, -2.229485995236632, 0.31676666666666653, 0.0], [1.871687708574985, 654.3327118089722, 0.0, 0.31676666666666653]]"
2026-07-13 15:28:44,59.10863412007936,20.851107238104255,124.79999999999995,parking,306.682559930116,117.45331371425242,0.0,0.0,0.0,4.0,4.0,6.944444444444444e-05,6.944444444444444e-05,"[[1857180.489291426, -340.5228786472149, 659.4284049558935, 1.871687708574985], [-340.52287864721524, 1826181.8393241952, -2.229485995236632, 654.3327118089722], [659.4284049558935, -2.229485995236632, 0.31676666666666653, 0.0], [1.871687708574985, 654.3327118089722, 0.0, 0.31676666666666653]]"
2026-07-13 15:38:44,59.10863412007936,20.851107238104255,124.79999999999995,parking,306.682559930116,117.45331371425242,0.0,0.0,0.0,4.0,4.0,6.944444444444444e-05,6.944444444444444e-05,"[[1857180.489291426, -340.5228786472149, 659.4284049558935, 1.871687708574985], [-340.52287864721524, 1826181.8393241952, -2.229485995236632, 654.3327118089722], [659.4284049558935, -2.229485995236632, 0.31676666666666653, 0.0], [1.871687708574985, 654.3327118089722, 0.0, 0.31676666666666653]]"
2026-07-13 15:48:44,59.10863412007936,20.851107238104255,124.79999999999995,parking,306.682559930116,117.45331371425242,0.0,0.0,0.0,4.0,4.0,6.944444444444444e-05,6.944444444444444e-05,"[[1857180.489291426, -340.5228786472149, 659.4284049558935, 1.871687708574985], [-340.52287864721524, 1826181.8393241952, -2.229485995236632, 654.3327118089722], [659.4284049558935, -2.229485995236632, 0.31676666666666653, 0.0], [1.871687708574985, 654.3327118089722, 0.0, 0.31676666666666653]]"
2026-07-13 15:58:44,59.10863412007936,20.851107238104255,124.79999999999995,parking,306.682559930116,117.45331371425242,0.0,0.0,0.0,4.0,4.0,6.944444444444444e-05,6.944444444444444e-05,"[[1857180.489291426, -340.5228786472149, 659.4284049558935, 1.871687708574985], [-340.52287864721524, 1826181.8393241952, -2.229485995236632, 654.3327118089722], [659.4284049558935, -2.229485995236632, 0.31676666666666653, 0.0], [1.871687708574985, 654.3327118089722, 0.0, 0.31676666666666653]]"
2026-07-13 16:08:44,59.10863412007936,20.851107238104255,124.79999999999995,parking,306.682559930116,117.45331371425242,0.0,0.0,0.0,4.0,4.0,6.944444444444444e-05,6.944444444444444e-05,"[[1857180.489291426, -340.5228786472149, 659.4284049558935, 1.871687708574985], [-340.52287864721524, 1826181.8393241952, -2.229485995236632, 654.3327118089722], [659.4284049558935, -2.229485995236632, 0.31676666666666653, 0.0], [1.871687708574985, 654.3327118089722, 0.0, 0.31676666666666653]]"
2026-07-13 16:18:44,59.10863412007936,20.851107238104255,124.79999999999995,parking,306.682559930116,117.45331371425242,0.0,0.0,0.0,4.0,4.0,6.944444444444444e-05,6.944444444444444e-05,"[[1857180.489291426, -340.5228786472149, 659.4284049558935, 1.871687708574985], [-340.52287864721524, 1826181.8393241952, -2.229485995236632, 654.3327118089722], [659.4284049558935, -2.229485995236632, 0.31676666666666653, 0.0], [1.871687708574985, 654.3327118089722, 0.0, 0.31676666666666653]]"
2026-07-13 16:28:44,59.10863412007936,20.851107238104255,124.79999999999995,parking,306.682559930116,117.45331371425242,0.0,0.0,0.0,4.0,4.0,6.944444444444444e-05,6.944444444444444e-05,"[[1857180.489291426, -340.5228786472149, 659.4284049558935, 1.871687708574985], [-340.52287864721524, 1826181.8393241952, -2.229485995236632, 654.3327118089722], [659.4284049558935, -2.229485995236632, 0.31676666666666653, 0.0], [1.871687708574985, 654.3327118089722, 0.0, 0.31676666666666653]]"
2026-07-13 16:38:44,59.10863412007936,20.851107238104255,124.79999999999995,parking,306.682559930116,117.45331371425242,0.0,0.0,0.0,4.0,4.0,6.944444444444444e-05,6.944444444444444e-05,"[[1857180.489291426, -340.5228786472149, 659.4284049558935, 1.871687708574985], [-340.52287864721524, 1826181.8393241952, -2.229485995236632, 654.3327118089722], [659.4284049558935, -2.229485995236632, 0.31676666666666653, 0.0], [1.871687708574985, 654.3327118089722, 0.0, 0.31676666666666653]]"
2026-07-13 16:48:44,59.10863412007936,20.851107238104255,124.79999999999995,parking,306.682559930116,117.45331371425242,0.0,0.0,0.0,4.0,4.0,6.944444444444444e-05,6.944444444444444e-05,"[[1857180.489291426, -340.5228786472149, 659.4284049558935, 1.871687708574985], [-340.52287864721524, 1826181.8393241952, -2.229485995236632, 654.3327118089722], [659.4284049558935, -2.229485995236632, 0.31676666666666653, 0.0], [1.871687708574985, 654.3327118089722, 0.0, 0.31676666666666653]]"
2026-07-13 16:58:44,59.10863412007936,20.851107238104255,124.79999999999995,parking,306.682559930116,117.45331371425242,0.0,0.0,0.0,4.0,4.0,6.944444444444444e-05,6.944444444444444e-05,"[[1857180.489291426, -340.5228786472149, 659.4284049558935, 1.871687708574985], [-340.52287864721524, 1826181.8393241952, -2.229485995236632, 654.3327118089722], [659.4284049558935, -2.229485995236632, 0.31676666666666653, 0.0], [1.871687708574985, 654.3327118089722, 0.0, 0.31676666666666653]]"
2026-07-13 17:08:44,59.10863412007936,20.851107238104255,124.79999999999995,parking,306.682559930116,117.45331371425242,0.0,0.0,0.0,4.0,4.0,6.944444444444444e-05,6.944444444444444e-05,"[[1857180.489291426, -340.5228786472149, 659.4284049558935, 1.871687708574985], [-340.52287864721524, 1826181.8393241952, -2.229485995236632, 654.3327118089722], [659.4284049558935, -2.229485995236632, 0.31676666666666653, 0.0], [1.871687708574985, 654.3327118089722, 0.0, 0.31676666666666653]]"
2026-07-13 17:18:44,59.10863412007936,20.851107238104255,124.79999999999995,parking,306.682559930116,117.45331371425242,0.0,0.0,0.0,4.0,4.0,6.944444444444444e-05,6.944444444444444e-05,"[[1857180.489291426, -340.5228786472149, 659.4284049558935, 1.871687708574985], [-340.52287864721524, 1826181.8393241952, -2.229485995236632, 654.3327118089722], [659.4284049558935, -2.229485995236632, 0.31676666666666653, 0.0], [1.871687708574985, 654.3327118089722, 0.0, 0.31676666666666653]]"
2026-07-13 17:28:44,59.10863412007936,20.851107238104255,124.79999999999995,parking,306.682559930116,117.45331371425242,0.0,0.0,0.0,4.0,4.0,6.944444444444444e-05,6.944444444444444e-05,"[[1857180.489291426, -340.5228786472149, 659.4284049558935, 1.871687708574985], [-340.52287864721524, 1826181.8393241952, -2.229485995236632, 654.3327118089722], [659.4284049558935, -2.229485995236632, 0.31676666666666653, 0.0], [1.871687708574985, 654.3327118089722, 0.0, 0.31676666666666653]]"
2026-07-13 17:38:44,59.10863412007936,20.851107238104255,124.79999999999995,parking,306.682559930116,117.45331371425242,0.0,0.0,0.0,4.0,4.0,6.944444444444444e-05,6.944444444444444e-05,"[[1857180.489291426, -340.5228786472149, 659.4284049558935, 1.871687708574985], [-340.52287864721524, 1826181.8393241952, -2.229485995236632, 654.3327118089722], [659.4284049558935, -2.229485995236632, 0.31676666666666653, 0.0], [1.871687708574985, 654.3327118089722, 0.0, 0.31676666666666653]]"
2026-07-13 17:48:44,59.10863412007936,20.851107238104255,124.79999999999995,parking,306.682559930116,117.45331371425242,0.0,0.0,0.0,4.0,4.0,6.944444444444444e-05,6.944444444444444e-05,"[[1857180.489291426, -340.5228786472149, 659.4284049558935, 1.871687708574985], [-340.52287864721524, 1826181.8393241952, -2.229485995236632, 654.3327118089722], [659.4284049558935, -2.229485995236632, 0.31676666666666653, 0.0], [1.871687708574985, 654.3327118089722, 0.0, 0.31676666666666653]]"
2026-07-13 17:58:44,59.10863412007936,20.851107238104255,124.79999999999995,parking,306.682559930116,117.45331371425242,0.0,0.0,0.0,4.0,4.0,6.944444444444444e-05,6.944444444444444e-05,"[[1857180.489291426, -340.5228786472149, 659.4284049558935, 1.871687708574985], [-340.52287864721524, 1826181.8393241952, -2.229485995236632, 654.3327118089722], [659.4284049558935, -2.229485995236632, 0.31676666666666653, 0.0], [1.871687708574985, 654.3327118089722, 0.0, 0.31676666666666653]]"
2026-07-13 18:08:44,59.10863412007936,20.851107238104255,124.79999999999995,parking,306.682559930116,117.45331371425242,0.0,0.0,0.0,4.0,4.0,6.944444444444444e-05,6.944444444444444e-05,"[[1857180.489291426, -340.5228786472149, 659.4284049558935, 1.871687708574985], [-340.52287864721524, 1826181.8393241952, -2.229485995236632, 654.3327118089722], [659.4284049558935, -2.229485995236632, 0.31676666666666653, 0.0], [1.871687708574985, 654.3327118089722, 0.0, 0.31676666666666653]]"
2026-07-13 18:18:44,59.10863412007936,20.851107238104255,124.79999999999995,parking,306.682559930116,117.45331371425242,0.0,0.0,0.0,4.0,4.0,6.944444444444444e-05,6.944444444444444e-05,"[[1857180.489291426, -340.5228786472149, 659.4284049558935, 1.871687708574985], [-340.52287864721524, 1826181.8393241952, -2.229485995236632, 654.3327118089722], [659.4284049558935, -2.229485995236632, 0.31676666666666653, 0.0], [1.871687708574985, 654.3327118089722, 0.0, 0.31676666666666653]]"
2026-07-13 18:28:44,59.10863412007936,20.851107238104255,124.79999999999995,parking,306.682559930116,117.45331371425242,0.0,0.0,0.0,4.0,4.0,6.944444444444444e-05,6.944444444444444e-05,"[[1857180.489291426, -340.5228786472149, 659.4284049558935, 1.871687708574985], [-340.52287864721524, 1826181.8393241952, -2.229485995236632, 654.3327118089722], [659.4284049558935, -2.229485995236632, 0.31676666666666653, 0.0], [1.871687708574985, 654.3327118089722, 0.0, 0.31676666666666653]]"
2026-07-13 18:38:44,59.10863412007936,20.851107238104255,124.79999999999995,parking,306.682559930116,117.45331371425242,0.0,0.0,0.0,4.0,4.0,6.944444444444444e-05,6.944444444444444e-05,"[[1857180.489291426, -340.5228786472149, 659.4284049558935, 1.871687708574985], [-340.52287864721524, 1826181.8393241952, -2.229485995236632, 654.3327118089722], [659.4284049558935, -2.229485995236632, 0.31676666666666653, 0.0], [1.871687708574985, 654.3327118089722, 0.0, 0.31676666666666653]]"
2026-07-13 18:48:44,59.10863412007936,20.851107238104255,124.79999999999995,parking,306.682559930116,117.45331371425242,0.0,0.0,0.0,4.0,4.0,6.944444444444444e-05,6.944444444444444e-05,"[[1857180.489291426, -340.5228786472149, 659.4284049558935, 1.871687708574985], [-340.52287864721524, 1826181.8393241952, -2.229485995236632, 654.3327118089722], [659.4284049558935, -2.229485995236632, 0.31676666666666653, 0.0], [1.871687708574985, 654.3327118089722, 0.0, 0.31676666666666653]]"
2026-07-13 18:58:44,59.10863412007936,20.851107238104255,124.79999999999995,parking,306.682559930116,117.45331371425242,0.0,0.0,0.0,4.0,4.0,6.944444444444444e-05,6.944444444444444e-05,"[[1857180.489291426, -340.5228786472149, 659.4284049558935, 1.871687708574985], [-340.52287864721524, 1826181.8393241952, -2.229485995236632, 654.3327118089722], [659.4284049558935, -2.229485995236632, 0.31676666666666653, 0.0], [1.871687708574985, 654.3327118089722, 0.0, 0.31676666666666653]]"
2026-07-13 19:08:44,59.10863412007936,20.851107238104255,124.79999999999995,parking,306.682559930116,117.45331371425242,0.0,0.0,0.0,4.0,4.0,6.944444444444444e-05,6.944444444444444e-05,"[[1857180.489291426, -340.5228786472149, 659.4284049558935, 1.871687708574985], [-340.52287864721524, 1826181.8393241952, -2.229485995236632, 654.3327118089722], [659.4284049558935, -2.229485995236632, 0.31676666666666653, 0.0], [1.871687708574985, 654.3327118089722, 0.0, 0.31676666666666653]]"
2026-07-13 19:18:44,59.10863412007936,20.851107238104255,124.79999999999995,parking,306.682559930116,117.45331371425242,0.0,0.0,0.0,4.0,4.0,6.944444444444444e-05,6.944444444444444e-05,"[[1857180.489291426, -340.5228786472149, 659.4284049558935, 1.871687708574985], [-340.52287864721524, 1826181.8393241952, -2.229485995236632, 654.3327118089722], [659.4284049558935, -2.229485995236632, 0.31676666666666653, 0.0], [1.871687708574985, 654.3327118089722, 0.0, 0.31676666666666653]]"
2026-07-13 19:28:44,59.10863412007936,20.851107238104255,124.79999999999995,parking,306.682559930116,117.45331371425242,0.0,0.0,0.0,4.0,4.0,6.944444444444444e-05,6.944444444444444e-05,"[[1857180.489291426, -340.5228786472149, 659.4284049558935, 1.871687708574985], [-340.52287864721524, 1826181.8393241952, -2.229485995236632, 654.3327118089722], [659.4284049558935, -2.229485995236632, 0.31676666666666653, 0.0], [1.871687708574985, 654.3327118089722, 0.0, 0.31676666666666653]]"
2026-07-13 19:38:44,59.10863412007936,20.851107238104255,124.79999999999995,parking,306.682559930116,117.45331371425242,0.0,0.0,0.0,4.0,4.0,6.944444444444444e-05,6.944444444444444e-05,"[[1857180.489291426, -340.5228786472149, 659.4284049558935, 1.871687708574985], [-340.52287864721524, 1826181.8393241952, -2.229485995236632, 654.3327118089722], [659.4284049558935, -2.229485995236632, 0.31676666666666653, 0.0], [1.871687708574985, 654.3327118089722, 0.0, 0.31676666666666653]]"
2026-07-13 19:48:44,59.10863412007936,20.851107238104255,124.79999999999995,parking,306.682559930116,117.45331371425242,0.0,0.0,0.0,4.0,4.0,6.944444444444444e-05,6.944444444444444e-05,"[[1857180.489291426, -340.5228786472149, 659.4284049558935, 1.871687708574985], [-340.52287864721524, 1826181.8393241952, -2.229485995236632, 654.3327118089722], [659.4284049558935, -2.229485995236632, 0.31676666666666653, 0.0], [1.871687708574985, 654.3327118089722, 0.0, 0.31676666666666653]]"
2026-07-13 19:58:44,59.10863412007936,20.851107238104255,124.79999999999995,parking,306.682559930116,117.45331371425242,0.0,0.0,0.0,4.0,4.0,6.944444444444444e-05,6.944444444444444e-05,"[[1857180.489291426, -340.5228786472149, 659.4284049558935, 1.871687708574985], [-340.52287864721524, 1826181.8393241952, -2.229485995236632, 654.3327118089722], [659.4284049558935, -2.229485995236632, 0.31676666666666653, 0.0], [1.871687708574985, 654.3327118089722, 0.0, 0.31676666666666653]]"
2026-07-13 20:08:44,59.10863412007936,20.851107238104255,124.79999999999995,parking,306.682559930116,117.45331371425242,0.0,0.0,0.0,4.0,4.0,6.944444444444444e-05,6.944444444444444e-05,"[[1857180.489291426, -340.5228786472149, 659.4284049558935, 1.871687708574985], [-340.52287864721524, 1826181.8393241952, -2.229485995236632, 654.3327118089722], [659.4284049558935, -2.229485995236632, 0.31676666666666653, 0.0], [1.871687708574985, 654.3327118089722, 0.0, 0.31676666666666653]]"
2026-07-13 20:18:44,59.10863412007936,20.851107238104255,124.79999999999995,parking,306.682559930116,117.45331371425242,0.0,0.0,0.0,4.0,4.0,6.944444444444444e-05,6.944444444444444e-05,"[[1857180.489291426, -340.5228786472149, 659.4284049558935, 1.871687708574985], [-340.52287864721524, 1826181.8393241952, -2.229485995236632, 654.3327118089722], [659.4284049558935, -2.229485995236632, 0.31676666666666653, 0.0], [1.871687708574985, 654.3327118089722, 0.0, 0.31676666666666653]]"
2026-07-13 20:28:44,59.10863412007936,20.851107238104255,124.79999999999995,parking,306.682559930116,117.45331371425242,0.0,0.0,0.0,4.0,4.0,6.944444444444444e-05,6.944444444444444e-05,"[[1857180.489291426, -340.5228786472149, 659.4284049558935, 1.871687708574985], [-340.52287864721524, 1826181.8393241952, -2.229485995236632, 654.3327118089722], [659.4284049558935, -2.229485995236632, 0.31676666666666653, 0.0], [1.871687708574985, 654.3327118089722, 0.0, 0.31676666666666653]]"
2026-07-13 20:38:44,59.10863412007936,20.851107238104255,124.79999999999995,parking,306.682559930116,117.45331371425242,0.0,0.0,0.0,4.0,4.0,6.944444444444444e-05,6.944444444444444e-05,"[[1857180.489291426, -340.5228786472149, 659.4284049558935, 1.871687708574985], [-340.52287864721524, 1826181.8393241952, -2.229485995236632, 654.3327118089722], [659.4284049558935, -2.229485995236632, 0.31676666666666653, 0.0], [1.871687708574985, 654.3327118089722, 0.0, 0.31676666666666653]]"
2026-07-13 20:48:44,59.10863412007936,20.851107238104255,124.79999999999995,parking,306.682559930116,117.45331371425242,0.0,0.0,0.0,4.0,4.0,6.944444444444444e-05,6.944444444444444e-05,"[[1857180.489291426, -340.5228786472149, 659.4284049558935, 1.871687708574985], [-340.52287864721524, 1826181.8393241952, -2.229485995236632, 654.3327118089722], [659.4284049558935, -2.229485995236632, 0.31676666666666653, 0.0], [1.871687708574985, 654.3327118089722, 0.0, 0.31676666666666653]]"
2026-07-13 20:58:44,59.10863412007936,20.851107238104255,124.79999999999995,parking,306.682559930116,117.45331371425242,0.0,0.0,0.0,4.0,4.0,6.944444444444444e-05,6.944444444444444e-05,"[[1857180.489291426, -340.5228786472149, 659.4284049558935, 1.871687708574985], [-340.52287864721524, 1826181.8393241952, -2.229485995236632, 654.3327118089722], [659.4284049558935, -2.229485995236632, 0.31676666666666653, 0.0], [1.871687708574985, 654.3327118089722, 0.0, 0.31676666666666653]]"
2026-07-13 21:08:44,59.10863412007936,20.851107238104255,124.79999999999995,parking,306.682559930116,117.45331371425242,0.0,0.0,0.0,4.0,4.0,6.944444444444444e-05,6.944444444444444e-05,"[[1857180.489291426, -340.5228786472149, 659.4284049558935, 1.871687708574985], [-340.52287864721524, 1826181.8393241952, -2.229485995236632, 654.3327118089722], [659.4284049558935, -2.229485995236632, 0.31676666666666653, 0.0], [1.871687708574985, 654.3327118089722, 0.0, 0.31676666666666653]]"
2026-07-13 21:18:44,59.10863412007936,20.851107238104255,124.79999999999995,parking,306.682559930116,117.45331371425242,0.0,0.0,0.0,4.0,4.0,6.944444444444444e-05,6.944444444444444e-05,"[[1857180.489291426, -340.5228786472149, 659.4284049558935, 1.871687708574985], [-340.52287864721524, 1826181.8393241952, -2.229485995236632, 654.3327118089722], [659.4284049558935, -2.229485995236632, 0.31676666666666653, 0.0], [1.871687708574985, 654.3327118089722, 0.0, 0.31676666666666653]]"
2026-07-13 21:28:44,59.10863412007936,20.851107238104255,124.79999999999995,parking,306.682559930116,117.45331371425242,0.0,0.0,0.0,4.0,4.0,6.944444444444444e-05,6.944444444444444e-05,"[[1857180.489291426, -340.5228786472149, 659.4284049558935, 1.871687708574985], [-340.52287864721524, 1826181.8393241952, -2.229485995236632, 654.3327118089722], [659.4284049558935, -2.229485995236632, 0.31676666666666653, 0.0], [1.871687708574985, 654.3327118089722, 0.0, 0.31676666666666653]]"
2026-07-13 21:38:44,59.10863412007936,20.851107238104255,124.79999999999995,parking,306.682559930116,117.45331371425242,0.0,0.0,0.0,4.0,4.0,6.944444444444444e-05,6.944444444444444e-05,"[[1857180.489291426, -340.5228786472149, 659.4284049558935, 1.871687708574985], [-340.52287864721524, 1826181.8393241952, -2.229485995236632, 654.3327118089722], [659.4284049558935, -2.229485995236632, 0.31676666666666653, 0.0], [1.871687708574985, 654.3327118089722, 0.0, 0.31676666666666653]]"
2026-07-13 21:48:44,59.10863412007936,20.851107238104255,124.79999999999995,parking,306.682559930116,117.45331371425242,0.0,0.0,0.0,4.0,4.0,6.944444444444444e-05,6.944444444444444e-05,"[[1857180.489291426, -340.5228786472149, 659.4284049558935, 1.871687708574985], [-340.52287864721524, 1826181.8393241952, -2.229485995236632, 654.3327118089722], [659.4284049558935, -2.229485995236632, 0.31676666666666653, 0.0], [1.871687708574985, 654.3327118089722, 0.0, 0.31676666666666653]]"
2026-07-13 21:58:44,59.10863412007936,20.851107238104255,124.79999999999995,parking,306.682559930116,117.45331371425242,0.0,0.0,0.0,4.0,4.0,6.944444444444444e-05,6.944444444444444e-05,"[[1857180.489291426, -340.5228786472149, 659.4284049558935, 1.871687708574985], [-340.52287864721524, 1826181.8393241952, -2.229485995236632, 654.3327118089722], [659.4284049558935, -2.229485995236632, 0.31676666666666653, 0.0], [1.871687708574985, 654.3327118089722, 0.0, 0.31676666666666653]]"
2026-07-13 22:08:44,59.10863412007936,20.851107238104255,124.79999999999995,parking,306.682559930116,117.45331371425242,0.0,0.0,0.0,4.0,4.0,6.944444444444444e-05,6.944444444444444e-05,"[[1857180.489291426, -340.5228786472149, 659.4284049558935, 1.871687708574985], [-340.52287864721524, 1826181.8393241952, -2.229485995236632, 654.3327118089722], [659.4284049558935, -2.229485995236632, 0.31676666666666653, 0.0], [1.871687708574985, 654.3327118089722, 0.0, 0.31676666666666653]]"
2026-07-13 22:18:44,59.10863412007936,20.851107238104255,124.79999999999995,parking,306.682559930116,117.45331371425242,0.0,0.0,0.0,4.0,4.0,6.944444444444444e-05,6.944444444444444e-05,"[[1857180.489291426, -340.5228786472149, 659.4284049558935, 1.871687708574985], [-340.52287864721524, 1826181.8393241952, -2.229485995236632, 654.3327118089722], [659.4284049558935, -2.229485995236632, 0.31676666666666653, 0.0], [1.871687708574985, 654.3327118089722, 0.0, 0.31676666666666653]]"
2026-07-13 22:28:44,59.10863412007936,20.851107238104255,124.79999999999995,parking,306.682559930116,117.45331371425242,0.0,0.0,0.0,4.0,4.0,6.944444444444444e-05,6.944444444444444e-05,"[[1857180.489291426, -340.5228786472149, 659.4284049558935, 1.871687708574985], [-340.52287864721524, 1826181.8393241952, -2.229485995236632, 654.3327118089722], [659.4284049558935, -2.229485995236632, 0.31676666666666653, 0.0], [1.871687708574985, 654.3327118089722, 0.0, 0.31676666666666653]]"
2026-07-13 22:38:44,59.10863412007936,20.851107238104255,124.79999999999995,parking,306.682559930116,117.45331371425242,0.0,0.0,0.0,4.0,4.0,6.944444444444444e-05,6.944444444444444e-05,"[[1857180.489291426, -340.5228786472149, 659.4284049558935, 1.871687708574985], [-340.52287864721524, 1826181.8393241952, -2.229485995236632, 654.3327118089722], [659.4284049558935, -2.229485995236632, 0.31676666666666653, 0.0], [1.871687708574985, 654.3327118089722, 0.0, 0.31676666666666653]]"
2026-07-13 22:48:44,59.10863412007936,20.851107238104255,124.79999999999995,parking,306.682559930116,117.45331371425242,0.0,0.0,0.0,4.0,4.0,6.944444444444444e-05,6.944444444444444e-05,"[[1857180.489291426, -340.5228786472149, 659.4284049558935, 1.871687708574985], [-340.52287864721524, 1826181.8393241952, -2.229485995236632, 654.3327118089722], [659.4284049558935, -2.229485995236632, 0.31676666666666653, 0.0], [1.871687708574985, 654.3327118089722, 0.0, 0.31676666666666653]]"
2026-07-13 22:58:44,59.10863412007936,20.851107238104255,124.79999999999995,parking,306.682559930116,117.45331371425242,0.0,0.0,0.0,4.0,4.0,6.944444444444444e-05,6.944444444444444e-05,"[[1857180.489291426, -340.5228786472149, 659.4284049558935, 1.871687708574985], [-340.52287864721524, 1826181.8393241952, -2.229485995236632, 654.3327118089722], [659.4284049558935, -2.229485995236632, 0.31676666666666653, 0.0], [1.871687708574985, 654.3327118089722, 0.0, 0.31676666666666653]]"
2026-07-13 23:08:44,59.10863412007936,20.851107238104255,124.79999999999995,parking,306.682559930116,117.45331371425242,0.0,0.0,0.0,4.0,4.0,6.944444444444444e-05,6.944444444444444e-05,"[[1857180.489291426, -340.5228786472149, 659.4284049558935, 1.871687708574985], [-340.52287864721524, 1826181.8393241952, -2.229485995236632, 654.3327118089722], [659.4284049558935, -2.229485995236632, 0.31676666666666653, 0.0], [1.871687708574985, 654.3327118089722, 0.0, 0.31676666666666653]]"
2026-07-13 23:18:44,59.10863412007936,20.851107238104255,124.79999999999995,parking,306.682559930116,117.45331371425242,0.0,0.0,0.0,4.0,4.0,6.944444444444444e-05,6.944444444444444e-05,"[[1857180.489291426, -340.5228786472149, 659.4284049558935, 1.871687708574985], [-340.52287864721524, 1826181.8393241952, -2.229485995236632, 654.3327118089722], [659.4284049558935, -2.229485995236632, 0.31676666666666653, 0.0], [1.871687708574985, 654.3327118089722, 0.0, 0.31676666666666653]]"
2026-07-13 23:28:44,59.10863412007936,20.851107238104255,124.79999999999995,parking,306.682559930116,117.45331371425242,0.0,0.0,0.0,4.0,4.0,6.944444444444444e-05,6.944444444444444e-05,"[[1857180.489291426, -340.5228786472149, 659.4284049558935, 1.871687708574985], [-340.52287864721524, 1826181.8393241952, -2.229485995236632, 654.3327118089722], [659.4284049558935, -2.229485995236632, 0.31676666666666653, 0.0], [1.871687708574985, 654.3327118089722, 0.0, 0.31676666666666653]]"
2026-07-13 23:38:44,59.10863412007936,20.851107238104255,124.79999999999995,parking,306.682559930116,117.45331371425242,0.0,0.0,0.0,4.0,4.0,6.944444444444444e-05,6.944444444444444e-05,"[[1857180.489291426, -340.5228786472149, 659.4284049558935, 1.871687708574985], [-340.52287864721524, 1826181.8393241952, -2.229485995236632, 654.3327118089722], [659.4284049558935, -2.229485995236632, 0.31676666666666653, 0.0], [1.871687708574985, 654.3327118089722, 0.0, 0.31676666666666653]]"
2026-07-13 23:48:44,59.10863412007936,20.851107238104255,124.79999999999995,parking,306.682559930116,117.45331371425242,0.0,0.0,0.0,4.0,4.0,6.944444444444444e-05,6.944444444444444e-05,"[[1857180.489291426, -340.5228786472149, 659.4284049558935, 1.871687708574985], [-340.52287864721524, 1826181.8393241952, -2.229485995236632, 654.3327118089722], [659.4284049558935, -2.229485995236632, 0.31676666666666653, 0.0], [1.871687708574985, 654.3327118089722, 0.0, 0.31676666666666653]]"
2026-07-13 23:58:44,59.10863412007936,20.851107238104255,124.79999999999995,parking,306.682559930116,117.45331371425242,0.0,0.0,0.0,4.0,4.0,6.944444444444444e-05,6.944444444444444e-05,"[[1857180.489291426, -340.5228786472149, 659.4284049558935, 1.871687708574985], [-340.52287864721524, 1826181.8393241952, -2.229485995236632, 654.3327118089722], [659.4284049558935, -2.229485995236632, 0.31676666666666653, 0.0], [1.871687708574985, 654.3327118089722, 0.0, 0.31676666666666653]]"
2026-07-14 00:08:44,59.10863412007936,20.851107238104255,124.79999999999995,parking,306.682559930116,117.45331371425242,0.0,0.0,0.0,4.0,4.0,6.944444444444444e-05,6.944444444444444e-05,"[[1857180.489291426, -340.5228786472149, 659.4284049558935, 1.871687708574985], [-340.52287864721524, 1826181.8393241952, -2.229485995236632, 654.3327118089722], [659.4284049558935, -2.229485995236632, 0.31676666666666653, 0.0], [1.871687708574985, 654.3327118089722, 0.0, 0.31676666666666653]]"
2026-07-14 00:18:44,59.10863412007936,20.851107238104255,124.79999999999995,parking,306.682559930116,117.45331371425242,0.0,0.0,0.0,4.0,4.0,6.944444444444444e-05,6.944444444444444e-05,"[[1857180.489291426, -340.5228786472149, 659.4284049558935, 1.871687708574985], [-340.52287864721524, 1826181.8393241952, -2.229485995236632, 654.3327118089722], [659.4284049558935, -2.229485995236632, 0.31676666666666653, 0.0], [1.871687708574985, 654.3327118089722, 0.0, 0.31676666666666653]]"
2026-07-14 00:28:44,59.10863412007936,20.851107238104255,124.79999999999995,parking,306.682559930116,117.45331371425242,0.0,0.0,0.0,4.0,4.0,6.944444444444444e-05,6.944444444444444e-05,"[[1857180.489291426, -340.5228786472149, 659.4284049558935, 1.871687708574985], [-340.52287864721524, 1826181.8393241952, -2.229485995236632, 654.3327118089722], [659.4284049558935, -2.229485995236632, 0.31676666666666653, 0.0], [1.871687708574985, 654.3327118089722, 0.0, 0.31676666666666653]]"
2026-07-14 00:38:44,59.10863412007936,20.851107238104255,124.79999999999995,parking,306.682559930116,117.45331371425242,0.0,0.0,0.0,4.0,4.0,6.944444444444444e-05,6.944444444444444e-05,"[[1857180.489291426, -340.5228786472149, 659.4284049558935, 1.871687708574985], [-340.52287864721524, 1826181.8393241952, -2.229485995236632, 654.3327118089722], [659.4284049558935, -2.229485995236632, 0.31676666666666653, 0.0], [1.871687708574985, 654.3327118089722, 0.0, 0.31676666666666653]]"
2026-07-14 00:48:44,59.10863412007936,20.851107238104255,124.79999999999995,parking,306.682559930116,117.45331371425242,0.0,0.0,0.0,4.0,4.0,6.944444444444444e-05,6.944444444444444e-05,"[[1857180.489291426, -340.5228786472149, 659.4284049558935, 1.871687708574985], [-340.52287864721524, 1826181.8393241952, -2.229485995236632, 654.3327118089722], [659.4284049558935, -2.229485995236632, 0.31676666666666653, 0.0], [1.871687708574985, 654.3327118089722, 0.0, 0.31676666666666653]]"
2026-07-14 00:58:44,59.10863412007936,20.851107238104255,124.79999999999995,parking,306.682559930116,117.45331371425242,0.0,0.0,0.0,4.0,4.0,6.944444444444444e-05,6.944444444444444e-05,"[[1857180.489291426, -340.5228786472149, 659.4284049558935, 1.871687708574985], [-340.52287864721524, 1826181.8393241952, -2.229485995236632, 654.3327118089722], [659.4284049558935, -2.229485995236632, 0.31676666666666653, 0.0], [1.871687708574985, 654.3327118089722, 0.0, 0.31676666666666653]]"
2026-07-14 01:08:44,59.10863412007936,20.851107238104255,124.79999999999995,parking,306.682559930116,117.45331371425242,0.0,0.0,0.0,4.0,4.0,6.944444444444444e-05,6.944444444444444e-05,"[[1857180.489291426, -340.5228786472149, 659.4284049558935, 1.871687708574985], [-340.52287864721524, 1826181.8393241952, -2.229485995236632, 654.3327118089722], [659.4284049558935, -2.229485995236632, 0.31676666666666653, 0.0], [1.871687708574985, 654.3327118089722, 0.0, 0.31676666666666653]]"
2026-07-14 01:18:44,59.10863412007936,20.851107238104255,124.79999999999995,parking,306.682559930116,117.45331371425242,0.0,0.0,0.0,4.0,4.0,6.944444444444444e-05,6.944444444444444e-05,"[[1857180.489291426, -340.5228786472149, 659.4284049558935, 1.871687708574985], [-340.52287864721524, 1826181.8393241952, -2.229485995236632, 654.3327118089722], [659.4284049558935, -2.229485995236632, 0.31676666666666653, 0.0], [1.871687708574985, 654.3327118089722, 0.0, 0.31676666666666653]]"
2026-07-14 01:28:44,59.10863412007936,20.851107238104255,124.79999999999995,parking,306.682559930116,117.45331371425242,0.0,0.0,0.0,4.0,4.0,6.944444444444444e-05,6.944444444444444e-05,"[[1857180.489291426, -340.5228786472149, 659.4284049558935, 1.871687708574985], [-340.52287864721524, 1826181.8393241952, -2.229485995236632, 654.3327118089722], [659.4284049558935, -2.229485995236632, 0.31676666666666653, 0.0], [1.871687708574985, 654.3327118089722, 0.0, 0.31676666666666653]]"
2026-07-14 01:38:44,59.10863412007936,20.851107238104255,124.79999999999995,parking,306.682559930116,117.45331371425242,0.0,0.0,0.0,4.0,4.0,6.944444444444444e-05,6.944444444444444e-05,"[[1857180.489291426, -340.5228786472149, 659.4284049558935, 1.871687708574985], [-340.52287864721524, 1826181.8393241952, -2.229485995236632, 654.3327118089722], [659.4284049558935, -2.229485995236632, 0.31676666666666653, 0.0], [1.871687708574985, 654.3327118089722, 0.0, 0.31676666666666653]]"
2026-07-14 01:48:44,59.10863412007936,20.851107238104255,124.79999999999995,parking,306.682559930116,117.45331371425242,0.0,0.0,0.0,4.0,4.0,6.944444444444444e-05,6.944444444444444e-05,"[[1857180.489291426, -340.5228786472149, 659.4284049558935, 1.871687708574985], [-340.52287864721524, 1826181.8393241952, -2.229485995236632, 654.3327118089722], [659.4284049558935, -2.229485995236632, 0.31676666666666653, 0.0], [1.871687708574985, 654.3327118089722, 0.0, 0.31676666666666653]]"
2026-07-14 01:58:44,59.10863412007936,20.851107238104255,124.79999999999995,parking,306.682559930116,117.45331371425242,0.0,0.0,0.0,4.0,4.0,6.944444444444444e-05,6.944444444444444e-05,"[[1857180.489291426, -340.5228786472149, 659.4284049558935, 1.871687708574985], [-340.52287864721524, 1826181.8393241952, -2.229485995236632, 654.3327118089722], [659.4284049558935, -2.229485995236632, 0.31676666666666653, 0.0], [1.871687708574985, 654.3327118089722, 0.0, 0.31676666666666653]]"
2026-07-14 02:08:44,59.10863412007936,20.851107238104255,124.79999999999995,parking,306.682559930116,117.45331371425242,0.0,0.0,0.0,4.0,4.0,6.944444444444444e-05,6.944444444444444e-05,"[[1857180.489291426, -340.5228786472149, 659.4284049558935, 1.871687708574985], [-340.52287864721524, 1826181.8393241952, -2.229485995236632, 654.3327118089722], [659.4284049558935, -2.229485995236632, 0.31676666666666653, 0.0], [1.871687708574985, 654.3327118089722, 0.0, 0.31676666666666653]]"
2026-07-14 02:18:44,59.10863412007936,20.851107238104255,124.79999999999995,parking,306.682559930116,117.45331371425242,0.0,0.0,0.0,4.0,4.0,6.944444444444444e-05,6.944444444444444e-05,"[[1857180.489291426, -340.5228786472149, 659.4284049558935, 1.871687708574985], [-340.52287864721524, 1826181.8393241952, -2.229485995236632, 654.3327118089722], [659.4284049558935, -2.229485995236632, 0.31676666666666653, 0.0], [1.871687708574985, 654.3327118089722, 0.0, 0.31676666666666653]]"
2026-07-14 02:28:44,59.10863412007936,20.851107238104255,124.79999999999995,parking,306.682559930116,117.45331371425242,0.0,0.0,0.0,4.0,4.0,6.944444444444444e-05,6.944444444444444e-05,"[[1857180.489291426, -340.5228786472149, 659.4284049558935, 1.871687708574985], [-340.52287864721524, 1826181.8393241952, -2.229485995236632, 654.3327118089722], [659.4284049558935, -2.229485995236632, 0.31676666666666653, 0.0], [1.871687708574985, 654.3327118089722, 0.0, 0.31676666666666653]]"
2026-07-14 02:38:44,59.10863412007936,20.851107238104255,124.79999999999995,parking,306.682559930116,117.45331371425242,0.0,0.0,0.0,4.0,4.0,6.944444444444444e-05,6.944444444444444e-05,"[[1857180.489291426, -340.5228786472149, 659.4284049558935, 1.871687708574985], [-340.52287864721524, 1826181.8393241952, -2.229485995236632, 654.3327118089722], [659.4284049558935, -2.229485995236632, 0.31676666666666653, 0.0], [1.871687708574985, 654.3327118089722, 0.0, 0.31676666666666653]]"
2026-07-14 02:48:44,59.10863412007936,20.851107238104255,124.79999999999995,parking,306.682559930116,117.45331371425242,0.0,0.0,0.0,4.0,4.0,6.944444444444444e-05,6.944444444444444e-05,"[[1857180.489291426, -340.5228786472149, 659.4284049558935, 1.871687708574985], [-340.52287864721524, 1826181.8393241952, -2.229485995236632, 654.3327118089722], [659.4284049558935, -2.229485995236632, 0.31676666666666653, 0.0], [1.871687708574985, 654.3327118089722, 0.0, 0.31676666666666653]]"
2026-07-14 02:58:44,59.10863412007936,20.851107238104255,124.79999999999995,parking,306.682559930116,117.45331371425242,0.0,0.0,0.0,4.0,4.0,6.944444444444444e-05,6.944444444444444e-05,"[[1857180.489291426, -340.5228786472149, 659.4284049558935, 1.871687708574985], [-340.52287864721524, 1826181.8393241952, -2.229485995236632, 654.3327118089722], [659.4284049558935, -2.229485995236632, 0.31676666666666653, 0.0], [1.871687708574985, 654.3327118089722, 0.0, 0.31676666666666653]]"
2026-07-14 03:08:44,59.10863412007936,20.851107238104255,124.79999999999995,parking,306.682559930116,117.45331371425242,0.0,0.0,0.0,4.0,4.0,6.944444444444444e-05,6.944444444444444e-05,"[[1857180.489291426, -340.5228786472149, 659.4284049558935, 1.871687708574985], [-340.52287864721524, 1826181.8393241952, -2.229485995236632, 654.3327118089722], [659.4284049558935, -2.229485995236632, 0.31676666666666653, 0.0], [1.871687708574985, 654.3327118089722, 0.0, 0.31676666666666653]]"
2026-07-14 03:18:44,59.10863412007936,20.851107238104255,124.79999999999995,parking,306.682559930116,117.45331371425242,0.0,0.0,0.0,4.0,4.0,6.944444444444444e-05,6.944444444444444e-05,"[[1857180.489291426, -340.5228786472149, 659.4284049558935, 1.871687708574985], [-340.52287864721524, 1826181.8393241952, -2.229485995236632, 654.3327118089722], [659.4284049558935, -2.229485995236632, 0.31676666666666653, 0.0], [1.871687708574985, 654.3327118089722, 0.0, 0.31676666666666653]]"
2026-07-14 03:28:44,59.10863412007936,20.851107238104255,124.79999999999995,parking,306.682559930116,117.45331371425242,0.0,0.0,0.0,4.0,4.0,6.944444444444444e-05,6.944444444444444e-05,"[[1857180.489291426, -340.5228786472149, 659.4284049558935, 1.871687708574985], [-340.52287864721524, 1826181.8393241952, -2.229485995236632, 654.3327118089722], [659.4284049558935, -2.229485995236632, 0.31676666666666653, 0.0], [1.871687708574985, 654.3327118089722, 0.0, 0.31676666666666653]]"
2026-07-14 03:38:44,59.10863412007936,20.851107238104255,124.79999999999995,parking,306.682559930116,117.45331371425242,0.0,0.0,0.0,4.0,4.0,6.944444444444444e-05,6.944444444444444e-05,"[[1857180.489291426, -340.5228786472149, 659.4284049558935, 1.871687708574985], [-340.52287864721524, 1826181.8393241952, -2.229485995236632, 654.3327118089722], [659.4284049558935, -2.229485995236632, 0.31676666666666653, 0.0], [1.871687708574985, 654.3327118089722, 0.0, 0.31676666666666653]]"
2026-07-14 03:48:44,59.10863412007936,20.851107238104255,124.79999999999995,parking,306.682559930116,117.45331371425242,0.0,0.0,0.0,4.0,4.0,6.944444444444444e-05,6.944444444444444e-05,"[[1857180.489291426, -340.5228786472149, 659.4284049558935, 1.871687708574985], [-340.52287864721524, 1826181.8393241952, -2.229485995236632, 654.3327118089722], [659.4284049558935, -2.229485995236632, 0.31676666666666653, 0.0], [1.871687708574985, 654.3327118089722, 0.0, 0.31676666666666653]]"
2026-07-14 03:58:44,59.10863412007936,20.851107238104255,124.79999999999995,parking,306.682559930116,117.45331371425242,0.0,0.0,0.0,4.0,4.0,6.944444444444444e-05,6.944444444444444e-05,"[[1857180.489291426, -340.5228786472149, 659.4284049558935, 1.871687708574985], [-340.52287864721524, 1826181.8393241952, -2.229485995236632, 654.3327118089722], [659.4284049558935, -2.229485995236632, 0.31676666666666653, 0.0], [1.871687708574985, 654.3327118089722, 0.0, 0.31676666666666653]]"
2026-07-14 04:08:44,59.10863412007936,20.851107238104255,124.79999999999995,parking,306.682559930116,117.45331371425242,0.0,0.0,0.0,4.0,4.0,6.944444444444444e-05,6.944444444444444e-05,"[[1857180.489291426, -340.5228786472149, 659.4284049558935, 1.871687708574985], [-340.52287864721524, 1826181.8393241952, -2.229485995236632, 654.3327118089722], [659.4284049558935, -2.229485995236632, 0.31676666666666653, 0.0], [1.871687708574985, 654.3327118089722, 0.0, 0.31676666666666653]]"
2026-07-14 04:18:44,59.10863412007936,20.851107238104255,124.79999999999995,parking,306.682559930116,117.45331371425242,0.0,0.0,0.0,4.0,4.0,6.944444444444444e-05,6.944444444444444e-05,"[[1857180.489291426, -340.5228786472149, 659.4284049558935, 1.871687708574985], [-340.52287864721524, 1826181.8393241952, -2.229485995236632, 654.3327118089722], [659.4284049558935, -2.229485995236632, 0.31676666666666653, 0.0], [1.871687708574985, 654.3327118089722, 0.0, 0.31676666666666653]]"
2026-07-14 04:28:44,59.10863412007936,20.851107238104255,124.79999999999995,parking,306.682559930116,117.45331371425242,0.0,0.0,0.0,4.0,4.0,6.944444444444444e-05,6.944444444444444e-05,"[[1857180.489291426, -340.5228786472149, 659.4284049558935, 1.871687708574985], [-340.52287864721524, 1826181.8393241952, -2.229485995236632, 654.3327118089722], [659.4284049558935, -2.229485995236632, 0.31676666666666653, 0.0], [1.871687708574985, 654.3327118089722, 0.0, 0.31676666666666653]]"
2026-07-14 04:38:44,59.10863412007936,20.851107238104255,124.79999999999995,parking,306.682559930116,117.45331371425242,0.0,0.0,0.0,4.0,4.0,6.944444444444444e-05,6.944444444444444e-05,"[[1857180.489291426, -340.5228786472149, 659.4284049558935, 1.871687708574985], [-340.52287864721524, 1826181.8393241952, -2.229485995236632, 654.3327118089722], [659.4284049558935, -2.229485995236632, 0.31676666666666653, 0.0], [1.871687708574985, 654.3327118089722, 0.0, 0.31676666666666653]]"
2026-07-14 04:48:44,59.10863412007936,20.851107238104255,124.79999999999995,parking,306.682559930116,117.45331371425242,0.0,0.0,0.0,4.0,4.0,6.944444444444444e-05,6.944444444444444e-05,"[[1857180.489291426, -340.5228786472149, 659.4284049558935, 1.871687708574985], [-340.52287864721524, 1826181.8393241952, -2.229485995236632, 654.3327118089722], [659.4284049558935, -2.229485995236632, 0.31676666666666653, 0.0], [1.871687708574985, 654.3327118089722, 0.0, 0.31676666666666653]]"
2026-07-14 04:58:44,59.10863412007936,20.851107238104255,124.79999999999995,parking,306.682559930116,117.45331371425242,0.0,0.0,0.0,4.0,4.0,6.944444444444444e-05,6.944444444444444e-05,"[[1857180.489291426, -340.5228786472149, 659.4284049558935, 1.871687708574985], [-340.52287864721524, 1826181.8393241952, -2.229485995236632, 654.3327118089722], [659.4284049558935, -2.229485995236632, 0.31676666666666653, 0.0], [1.871687708574985, 654.3327118089722, 0.0, 0.31676666666666653]]"
2026-07-14 05:08:44,59.10863412007936,20.851107238104255,124.79999999999995,parking,306.682559930116,117.45331371425242,0.0,0.0,0.0,4.0,4.0,6.944444444444444e-05,6.944444444444444e-05,"[[1857180.489291426, -340.5228786472149, 659.4284049558935, 1.871687708574985], [-340.52287864721524, 1826181.8393241952, -2.229485995236632, 654.3327118089722], [659.4284049558935, -2.229485995236632, 0.31676666666666653, 0.0], [1.871687708574985, 654.3327118089722, 0.0, 0.31676666666666653]]"
2026-07-14 05:18:44,59.10863412007936,20.851107238104255,124.79999999999995,parking,306.682559930116,117.45331371425242,0.0,0.0,0.0,4.0,4.0,6.944444444444444e-05,6.944444444444444e-05,"[[1857180.489291426, -340.5228786472149, 659.4284049558935, 1.871687708574985], [-340.52287864721524, 1826181.8393241952, -2.229485995236632, 654.3327118089722], [659.4284049558935, -2.229485995236632, 0.31676666666666653, 0.0], [1.871687708574985, 654.3327118089722, 0.0, 0.31676666666666653]]"
2026-07-14 05:28:44,59.10863412007936,20.851107238104255,124.79999999999995,parking,306.682559930116,117.45331371425242,0.0,0.0,0.0,4.0,4.0,6.944444444444444e-05,6.944444444444444e-05,"[[1857180.489291426, -340.5228786472149, 659.4284049558935, 1.871687708574985], [-340.52287864721524, 1826181.8393241952, -2.229485995236632, 654.3327118089722], [659.4284049558935, -2.229485995236632, 0.31676666666666653, 0.0], [1.871687708574985, 654.3327118089722, 0.0, 0.31676666666666653]]"
2026-07-14 05:38:44,59.10863412007936,20.851107238104255,124.79999999999995,parking,306.682559930116,117.45331371425242,0.0,0.0,0.0,4.0,4.0,6.944444444444444e-05,6.944444444444444e-05,"[[1857180.489291426, -340.5228786472149, 659.4284049558935, 1.871687708574985], [-340.52287864721524, 1826181.8393241952, -2.229485995236632, 654.3327118089722], [659.4284049558935, -2.229485995236632, 0.31676666666666653, 0.0], [1.871687708574985, 654.3327118089722, 0.0, 0.31676666666666653]]"
2026-07-14 05:48:44,59.10863412007936,20.851107238104255,124.79999999999995,parking,306.682559930116,117.45331371425242,0.0,0.0,0.0,4.0,4.0,6.944444444444444e-05,6.944444444444444e-05,"[[1857180.489291426, -340.5228786472149, 659.4284049558935, 1.871687708574985], [-340.52287864721524, 1826181.8393241952, -2.229485995236632, 654.3327118089722], [659.4284049558935, -2.229485995236632, 0.31676666666666653, 0.0], [1.871687708574985, 654.3327118089722, 0.0, 0.31676666666666653]]"
2026-07-14 05:58:44,59.10863412007936,20.851107238104255,124.79999999999995,parking,306.682559930116,117.45331371425242,0.0,0.0,0.0,4.0,4.0,6.944444444444444e-05,6.944444444444444e-05,"[[1857180.489291426, -340.5228786472149, 659.4284049558935, 1.871687708574985], [-340.52287864721524, 1826181.8393241952, -2.229485995236632, 654.3327118089722], [659.4284049558935, -2.229485995236632, 0.31676666666666653, 0.0], [1.871687708574985, 654.3327118089722, 0.0, 0.31676666666666653]]"
2026-07-14 06:08:44,59.10863412007936,20.851107238104255,124.79999999999995,parking,306.682559930116,117.45331371425242,0.0,0.0,0.0,4.0,4.0,6.944444444444444e-05,6.944444444444444e-05,"[[1857180.489291426, -340.5228786472149, 659.4284049558935, 1.871687708574985], [-340.52287864721524, 1826181.8393241952, -2.229485995236632, 654.3327118089722], [659.4284049558935, -2.229485995236632, 0.31676666666666653, 0.0], [1.871687708574985, 654.3327118089722, 0.0, 0.31676666666666653]]"
2026-07-14 06:18:44,59.10863412007936,20.851107238104255,124.79999999999995,parking,306.682559930116,117.45331371425242,0.0,0.0,0.0,4.0,4.0,6.944444444444444e-05,6.944444444444444e-05,"[[1857180.489291426, -340.5228786472149, 659.4284049558935, 1.871687708574985], [-340.52287864721524, 1826181.8393241952, -2.229485995236632, 654.3327118089722], [659.4284049558935, -2.229485995236632, 0.31676666666666653, 0.0], [1.871687708574985, 654.3327118089722, 0.0, 0.31676666666666653]]"
2026-07-14 06:28:44,59.10863412007936,20.851107238104255,124.79999999999995,parking,306.682559930116,117.45331371425242,0.0,0.0,0.0,4.0,4.0,6.944444444444444e-05,6.944444444444444e-05,"[[1857180.489291426, -340.5228786472149, 659.4284049558935, 1.871687708574985], [-340.52287864721524, 1826181.8393241952, -2.229485995236632, 654.3327118089722], [659.4284049558935, -2.229485995236632, 0.31676666666666653, 0.0], [1.871687708574985, 654.3327118089722, 0.0, 0.31676666666666653]]"
2026-07-14 06:38:44,59.10863412007936,20.851107238104255,124.79999999999995,parking,306.682559930116,117.45331371425242,0.0,0.0,0.0,4.0,4.0,6.944444444444444e-05,6.944444444444444e-05,"[[1857180.489291426, -340.5228786472149, 659.4284049558935, 1.871687708574985], [-340.52287864721524, 1826181.8393241952, -2.229485995236632, 654.3327118089722], [659.4284049558935, -2.229485995236632, 0.31676666666666653, 0.0], [1.871687708574985, 654.3327118089722, 0.0, 0.31676666666666653]]"
2026-07-14 06:48:44,59.10863412007936,20.851107238104255,124.79999999999995,parking,306.682559930116,117.45331371425242,0.0,0.0,0.0,4.0,4.0,6.944444444444444e-05,6.944444444444444e-05,"[[1857180.489291426, -340.5228786472149, 659.4284049558935, 1.871687708574985], [-340.52287864721524, 1826181.8393241952, -2.229485995236632, 654.3327118089722], [659.4284049558935, -2.229485995236632, 0.31676666666666653, 0.0], [1.871687708574985, 654.3327118089722, 0.0, 0.31676666666666653]]"
2026-07-14 06:58:44,59.10863412007936,20.851107238104255,124.79999999999995,parking,306.682559930116,117.45331371425242,0.0,0.0,0.0,4.0,4.0,6.944444444444444e-05,6.944444444444444e-05,"[[1857180.489291426, -340.5228786472149, 659.4284049558935, 1.871687708574985], [-340.52287864721524, 1826181.8393241952, -2.229485995236632, 654.3327118089722], [659.4284049558935, -2.229485995236632, 0.31676666666666653, 0.0], [1.871687708574985, 654.3327118089722, 0.0, 0.31676666666666653]]"
2026-07-14 07:08:44,59.10863412007936,20.851107238104255,124.79999999999995,parking,306.682559930116,117.45331371425242,0.0,0.0,0.0,4.0,4.0,6.944444444444444e-05,6.944444444444444e-05,"[[1857180.489291426, -340.5228786472149, 659.4284049558935, 1.871687708574985], [-340.52287864721524, 1826181.8393241952, -2.229485995236632, 654.3327118089722], [659.4284049558935, -2.229485995236632, 0.31676666666666653, 0.0], [1.871687708574985, 654.3327118089722, 0.0, 0.31676666666666653]]"
2026-07-14 07:18:44,59.10863412007936,20.851107238104255,124.79999999999995,parking,306.682559930116,117.45331371425242,0.0,0.0,0.0,4.0,4.0,6.944444444444444e-05,6.944444444444444e-05,"[[1857180.489291426, -340.5228786472149, 659.4284049558935, 1.871687708574985], [-340.52287864721524, 1826181.8393241952, -2.229485995236632, 654.3327118089722], [659.4284049558935, -2.229485995236632, 0.31676666666666653, 0.0], [1.871687708574985, 654.3327118089722, 0.0, 0.31676666666666653]]"
2026-07-14 07:28:44,59.10863412007936,20.851107238104255,124.79999999999995,parking,306.682559930116,117.45331371425242,0.0,0.0,0.0,4.0,4.0,6.944444444444444e-05,6.944444444444444e-05,"[[1857180.489291426, -340.5228786472149, 659.4284049558935, 1.871687708574985], [-340.52287864721524, 1826181.8393241952, -2.229485995236632, 654.3327118089722], [659.4284049558935, -2.229485995236632, 0.31676666666666653, 0.0], [1.871687708574985, 654.3327118089722, 0.0, 0.31676666666666653]]"
2026-07-14 07:38:44,59.10863412007936,20.851107238104255,124.79999999999995,parking,306.682559930116,117.45331371425242,0.0,0.0,0.0,4.0,4.0,6.944444444444444e-05,6.944444444444444e-05,"[[1857180.489291426, -340.5228786472149, 659.4284049558935, 1.871687708574985], [-340.52287864721524, 1826181.8393241952, -2.229485995236632, 654.3327118089722], [659.4284049558935, -2.229485995236632, 0.31676666666666653, 0.0], [1.871687708574985, 654.3327118089722, 0.0, 0.31676666666666653]]"
2026-07-14 07:48:44,59.10863412007936,20.851107238104255,124.79999999999995,parking,306.682559930116,117.45331371425242,0.0,0.0,0.0,4.0,4.0,6.944444444444444e-05,6.944444444444444e-05,"[[1857180.489291426, -340.5228786472149, 659.4284049558935, 1.871687708574985], [-340.52287864721524, 1826181.8393241952, -2.229485995236632, 654.3327118089722], [659.4284049558935, -2.229485995236632, 0.31676666666666653, 0.0], [1.871687708574985, 654.3327118089722, 0.0, 0.31676666666666653]]"
2026-07-14 07:58:44,59.10863412007936,20.851107238104255,124.79999999999995,parking,306.682559930116,117.45331371425242,0.0,0.0,0.0,4.0,4.0,6.944444444444444e-05,6.944444444444444e-05,"[[1857180.489291426, -340.5228786472149, 659.4284049558935, 1.871687708574985], [-340.52287864721524, 1826181.8393241952, -2.229485995236632, 654.3327118089722], [659.4284049558935, -2.229485995236632, 0.31676666666666653, 0.0], [1.871687708574985, 654.3327118089722, 0.0, 0.31676666666666653]]"
2026-07-14 08:08:44,59.10863412007936,20.851107238104255,124.79999999999995,parking,306.682559930116,117.45331371425242,0.0,0.0,0.0,4.0,4.0,6.944444444444444e-05,6.944444444444444e-05,"[[1857180.489291426, -340.5228786472149, 659.4284049558935, 1.871687708574985], [-340.52287864721524, 1826181.8393241952, -2.229485995236632, 654.3327118089722], [659.4284049558935, -2.229485995236632, 0.31676666666666653, 0.0], [1.871687708574985, 654.3327118089722, 0.0, 0.31676666666666653]]"
2026-07-14 08:18:44,59.10863412007936,20.851107238104255,124.79999999999995,parking,306.682559930116,117.45331371425242,0.0,0.0,0.0,4.0,4.0,6.944444444444444e-05,6.944444444444444e-05,"[[1857180.489291426, -340.5228786472149, 659.4284049558935, 1.871687708574985], [-340.52287864721524, 1826181.8393241952, -2.229485995236632, 654.3327118089722], [659.4284049558935, -2.229485995236632, 0.31676666666666653, 0.0], [1.871687708574985, 654.3327118089722, 0.0, 0.31676666666666653]]"
2026-07-14 08:28:44,59.10863412007936,20.851107238104255,124.79999999999995,parking,306.682559930116,117.45331371425242,0.0,0.0,0.0,4.0,4.0,6.944444444444444e-05,6.944444444444444e-05,"[[1857180.489291426, -340.5228786472149, 659.4284049558935, 1.871687708574985], [-340.52287864721524, 1826181.8393241952, -2.229485995236632, 654.3327118089722], [659.4284049558935, -2.229485995236632, 0.31676666666666653, 0.0], [1.871687708574985, 654.3327118089722, 0.0, 0.31676666666666653]]"
2026-07-14 08:38:44,59.10863412007936,20.851107238104255,124.79999999999995,parking,306.682559930116,117.45331371425242,0.0,0.0,0.0,4.0,4.0,6.944444444444444e-05,6.944444444444444e-05,"[[1857180.489291426, -340.5228786472149, 659.4284049558935, 1.871687708574985], [-340.52287864721524, 1826181.8393241952, -2.229485995236632, 654.3327118089722], [659.4284049558935, -2.229485995236632, 0.31676666666666653, 0.0], [1.871687708574985, 654.3327118089722, 0.0, 0.31676666666666653]]"
2026-07-14 08:48:44,59.10863412007936,20.851107238104255,124.79999999999995,parking,306.682559930116,117.45331371425242,0.0,0.0,0.0,4.0,4.0,6.944444444444444e-05,6.944444444444444e-05,"[[1857180.489291426, -340.5228786472149, 659.4284049558935, 1.871687708574985], [-340.52287864721524, 1826181.8393241952, -2.229485995236632, 654.3327118089722], [659.4284049558935, -2.229485995236632, 0.31676666666666653, 0.0], [1.871687708574985, 654.3327118089722, 0.0, 0.31676666666666653]]"
2026-07-14 08:58:44,59.10863412007936,20.851107238104255,124.79999999999995,parking,306.682559930116,117.45331371425242,0.0,0.0,0.0,4.0,4.0,6.944444444444444e-05,6.944444444444444e-05,"[[1857180.489291426, -340.5228786472149, 659.4284049558935, 1.871687708574985], [-340.52287864721524, 1826181.8393241952, -2.229485995236632, 654.3327118089722], [659.4284049558935, -2.229485995236632, 0.31676666666666653, 0.0], [1.871687708574985, 654.3327118089722, 0.0, 0.31676666666666653]]"
2026-07-14 09:08:44,59.10863412007936,20.851107238104255,124.79999999999995,parking,306.682559930116,117.45331371425242,0.0,0.0,0.0,4.0,4.0,6.944444444444444e-05,6.944444444444444e-05,"[[1857180.489291426, -340.5228786472149, 659.4284049558935, 1.871687708574985], [-340.52287864721524, 1826181.8393241952, -2.229485995236632, 654.3327118089722], [659.4284049558935, -2.229485995236632, 0.31676666666666653, 0.0], [1.871687708574985, 654.3327118089722, 0.0, 0.31676666666666653]]"
2026-07-14 09:18:44,59.10863412007936,20.851107238104255,124.79999999999995,parking,306.682559930116,117.45331371425242,0.0,0.0,0.0,4.0,4.0,6.944444444444444e-05,6.944444444444444e-05,"[[1857180.489291426, -340.5228786472149, 659.4284049558935, 1.871687708574985], [-340.52287864721524, 1826181.8393241952, -2.229485995236632, 654.3327118089722], [659.4284049558935, -2.229485995236632, 0.31676666666666653, 0.0], [1.871687708574985, 654.3327118089722, 0.0, 0.31676666666666653]]"
2026-07-14 09:28:44,59.10863412007936,20.851107238104255,124.79999999999995,parking,306.682559930116,117.45331371425242,0.0,0.0,0.0,4.0,4.0,6.944444444444444e-05,6.944444444444444e-05,"[[1857180.489291426, -340.5228786472149, 659.4284049558935, 1.871687708574985], [-340.52287864721524, 1826181.8393241952, -2.229485995236632, 654.3327118089722], [659.4284049558935, -2.229485995236632, 0.31676666666666653, 0.0], [1.871687708574985, 654.3327118089722, 0.0, 0.31676666666666653]]"
2026-07-14 09:38:44,59.10863412007936,20.851107238104255,124.79999999999995,parking,306.682559930116,117.45331371425242,0.0,0.0,0.0,4.0,4.0,6.944444444444444e-05,6.944444444444444e-05,"[[1857180.489291426, -340.5228786472149, 659.4284049558935, 1.871687708574985], [-340.52287864721524, 1826181.8393241952, -2.229485995236632, 654.3327118089722], [659.4284049558935, -2.229485995236632, 0.31676666666666653, 0.0], [1.871687708574985, 654.3327118089722, 0.0, 0.31676666666666653]]"
2026-07-14 09:48:44,59.10863412007936,20.851107238104255,124.79999999999995,parking,306.682559930116,117.45331371425242,0.0,0.0,0.0,4.0,4.0,6.944444444444444e-05,6.944444444444444e-05,"[[1857180.489291426, -340.5228786472149, 659.4284049558935, 1.871687708574985], [-340.52287864721524, 1826181.8393241952, -2.229485995236632, 654.3327118089722], [659.4284049558935, -2.229485995236632, 0.31676666666666653, 0.0], [1.871687708574985, 654.3327118089722, 0.0, 0.31676666666666653]]"
2026-07-14 09:58:44,59.10863412007936,20.851107238104255,124.79999999999995,parking,306.682559930116,117.45331371425242,0.0,0.0,0.0,4.0,4.0,6.944444444444444e-05,6.944444444444444e-05,"[[1857180.489291426, -340.5228786472149, 659.4284049558935, 1.871687708574985], [-340.52287864721524, 1826181.8393241952, -2.229485995236632, 654.3327118089722], [659.4284049558935, -2.229485995236632, 0.31676666666666653, 0.0], [1.871687708574985, 654.3327118089722, 0.0, 0.31676666666666653]]"
2026-07-14 10:08:44,59.10863412007936,20.851107238104255,124.79999999999995,parking,306.682559930116,117.45331371425242,0.0,0.0,0.0,4.0,4.0,6.944444444444444e-05,6.944444444444444e-05,"[[1857180.489291426, -340.5228786472149, 659.4284049558935, 1.871687708574985], [-340.52287864721524, 1826181.8393241952, -2.229485995236632, 654.3327118089722], [659.4284049558935, -2.229485995236632, 0.31676666666666653, 0.0], [1.871687708574985, 654.3327118089722, 0.0, 0.31676666666666653]]"
2026-07-14 10:18:44,59.10863412007936,20.851107238104255,124.79999999999995,parking,306.682559930116,117.45331371425242,0.0,0.0,0.0,4.0,4.0,6.944444444444444e-05,6.944444444444444e-05,"[[1857180.489291426, -340.5228786472149, 659.4284049558935, 1.871687708574985], [-340.52287864721524, 1826181.8393241952, -2.229485995236632, 654.3327118089722], [659.4284049558935, -2.229485995236632, 0.31676666666666653, 0.0], [1.871687708574985, 654.3327118089722, 0.0, 0.31676666666666653]]"
2026-07-14 10:28:44,59.10863412007936,20.851107238104255,124.79999999999995,parking,306.682559930116,117.45331371425242,0.0,0.0,0.0,4.0,4.0,6.944444444444444e-05,6.944444444444444e-05,"[[1857180.489291426, -340.5228786472149, 659.4284049558935, 1.871687708574985], [-340.52287864721524, 1826181.8393241952, -2.229485995236632, 654.3327118089722], [659.4284049558935, -2.229485995236632, 0.31676666666666653, 0.0], [1.871687708574985, 654.3327118089722, 0.0, 0.31676666666666653]]"
2026-07-14 10:38:44,59.10863412007936,20.851107238104255,124.79999999999995,parking,306.682559930116,117.45331371425242,0.0,0.0,0.0,4.0,4.0,6.944444444444444e-05,6.944444444444444e-05,"[[1857180.489291426, -340.5228786472149, 659.4284049558935, 1.871687708574985], [-340.52287864721524, 1826181.8393241952, -2.229485995236632, 654.3327118089722], [659.4284049558935, -2.229485995236632, 0.31676666666666653, 0.0], [1.871687708574985, 654.3327118089722, 0.0, 0.31676666666666653]]"
2026-07-14 10:48:44,59.10863412007936,20.851107238104255,124.79999999999995,parking,306.682559930116,117.45331371425242,0.0,0.0,0.0,4.0,4.0,6.944444444444444e-05,6.944444444444444e-05,"[[1857180.489291426, -340.5228786472149, 659.4284049558935, 1.871687708574985], [-340.52287864721524, 1826181.8393241952, -2.229485995236632, 654.3327118089722], [659.4284049558935, -2.229485995236632, 0.31676666666666653, 0.0], [1.871687708574985, 654.3327118089722, 0.0, 0.31676666666666653]]"
2026-07-14 10:58:44,59.10863412007936,20.851107238104255,124.79999999999995,parking,306.682559930116,117.45331371425242,0.0,0.0,0.0,4.0,4.0,6.944444444444444e-05,6.944444444444444e-05,"[[1857180.489291426, -340.5228786472149, 659.4284049558935, 1.871687708574985], [-340.52287864721524, 1826181.8393241952, -2.229485995236632, 654.3327118089722], [659.4284049558935, -2.229485995236632, 0.31676666666666653, 0.0], [1.871687708574985, 654.3327118089722, 0.0, 0.31676666666666653]]"
2026-07-14 11:08:44,59.10863412007936,20.851107238104255,124.79999999999995,parking,306.682559930116,117.45331371425242,0.0,0.0,0.0,4.0,4.0,6.944444444444444e-05,6.944444444444444e-05,"[[1857180.489291426, -340.5228786472149, 659.4284049558935, 1.871687708574985], [-340.52287864721524, 1826181.8393241952, -2.229485995236632, 654.3327118089722], [659.4284049558935, -2.229485995236632, 0.31676666666666653, 0.0], [1.871687708574985, 654.3327118089722, 0.0, 0.31676666666666653]]"
2026-07-14 11:18:44,59.10863412007936,20.851107238104255,124.79999999999995,parking,306.682559930116,117.45331371425242,0.0,0.0,0.0,4.0,4.0,6.944444444444444e-05,6.944444444444444e-05,"[[1857180.489291426, -340.5228786472149, 659.4284049558935, 1.871687708574985], [-340.52287864721524, 1826181.8393241952, -2.229485995236632, 654.3327118089722], [659.4284049558935, -2.229485995236632, 0.31676666666666653, 0.0], [1.871687708574985, 654.3327118089722, 0.0, 0.31676666666666653]]"
2026-07-14 11:28:44,59.10863412007936,20.851107238104255,124.79999999999995,parking,306.682559930116,117.45331371425242,0.0,0.0,0.0,4.0,4.0,6.944444444444444e-05,6.944444444444444e-05,"[[1857180.489291426, -340.5228786472149, 659.4284049558935, 1.871687708574985], [-340.52287864721524, 1826181.8393241952, -2.229485995236632, 654.3327118089722], [659.4284049558935, -2.229485995236632, 0.31676666666666653, 0.0], [1.871687708574985, 654.3327118089722, 0.0, 0.31676666666666653]]"
2026-07-14 11:38:44,59.10863412007936,20.851107238104255,124.79999999999995,parking,306.682559930116,117.45331371425242,0.0,0.0,0.0,4.0,4.0,6.944444444444444e-05,6.944444444444444e-05,"[[1857180.489291426, -340.5228786472149, 659.4284049558935, 1.871687708574985], [-340.52287864721524, 1826181.8393241952, -2.229485995236632, 654.3327118089722], [659.4284049558935, -2.229485995236632, 0.31676666666666653, 0.0], [1.871687708574985, 654.3327118089722, 0.0, 0.31676666666666653]]"
2026-07-14 11:48:44,59.10863412007936,20.851107238104255,124.79999999999995,parking,306.682559930116,117.45331371425242,0.0,0.0,0.0,4.0,4.0,6.944444444444444e-05,6.944444444444444e-05,"[[1857180.489291426, -340.5228786472149, 659.4284049558935, 1.871687708574985], [-340.52287864721524, 1826181.8393241952, -2.229485995236632, 654.3327118089722], [659.4284049558935, -2.229485995236632, 0.31676666666666653, 0.0], [1.871687708574985, 654.3327118089722, 0.0, 0.31676666666666653]]"
2026-07-14 11:58:44,59.10863412007936,20.851107238104255,124.79999999999995,parking,306.682559930116,117.45331371425242,0.0,0.0,0.0,4.0,4.0,6.944444444444444e-05,6.944444444444444e-05,"[[1857180.489291426, -340.5228786472149, 659.4284049558935, 1.871687708574985], [-340.52287864721524, 1826181.8393241952, -2.229485995236632, 654.3327118089722], [659.4284049558935, -2.229485995236632, 0.31676666666666653, 0.0], [1.871687708574985, 654.3327118089722, 0.0, 0.31676666666666653]]"
2026-07-14 12:08:44,59.10863412007936,20.851107238104255,124.79999999999995,parking,306.682559930116,117.45331371425242,0.0,0.0,0.0,4.0,4.0,6.944444444444444e-05,6.944444444444444e-05,"[[1857180.489291426, -340.5228786472149, 659.4284049558935, 1.871687708574985], [-340.52287864721524, 1826181.8393241952, -2.229485995236632, 654.3327118089722], [659.4284049558935, -2.229485995236632, 0.31676666666666653, 0.0], [1.871687708574985, 654.3327118089722, 0.0, 0.31676666666666653]]"
2026-07-14 12:18:44,59.10863412007936,20.851107238104255,124.79999999999995,parking,306.682559930116,117.45331371425242,0.0,0.0,0.0,4.0,4.0,6.944444444444444e-05,6.944444444444444e-05,"[[1857180.489291426, -340.5228786472149, 659.4284049558935, 1.871687708574985], [-340.52287864721524, 1826181.8393241952, -2.229485995236632, 654.3327118089722], [659.4284049558935, -2.229485995236632, 0.31676666666666653, 0.0], [1.871687708574985, 654.3327118089722, 0.0, 0.31676666666666653]]"
2026-07-14 12:28:44,59.10863412007936,20.851107238104255,124.79999999999995,parking,306.682559930116,117.45331371425242,0.0,0.0,0.0,4.0,4.0,6.944444444444444e-05,6.944444444444444e-05,"[[1857180.489291426, -340.5228786472149, 659.4284049558935, 1.871687708574985], [-340.52287864721524, 1826181.8393241952, -2.229485995236632, 654.3327118089722], [659.4284049558935, -2.229485995236632, 0.31676666666666653, 0.0], [1.871687708574985, 654.3327118089722, 0.0, 0.31676666666666653]]"
2026-07-14 12:38:44,59.10863412007936,20.851107238104255,124.79999999999995,parking,306.682559930116,117.45331371425242,0.0,0.0,0.0,4.0,4.0,6.944444444444444e-05,6.944444444444444e-05,"[[1857180.489291426, -340.5228786472149, 659.4284049558935, 1.871687708574985], [-340.52287864721524, 1826181.8393241952, -2.229485995236632, 654.3327118089722], [659.4284049558935, -2.229485995236632, 0.31676666666666653, 0.0], [1.871687708574985, 654.3327118089722, 0.0, 0.31676666666666653]]"
2026-07-14 12:48:44,59.10863412007936,20.851107238104255,124.79999999999995,parking,306.682559930116,117.45331371425242,0.0,0.0,0.0,4.0,4.0,6.944444444444444e-05,6.944444444444444e-05,"[[1857180.489291426, -340.5228786472149, 659.4284049558935, 1.871687708574985], [-340.52287864721524, 1826181.8393241952, -2.229485995236632, 654.3327118089722], [659.4284049558935, -2.229485995236632, 0.31676666666666653, 0.0], [1.871687708574985, 654.3327118089722, 0.0, 0.31676666666666653]]"
2026-07-14 12:58:44,59.10863412007936,20.851107238104255,124.79999999999995,parking,306.682559930116,117.45331371425242,0.0,0.0,0.0,4.0,4.0,6.944444444444444e-05,6.944444444444444e-05,"[[1857180.489291426, -340.5228786472149, 659.4284049558935, 1.871687708574985], [-340.52287864721524, 1826181.8393241952, -2.229485995236632, 654.3327118089722], [659.4284049558935, -2.229485995236632, 0.31676666666666653, 0.0], [1.871687708574985, 654.3327118089722, 0.0, 0.31676666666666653]]"
2026-07-14 13:08:44,59.10863412007936,20.851107238104255,124.79999999999995,parking,306.682559930116,117.45331371425242,0.0,0.0,0.0,4.0,4.0,6.944444444444444e-05,6.944444444444444e-05,"[[1857180.489291426, -340.5228786472149, 659.4284049558935, 1.871687708574985], [-340.52287864721524, 1826181.8393241952, -2.229485995236632, 654.3327118089722], [659.4284049558935, -2.229485995236632, 0.31676666666666653, 0.0], [1.871687708574985, 654.3327118089722, 0.0, 0.31676666666666653]]"
2026-07-14 13:18:44,59.10863412007936,20.851107238104255,124.79999999999995,parking,306.682559930116,117.45331371425242,0.0,0.0,0.0,4.0,4.0,6.944444444444444e-05,6.944444444444444e-05,"[[1857180.489291426, -340.5228786472149, 659.4284049558935, 1.871687708574985], [-340.52287864721524, 1826181.8393241952, -2.229485995236632, 654.3327118089722], [659.4284049558935, -2.229485995236632, 0.31676666666666653, 0.0], [1.871687708574985, 654.3327118089722, 0.0, 0.31676666666666653]]"
2026-07-14 13:28:44,59.10863412007936,20.851107238104255,124.79999999999995,parking,306.682559930116,117.45331371425242,0.0,0.0,0.0,4.0,4.0,6.944444444444444e-05,6.944444444444444e-05,"[[1857180.489291426, -340.5228786472149, 659.4284049558935, 1.871687708574985], [-340.52287864721524, 1826181.8393241952, -2.229485995236632, 654.3327118089722], [659.4284049558935, -2.229485995236632, 0.31676666666666653, 0.0], [1.871687708574985, 654.3327118089722, 0.0, 0.31676666666666653]]"
2026-07-14 13:38:44,59.10863412007936,20.851107238104255,124.79999999999995,parking,306.682559930116,117.45331371425242,0.0,0.0,0.0,4.0,4.0,6.944444444444444e-05,6.944444444444444e-05,"[[1857180.489291426, -340.5228786472149, 659.4284049558935, 1.871687708574985], [-340.52287864721524, 1826181.8393241952, -2.229485995236632, 654.3327118089722], [659.4284049558935, -2.229485995236632, 0.31676666666666653, 0.0], [1.871687708574985, 654.3327118089722, 0.0, 0.31676666666666653]]"
2026-07-14 13:48:44,59.10863412007936,20.851107238104255,124.79999999999995,parking,306.682559930116,117.45331371425242,0.0,0.0,0.0,4.0,4.0,6.944444444444444e-05,6.944444444444444e-05,"[[1857180.489291426, -340.5228786472149, 659.4284049558935, 1.871687708574985], [-340.52287864721524, 1826181.8393241952, -2.229485995236632, 654.3327118089722], [659.4284049558935, -2.229485995236632, 0.31676666666666653, 0.0], [1.871687708574985, 654.3327118089722, 0.0, 0.31676666666666653]]"
2026-07-14 13:58:44,59.10863412007936,20.851107238104255,124.79999999999995,parking,306.682559930116,117.45331371425242,0.0,0.0,0.0,4.0,4.0,6.944444444444444e-05,6.944444444444444e-05,"[[1857180.489291426, -340.5228786472149, 659.4284049558935, 1.871687708574985], [-340.52287864721524, 1826181.8393241952, -2.229485995236632, 654.3327118089722], [659.4284049558935, -2.229485995236632, 0.31676666666666653, 0.0], [1.871687708574985, 654.3327118089722, 0.0, 0.31676666666666653]]"
2026-07-14 14:08:44,59.10863412007936,20.851107238104255,124.79999999999995,parking,306.682559930116,117.45331371425242,0.0,0.0,0.0,4.0,4.0,6.944444444444444e-05,6.944444444444444e-05,"[[1857180.489291426, -340.5228786472149, 659.4284049558935, 1.871687708574985], [-340.52287864721524, 1826181.8393241952, -2.229485995236632, 654.3327118089722], [659.4284049558935, -2.229485995236632, 0.31676666666666653, 0.0], [1.871687708574985, 654.3327118089722, 0.0, 0.31676666666666653]]"
2026-07-14 14:18:44,59.10863412007936,20.851107238104255,124.79999999999995,parking,306.682559930116,117.45331371425242,0.0,0.0,0.0,4.0,4.0,6.944444444444444e-05,6.944444444444444e-05,"[[1857180.489291426, -340.5228786472149, 659.4284049558935, 1.871687708574985], [-340.52287864721524, 1826181.8393241952, -2.229485995236632, 654.3327118089722], [659.4284049558935, -2.229485995236632, 0.31676666666666653, 0.0], [1.871687708574985, 654.3327118089722, 0.0, 0.31676666666666653]]"
2026-07-14 14:28:44,59.10863412007936,20.851107238104255,124.79999999999995,parking,306.682559930116,117.45331371425242,0.0,0.0,0.0,4.0,4.0,6.944444444444444e-05,6.944444444444444e-05,"[[1857180.489291426, -340.5228786472149, 659.4284049558935, 1.871687708574985], [-340.52287864721524, 1826181.8393241952, -2.229485995236632, 654.3327118089722], [659.4284049558935, -2.229485995236632, 0.31676666666666653, 0.0], [1.871687708574985, 654.3327118089722, 0.0, 0.31676666666666653]]"
2026-07-14 14:38:44,59.10863412007936,20.851107238104255,124.79999999999995,parking,306.682559930116,117.45331371425242,0.0,0.0,0.0,4.0,4.0,6.944444444444444e-05,6.944444444444444e-05,"[[1857180.489291426, -340.5228786472149, 659.4284049558935, 1.871687708574985], [-340.52287864721524, 1826181.8393241952, -2.229485995236632, 654.3327118089722], [659.4284049558935, -2.229485995236632, 0.31676666666666653, 0.0], [1.871687708574985, 654.3327118089722, 0.0, 0.31676666666666653]]"
2026-07-14 14:48:44,59.10863412007936,20.851107238104255,124.79999999999995,parking,306.682559930116,117.45331371425242,0.0,0.0,0.0,4.0,4.0,6.944444444444444e-05,6.944444444444444e-05,"[[1857180.489291426, -340.5228786472149, 659.4284049558935, 1.871687708574985], [-340.52287864721524, 1826181.8393241952, -2.229485995236632, 654.3327118089722], [659.4284049558935, -2.229485995236632, 0.31676666666666653, 0.0], [1.871687708574985, 654.3327118089722, 0.0, 0.31676666666666653]]"
2026-07-14 14:58:44,59.10863412007936,20.851107238104255,124.79999999999995,parking,306.682559930116,117.45331371425242,0.0,0.0,0.0,4.0,4.0,6.944444444444444e-05,6.944444444444444e-05,"[[1857180.489291426, -340.5228786472149, 659.4284049558935, 1.871687708574985], [-340.52287864721524, 1826181.8393241952, -2.229485995236632, 654.3327118089722], [659.4284049558935, -2.229485995236632, 0.31676666666666653, 0.0], [1.871687708574985, 654.3327118089722, 0.0, 0.31676666666666653]]"
2026-07-14 15:08:44,59.10863412007936,20.851107238104255,124.79999999999995,parking,306.682559930116,117.45331371425242,0.0,0.0,0.0,4.0,4.0,6.944444444444444e-05,6.944444444444444e-05,"[[1857180.489291426, -340.5228786472149, 659.4284049558935, 1.871687708574985], [-340.52287864721524, 1826181.8393241952, -2.229485995236632, 654.3327118089722], [659.4284049558935, -2.229485995236632, 0.31676666666666653, 0.0], [1.871687708574985, 654.3327118089722, 0.0, 0.31676666666666653]]"
2026-07-14 15:18:44,59.10863412007936,20.851107238104255,124.79999999999995,parking,306.682559930116,117.45331371425242,0.0,0.0,0.0,4.0,4.0,6.944444444444444e-05,6.944444444444444e-05,"[[1857180.489291426, -340.5228786472149, 659.4284049558935, 1.871687708574985], [-340.52287864721524, 1826181.8393241952, -2.229485995236632, 654.3327118089722], [659.4284049558935, -2.229485995236632, 0.31676666666666653, 0.0], [1.871687708574985, 654.3327118089722, 0.0, 0.31676666666666653]]"
2026-07-14 15:28:44,59.10863412007936,20.851107238104255,124.79999999999995,parking,306.682559930116,117.45331371425242,0.0,0.0,0.0,4.0,4.0,6.944444444444444e-05,6.944444444444444e-05,"[[1857180.489291426, -340.5228786472149, 659.4284049558935, 1.871687708574985], [-340.52287864721524, 1826181.8393241952, -2.229485995236632, 654.3327118089722], [659.4284049558935, -2.229485995236632, 0.31676666666666653, 0.0], [1.871687708574985, 654.3327118089722, 0.0, 0.31676666666666653]]"
2026-07-14 15:38:44,59.10863412007936,20.851107238104255,124.79999999999995,parking,306.682559930116,117.45331371425242,0.0,0.0,0.0,4.0,4.0,6.944444444444444e-05,6.944444444444444e-05,"[[1857180.489291426, -340.5228786472149, 659.4284049558935, 1.871687708574985], [-340.52287864721524, 1826181.8393241952, -2.229485995236632, 654.3327118089722], [659.4284049558935, -2.229485995236632, 0.31676666666666653, 0.0], [1.871687708574985, 654.3327118089722, 0.0, 0.31676666666666653]]"
2026-07-14 15:48:44,59.10863412007936,20.851107238104255,124.79999999999995,parking,306.682559930116,117.45331371425242,0.0,0.0,0.0,4.0,4.0,6.944444444444444e-05,6.944444444444444e-05,"[[1857180.489291426, -340.5228786472149, 659.4284049558935, 1.871687708574985], [-340.52287864721524, 1826181.8393241952, -2.229485995236632, 654.3327118089722], [659.4284049558935, -2.229485995236632, 0.31676666666666653, 0.0], [1.871687708574985, 654.3327118089722, 0.0, 0.31676666666666653]]"
2026-07-14 15:58:44,59.10863412007936,20.851107238104255,124.79999999999995,parking,306.682559930116,117.45331371425242,0.0,0.0,0.0,4.0,4.0,6.944444444444444e-05,6.944444444444444e-05,"[[1857180.489291426, -340.5228786472149, 659.4284049558935, 1.871687708574985], [-340.52287864721524, 1826181.8393241952, -2.229485995236632, 654.3327118089722], [659.4284049558935, -2.229485995236632, 0.31676666666666653, 0.0], [1.871687708574985, 654.3327118089722, 0.0, 0.31676666666666653]]"
2026-07-14 16:08:44,59.10863412007936,20.851107238104255,124.79999999999995,parking,306.682559930116,117.45331371425242,0.0,0.0,0.0,4.0,4.0,6.944444444444444e-05,6.944444444444444e-05,"[[1857180.489291426, -340.5228786472149, 659.4284049558935, 1.871687708574985], [-340.52287864721524, 1826181.8393241952, -2.229485995236632, 654.3327118089722], [659.4284049558935, -2.229485995236632, 0.31676666666666653, 0.0], [1.871687708574985, 654.3327118089722, 0.0, 0.31676666666666653]]"
2026-07-14 16:18:44,59.10863412007936,20.851107238104255,124.79999999999995,parking,306.682559930116,117.45331371425242,0.0,0.0,0.0,4.0,4.0,6.944444444444444e-05,6.944444444444444e-05,"[[1857180.489291426, -340.5228786472149, 659.4284049558935, 1.871687708574985], [-340.52287864721524, 1826181.8393241952, -2.229485995236632, 654.3327118089722], [659.4284049558935, -2.229485995236632, 0.31676666666666653, 0.0], [1.871687708574985, 654.3327118089722, 0.0, 0.31676666666666653]]"
2026-07-14 16:28:44,59.10863412007936,20.851107238104255,124.79999999999995,parking,306.682559930116,117.45331371425242,0.0,0.0,0.0,4.0,4.0,6.944444444444444e-05,6.944444444444444e-05,"[[1857180.489291426, -340.5228786472149, 659.4284049558935, 1.871687708574985], [-340.52287864721524, 1826181.8393241952, -2.229485995236632, 654.3327118089722], [659.4284049558935, -2.229485995236632, 0.31676666666666653, 0.0], [1.871687708574985, 654.3327118089722, 0.0, 0.31676666666666653]]"
2026-07-14 16:38:44,59.10863412007936,20.851107238104255,124.79999999999995,parking,306.682559930116,117.45331371425242,0.0,0.0,0.0,4.0,4.0,6.944444444444444e-05,6.944444444444444e-05,"[[1857180.489291426, -340.5228786472149, 659.4284049558935, 1.871687708574985], [-340.52287864721524, 1826181.8393241952, -2.229485995236632, 654.3327118089722], [659.4284049558935, -2.229485995236632, 0.31676666666666653, 0.0], [1.871687708574985, 654.3327118089722, 0.0, 0.31676666666666653]]"
2026-07-14 16:48:44,59.10863412007936,20.851107238104255,124.79999999999995,parking,306.682559930116,117.45331371425242,0.0,0.0,0.0,4.0,4.0,6.944444444444444e-05,6.944444444444444e-05,"[[1857180.489291426, -340.5228786472149, 659.4284049558935, 1.871687708574985], [-340.52287864721524, 1826181.8393241952, -2.229485995236632, 654.3327118089722], [659.4284049558935, -2.229485995236632, 0.31676666666666653, 0.0], [1.871687708574985, 654.3327118089722, 0.0, 0.31676666666666653]]"
2026-07-14 16:58:44,59.10863412007936,20.851107238104255,124.79999999999995,parking,306.682559930116,117.45331371425242,0.0,0.0,0.0,4.0,4.0,6.944444444444444e-05,6.944444444444444e-05,"[[1857180.489291426, -340.5228786472149, 659.4284049558935, 1.871687708574985], [-340.52287864721524, 1826181.8393241952, -2.229485995236632, 654.3327118089722], [659.4284049558935, -2.229485995236632, 0.31676666666666653, 0.0], [1.871687708574985, 654.3327118089722, 0.0, 0.31676666666666653]]"
2026-07-14 17:08:44,59.10863412007936,20.851107238104255,124.79999999999995,parking,306.682559930116,117.45331371425242,0.0,0.0,0.0,4.0,4.0,6.944444444444444e-05,6.944444444444444e-05,"[[1857180.489291426, -340.5228786472149, 659.4284049558935, 1.871687708574985], [-340.52287864721524, 1826181.8393241952, -2.229485995236632, 654.3327118089722], [659.4284049558935, -2.229485995236632, 0.31676666666666653, 0.0], [1.871687708574985, 654.3327118089722, 0.0, 0.31676666666666653]]"
2026-07-14 17:18:44,59.10863412007936,20.851107238104255,124.79999999999995,parking,306.682559930116,117.45331371425242,0.0,0.0,0.0,4.0,4.0,6.944444444444444e-05,6.944444444444444e-05,"[[1857180.489291426, -340.5228786472149, 659.4284049558935, 1.871687708574985], [-340.52287864721524, 1826181.8393241952, -2.229485995236632, 654.3327118089722], [659.4284049558935, -2.229485995236632, 0.31676666666666653, 0.0], [1.871687708574985, 654.3327118089722, 0.0, 0.31676666666666653]]"
2026-07-14 17:28:44,59.10863412007936,20.851107238104255,124.79999999999995,parking,306.682559930116,117.45331371425242,0.0,0.0,0.0,4.0,4.0,6.944444444444444e-05,6.944444444444444e-05,"[[1857180.489291426, -340.5228786472149, 659.4284049558935, 1.871687708574985], [-340.52287864721524, 1826181.8393241952, -2.229485995236632, 654.3327118089722], [659.4284049558935, -2.229485995236632, 0.31676666666666653, 0.0], [1.871687708574985, 654.3327118089722, 0.0, 0.31676666666666653]]"
2026-07-14 17:38:44,59.10863412007936,20.851107238104255,124.79999999999995,parking,306.682559930116,117.45331371425242,0.0,0.0,0.0,4.0,4.0,6.944444444444444e-05,6.944444444444444e-05,"[[1857180.489291426, -340.5228786472149, 659.4284049558935, 1.871687708574985], [-340.52287864721524, 1826181.8393241952, -2.229485995236632, 654.3327118089722], [659.4284049558935, -2.229485995236632, 0.31676666666666653, 0.0], [1.871687708574985, 654.3327118089722, 0.0, 0.31676666666666653]]"
2026-07-14 17:48:44,59.10863412007936,20.851107238104255,124.79999999999995,parking,306.682559930116,117.45331371425242,0.0,0.0,0.0,4.0,4.0,6.944444444444444e-05,6.944444444444444e-05,"[[1857180.489291426, -340.5228786472149, 659.4284049558935, 1.871687708574985], [-340.52287864721524, 1826181.8393241952, -2.229485995236632, 654.3327118089722], [659.4284049558935, -2.229485995236632, 0.31676666666666653, 0.0], [1.871687708574985, 654.3327118089722, 0.0, 0.31676666666666653]]"
2026-07-14 17:58:44,59.10863412007936,20.851107238104255,124.79999999999995,parking,306.682559930116,117.45331371425242,0.0,0.0,0.0,4.0,4.0,6.944444444444444e-05,6.944444444444444e-05,"[[1857180.489291426, -340.5228786472149, 659.4284049558935, 1.871687708574985], [-340.52287864721524, 1826181.8393241952, -2.229485995236632, 654.3327118089722], [659.4284049558935, -2.229485995236632, 0.31676666666666653, 0.0], [1.871687708574985, 654.3327118089722, 0.0, 0.31676666666666653]]"
2026-07-14 18:08:44,59.10863412007936,20.851107238104255,124.79999999999995,parking,306.682559930116,117.45331371425242,0.0,0.0,0.0,4.0,4.0,6.944444444444444e-05,6.944444444444444e-05,"[[1857180.489291426, -340.5228786472149, 659.4284049558935, 1.871687708574985], [-340.52287864721524, 1826181.8393241952, -2.229485995236632, 654.3327118089722], [659.4284049558935, -2.229485995236632, 0.31676666666666653, 0.0], [1.871687708574985, 654.3327118089722, 0.0, 0.31676666666666653]]"
2026-07-14 18:18:44,59.10863412007936,20.851107238104255,124.79999999999995,parking,306.682559930116,117.45331371425242,0.0,0.0,0.0,4.0,4.0,6.944444444444444e-05,6.944444444444444e-05,"[[1857180.489291426, -340.5228786472149, 659.4284049558935, 1.871687708574985], [-340.52287864721524, 1826181.8393241952, -2.229485995236632, 654.3327118089722], [659.4284049558935, -2.229485995236632, 0.31676666666666653, 0.0], [1.871687708574985, 654.3327118089722, 0.0, 0.31676666666666653]]"
2026-07-14 18:28:44,59.10863412007936,20.851107238104255,124.79999999999995,parking,306.682559930116,117.45331371425242,0.0,0.0,0.0,4.0,4.0,6.944444444444444e-05,6.944444444444444e-05,"[[1857180.489291426, -340.5228786472149, 659.4284049558935, 1.871687708574985], [-340.52287864721524, 1826181.8393241952, -2.229485995236632, 654.3327118089722], [659.4284049558935, -2.229485995236632, 0.31676666666666653, 0.0], [1.871687708574985, 654.3327118089722, 0.0, 0.31676666666666653]]"
2026-07-14 18:38:44,59.10863412007936,20.851107238104255,124.79999999999995,parking,306.682559930116,117.45331371425242,0.0,0.0,0.0,4.0,4.0,6.944444444444444e-05,6.944444444444444e-05,"[[1857180.489291426, -340.5228786472149, 659.4284049558935, 1.871687708574985], [-340.52287864721524, 1826181.8393241952, -2.229485995236632, 654.3327118089722], [659.4284049558935, -2.229485995236632, 0.31676666666666653, 0.0], [1.871687708574985, 654.3327118089722, 0.0, 0.31676666666666653]]"
2026-07-14 18:48:44,59.10863412007936,20.851107238104255,124.79999999999995,parking,306.682559930116,117.45331371425242,0.0,0.0,0.0,4.0,4.0,6.944444444444444e-05,6.944444444444444e-05,"[[1857180.489291426, -340.5228786472149, 659.4284049558935, 1.871687708574985], [-340.52287864721524, 1826181.8393241952, -2.229485995236632, 654.3327118089722], [659.4284049558935, -2.229485995236632, 0.31676666666666653, 0.0], [1.871687708574985, 654.3327118089722, 0.0, 0.31676666666666653]]"
2026-07-14 18:58:44,59.10863412007936,20.851107238104255,124.79999999999995,parking,306.682559930116,117.45331371425242,0.0,0.0,0.0,4.0,4.0,6.944444444444444e-05,6.944444444444444e-05,"[[1857180.489291426, -340.5228786472149, 659.4284049558935, 1.871687708574985], [-340.52287864721524, 1826181.8393241952, -2.229485995236632, 654.3327118089722], [659.4284049558935, -2.229485995236632, 0.31676666666666653, 0.0], [1.871687708574985, 654.3327118089722, 0.0, 0.31676666666666653]]"
2026-07-14 19:08:44,59.10863412007936,20.851107238104255,124.79999999999995,parking,306.682559930116,117.45331371425242,0.0,0.0,0.0,4.0,4.0,6.944444444444444e-05,6.944444444444444e-05,"[[1857180.489291426, -340.5228786472149, 659.4284049558935, 1.871687708574985], [-340.52287864721524, 1826181.8393241952, -2.229485995236632, 654.3327118089722], [659.4284049558935, -2.229485995236632, 0.31676666666666653, 0.0], [1.871687708574985, 654.3327118089722, 0.0, 0.31676666666666653]]"
2026-07-14 19:18:44,59.10863412007936,20.851107238104255,124.79999999999995,parking,306.682559930116,117.45331371425242,0.0,0.0,0.0,4.0,4.0,6.944444444444444e-05,6.944444444444444e-05,"[[1857180.489291426, -340.5228786472149, 659.4284049558935, 1.871687708574985], [-340.52287864721524, 1826181.8393241952, -2.229485995236632, 654.3327118089722], [659.4284049558935, -2.229485995236632, 0.31676666666666653, 0.0], [1.871687708574985, 654.3327118089722, 0.0, 0.31676666666666653]]"
2026-07-14 19:28:44,59.10863412007936,20.851107238104255,124.79999999999995,parking,306.682559930116,117.45331371425242,0.0,0.0,0.0,4.0,4.0,6.944444444444444e-05,6.944444444444444e-05,"[[1857180.489291426, -340.5228786472149, 659.4284049558935, 1.871687708574985], [-340.52287864721524, 1826181.8393241952, -2.229485995236632, 654.3327118089722], [659.4284049558935, -2.229485995236632, 0.31676666666666653, 0.0], [1.871687708574985, 654.3327118089722, 0.0, 0.31676666666666653]]"
2026-07-14 19:38:44,59.10863412007936,20.851107238104255,124.79999999999995,parking,306.682559930116,117.45331371425242,0.0,0.0,0.0,4.0,4.0,6.944444444444444e-05,6.944444444444444e-05,"[[1857180.489291426, -340.5228786472149, 659.4284049558935, 1.871687708574985], [-340.52287864721524, 1826181.8393241952, -2.229485995236632, 654.3327118089722], [659.4284049558935, -2.229485995236632, 0.31676666666666653, 0.0], [1.871687708574985, 654.3327118089722, 0.0, 0.31676666666666653]]"
2026-07-14 19:48:44,59.10863412007936,20.851107238104255,124.79999999999995,parking,306.682559930116,117.45331371425242,0.0,0.0,0.0,4.0,4.0,6.944444444444444e-05,6.944444444444444e-05,"[[1857180.489291426, -340.5228786472149, 659.4284049558935, 1.871687708574985], [-340.52287864721524, 1826181.8393241952, -2.229485995236632, 654.3327118089722], [659.4284049558935, -2.229485995236632, 0.31676666666666653, 0.0], [1.871687708574985, 654.3327118089722, 0.0, 0.31676666666666653]]"
2026-07-14 19:58:44,59.10863412007936,20.851107238104255,124.79999999999995,parking,306.682559930116,117.45331371425242,0.0,0.0,0.0,4.0,4.0,6.944444444444444e-05,6.944444444444444e-05,"[[1857180.489291426, -340.5228786472149, 659.4284049558935, 1.871687708574985], [-340.52287864721524, 1826181.8393241952, -2.229485995236632, 654.3327118089722], [659.4284049558935, -2.229485995236632, 0.31676666666666653, 0.0], [1.871687708574985, 654.3327118089722, 0.0, 0.31676666666666653]]"
2026-07-14 20:08:44,59.10863412007936,20.851107238104255,124.79999999999995,parking,306.682559930116,117.45331371425242,0.0,0.0,0.0,4.0,4.0,6.944444444444444e-05,6.944444444444444e-05,"[[1857180.489291426, -340.5228786472149, 659.4284049558935, 1.871687708574985], [-340.52287864721524, 1826181.8393241952, -2.229485995236632, 654.3327118089722], [659.4284049558935, -2.229485995236632, 0.31676666666666653, 0.0], [1.871687708574985, 654.3327118089722, 0.0, 0.31676666666666653]]"
2026-07-14 20:18:44,59.10863412007936,20.851107238104255,124.79999999999995,parking,306.682559930116,117.45331371425242,0.0,0.0,0.0,4.0,4.0,6.944444444444444e-05,6.944444444444444e-05,"[[1857180.489291426, -340.5228786472149, 659.4284049558935, 1.871687708574985], [-340.52287864721524, 1826181.8393241952, -2.229485995236632, 654.3327118089722], [659.4284049558935, -2.229485995236632, 0.31676666666666653, 0.0], [1.871687708574985, 654.3327118089722, 0.0, 0.31676666666666653]]"
2026-07-14 20:28:44,59.10863412007936,20.851107238104255,124.79999999999995,parking,306.682559930116,117.45331371425242,0.0,0.0,0.0,4.0,4.0,6.944444444444444e-05,6.944444444444444e-05,"[[1857180.489291426, -340.5228786472149, 659.4284049558935, 1.871687708574985], [-340.52287864721524, 1826181.8393241952, -2.229485995236632, 654.3327118089722], [659.4284049558935, -2.229485995236632, 0.31676666666666653, 0.0], [1.871687708574985, 654.3327118089722, 0.0, 0.31676666666666653]]"
2026-07-14 20:38:44,59.10863412007936,20.851107238104255,124.79999999999995,parking,306.682559930116,117.45331371425242,0.0,0.0,0.0,4.0,4.0,6.944444444444444e-05,6.944444444444444e-05,"[[1857180.489291426, -340.5228786472149, 659.4284049558935, 1.871687708574985], [-340.52287864721524, 1826181.8393241952, -2.229485995236632, 654.3327118089722], [659.4284049558935, -2.229485995236632, 0.31676666666666653, 0.0], [1.871687708574985, 654.3327118089722, 0.0, 0.31676666666666653]]"
2026-07-14 20:48:44,59.10863412007936,20.851107238104255,124.79999999999995,parking,306.682559930116,117.45331371425242,0.0,0.0,0.0,4.0,4.0,6.944444444444444e-05,6.944444444444444e-05,"[[1857180.489291426, -340.5228786472149, 659.4284049558935, 1.871687708574985], [-340.52287864721524, 1826181.8393241952, -2.229485995236632, 654.3327118089722], [659.4284049558935, -2.229485995236632, 0.31676666666666653, 0.0], [1.871687708574985, 654.3327118089722, 0.0, 0.31676666666666653]]"
2026-07-14 20:58:44,59.10863412007936,20.851107238104255,124.79999999999995,parking,306.682559930116,117.45331371425242,0.0,0.0,0.0,4.0,4.0,6.944444444444444e-05,6.944444444444444e-05,"[[1857180.489291426, -340.5228786472149, 659.4284049558935, 1.871687708574985], [-340.52287864721524, 1826181.8393241952, -2.229485995236632, 654.3327118089722], [659.4284049558935, -2.229485995236632, 0.31676666666666653, 0.0], [1.871687708574985, 654.3327118089722, 0.0, 0.31676666666666653]]"
2026-07-14 21:08:44,59.10863412007936,20.851107238104255,124.79999999999995,parking,306.682559930116,117.45331371425242,0.0,0.0,0.0,4.0,4.0,6.944444444444444e-05,6.944444444444444e-05,"[[1857180.489291426, -340.5228786472149, 659.4284049558935, 1.871687708574985], [-340.52287864721524, 1826181.8393241952, -2.229485995236632, 654.3327118089722], [659.4284049558935, -2.229485995236632, 0.31676666666666653, 0.0], [1.871687708574985, 654.3327118089722, 0.0, 0.31676666666666653]]"
2026-07-14 21:18:44,59.10863412007936,20.851107238104255,124.79999999999995,parking,306.682559930116,117.45331371425242,0.0,0.0,0.0,4.0,4.0,6.944444444444444e-05,6.944444444444444e-05,"[[1857180.489291426, -340.5228786472149, 659.4284049558935, 1.871687708574985], [-340.52287864721524, 1826181.8393241952, -2.229485995236632, 654.3327118089722], [659.4284049558935, -2.229485995236632, 0.31676666666666653, 0.0], [1.871687708574985, 654.3327118089722, 0.0, 0.31676666666666653]]"
2026-07-14 21:28:44,59.10863412007936,20.851107238104255,124.79999999999995,parking,306.682559930116,117.45331371425242,0.0,0.0,0.0,4.0,4.0,6.944444444444444e-05,6.944444444444444e-05,"[[1857180.489291426, -340.5228786472149, 659.4284049558935, 1.871687708574985], [-340.52287864721524, 1826181.8393241952, -2.229485995236632, 654.3327118089722], [659.4284049558935, -2.229485995236632, 0.31676666666666653, 0.0], [1.871687708574985, 654.3327118089722, 0.0, 0.31676666666666653]]"
2026-07-14 21:38:44,59.10863412007936,20.851107238104255,124.79999999999995,parking,306.682559930116,117.45331371425242,0.0,0.0,0.0,4.0,4.0,6.944444444444444e-05,6.944444444444444e-05,"[[1857180.489291426, -340.5228786472149, 659.4284049558935, 1.871687708574985], [-340.52287864721524, 1826181.8393241952, -2.229485995236632, 654.3327118089722], [659.4284049558935, -2.229485995236632, 0.31676666666666653, 0.0], [1.871687708574985, 654.3327118089722, 0.0, 0.31676666666666653]]"
2026-07-14 21:48:44,59.10863412007936,20.851107238104255,124.79999999999995,parking,306.682559930116,117.45331371425242,0.0,0.0,0.0,4.0,4.0,6.944444444444444e-05,6.944444444444444e-05,"[[1857180.489291426, -340.5228786472149, 659.4284049558935, 1.871687708574985], [-340.52287864721524, 1826181.8393241952, -2.229485995236632, 654.3327118089722], [659.4284049558935, -2.229485995236632, 0.31676666666666653, 0.0], [1.871687708574985, 654.3327118089722, 0.0, 0.31676666666666653]]"
2026-07-14 21:58:44,59.10863412007936,20.851107238104255,124.79999999999995,parking,306.682559930116,117.45331371425242,0.0,0.0,0.0,4.0,4.0,6.944444444444444e-05,6.944444444444444e-05,"[[1857180.489291426, -340.5228786472149, 659.4284049558935, 1.871687708574985], [-340.52287864721524, 1826181.8393241952, -2.229485995236632, 654.3327118089722], [659.4284049558935, -2.229485995236632, 0.31676666666666653, 0.0], [1.871687708574985, 654.3327118089722, 0.0, 0.31676666666666653]]"
2026-07-14 22:08:44,59.10863412007936,20.851107238104255,124.79999999999995,parking,306.682559930116,117.45331371425242,0.0,0.0,0.0,4.0,4.0,6.944444444444444e-05,6.944444444444444e-05,"[[1857180.489291426, -340.5228786472149, 659.4284049558935, 1.871687708574985], [-340.52287864721524, 1826181.8393241952, -2.229485995236632, 654.3327118089722], [659.4284049558935, -2.229485995236632, 0.31676666666666653, 0.0], [1.871687708574985, 654.3327118089722, 0.0, 0.31676666666666653]]"
2026-07-14 22:18:44,59.10863412007936,20.851107238104255,124.79999999999995,parking,306.682559930116,117.45331371425242,0.0,0.0,0.0,4.0,4.0,6.944444444444444e-05,6.944444444444444e-05,"[[1857180.489291426, -340.5228786472149, 659.4284049558935, 1.871687708574985], [-340.52287864721524, 1826181.8393241952, -2.229485995236632, 654.3327118089722], [659.4284049558935, -2.229485995236632, 0.31676666666666653, 0.0], [1.871687708574985, 654.3327118089722, 0.0, 0.31676666666666653]]"
2026-07-14 22:28:44,59.10863412007936,20.851107238104255,124.79999999999995,parking,306.682559930116,117.45331371425242,0.0,0.0,0.0,4.0,4.0,6.944444444444444e-05,6.944444444444444e-05,"[[1857180.489291426, -340.5228786472149, 659.4284049558935, 1.871687708574985], [-340.52287864721524, 1826181.8393241952, -2.229485995236632, 654.3327118089722], [659.4284049558935, -2.229485995236632, 0.31676666666666653, 0.0], [1.871687708574985, 654.3327118089722, 0.0, 0.31676666666666653]]"
2026-07-14 22:38:44,59.10863412007936,20.851107238104255,124.79999999999995,parking,306.682559930116,117.45331371425242,0.0,0.0,0.0,4.0,4.0,6.944444444444444e-05,6.944444444444444e-05,"[[1857180.489291426, -340.5228786472149, 659.4284049558935, 1.871687708574985], [-340.52287864721524, 1826181.8393241952, -2.229485995236632, 654.3327118089722], [659.4284049558935, -2.229485995236632, 0.31676666666666653, 0.0], [1.871687708574985, 654.3327118089722, 0.0, 0.31676666666666653]]"
2026-07-14 22:48:44,59.10863412007936,20.851107238104255,124.79999999999995,parking,306.682559930116,117.45331371425242,0.0,0.0,0.0,4.0,4.0,6.944444444444444e-05,6.944444444444444e-05,"[[1857180.489291426, -340.5228786472149, 659.4284049558935, 1.871687708574985], [-340.52287864721524, 1826181.8393241952, -2.229485995236632, 654.3327118089722], [659.4284049558935, -2.229485995236632, 0.31676666666666653, 0.0], [1.871687708574985, 654.3327118089722, 0.0, 0.31676666666666653]]"
2026-07-14 22:58:44,59.10863412007936,20.851107238104255,124.79999999999995,parking,306.682559930116,117.45331371425242,0.0,0.0,0.0,4.0,4.0,6.944444444444444e-05,6.944444444444444e-05,"[[1857180.489291426, -340.5228786472149, 659.4284049558935, 1.871687708574985], [-340.52287864721524, 1826181.8393241952, -2.229485995236632, 654.3327118089722], [659.4284049558935, -2.229485995236632, 0.31676666666666653, 0.0], [1.871687708574985, 654.3327118089722, 0.0, 0.31676666666666653]]"
2026-07-14 23:08:44,59.10863412007936,20.851107238104255,124.79999999999995,parking,306.682559930116,117.45331371425242,0.0,0.0,0.0,4.0,4.0,6.944444444444444e-05,6.944444444444444e-05,"[[1857180.489291426, -340.5228786472149, 659.4284049558935, 1.871687708574985], [-340.52287864721524, 1826181.8393241952, -2.229485995236632, 654.3327118089722], [659.4284049558935, -2.229485995236632, 0.31676666666666653, 0.0], [1.871687708574985, 654.3327118089722, 0.0, 0.31676666666666653]]"
2026-07-14 23:18:44,59.10863412007936,20.851107238104255,124.79999999999995,parking,306.682559930116,117.45331371425242,0.0,0.0,0.0,4.0,4.0,6.944444444444444e-05,6.944444444444444e-05,"[[1857180.489291426, -340.5228786472149, 659.4284049558935, 1.871687708574985], [-340.52287864721524, 1826181.8393241952, -2.229485995236632, 654.3327118089722], [659.4284049558935, -2.229485995236632, 0.31676666666666653, 0.0], [1.871687708574985, 654.3327118089722, 0.0, 0.31676666666666653]]"
2026-07-14 23:28:44,59.10863412007936,20.851107238104255,124.79999999999995,parking,306.682559930116,117.45331371425242,0.0,0.0,0.0,4.0,4.0,6.944444444444444e-05,6.944444444444444e-05,"[[1857180.489291426, -340.5228786472149, 659.4284049558935, 1.871687708574985], [-340.52287864721524, 1826181.8393241952, -2.229485995236632, 654.3327118089722], [659.4284049558935, -2.229485995236632, 0.31676666666666653, 0.0], [1.871687708574985, 654.3327118089722, 0.0, 0.31676666666666653]]"
2026-07-14 23:38:44,59.10863412007936,20.851107238104255,124.79999999999995,parking,306.682559930116,117.45331371425242,0.0,0.0,0.0,4.0,4.0,6.944444444444444e-05,6.944444444444444e-05,"[[1857180.489291426, -340.5228786472149, 659.4284049558935, 1.871687708574985], [-340.52287864721524, 1826181.8393241952, -2.229485995236632, 654.3327118089722], [659.4284049558935, -2.229485995236632, 0.31676666666666653, 0.0], [1.871687708574985, 654.3327118089722, 0.0, 0.31676666666666653]]"
2026-07-14 23:48:44,59.10863412007936,20.851107238104255,124.79999999999995,parking,306.682559930116,117.45331371425242,0.0,0.0,0.0,4.0,4.0,6.944444444444444e-05,6.944444444444444e-05,"[[1857180.489291426, -340.5228786472149, 659.4284049558935, 1.871687708574985], [-340.52287864721524, 1826181.8393241952, -2.229485995236632, 654.3327118089722], [659.4284049558935, -2.229485995236632, 0.31676666666666653, 0.0], [1.871687708574985, 654.3327118089722, 0.0, 0.31676666666666653]]"
2026-07-14 23:58:44,59.10863412007936,20.851107238104255,124.79999999999995,parking,306.682559930116,117.45331371425242,0.0,0.0,0.0,4.0,4.0,6.944444444444444e-05,6.944444444444444e-05,"[[1857180.489291426, -340.5228786472149, 659.4284049558935, 1.871687708574985], [-340.52287864721524, 1826181.8393241952, -2.229485995236632, 654.3327118089722], [659.4284049558935, -2.229485995236632, 0.31676666666666653, 0.0], [1.871687708574985, 654.3327118089722, 0.0, 0.31676666666666653]]"
2026-07-15 00:08:44,59.10863412007936,20.851107238104255,124.79999999999995,parking,306.682559930116,117.45331371425242,0.0,0.0,0.0,4.0,4.0,6.944444444444444e-05,6.944444444444444e-05,"[[1857180.489291426, -340.5228786472149, 659.4284049558935, 1.871687708574985], [-340.52287864721524, 1826181.8393241952, -2.229485995236632, 654.3327118089722], [659.4284049558935, -2.229485995236632, 0.31676666666666653, 0.0], [1.871687708574985, 654.3327118089722, 0.0, 0.31676666666666653]]"
2026-07-15 00:18:44,59.10863412007936,20.851107238104255,124.79999999999995,parking,306.682559930116,117.45331371425242,0.0,0.0,0.0,4.0,4.0,6.944444444444444e-05,6.944444444444444e-05,"[[1857180.489291426, -340.5228786472149, 659.4284049558935, 1.871687708574985], [-340.52287864721524, 1826181.8393241952, -2.229485995236632, 654.3327118089722], [659.4284049558935, -2.229485995236632, 0.31676666666666653, 0.0], [1.871687708574985, 654.3327118089722, 0.0, 0.31676666666666653]]"
2026-07-15 00:28:44,59.10863412007936,20.851107238104255,124.79999999999995,parking,306.682559930116,117.45331371425242,0.0,0.0,0.0,4.0,4.0,6.944444444444444e-05,6.944444444444444e-05,"[[1857180.489291426, -340.5228786472149, 659.4284049558935, 1.871687708574985], [-340.52287864721524, 1826181.8393241952, -2.229485995236632, 654.3327118089722], [659.4284049558935, -2.229485995236632, 0.31676666666666653, 0.0], [1.871687708574985, 654.3327118089722, 0.0, 0.31676666666666653]]"
2026-07-15 00:38:44,59.10863412007936,20.851107238104255,124.79999999999995,parking,306.682559930116,117.45331371425242,0.0,0.0,0.0,4.0,4.0,6.944444444444444e-05,6.944444444444444e-05,"[[1857180.489291426, -340.5228786472149, 659.4284049558935, 1.871687708574985], [-340.52287864721524, 1826181.8393241952, -2.229485995236632, 654.3327118089722], [659.4284049558935, -2.229485995236632, 0.31676666666666653, 0.0], [1.871687708574985, 654.3327118089722, 0.0, 0.31676666666666653]]"
2026-07-15 00:48:44,59.10863412007936,20.851107238104255,124.79999999999995,parking,306.682559930116,117.45331371425242,0.0,0.0,0.0,4.0,4.0,6.944444444444444e-05,6.944444444444444e-05,"[[1857180.489291426, -340.5228786472149, 659.4284049558935, 1.871687708574985], [-340.52287864721524, 1826181.8393241952, -2.229485995236632, 654.3327118089722], [659.4284049558935, -2.229485995236632, 0.31676666666666653, 0.0], [1.871687708574985, 654.3327118089722, 0.0, 0.31676666666666653]]"
2026-07-15 00:58:44,59.10863412007936,20.851107238104255,124.79999999999995,parking,306.682559930116,117.45331371425242,0.0,0.0,0.0,4.0,4.0,6.944444444444444e-05,6.944444444444444e-05,"[[1857180.489291426, -340.5228786472149, 659.4284049558935, 1.871687708574985], [-340.52287864721524, 1826181.8393241952, -2.229485995236632, 654.3327118089722], [659.4284049558935, -2.229485995236632, 0.31676666666666653, 0.0], [1.871687708574985, 654.3327118089722, 0.0, 0.31676666666666653]]"
2026-07-15 01:08:44,59.10863412007936,20.851107238104255,124.79999999999995,parking,306.682559930116,117.45331371425242,0.0,0.0,0.0,4.0,4.0,6.944444444444444e-05,6.944444444444444e-05,"[[1857180.489291426, -340.5228786472149, 659.4284049558935, 1.871687708574985], [-340.52287864721524, 1826181.8393241952, -2.229485995236632, 654.3327118089722], [659.4284049558935, -2.229485995236632, 0.31676666666666653, 0.0], [1.871687708574985, 654.3327118089722, 0.0, 0.31676666666666653]]"
2026-07-15 01:18:44,59.10863412007936,20.851107238104255,124.79999999999995,parking,306.682559930116,117.45331371425242,0.0,0.0,0.0,4.0,4.0,6.944444444444444e-05,6.944444444444444e-05,"[[1857180.489291426, -340.5228786472149, 659.4284049558935, 1.871687708574985], [-340.52287864721524, 1826181.8393241952, -2.229485995236632, 654.3327118089722], [659.4284049558935, -2.229485995236632, 0.31676666666666653, 0.0], [1.871687708574985, 654.3327118089722, 0.0, 0.31676666666666653]]"
2026-07-15 01:28:44,59.10863412007936,20.851107238104255,124.79999999999995,parking,306.682559930116,117.45331371425242,0.0,0.0,0.0,4.0,4.0,6.944444444444444e-05,6.944444444444444e-05,"[[1857180.489291426, -340.5228786472149, 659.4284049558935, 1.871687708574985], [-340.52287864721524, 1826181.8393241952, -2.229485995236632, 654.3327118089722], [659.4284049558935, -2.229485995236632, 0.31676666666666653, 0.0], [1.871687708574985, 654.3327118089722, 0.0, 0.31676666666666653]]"
2026-07-15 01:38:44,59.10863412007936,20.851107238104255,124.79999999999995,parking,306.682559930116,117.45331371425242,0.0,0.0,0.0,4.0,4.0,6.944444444444444e-05,6.944444444444444e-05,"[[1857180.489291426, -340.5228786472149, 659.4284049558935, 1.871687708574985], [-340.52287864721524, 1826181.8393241952, -2.229485995236632, 654.3327118089722], [659.4284049558935, -2.229485995236632, 0.31676666666666653, 0.0], [1.871687708574985, 654.3327118089722, 0.0, 0.31676666666666653]]"
2026-07-15 01:48:44,59.10863412007936,20.851107238104255,124.79999999999995,parking,306.682559930116,117.45331371425242,0.0,0.0,0.0,4.0,4.0,6.944444444444444e-05,6.944444444444444e-05,"[[1857180.489291426, -340.5228786472149, 659.4284049558935, 1.871687708574985], [-340.52287864721524, 1826181.8393241952, -2.229485995236632, 654.3327118089722], [659.4284049558935, -2.229485995236632, 0.31676666666666653, 0.0], [1.871687708574985, 654.3327118089722, 0.0, 0.31676666666666653]]"
2026-07-15 01:58:44,59.10863412007936,20.851107238104255,124.79999999999995,parking,306.682559930116,117.45331371425242,0.0,0.0,0.0,4.0,4.0,6.944444444444444e-05,6.944444444444444e-05,"[[1857180.489291426, -340.5228786472149, 659.4284049558935, 1.871687708574985], [-340.52287864721524, 1826181.8393241952, -2.229485995236632, 654.3327118089722], [659.4284049558935, -2.229485995236632, 0.31676666666666653, 0.0], [1.871687708574985, 654.3327118089722, 0.0, 0.31676666666666653]]"
2026-07-15 02:08:44,59.10863412007936,20.851107238104255,124.79999999999995,parking,306.682559930116,117.45331371425242,0.0,0.0,0.0,4.0,4.0,6.944444444444444e-05,6.944444444444444e-05,"[[1857180.489291426, -340.5228786472149, 659.4284049558935, 1.871687708574985], [-340.52287864721524, 1826181.8393241952, -2.229485995236632, 654.3327118089722], [659.4284049558935, -2.229485995236632, 0.31676666666666653, 0.0], [1.871687708574985, 654.3327118089722, 0.0, 0.31676666666666653]]"
2026-07-15 02:18:44,59.10863412007936,20.851107238104255,124.79999999999995,parking,306.682559930116,117.45331371425242,0.0,0.0,0.0,4.0,4.0,6.944444444444444e-05,6.944444444444444e-05,"[[1857180.489291426, -340.5228786472149, 659.4284049558935, 1.871687708574985], [-340.52287864721524, 1826181.8393241952, -2.229485995236632, 654.3327118089722], [659.4284049558935, -2.229485995236632, 0.31676666666666653, 0.0], [1.871687708574985, 654.3327118089722, 0.0, 0.31676666666666653]]"
2026-07-15 02:28:44,59.10863412007936,20.851107238104255,124.79999999999995,parking,306.682559930116,117.45331371425242,0.0,0.0,0.0,4.0,4.0,6.944444444444444e-05,6.944444444444444e-05,"[[1857180.489291426, -340.5228786472149, 659.4284049558935, 1.871687708574985], [-340.52287864721524, 1826181.8393241952, -2.229485995236632, 654.3327118089722], [659.4284049558935, -2.229485995236632, 0.31676666666666653, 0.0], [1.871687708574985, 654.3327118089722, 0.0, 0.31676666666666653]]"
2026-07-15 02:38:44,59.10863412007936,20.851107238104255,124.79999999999995,parking,306.682559930116,117.45331371425242,0.0,0.0,0.0,4.0,4.0,6.944444444444444e-05,6.944444444444444e-05,"[[1857180.489291426, -340.5228786472149, 659.4284049558935, 1.871687708574985], [-340.52287864721524, 1826181.8393241952, -2.229485995236632, 654.3327118089722], [659.4284049558935, -2.229485995236632, 0.31676666666666653, 0.0], [1.871687708574985, 654.3327118089722, 0.0, 0.31676666666666653]]"
2026-07-15 02:48:44,59.10863412007936,20.851107238104255,124.79999999999995,parking,306.682559930116,117.45331371425242,0.0,0.0,0.0,4.0,4.0,6.944444444444444e-05,6.944444444444444e-05,"[[1857180.489291426, -340.5228786472149, 659.4284049558935, 1.871687708574985], [-340.52287864721524, 1826181.8393241952, -2.229485995236632, 654.3327118089722], [659.4284049558935, -2.229485995236632, 0.31676666666666653, 0.0], [1.871687708574985, 654.3327118089722, 0.0, 0.31676666666666653]]"
2026-07-15 02:58:44,59.10863412007936,20.851107238104255,124.79999999999995,parking,306.682559930116,117.45331371425242,0.0,0.0,0.0,4.0,4.0,6.944444444444444e-05,6.944444444444444e-05,"[[1857180.489291426, -340.5228786472149, 659.4284049558935, 1.871687708574985], [-340.52287864721524, 1826181.8393241952, -2.229485995236632, 654.3327118089722], [659.4284049558935, -2.229485995236632, 0.31676666666666653, 0.0], [1.871687708574985, 654.3327118089722, 0.0, 0.31676666666666653]]"
2026-07-15 03:08:44,59.10863412007936,20.851107238104255,124.79999999999995,parking,306.682559930116,117.45331371425242,0.0,0.0,0.0,4.0,4.0,6.944444444444444e-05,6.944444444444444e-05,"[[1857180.489291426, -340.5228786472149, 659.4284049558935, 1.871687708574985], [-340.52287864721524, 1826181.8393241952, -2.229485995236632, 654.3327118089722], [659.4284049558935, -2.229485995236632, 0.31676666666666653, 0.0], [1.871687708574985, 654.3327118089722, 0.0, 0.31676666666666653]]"
2026-07-15 03:18:44,59.10863412007936,20.851107238104255,124.79999999999995,parking,306.682559930116,117.45331371425242,0.0,0.0,0.0,4.0,4.0,6.944444444444444e-05,6.944444444444444e-05,"[[1857180.489291426, -340.5228786472149, 659.4284049558935, 1.871687708574985], [-340.52287864721524, 1826181.8393241952, -2.229485995236632, 654.3327118089722], [659.4284049558935, -2.229485995236632, 0.31676666666666653, 0.0], [1.871687708574985, 654.3327118089722, 0.0, 0.31676666666666653]]"
2026-07-15 03:28:44,59.10863412007936,20.851107238104255,124.79999999999995,parking,306.682559930116,117.45331371425242,0.0,0.0,0.0,4.0,4.0,6.944444444444444e-05,6.944444444444444e-05,"[[1857180.489291426, -340.5228786472149, 659.4284049558935, 1.871687708574985], [-340.52287864721524, 1826181.8393241952, -2.229485995236632, 654.3327118089722], [659.4284049558935, -2.229485995236632, 0.31676666666666653, 0.0], [1.871687708574985, 654.3327118089722, 0.0, 0.31676666666666653]]"
2026-07-15 03:38:44,59.10863412007936,20.851107238104255,124.79999999999995,parking,306.682559930116,117.45331371425242,0.0,0.0,0.0,4.0,4.0,6.944444444444444e-05,6.944444444444444e-05,"[[1857180.489291426, -340.5228786472149, 659.4284049558935, 1.871687708574985], [-340.52287864721524, 1826181.8393241952, -2.229485995236632, 654.3327118089722], [659.4284049558935, -2.229485995236632, 0.31676666666666653, 0.0], [1.871687708574985, 654.3327118089722, 0.0, 0.31676666666666653]]"
2026-07-15 03:48:44,59.10863412007936,20.851107238104255,124.79999999999995,parking,306.682559930116,117.45331371425242,0.0,0.0,0.0,4.0,4.0,6.944444444444444e-05,6.944444444444444e-05,"[[1857180.489291426, -340.5228786472149, 659.4284049558935, 1.871687708574985], [-340.52287864721524, 1826181.8393241952, -2.229485995236632, 654.3327118089722], [659.4284049558935, -2.229485995236632, 0.31676666666666653, 0.0], [1.871687708574985, 654.3327118089722, 0.0, 0.31676666666666653]]"
2026-07-15 03:58:44,59.10863412007936,20.851107238104255,124.79999999999995,parking,306.682559930116,117.45331371425242,0.0,0.0,0.0,4.0,4.0,6.944444444444444e-05,6.944444444444444e-05,"[[1857180.489291426, -340.5228786472149, 659.4284049558935, 1.871687708574985], [-340.52287864721524, 1826181.8393241952, -2.229485995236632, 654.3327118089722], [659.4284049558935, -2.229485995236632, 0.31676666666666653, 0.0], [1.871687708574985, 654.3327118089722, 0.0, 0.31676666666666653]]"
2026-07-15 04:08:44,59.10863412007936,20.851107238104255,124.79999999999995,parking,306.682559930116,117.45331371425242,0.0,0.0,0.0,4.0,4.0,6.944444444444444e-05,6.944444444444444e-05,"[[1857180.489291426, -340.5228786472149, 659.4284049558935, 1.871687708574985], [-340.52287864721524, 1826181.8393241952, -2.229485995236632, 654.3327118089722], [659.4284049558935, -2.229485995236632, 0.31676666666666653, 0.0], [1.871687708574985, 654.3327118089722, 0.0, 0.31676666666666653]]"
2026-07-15 04:18:44,59.10863412007936,20.851107238104255,124.79999999999995,parking,306.682559930116,117.45331371425242,0.0,0.0,0.0,4.0,4.0,6.944444444444444e-05,6.944444444444444e-05,"[[1857180.489291426, -340.5228786472149, 659.4284049558935, 1.871687708574985], [-340.52287864721524, 1826181.8393241952, -2.229485995236632, 654.3327118089722], [659.4284049558935, -2.229485995236632, 0.31676666666666653, 0.0], [1.871687708574985, 654.3327118089722, 0.0, 0.31676666666666653]]"
2026-07-15 04:28:44,59.10863412007936,20.851107238104255,124.79999999999995,parking,306.682559930116,117.45331371425242,0.0,0.0,0.0,4.0,4.0,6.944444444444444e-05,6.944444444444444e-05,"[[1857180.489291426, -340.5228786472149, 659.4284049558935, 1.871687708574985], [-340.52287864721524, 1826181.8393241952, -2.229485995236632, 654.3327118089722], [659.4284049558935, -2.229485995236632, 0.31676666666666653, 0.0], [1.871687708574985, 654.3327118089722, 0.0, 0.31676666666666653]]"
2026-07-15 04:38:44,59.10863412007936,20.851107238104255,124.79999999999995,parking,306.682559930116,117.45331371425242,0.0,0.0,0.0,4.0,4.0,6.944444444444444e-05,6.944444444444444e-05,"[[1857180.489291426, -340.5228786472149, 659.4284049558935, 1.871687708574985], [-340.52287864721524, 1826181.8393241952, -2.229485995236632, 654.3327118089722], [659.4284049558935, -2.229485995236632, 0.31676666666666653, 0.0], [1.871687708574985, 654.3327118089722, 0.0, 0.31676666666666653]]"
2026-07-15 04:48:44,59.10863412007936,20.851107238104255,124.79999999999995,parking,306.682559930116,117.45331371425242,0.0,0.0,0.0,4.0,4.0,6.944444444444444e-05,6.944444444444444e-05,"[[1857180.489291426, -340.5228786472149, 659.4284049558935, 1.871687708574985], [-340.52287864721524, 1826181.8393241952, -2.229485995236632, 654.3327118089722], [659.4284049558935, -2.229485995236632, 0.31676666666666653, 0.0], [1.871687708574985, 654.3327118089722, 0.0, 0.31676666666666653]]"
2026-07-15 04:58:44,59.10863412007936,20.851107238104255,124.79999999999995,parking,306.682559930116,117.45331371425242,0.0,0.0,0.0,4.0,4.0,6.944444444444444e-05,6.944444444444444e-05,"[[1857180.489291426, -340.5228786472149, 659.4284049558935, 1.871687708574985], [-340.52287864721524, 1826181.8393241952, -2.229485995236632, 654.3327118089722], [659.4284049558935, -2.229485995236632, 0.31676666666666653, 0.0], [1.871687708574985, 654.3327118089722, 0.0, 0.31676666666666653]]"
2026-07-15 05:08:44,59.10863412007936,20.851107238104255,124.79999999999995,parking,306.682559930116,117.45331371425242,0.0,0.0,0.0,4.0,4.0,6.944444444444444e-05,6.944444444444444e-05,"[[1857180.489291426, -340.5228786472149, 659.4284049558935, 1.871687708574985], [-340.52287864721524, 1826181.8393241952, -2.229485995236632, 654.3327118089722], [659.4284049558935, -2.229485995236632, 0.31676666666666653, 0.0], [1.871687708574985, 654.3327118089722, 0.0, 0.31676666666666653]]"
2026-07-15 05:18:44,59.10863412007936,20.851107238104255,124.79999999999995,parking,306.682559930116,117.45331371425242,0.0,0.0,0.0,4.0,4.0,6.944444444444444e-05,6.944444444444444e-05,"[[1857180.489291426, -340.5228786472149, 659.4284049558935, 1.871687708574985], [-340.52287864721524, 1826181.8393241952, -2.229485995236632, 654.3327118089722], [659.4284049558935, -2.229485995236632, 0.31676666666666653, 0.0], [1.871687708574985, 654.3327118089722, 0.0, 0.31676666666666653]]"
2026-07-15 05:28:44,59.10863412007936,20.851107238104255,124.79999999999995,parking,306.682559930116,117.45331371425242,0.0,0.0,0.0,4.0,4.0,6.944444444444444e-05,6.944444444444444e-05,"[[1857180.489291426, -340.5228786472149, 659.4284049558935, 1.871687708574985], [-340.52287864721524, 1826181.8393241952, -2.229485995236632, 654.3327118089722], [659.4284049558935, -2.229485995236632, 0.31676666666666653, 0.0], [1.871687708574985, 654.3327118089722, 0.0, 0.31676666666666653]]"
2026-07-15 05:38:44,59.10863412007936,20.851107238104255,124.79999999999995,parking,306.682559930116,117.45331371425242,0.0,0.0,0.0,4.0,4.0,6.944444444444444e-05,6.944444444444444e-05,"[[1857180.489291426, -340.5228786472149, 659.4284049558935, 1.871687708574985], [-340.52287864721524, 1826181.8393241952, -2.229485995236632, 654.3327118089722], [659.4284049558935, -2.229485995236632, 0.31676666666666653, 0.0], [1.871687708574985, 654.3327118089722, 0.0, 0.31676666666666653]]"
2026-07-15 05:48:44,59.10863412007936,20.851107238104255,124.79999999999995,parking,306.682559930116,117.45331371425242,0.0,0.0,0.0,4.0,4.0,6.944444444444444e-05,6.944444444444444e-05,"[[1857180.489291426, -340.5228786472149, 659.4284049558935, 1.871687708574985], [-340.52287864721524, 1826181.8393241952, -2.229485995236632, 654.3327118089722], [659.4284049558935, -2.229485995236632, 0.31676666666666653, 0.0], [1.871687708574985, 654.3327118089722, 0.0, 0.31676666666666653]]"
2026-07-15 05:58:44,59.10863412007936,20.851107238104255,124.79999999999995,parking,306.682559930116,117.45331371425242,0.0,0.0,0.0,4.0,4.0,6.944444444444444e-05,6.944444444444444e-05,"[[1857180.489291426, -340.5228786472149, 659.4284049558935, 1.871687708574985], [-340.52287864721524, 1826181.8393241952, -2.229485995236632, 654.3327118089722], [659.4284049558935, -2.229485995236632, 0.31676666666666653, 0.0], [1.871687708574985, 654.3327118089722, 0.0, 0.31676666666666653]]"
2026-07-15 06:08:44,59.10863412007936,20.851107238104255,124.79999999999995,parking,306.682559930116,117.45331371425242,0.0,0.0,0.0,4.0,4.0,6.944444444444444e-05,6.944444444444444e-05,"[[1857180.489291426, -340.5228786472149, 659.4284049558935, 1.871687708574985], [-340.52287864721524, 1826181.8393241952, -2.229485995236632, 654.3327118089722], [659.4284049558935, -2.229485995236632, 0.31676666666666653, 0.0], [1.871687708574985, 654.3327118089722, 0.0, 0.31676666666666653]]"
2026-07-15 06:18:44,59.10863412007936,20.851107238104255,124.79999999999995,parking,306.682559930116,117.45331371425242,0.0,0.0,0.0,4.0,4.0,6.944444444444444e-05,6.944444444444444e-05,"[[1857180.489291426, -340.5228786472149, 659.4284049558935, 1.871687708574985], [-340.52287864721524, 1826181.8393241952, -2.229485995236632, 654.3327118089722], [659.4284049558935, -2.229485995236632, 0.31676666666666653, 0.0], [1.871687708574985, 654.3327118089722, 0.0, 0.31676666666666653]]"
2026-07-15 06:28:44,59.10863412007936,20.851107238104255,124.79999999999995,parking,306.682559930116,117.45331371425242,0.0,0.0,0.0,4.0,4.0,6.944444444444444e-05,6.944444444444444e-05,"[[1857180.489291426, -340.5228786472149, 659.4284049558935, 1.871687708574985], [-340.52287864721524, 1826181.8393241952, -2.229485995236632, 654.3327118089722], [659.4284049558935, -2.229485995236632, 0.31676666666666653, 0.0], [1.871687708574985, 654.3327118089722, 0.0, 0.31676666666666653]]"
2026-07-15 06:38:44,59.10863412007936,20.851107238104255,124.79999999999995,parking,306.682559930116,117.45331371425242,0.0,0.0,0.0,4.0,4.0,6.944444444444444e-05,6.944444444444444e-05,"[[1857180.489291426, -340.5228786472149, 659.4284049558935, 1.871687708574985], [-340.52287864721524, 1826181.8393241952, -2.229485995236632, 654.3327118089722], [659.4284049558935, -2.229485995236632, 0.31676666666666653, 0.0], [1.871687708574985, 654.3327118089722, 0.0, 0.31676666666666653]]"
2026-07-15 06:48:44,59.10863412007936,20.851107238104255,124.79999999999995,parking,306.682559930116,117.45331371425242,0.0,0.0,0.0,4.0,4.0,6.944444444444444e-05,6.944444444444444e-05,"[[1857180.489291426, -340.5228786472149, 659.4284049558935, 1.871687708574985], [-340.52287864721524, 1826181.8393241952, -2.229485995236632, 654.3327118089722], [659.4284049558935, -2.229485995236632, 0.31676666666666653, 0.0], [1.871687708574985, 654.3327118089722, 0.0, 0.31676666666666653]]"
2026-07-15 06:58:44,59.10863412007936,20.851107238104255,124.79999999999995,parking,306.682559930116,117.45331371425242,0.0,0.0,0.0,4.0,4.0,6.944444444444444e-05,6.944444444444444e-05,"[[1857180.489291426, -340.5228786472149, 659.4284049558935, 1.871687708574985], [-340.52287864721524, 1826181.8393241952, -2.229485995236632, 654.3327118089722], [659.4284049558935, -2.229485995236632, 0.31676666666666653, 0.0], [1.871687708574985, 654.3327118089722, 0.0, 0.31676666666666653]]"
2026-07-15 07:08:44,59.10863412007936,20.851107238104255,124.79999999999995,parking,306.682559930116,117.45331371425242,0.0,0.0,0.0,4.0,4.0,6.944444444444444e-05,6.944444444444444e-05,"[[1857180.489291426, -340.5228786472149, 659.4284049558935, 1.871687708574985], [-340.52287864721524, 1826181.8393241952, -2.229485995236632, 654.3327118089722], [659.4284049558935, -2.229485995236632, 0.31676666666666653, 0.0], [1.871687708574985, 654.3327118089722, 0.0, 0.31676666666666653]]"
2026-07-15 07:18:44,59.10863412007936,20.851107238104255,124.79999999999995,parking,306.682559930116,117.45331371425242,0.0,0.0,0.0,4.0,4.0,6.944444444444444e-05,6.944444444444444e-05,"[[1857180.489291426, -340.5228786472149, 659.4284049558935, 1.871687708574985], [-340.52287864721524, 1826181.8393241952, -2.229485995236632, 654.3327118089722], [659.4284049558935, -2.229485995236632, 0.31676666666666653, 0.0], [1.871687708574985, 654.3327118089722, 0.0, 0.31676666666666653]]"
2026-07-15 07:28:44,59.10863412007936,20.851107238104255,124.79999999999995,parking,306.682559930116,117.45331371425242,0.0,0.0,0.0,4.0,4.0,6.944444444444444e-05,6.944444444444444e-05,"[[1857180.489291426, -340.5228786472149, 659.4284049558935, 1.871687708574985], [-340.52287864721524, 1826181.8393241952, -2.229485995236632, 654.3327118089722], [659.4284049558935, -2.229485995236632, 0.31676666666666653, 0.0], [1.871687708574985, 654.3327118089722, 0.0, 0.31676666666666653]]"
2026-07-15 07:38:44,59.10863412007936,20.851107238104255,124.79999999999995,parking,306.682559930116,117.45331371425242,0.0,0.0,0.0,4.0,4.0,6.944444444444444e-05,6.944444444444444e-05,"[[1857180.489291426, -340.5228786472149, 659.4284049558935, 1.871687708574985], [-340.52287864721524, 1826181.8393241952, -2.229485995236632, 654.3327118089722], [659.4284049558935, -2.229485995236632, 0.31676666666666653, 0.0], [1.871687708574985, 654.3327118089722, 0.0, 0.31676666666666653]]"
2026-07-15 07:48:44,59.10863412007936,20.851107238104255,124.79999999999995,parking,306.682559930116,117.45331371425242,0.0,0.0,0.0,4.0,4.0,6.944444444444444e-05,6.944444444444444e-05,"[[1857180.489291426, -340.5228786472149, 659.4284049558935, 1.871687708574985], [-340.52287864721524, 1826181.8393241952, -2.229485995236632, 654.3327118089722], [659.4284049558935, -2.229485995236632, 0.31676666666666653, 0.0], [1.871687708574985, 654.3327118089722, 0.0, 0.31676666666666653]]"
2026-07-15 07:58:44,59.10863412007936,20.851107238104255,124.79999999999995,parking,306.682559930116,117.45331371425242,0.0,0.0,0.0,4.0,4.0,6.944444444444444e-05,6.944444444444444e-05,"[[1857180.489291426, -340.5228786472149, 659.4284049558935, 1.871687708574985], [-340.52287864721524, 1826181.8393241952, -2.229485995236632, 654.3327118089722], [659.4284049558935, -2.229485995236632, 0.31676666666666653, 0.0], [1.871687708574985, 654.3327118089722, 0.0, 0.31676666666666653]]"
2026-07-15 08:08:44,59.10863412007936,20.851107238104255,124.79999999999995,parking,306.682559930116,117.45331371425242,0.0,0.0,0.0,4.0,4.0,6.944444444444444e-05,6.944444444444444e-05,"[[1857180.489291426, -340.5228786472149, 659.4284049558935, 1.871687708574985], [-340.52287864721524, 1826181.8393241952, -2.229485995236632, 654.3327118089722], [659.4284049558935, -2.229485995236632, 0.31676666666666653, 0.0], [1.871687708574985, 654.3327118089722, 0.0, 0.31676666666666653]]"
2026-07-15 08:18:44,59.10863412007936,20.851107238104255,124.79999999999995,parking,306.682559930116,117.45331371425242,0.0,0.0,0.0,4.0,4.0,6.944444444444444e-05,6.944444444444444e-05,"[[1857180.489291426, -340.5228786472149, 659.4284049558935, 1.871687708574985], [-340.52287864721524, 1826181.8393241952, -2.229485995236632, 654.3327118089722], [659.4284049558935, -2.229485995236632, 0.31676666666666653, 0.0], [1.871687708574985, 654.3327118089722, 0.0, 0.31676666666666653]]"
2026-07-15 08:28:44,59.10863412007936,20.851107238104255,124.79999999999995,parking,306.682559930116,117.45331371425242,0.0,0.0,0.0,4.0,4.0,6.944444444444444e-05,6.944444444444444e-05,"[[1857180.489291426, -340.5228786472149, 659.4284049558935, 1.871687708574985], [-340.52287864721524, 1826181.8393241952, -2.229485995236632, 654.3327118089722], [659.4284049558935, -2.229485995236632, 0.31676666666666653, 0.0], [1.871687708574985, 654.3327118089722, 0.0, 0.31676666666666653]]"
2026-07-15 08:38:44,59.10863412007936,20.851107238104255,124.79999999999995,parking,306.682559930116,117.45331371425242,0.0,0.0,0.0,4.0,4.0,6.944444444444444e-05,6.944444444444444e-05,"[[1857180.489291426, -340.5228786472149, 659.4284049558935, 1.871687708574985], [-340.52287864721524, 1826181.8393241952, -2.229485995236632, 654.3327118089722], [659.4284049558935, -2.229485995236632, 0.31676666666666653, 0.0], [1.871687708574985, 654.3327118089722, 0.0, 0.31676666666666653]]"
2026-07-15 08:48:44,59.10863412007936,20.851107238104255,124.79999999999995,parking,306.682559930116,117.45331371425242,0.0,0.0,0.0,4.0,4.0,6.944444444444444e-05,6.944444444444444e-05,"[[1857180.489291426, -340.5228786472149, 659.4284049558935, 1.871687708574985], [-340.52287864721524, 1826181.8393241952, -2.229485995236632, 654.3327118089722], [659.4284049558935, -2.229485995236632, 0.31676666666666653, 0.0], [1.871687708574985, 654.3327118089722, 0.0, 0.31676666666666653]]"
2026-07-15 08:58:44,59.10863412007936,20.851107238104255,124.79999999999995,parking,306.682559930116,117.45331371425242,0.0,0.0,0.0,4.0,4.0,6.944444444444444e-05,6.944444444444444e-05,"[[1857180.489291426, -340.5228786472149, 659.4284049558935, 1.871687708574985], [-340.52287864721524, 1826181.8393241952, -2.229485995236632, 654.3327118089722], [659.4284049558935, -2.229485995236632, 0.31676666666666653, 0.0], [1.871687708574985, 654.3327118089722, 0.0, 0.31676666666666653]]"
2026-07-15 09:08:44,59.10863412007936,20.851107238104255,124.79999999999995,parking,306.682559930116,117.45331371425242,0.0,0.0,0.0,4.0,4.0,6.944444444444444e-05,6.944444444444444e-05,"[[1857180.489291426, -340.5228786472149, 659.4284049558935, 1.871687708574985], [-340.52287864721524, 1826181.8393241952, -2.229485995236632, 654.3327118089722], [659.4284049558935, -2.229485995236632, 0.31676666666666653, 0.0], [1.871687708574985, 654.3327118089722, 0.0, 0.31676666666666653]]"
2026-07-15 09:18:44,59.10863412007936,20.851107238104255,124.79999999999995,parking,306.682559930116,117.45331371425242,0.0,0.0,0.0,4.0,4.0,6.944444444444444e-05,6.944444444444444e-05,"[[1857180.489291426, -340.5228786472149, 659.4284049558935, 1.871687708574985], [-340.52287864721524, 1826181.8393241952, -2.229485995236632, 654.3327118089722], [659.4284049558935, -2.229485995236632, 0.31676666666666653, 0.0], [1.871687708574985, 654.3327118089722, 0.0, 0.31676666666666653]]"
2026-07-15 09:28:44,59.10863412007936,20.851107238104255,124.79999999999995,parking,306.682559930116,117.45331371425242,0.0,0.0,0.0,4.0,4.0,6.944444444444444e-05,6.944444444444444e-05,"[[1857180.489291426, -340.5228786472149, 659.4284049558935, 1.871687708574985], [-340.52287864721524, 1826181.8393241952, -2.229485995236632, 654.3327118089722], [659.4284049558935, -2.229485995236632, 0.31676666666666653, 0.0], [1.871687708574985, 654.3327118089722, 0.0, 0.31676666666666653]]"
2026-07-15 09:38:44,59.10863412007936,20.851107238104255,124.79999999999995,parking,306.682559930116,117.45331371425242,0.0,0.0,0.0,4.0,4.0,6.944444444444444e-05,6.944444444444444e-05,"[[1857180.489291426, -340.5228786472149, 659.4284049558935, 1.871687708574985], [-340.52287864721524, 1826181.8393241952, -2.229485995236632, 654.3327118089722], [659.4284049558935, -2.229485995236632, 0.31676666666666653, 0.0], [1.871687708574985, 654.3327118089722, 0.0, 0.31676666666666653]]"
2026-07-15 09:48:44,59.10863412007936,20.851107238104255,124.79999999999995,parking,306.682559930116,117.45331371425242,0.0,0.0,0.0,4.0,4.0,6.944444444444444e-05,6.944444444444444e-05,"[[1857180.489291426, -340.5228786472149, 659.4284049558935, 1.871687708574985], [-340.52287864721524, 1826181.8393241952, -2.229485995236632, 654.3327118089722], [659.4284049558935, -2.229485995236632, 0.31676666666666653, 0.0], [1.871687708574985, 654.3327118089722, 0.0, 0.31676666666666653]]"
2026-07-15 09:58:44,59.10863412007936,20.851107238104255,124.79999999999995,parking,306.682559930116,117.45331371425242,0.0,0.0,0.0,4.0,4.0,6.944444444444444e-05,6.944444444444444e-05,"[[1857180.489291426, -340.5228786472149, 659.4284049558935, 1.871687708574985], [-340.52287864721524, 1826181.8393241952, -2.229485995236632, 654.3327118089722], [659.4284049558935, -2.229485995236632, 0.31676666666666653, 0.0], [1.871687708574985, 654.3327118089722, 0.0, 0.31676666666666653]]"
2026-07-15 10:08:44,59.10863412007936,20.851107238104255,124.79999999999995,parking,306.682559930116,117.45331371425242,0.0,0.0,0.0,4.0,4.0,6.944444444444444e-05,6.944444444444444e-05,"[[1857180.489291426, -340.5228786472149, 659.4284049558935, 1.871687708574985], [-340.52287864721524, 1826181.8393241952, -2.229485995236632, 654.3327118089722], [659.4284049558935, -2.229485995236632, 0.31676666666666653, 0.0], [1.871687708574985, 654.3327118089722, 0.0, 0.31676666666666653]]"
2026-07-15 10:18:44,59.10863412007936,20.851107238104255,124.79999999999995,parking,306.682559930116,117.45331371425242,0.0,0.0,0.0,4.0,4.0,6.944444444444444e-05,6.944444444444444e-05,"[[1857180.489291426, -340.5228786472149, 659.4284049558935, 1.871687708574985], [-340.52287864721524, 1826181.8393241952, -2.229485995236632, 654.3327118089722], [659.4284049558935, -2.229485995236632, 0.31676666666666653, 0.0], [1.871687708574985, 654.3327118089722, 0.0, 0.31676666666666653]]"
2026-07-15 10:28:44,59.10863412007936,20.851107238104255,124.79999999999995,parking,306.682559930116,117.45331371425242,0.0,0.0,0.0,4.0,4.0,6.944444444444444e-05,6.944444444444444e-05,"[[1857180.489291426, -340.5228786472149, 659.4284049558935, 1.871687708574985], [-340.52287864721524, 1826181.8393241952, -2.229485995236632, 654.3327118089722], [659.4284049558935, -2.229485995236632, 0.31676666666666653, 0.0], [1.871687708574985, 654.3327118089722, 0.0, 0.31676666666666653]]"
2026-07-15 10:38:44,59.10863412007936,20.851107238104255,124.79999999999995,parking,306.682559930116,117.45331371425242,0.0,0.0,0.0,4.0,4.0,6.944444444444444e-05,6.944444444444444e-05,"[[1857180.489291426, -340.5228786472149, 659.4284049558935, 1.871687708574985], [-340.52287864721524, 1826181.8393241952, -2.229485995236632, 654.3327118089722], [659.4284049558935, -2.229485995236632, 0.31676666666666653, 0.0], [1.871687708574985, 654.3327118089722, 0.0, 0.31676666666666653]]"
2026-07-15 10:48:44,59.10863412007936,20.851107238104255,124.79999999999995,parking,306.682559930116,117.45331371425242,0.0,0.0,0.0,4.0,4.0,6.944444444444444e-05,6.944444444444444e-05,"[[1857180.489291426, -340.5228786472149, 659.4284049558935, 1.871687708574985], [-340.52287864721524, 1826181.8393241952, -2.229485995236632, 654.3327118089722], [659.4284049558935, -2.229485995236632, 0.31676666666666653, 0.0], [1.871687708574985, 654.3327118089722, 0.0, 0.31676666666666653]]"
2026-07-15 10:58:44,59.10863412007936,20.851107238104255,124.79999999999995,parking,306.682559930116,117.45331371425242,0.0,0.0,0.0,4.0,4.0,6.944444444444444e-05,6.944444444444444e-05,"[[1857180.489291426, -340.5228786472149, 659.4284049558935, 1.871687708574985], [-340.52287864721524, 1826181.8393241952, -2.229485995236632, 654.3327118089722], [659.4284049558935, -2.229485995236632, 0.31676666666666653, 0.0], [1.871687708574985, 654.3327118089722, 0.0, 0.31676666666666653]]"
2026-07-15 11:08:44,59.10863412007936,20.851107238104255,124.79999999999995,parking,306.682559930116,117.45331371425242,0.0,0.0,0.0,4.0,4.0,6.944444444444444e-05,6.944444444444444e-05,"[[1857180.489291426, -340.5228786472149, 659.4284049558935, 1.871687708574985], [-340.52287864721524, 1826181.8393241952, -2.229485995236632, 654.3327118089722], [659.4284049558935, -2.229485995236632, 0.31676666666666653, 0.0], [1.871687708574985, 654.3327118089722, 0.0, 0.31676666666666653]]"
2026-07-15 11:18:44,59.10863412007936,20.851107238104255,124.79999999999995,parking,306.682559930116,117.45331371425242,0.0,0.0,0.0,4.0,4.0,6.944444444444444e-05,6.944444444444444e-05,"[[1857180.489291426, -340.5228786472149, 659.4284049558935, 1.871687708574985], [-340.52287864721524, 1826181.8393241952, -2.229485995236632, 654.3327118089722], [659.4284049558935, -2.229485995236632, 0.31676666666666653, 0.0], [1.871687708574985, 654.3327118089722, 0.0, 0.31676666666666653]]"
2026-07-15 11:28:44,59.10863412007936,20.851107238104255,124.79999999999995,parking,306.682559930116,117.45331371425242,0.0,0.0,0.0,4.0,4.0,6.944444444444444e-05,6.944444444444444e-05,"[[1857180.489291426, -340.5228786472149, 659.4284049558935, 1.871687708574985], [-340.52287864721524, 1826181.8393241952, -2.229485995236632, 654.3327118089722], [659.4284049558935, -2.229485995236632, 0.31676666666666653, 0.0], [1.871687708574985, 654.3327118089722, 0.0, 0.31676666666666653]]"
2026-07-15 11:38:44,59.10863412007936,20.851107238104255,124.79999999999995,parking,306.682559930116,117.45331371425242,0.0,0.0,0.0,4.0,4.0,6.944444444444444e-05,6.944444444444444e-05,"[[1857180.489291426, -340.5228786472149, 659.4284049558935, 1.871687708574985], [-340.52287864721524, 1826181.8393241952, -2.229485995236632, 654.3327118089722], [659.4284049558935, -2.229485995236632, 0.31676666666666653, 0.0], [1.871687708574985, 654.3327118089722, 0.0, 0.31676666666666653]]"
2026-07-15 11:48:44,59.10863412007936,20.851107238104255,124.79999999999995,parking,306.682559930116,117.45331371425242,0.0,0.0,0.0,4.0,4.0,6.944444444444444e-05,6.944444444444444e-05,"[[1857180.489291426, -340.5228786472149, 659.4284049558935, 1.871687708574985], [-340.52287864721524, 1826181.8393241952, -2.229485995236632, 654.3327118089722], [659.4284049558935, -2.229485995236632, 0.31676666666666653, 0.0], [1.871687708574985, 654.3327118089722, 0.0, 0.31676666666666653]]"
2026-07-15 11:58:44,59.10863412007936,20.851107238104255,124.79999999999995,parking,306.682559930116,117.45331371425242,0.0,0.0,0.0,4.0,4.0,6.944444444444444e-05,6.944444444444444e-05,"[[1857180.489291426, -340.5228786472149, 659.4284049558935, 1.871687708574985], [-340.52287864721524, 1826181.8393241952, -2.229485995236632, 654.3327118089722], [659.4284049558935, -2.229485995236632, 0.31676666666666653, 0.0], [1.871687708574985, 654.3327118089722, 0.0, 0.31676666666666653]]"
2026-07-15 12:08:44,59.10863412007936,20.851107238104255,124.79999999999995,parking,306.682559930116,117.45331371425242,0.0,0.0,0.0,4.0,4.0,6.944444444444444e-05,6.944444444444444e-05,"[[1857180.489291426, -340.5228786472149, 659.4284049558935, 1.871687708574985], [-340.52287864721524, 1826181.8393241952, -2.229485995236632, 654.3327118089722], [659.4284049558935, -2.229485995236632, 0.31676666666666653, 0.0], [1.871687708574985, 654.3327118089722, 0.0, 0.31676666666666653]]"
2026-07-15 12:18:44,59.10863412007936,20.851107238104255,124.79999999999995,parking,306.682559930116,117.45331371425242,0.0,0.0,0.0,4.0,4.0,6.944444444444444e-05,6.944444444444444e-05,"[[1857180.489291426, -340.5228786472149, 659.4284049558935, 1.871687708574985], [-340.52287864721524, 1826181.8393241952, -2.229485995236632, 654.3327118089722], [659.4284049558935, -2.229485995236632, 0.31676666666666653, 0.0], [1.871687708574985, 654.3327118089722, 0.0, 0.31676666666666653]]"
2026-07-15 12:28:44,59.10863412007936,20.851107238104255,124.79999999999995,parking,306.682559930116,117.45331371425242,0.0,0.0,0.0,4.0,4.0,6.944444444444444e-05,6.944444444444444e-05,"[[1857180.489291426, -340.5228786472149, 659.4284049558935, 1.871687708574985], [-340.52287864721524, 1826181.8393241952, -2.229485995236632, 654.3327118089722], [659.4284049558935, -2.229485995236632, 0.31676666666666653, 0.0], [1.871687708574985, 654.3327118089722, 0.0, 0.31676666666666653]]"
2026-07-15 12:38:44,59.10863412007936,20.851107238104255,124.79999999999995,parking,306.682559930116,117.45331371425242,0.0,0.0,0.0,4.0,4.0,6.944444444444444e-05,6.944444444444444e-05,"[[1857180.489291426, -340.5228786472149, 659.4284049558935, 1.871687708574985], [-340.52287864721524, 1826181.8393241952, -2.229485995236632, 654.3327118089722], [659.4284049558935, -2.229485995236632, 0.31676666666666653, 0.0], [1.871687708574985, 654.3327118089722, 0.0, 0.31676666666666653]]"
2026-07-15 12:48:44,59.10863412007936,20.851107238104255,124.79999999999995,parking,306.682559930116,117.45331371425242,0.0,0.0,0.0,4.0,4.0,6.944444444444444e-05,6.944444444444444e-05,"[[1857180.489291426, -340.5228786472149, 659.4284049558935, 1.871687708574985], [-340.52287864721524, 1826181.8393241952, -2.229485995236632, 654.3327118089722], [659.4284049558935, -2.229485995236632, 0.31676666666666653, 0.0], [1.871687708574985, 654.3327118089722, 0.0, 0.31676666666666653]]"
2026-07-15 12:58:44,59.10863412007936,20.851107238104255,124.79999999999995,parking,306.682559930116,117.45331371425242,0.0,0.0,0.0,4.0,4.0,6.944444444444444e-05,6.944444444444444e-05,"[[1857180.489291426, -340.5228786472149, 659.4284049558935, 1.871687708574985], [-340.52287864721524, 1826181.8393241952, -2.229485995236632, 654.3327118089722], [659.4284049558935, -2.229485995236632, 0.31676666666666653, 0.0], [1.871687708574985, 654.3327118089722, 0.0, 0.31676666666666653]]"
2026-07-15 13:08:44,59.10863412007936,20.851107238104255,124.79999999999995,parking,306.682559930116,117.45331371425242,0.0,0.0,0.0,4.0,4.0,6.944444444444444e-05,6.944444444444444e-05,"[[1857180.489291426, -340.5228786472149, 659.4284049558935, 1.871687708574985], [-340.52287864721524, 1826181.8393241952, -2.229485995236632, 654.3327118089722], [659.4284049558935, -2.229485995236632, 0.31676666666666653, 0.0], [1.871687708574985, 654.3327118089722, 0.0, 0.31676666666666653]]"
2026-07-15 13:18:44,59.10863412007936,20.851107238104255,124.79999999999995,parking,306.682559930116,117.45331371425242,0.0,0.0,0.0,4.0,4.0,6.944444444444444e-05,6.944444444444444e-05,"[[1857180.489291426, -340.5228786472149, 659.4284049558935, 1.871687708574985], [-340.52287864721524, 1826181.8393241952, -2.229485995236632, 654.3327118089722], [659.4284049558935, -2.229485995236632, 0.31676666666666653, 0.0], [1.871687708574985, 654.3327118089722, 0.0, 0.31676666666666653]]"
2026-07-15 13:28:44,59.10863412007936,20.851107238104255,124.79999999999995,parking,306.682559930116,117.45331371425242,0.0,0.0,0.0,4.0,4.0,6.944444444444444e-05,6.944444444444444e-05,"[[1857180.489291426, -340.5228786472149, 659.4284049558935, 1.871687708574985], [-340.52287864721524, 1826181.8393241952, -2.229485995236632, 654.3327118089722], [659.4284049558935, -2.229485995236632, 0.31676666666666653, 0.0], [1.871687708574985, 654.3327118089722, 0.0, 0.31676666666666653]]"
2026-07-15 13:38:44,59.10863412007936,20.851107238104255,124.79999999999995,parking,306.682559930116,117.45331371425242,0.0,0.0,0.0,4.0,4.0,6.944444444444444e-05,6.944444444444444e-05,"[[1857180.489291426, -340.5228786472149, 659.4284049558935, 1.871687708574985], [-340.52287864721524, 1826181.8393241952, -2.229485995236632, 654.3327118089722], [659.4284049558935, -2.229485995236632, 0.31676666666666653, 0.0], [1.871687708574985, 654.3327118089722, 0.0, 0.31676666666666653]]"
2026-07-15 13:48:44,59.10863412007936,20.851107238104255,124.79999999999995,parking,306.682559930116,117.45331371425242,0.0,0.0,0.0,4.0,4.0,6.944444444444444e-05,6.944444444444444e-05,"[[1857180.489291426, -340.5228786472149, 659.4284049558935, 1.871687708574985], [-340.52287864721524, 1826181.8393241952, -2.229485995236632, 654.3327118089722], [659.4284049558935, -2.229485995236632, 0.31676666666666653, 0.0], [1.871687708574985, 654.3327118089722, 0.0, 0.31676666666666653]]"
2026-07-15 13:58:44,59.10863412007936,20.851107238104255,124.79999999999995,parking,306.682559930116,117.45331371425242,0.0,0.0,0.0,4.0,4.0,6.944444444444444e-05,6.944444444444444e-05,"[[1857180.489291426, -340.5228786472149, 659.4284049558935, 1.871687708574985], [-340.52287864721524, 1826181.8393241952, -2.229485995236632, 654.3327118089722], [659.4284049558935, -2.229485995236632, 0.31676666666666653, 0.0], [1.871687708574985, 654.3327118089722, 0.0, 0.31676666666666653]]"
2026-07-15 14:08:44,59.10863412007936,20.851107238104255,124.79999999999995,parking,306.682559930116,117.45331371425242,0.0,0.0,0.0,4.0,4.0,6.944444444444444e-05,6.944444444444444e-05,"[[1857180.489291426, -340.5228786472149, 659.4284049558935, 1.871687708574985], [-340.52287864721524, 1826181.8393241952, -2.229485995236632, 654.3327118089722], [659.4284049558935, -2.229485995236632, 0.31676666666666653, 0.0], [1.871687708574985, 654.3327118089722, 0.0, 0.31676666666666653]]"
2026-07-15 14:18:44,59.10863412007936,20.851107238104255,124.79999999999995,parking,306.682559930116,117.45331371425242,0.0,0.0,0.0,4.0,4.0,6.944444444444444e-05,6.944444444444444e-05,"[[1857180.489291426, -340.5228786472149, 659.4284049558935, 1.871687708574985], [-340.52287864721524, 1826181.8393241952, -2.229485995236632, 654.3327118089722], [659.4284049558935, -2.229485995236632, 0.31676666666666653, 0.0], [1.871687708574985, 654.3327118089722, 0.0, 0.31676666666666653]]"
2026-07-15 14:28:44,59.10863412007936,20.851107238104255,124.79999999999995,parking,306.682559930116,117.45331371425242,0.0,0.0,0.0,4.0,4.0,6.944444444444444e-05,6.944444444444444e-05,"[[1857180.489291426, -340.5228786472149, 659.4284049558935, 1.871687708574985], [-340.52287864721524, 1826181.8393241952, -2.229485995236632, 654.3327118089722], [659.4284049558935, -2.229485995236632, 0.31676666666666653, 0.0], [1.871687708574985, 654.3327118089722, 0.0, 0.31676666666666653]]"
2026-07-15 14:38:44,59.10863412007936,20.851107238104255,124.79999999999995,parking,306.682559930116,117.45331371425242,0.0,0.0,0.0,4.0,4.0,6.944444444444444e-05,6.944444444444444e-05,"[[1857180.489291426, -340.5228786472149, 659.4284049558935, 1.871687708574985], [-340.52287864721524, 1826181.8393241952, -2.229485995236632, 654.3327118089722], [659.4284049558935, -2.229485995236632, 0.31676666666666653, 0.0], [1.871687708574985, 654.3327118089722, 0.0, 0.31676666666666653]]"
2026-07-15 14:48:44,59.10863412007936,20.851107238104255,124.79999999999995,parking,306.682559930116,117.45331371425242,0.0,0.0,0.0,4.0,4.0,6.944444444444444e-05,6.944444444444444e-05,"[[1857180.489291426, -340.5228786472149, 659.4284049558935, 1.871687708574985], [-340.52287864721524, 1826181.8393241952, -2.229485995236632, 654.3327118089722], [659.4284049558935, -2.229485995236632, 0.31676666666666653, 0.0], [1.871687708574985, 654.3327118089722, 0.0, 0.31676666666666653]]"
2026-07-15 14:58:44,59.10863412007936,20.851107238104255,124.79999999999995,parking,306.682559930116,117.45331371425242,0.0,0.0,0.0,4.0,4.0,6.944444444444444e-05,6.944444444444444e-05,"[[1857180.489291426, -340.5228786472149, 659.4284049558935, 1.871687708574985], [-340.52287864721524, 1826181.8393241952, -2.229485995236632, 654.3327118089722], [659.4284049558935, -2.229485995236632, 0.31676666666666653, 0.0], [1.871687708574985, 654.3327118089722, 0.0, 0.31676666666666653]]"
2026-07-15 15:08:44,59.10863412007936,20.851107238104255,124.79999999999995,parking,306.682559930116,117.45331371425242,0.0,0.0,0.0,4.0,4.0,6.944444444444444e-05,6.944444444444444e-05,"[[1857180.489291426, -340.5228786472149, 659.4284049558935, 1.871687708574985], [-340.52287864721524, 1826181.8393241952, -2.229485995236632, 654.3327118089722], [659.4284049558935, -2.229485995236632, 0.31676666666666653, 0.0], [1.871687708574985, 654.3327118089722, 0.0, 0.31676666666666653]]"
2026-07-15 15:18:44,59.10863412007936,20.851107238104255,124.79999999999995,parking,306.682559930116,117.45331371425242,0.0,0.0,0.0,4.0,4.0,6.944444444444444e-05,6.944444444444444e-05,"[[1857180.489291426, -340.5228786472149, 659.4284049558935, 1.871687708574985], [-340.52287864721524, 1826181.8393241952, -2.229485995236632, 654.3327118089722], [659.4284049558935, -2.229485995236632, 0.31676666666666653, 0.0], [1.871687708574985, 654.3327118089722, 0.0, 0.31676666666666653]]"
2026-07-15 15:28:44,59.10863412007936,20.851107238104255,124.79999999999995,parking,306.682559930116,117.45331371425242,0.0,0.0,0.0,4.0,4.0,6.944444444444444e-05,6.944444444444444e-05,"[[1857180.489291426, -340.5228786472149, 659.4284049558935, 1.871687708574985], [-340.52287864721524, 1826181.8393241952, -2.229485995236632, 654.3327118089722], [659.4284049558935, -2.229485995236632, 0.31676666666666653, 0.0], [1.871687708574985, 654.3327118089722, 0.0, 0.31676666666666653]]"
2026-07-15 15:38:44,59.10863412007936,20.851107238104255,124.79999999999995,parking,306.682559930116,117.45331371425242,0.0,0.0,0.0,4.0,4.0,6.944444444444444e-05,6.944444444444444e-05,"[[1857180.489291426, -340.5228786472149, 659.4284049558935, 1.871687708574985], [-340.52287864721524, 1826181.8393241952, -2.229485995236632, 654.3327118089722], [659.4284049558935, -2.229485995236632, 0.31676666666666653, 0.0], [1.871687708574985, 654.3327118089722, 0.0, 0.31676666666666653]]"
2026-07-15 15:48:44,59.10863412007936,20.851107238104255,124.79999999999995,parking,306.682559930116,117.45331371425242,0.0,0.0,0.0,4.0,4.0,6.944444444444444e-05,6.944444444444444e-05,"[[1857180.489291426, -340.5228786472149, 659.4284049558935, 1.871687708574985], [-340.52287864721524, 1826181.8393241952, -2.229485995236632, 654.3327118089722], [659.4284049558935, -2.229485995236632, 0.31676666666666653, 0.0], [1.871687708574985, 654.3327118089722, 0.0, 0.31676666666666653]]"
2026-07-15 15:58:44,59.10863412007936,20.851107238104255,124.79999999999995,parking,306.682559930116,117.45331371425242,0.0,0.0,0.0,4.0,4.0,6.944444444444444e-05,6.944444444444444e-05,"[[1857180.489291426, -340.5228786472149, 659.4284049558935, 1.871687708574985], [-340.52287864721524, 1826181.8393241952, -2.229485995236632, 654.3327118089722], [659.4284049558935, -2.229485995236632, 0.31676666666666653, 0.0], [1.871687708574985, 654.3327118089722, 0.0, 0.31676666666666653]]"
2026-07-15 16:08:44,59.10863412007936,20.851107238104255,124.79999999999995,parking,306.682559930116,117.45331371425242,0.0,0.0,0.0,4.0,4.0,6.944444444444444e-05,6.944444444444444e-05,"[[1857180.489291426, -340.5228786472149, 659.4284049558935, 1.871687708574985], [-340.52287864721524, 1826181.8393241952, -2.229485995236632, 654.3327118089722], [659.4284049558935, -2.229485995236632, 0.31676666666666653, 0.0], [1.871687708574985, 654.3327118089722, 0.0, 0.31676666666666653]]"
2026-07-15 16:18:44,59.10863412007936,20.851107238104255,124.79999999999995,parking,306.682559930116,117.45331371425242,0.0,0.0,0.0,4.0,4.0,6.944444444444444e-05,6.944444444444444e-05,"[[1857180.489291426, -340.5228786472149, 659.4284049558935, 1.871687708574985], [-340.52287864721524, 1826181.8393241952, -2.229485995236632, 654.3327118089722], [659.4284049558935, -2.229485995236632, 0.31676666666666653, 0.0], [1.871687708574985, 654.3327118089722, 0.0, 0.31676666666666653]]"
2026-07-15 16:28:44,59.10863412007936,20.851107238104255,124.79999999999995,parking,306.682559930116,117.45331371425242,0.0,0.0,0.0,4.0,4.0,6.944444444444444e-05,6.944444444444444e-05,"[[1857180.489291426, -340.5228786472149, 659.4284049558935, 1.871687708574985], [-340.52287864721524, 1826181.8393241952, -2.229485995236632, 654.3327118089722], [659.4284049558935, -2.229485995236632, 0.31676666666666653, 0.0], [1.871687708574985, 654.3327118089722, 0.0, 0.31676666666666653]]"
2026-07-15 16:38:44,59.10863412007936,20.851107238104255,124.79999999999995,parking,306.682559930116,117.45331371425242,0.0,0.0,0.0,4.0,4.0,6.944444444444444e-05,6.944444444444444e-05,"[[1857180.489291426, -340.5228786472149, 659.4284049558935, 1.871687708574985], [-340.52287864721524, 1826181.8393241952, -2.229485995236632, 654.3327118089722], [659.4284049558935, -2.229485995236632, 0.31676666666666653, 0.0], [1.871687708574985, 654.3327118089722, 0.0, 0.31676666666666653]]"
2026-07-15 16:48:44,59.10863412007936,20.851107238104255,124.79999999999995,parking,306.682559930116,117.45331371425242,0.0,0.0,0.0,4.0,4.0,6.944444444444444e-05,6.944444444444444e-05,"[[1857180.489291426, -340.5228786472149, 659.4284049558935, 1.871687708574985], [-340.52287864721524, 1826181.8393241952, -2.229485995236632, 654.3327118089722], [659.4284049558935, -2.229485995236632, 0.31676666666666653, 0.0], [1.871687708574985, 654.3327118089722, 0.0, 0.31676666666666653]]"
2026-07-15 16:58:44,59.10863412007936,20.851107238104255,124.79999999999995,parking,306.682559930116,117.45331371425242,0.0,0.0,0.0,4.0,4.0,6.944444444444444e-05,6.944444444444444e-05,"[[1857180.489291426, -340.5228786472149, 659.4284049558935, 1.871687708574985], [-340.52287864721524, 1826181.8393241952, -2.229485995236632, 654.3327118089722], [659.4284049558935, -2.229485995236632, 0.31676666666666653, 0.0], [1.871687708574985, 654.3327118089722, 0.0, 0.31676666666666653]]"
2026-07-15 17:08:44,59.10863412007936,20.851107238104255,124.79999999999995,parking,306.682559930116,117.45331371425242,0.0,0.0,0.0,4.0,4.0,6.944444444444444e-05,6.944444444444444e-05,"[[1857180.489291426, -340.5228786472149, 659.4284049558935, 1.871687708574985], [-340.52287864721524, 1826181.8393241952, -2.229485995236632, 654.3327118089722], [659.4284049558935, -2.229485995236632, 0.31676666666666653, 0.0], [1.871687708574985, 654.3327118089722, 0.0, 0.31676666666666653]]"
2026-07-15 17:09:44,59.10863412007936,20.851107238104255,120.94437898514953,ascending,306.682559930116,117.45331371425242,0.0,0.0,0.0,4.0,4.0,6.944444444444444e-05,6.944444444444444e-05,"[[1937692.2578861332, -361.9907758469137, 678.4344049558935, 1.871687708574985], [-361.99077584691406, 1906082.1247412718, -2.229485995236632, 673.3387118089722], [678.4344049558935, -2.229485995236632, 0.3209333333333332, 0.0], [1.871687708574985, 673.3387118089722, 0.0, 0.3209333333333332]]"
2026-07-15 17:10:44,59.10863412007936,20.851107238104255,117.0887579702991,ascending,306.682559930116,117.45331371425242,0.0,0.0,0.0,4.0,4.0,6.944444444444444e-05,6.944444444444444e-05,"[[2020499.7464808405, -383.45867304661255, 697.6904049558934, 1.871687708574985], [-383.4586730466129, 1988278.1301583485, -2.229485995236632, 692.5947118089722], [697.6904049558934, -2.229485995236632, 0.32509999999999983, 0.0], [1.871687708574985, 692.5947118089722, 0.0, 0.32509999999999983]]"
2026-07-15 17:11:44,59.10863412007936,20.851107238104255,113.23313695544867,ascending,306.682559930116,117.45331371425242,0.0,0.0,0.0,4.0,4.0,6.944444444444444e-05,6.944444444444444e-05,"[[2105632.955075548, -404.9265702463113, 717.1964049558934, 1.871687708574985], [-404.9265702463117, 2072799.855575425, -2.229485995236632, 712.1007118089722], [717.1964049558934, -2.229485995236632, 0.3292666666666665, 0.0], [1.871687708574985, 712.1007118089722, 0.0, 0.3292666666666665]]"
2026-07-15 17:12:44,59.10863412007936,20.851107238104255,109.37751594059824,ascending,306.682559930116,117.45331371425242,0.0,0.0,0.0,4.0,4.0,6.944444444444444e-05,6.944444444444444e-05,"[[2193121.883670255, -426.3944674460101, 736.9524049558934, 1.871687708574985], [-426.39446744601054, 2159677.300992502, -2.229485995236632, 731.8567118089721], [736.9524049558934, -2.229485995236632, 0.33343333333333314, 0.0], [1.871687708574985, 731.8567118089721, 0.0, 0.33343333333333314]]"
2026-07-15 17:13:44,59.10863412007936,20.851107238104255,105.52189492574782,ascending,306.682559930116,117.45331371425242,0.0,0.0,0.0,4.0,4.0,6.944444444444444e-05,6.944444444444444e-05,"[[2282996.5322649623, -447.86236464570885, 756.9584049558933, 1.871687708574985], [-447.86236464570936, 2248940.4664095785, -2.229485995236632, 751.8627118089721], [756.9584049558933, -2.229485995236632, 0.3375999999999998, 0.0], [1.871687708574985, 751.8627118089721, 0.0, 0.3375999999999998]]"
2026-07-15 17:14:44,59.10863412007936,20.851107238104255,101.66627391089739,ascending,306.682559930116,117.45331371425242,0.0,0.0,0.0,4.0,4.0,6.944444444444444e-05,6.944444444444444e-05,"[[2367397.8159330003, -1434.0373303877263, 775.9333892589441, 0.5938549980865452], [-1434.0373303877268, 2348735.6897394406, -1.2787643774944184, 773.4495078513381], [775.9333892589441, -1.2787643774944184, 0.34176666666666644, 0.0], [0.5938549980865452, 773.4495078513381, 0.0, 0.34176666666666644]]"
2026-07-15 17:15:44,59.10863412007936,20.851107238104255,97.81065289604696,ascending,306.682559930116,117.45331371425242,0.0,0.0,0.0,4.0,4.0,6.944444444444444e-05,6.944444444444444e-05,"[[2452671.1903891126, -2705.388118101744, 794.9419724817561, -0.894851961709863], [-2705.388118101744, 2451628.4637148194, -0.1911295914562959, 795.3449430503523], [794.9419724817561, -0.1911295914562959, 0.3459333333333331, 0.0], [-0.894851961709863, 795.3449430503523, 0.0, 0.3459333333333331]]"
2026-07-15 17:16:44,59.10863412007936,20.851107238104255,93.95503188119653,ascending,306.682559930116,117.45331371425242,0.0,0.0,0.0,4.0,4.0,6.944444444444444e-05,6.944444444444444e-05,"[[2538739.1417258675, -4293.048866634084, 813.974409635423, -2.6038788203669596], [-4293.048866634084, 2557677.37298423, 1.039219681156766, 817.550116533224], [813.974409635423, 1.039219681156766, 0.35009999999999974, 0.0], [-2.6038788203669596, 817.550116533224, 0.0, 0.35009999999999974]]"
2026-07-15 17:17:44,59.108616914903216,20.851149734250345,90.0994108663461,ascending,309.10443588954985,115.54353916172776,0.0,0.0,0.0,4.0,4.0,6.944444444444444e-05,6.944444444444444e-05,"[[2639181.3382051205, -5001.618359921165, 835.1801205070761, -2.317010436641827], [-5001.618359921165, 2656763.2855776157, 0.5577365448611059, 838.4750716706187], [835.1801205070761, 0.5577365448611059, 0.3542666666666664, 0.0], [-2.317010436641827, 838.4750716706187, 0.0, 0.3542666666666664]]"
2026-07-15 17:18:44,59.10860068817814,20.851189702808608,86.24378985149568,ascending,311.38226339387194,113.74237267930334,0.0,0.0,0.0,4.0,4.0,6.944444444444444e-05,6.944444444444444e-05,"[[2742225.954121724, -5949.767088721432, 856.6397851421359, -2.0447461361059585], [-5949.767088721432, 2757252.001732424, 0.02246733056671442, 859.4767818668362], [856.6397851421359, 0.02246733056671442, 0.35843333333333305, 0.0], [-2.0447461361059585, 859.4767818668362, 0.0, 0.35843333333333305]]"
2026-07-15 17:19:44,59.108585445894725,20.851227146479015,82.38816883664525,ascending,313.51619631566376,112.05047921951905,0.0,0.0,0.0,4.0,4.0,6.944444444444444e-05,6.944444444444444e-05,"[[2847904.469651001, -7157.301023750004, 878.3534696309403, -1.788099559268431], [-7157.301023750004, 2859070.9977738373, -0.5685124594211786, 880.5467812385607], [878.3534696309403, -0.5685124594211786, 0.3625999999999997, 0.0], [-1.788099559268431, 880.5467812385607, 0.0, 0.3625999999999997]]"
2026-07-15 17:20:44,59.10856978069723,20.85125969425422,78.53254782179482,ascending,315.3711097973709,110.31164229753439,0.0,0.0,0.0,4.0,4.0,6.944444444444444e-05,6.944444444444444e-05,"[[2956119.1267551132, -8362.725796010413, 900.3017035725641, -1.5282238606316287], [-8362.725796010413, 2962524.6202189084, -1.1516181282599238, 901.7340364089383], [900.3017035725641, -1.1516181282599238, 0.36676666666666635, 0.0], [-1.5282238606316287, 901.7340364089383, 0.0, 0.36676666666666635]]"
2026-07-15 17:21:44,59.10855156706574,20.851283756868625,74.6769268069444,ascending,316.7424498531046,108.28992920187562,0.0,0.0,0.0,4.0,4.0,6.944444444444444e-05,6.944444444444444e-05,"[[3066687.539873837, -9120.193930503037, 922.4534265596318, -1.2346707591847994], [-9120.193930503037, 3068160.780988864, -1.6243030716946307, 923.1215674764466], [922.4534265596318, -1.6243030716946307, 0.370933333333333, 0.0], [-1.2346707591847994, 923.1215674764466, 0.0, 0.370933333333333]]"
2026-07-15 17:22:44,59.10853081415003,20.851299323546534,70.82130579209397,ascending,317.6296023708755,105.98635555872693,0.0,0.0,0.0,4.0,4.0,6.944444444444444e-05,6.944444444444444e-05,"[[3179610.7755979826, -9385.604369409642, 944.8062933402964, -0.9064461411298389], [-9385.604369409644, 3175982.6688371957, -1.9805561046534315, 944.7075836816775], [944.8062933402964, -1.9805561046534315, 0.37509999999999966, 0.0], [-0.9064461411298389, 944.7075836816775, 0.0, 0.37509999999999966]]"
2026-07-15 17:23:44,59.10851105004099,20.851328106724353,66.96568477724354,ascending,319.2699696230731,103.79253945458585,0.0,0.0,0.0,4.0,4.0,6.944444444444444e-05,6.944444444444444e-05,"[[3294305.2169693545, -9564.297892447723, 967.2726130897667, -0.7440122303147014], [-9564.297892447723, 3286624.7703318084, -2.144930260450377, 966.582801998178], [967.2726130897667, -2.144930260450377, 0.3792666666666663, 0.0], [-0.7440122303147014, 966.582801998178, 0.0, 0.3792666666666663]]"
2026-07-15 17:24:44,59.10849311698382,20.85137529179617,63.11006376239311,ascending,321.95906973205047,101.8019701098466,0.0,0.0,0.0,4.0,4.0,6.944444444444444e-05,6.944444444444444e-05,"[[3410572.2373131807, -9756.728785454588, 989.824979148639, -0.804504310159281], [-9756.728785454588, 3400302.615688597, -2.090876785786825, 988.7726841220725], [989.824979148639, -2.090876785786825, 0.38343333333333296, 0.0], [-0.804504310159281, 988.7726841220725, 0.0, 0.38343333333333296]]"
2026-07-15 17:25:44,59.108484798074464,20.851441625847055,59.25444274754268,ascending,325.7394794376755,100.8785711709346,0.0,0.0,0.0,4.0,4.0,6.944444444444444e-05,6.944444444444444e-05,"[[3529487.6951957014, -9727.79769777453, 1012.6191858085829, -0.9592514303120957], [-9727.797697774531, 3517329.3898372822, -1.8794134151450568, 1011.3150774513905], [1012.6191858085829, -1.8794134151450568, 0.3875999999999996, 0.0], [-0.9592514303120957, 1011.3150774513905, 0.0, 0.3875999999999996]]"
2026-07-15 17:26:44,59.1084931229765,20.851527795590716,55.398821732692255,ascending,330.6503348871889,101.8026352966817,0.0,0.0,0.0,4.0,4.0,6.944444444444444e-05,6.944444444444444e-05,"[[3652151.4425446754, -9239.24744186262, 1035.806540229435, -1.0836319695783663], [-9239.24744186262, 3638024.248302222, -1.56989261068748, 1034.2467249466965], [1035.806540229435, -1.56989261068748, 0.39176666666666626, 0.0], [-1.0836319695783663, 1034.2467249466965, 0.0, 0.39176666666666626]]"
2026-07-15 17:27:44,59.1085121478462,20.851627318147894,51.54320071784183,ascending,336.32217364972536,103.91439583308501,0.0,0.0,0.0,4.0,4.0,6.944444444444444e-05,6.944444444444444e-05,"[[3778420.8240296068, -8548.85743096383, 1059.357351356608, -1.1967340943069575], [-8548.85743096383, 3762077.825162017, -1.2203378488572443, 1057.5146660985133], [1059.357351356608, -1.2203378488572443, 0.3959333333333329, 0.0], [-1.1967340943069575, 1057.5146660985133, 0.0, 0.3959333333333329]]"
2026-07-15 17:28:44,59.10853660772604,20.851734451891993,47.6875797029914,ascending,342.42777764332146,106.62944249557675,0.0,0.0,0.0,4.0,4.0,6.944444444444444e-05,6.944444444444444e-05,"[[3908157.335530351, -7913.078974386859, 1083.2439396349753, -1.3168028016440911], [-7913.078974386858, 3889185.013030702, -0.8854200979043325, 1081.0691807793517], [1083.2439396349753, -0.8854200979043325, 0.40009999999999957, 0.0], [-1.3168028016440911, 1081.0691807793517, 0.0, 0.40009999999999957]]"
2026-07-15 17:29:44,59.10856400761962,20.85184745485883,43.83195868814097,ascending,348.86787148514907,109.67083068279578,0.0,0.0,0.0,4.0,4.0,6.944444444444444e-05,6.944444444444444e-05,"[[4041288.53026664, -7303.674452813145, 1107.4489804704644, -1.4619541433762282], [-7303.674452813145, 4019232.206278852, -0.5386513387336677, 1104.8892698758289], [1107.4489804704644, -0.5386513387336677, 0.4042666666666662, 0.0], [-1.4619541433762282, 1104.8892698758289, 0.0, 0.4042666666666662]]"
2026-07-15 17:30:44,59.108593499466224,20.851965409946764,39.976337673290544,ascending,355.59018910802223,112.94442565632913,0.0,0.0,0.0,4.0,4.0,6.944444444444444e-05,6.944444444444444e-05,"[[4177666.3291819724, -6764.098496208132, 1131.945795446705, -1.6485503587955246], [-6764.098496208132, 4152221.058984934, -0.175019424727418, 1128.9705045128512], [1131.945795446705, -0.175019424727418, 0.40843333333333287, 0.0], [-1.6485503587955246, 1128.9705045128512, 0.0, 0.40843333333333287]]"
2026-07-15 17:31:44,59.108624576571934,20.852087167110312,36.12071665844012,ascending,362.5291888624433,116.39398439015288,0.0,0.0,0.0,4.0,4.0,6.944444444444444e-05,6.944444444444444e-05,"[[4316913.357659504, -6416.351746753632, 1156.6784244480118, -1.9036392550300014], [-6416.351746753632, 4288196.241394304, 0.20077917431761408, 1153.3144182575318], [1156.6784244480118, 0.20077917431761408, 0.4125999999999995, 0.0], [-1.9036392550300014, 1153.3144182575318, 0.0, 0.4125999999999995]]"
2026-07-15 17:32:44,59.10865724811973,20.85221007167,32.26509564358969,ascending,369.5335792791542,120.02052619470938,0.0,0.0,0.0,4.0,4.0,6.944444444444444e-05,6.944444444444444e-05,"[[4458973.57069896, -6161.8976911368945, 1181.6360369793827, -2.2176301879428557], [-6161.8976911368945, 4426987.350034983, 0.6072173789453049, 1177.8939985985178], [1181.6360369793827, 0.6072173789453049, 0.4167666666666662, 0.0], [-2.2176301879428557, 1177.8939985985178, 0.0, 0.4167666666666662]]"
2026-07-15 17:33:44,59.10869204447448,20.85233229015102,28.40947462873926,ascending,376.4988697399746,123.8829215724657,0.0,0.0,0.0,4.0,4.0,6.944444444444444e-05,6.944444444444444e-05,"[[4603851.7380655045, -5861.616460445889, 1206.8162715063622, -2.573617622803557], [-5861.616460445891, 4568982.959806438, 1.0648717296182042, 1202.7566859360836], [1206.8162715063622, 1.0648717296182042, 0.4209333333333328, 0.0], [-2.573617622803557, 1202.7566859360836, 0.0, 0.4209333333333328]]"
