time,latitude,longitude,depth,phase,x,y,z,bx,by,Q_x,Q_y,Q_bx,Q_by,P
2026-07-26 03:43:30,54.71284833978956,15.22877733097769,0.0,communicating,112.36108476216309,-66.96928335852262,0.0,0.0,0.0,4.0,4.0,6.944444444444444e-05,6.944444444444444e-05,"[[2436.0, 0.0, 0.060000000000000005, 0.0], [0.0, 2436.0, 0.0, 0.060000000000000005], [0.060000000000000005, 0.0, 0.04176666666666667, 0.0], [0.0, 0.060000000000000005, 0.0, 0.04176666666666667]]"
2026-07-26 03:53:30,54.71217908805837,15.230456653494496,0.0,communicating,220.04079941423402,-141.25622552088214,0.0,0.0,0.0,4.0,4.0,6.944444444444444e-05,6.944444444444444e-05,"[[19943.75264372645, -2.430637686424303, 25.119996996692034, 1.276151954567695e-05], [-2.430637686424303, 19944.14927542441, -7.176149044699532e-05, 25.120001769279952], [25.119996996692034, -7.176149044699532e-05, 0.08343333333333333, 0.0], [1.276151954567695e-05, 25.120001769279952, 0.0, 0.08343333333333333]]"
2026-07-26 04:03:30,54.71144409329935,15.232062758679943,0.0,communicating,323.0257509880347,-222.84064377185405,0.0,0.0,0.0,4.0,4.0,6.944444444444444e-05,6.944444444444444e-05,"[[82505.43839703112, -32.48450529596017, 75.17342865279795, 0.003823231564866589], [-32.48450529596017, 82542.26442741208, -0.025421617790101048, 75.18648923180906], [75.17342865279795, -0.025421617790101048, 0.1251, 0.0], [0.003823231564866589, 75.18648923180906, 0.0, 0.1251]]"
2026-07-26 04:13:30,54.71065101107535,15.233583009208004,0.0,communicating,420.50562243805985,-310.8727706358977,0.0,0.0,0.0,4.0,4.0,6.944444444444444e-05,6.944444444444444e-05,"[[220036.52330501218, -134.8415366128695, 150.20013166604147, 0.011363402170989344], [-134.84153661286948, 220333.98184886485, -0.08565449528981964, 150.2853023964266], [150.20013166604147, -0.08565449528981964, 0.16676666666666665, 0.0], [0.011363402170989344, 150.2853023964266, 0.0, 0.16676666666666665]]"
2026-07-26 04:23:30,54.709813863482886,15.23499427653138,0.0,communicating,510.9973898967162,-403.7961533995933,0.0,0.0,0.0,4.0,4.0,6.944444444444444e-05,6.944444444444444e-05,"[[462355.9900341584, -334.08657087128853, 250.17374632665494, 0.02129383787239856], [-334.0865708712885, 463594.6002263883, -0.17057177797472042, 250.46191829655066], [250.17374632665494, -0.17057177797472042, 0.2084333333333333, 0.0], [0.02129383787239856, 250.46191829655066, 0.0, 0.2084333333333333]]"
2026-07-26 04:33:30,54.708932552627275,15.236296694118334,0.0,communicating,594.5096114726807,-501.62165837252644,0.0,0.0,0.0,4.0,4.0,6.944444444444444e-05,6.944444444444444e-05,"[[839169.8410369552, -566.8713737915308, 375.0640546340487, 0.04489126462094929], [-566.8713737915307, 842821.9342946168, -0.2528529795955684, 375.77411898987], [375.0640546340487, -0.2528529795955684, 0.2501, 0.0], [0.04489126462094929, 375.77411898987, 0.0, 0.2501]]"
2026-07-26 04:34:30,54.70884000021517,15.236416000726072,1.0920645332247707,descending,602.1596616261374,-511.89497611582993,0.0,0.0,0.0,4.0,4.0,6.944444444444444e-05,6.944444444444444e-05,"[[885187.7925695991, -572.0886654398704, 390.04174005884926, 0.05168225547752269], [-572.0886654398704, 889263.9488526534, -0.2565228767377388, 390.82543911392764], [390.04174005884926, -0.2565228767377388, 0.25426666666666664, 0.0], [0.05168225547752269, 390.82543911392764, 0.0, 0.25426666666666664]]"
2026-07-26 04:35:30,54.70874790249475,15.236531276820335,2.1841290664495414,descending,609.5512715237376,-522.1178230821629,0.0,0.0,0.0,4.0,4.0,6.944444444444444e-05,6.944444444444444e-05,"[[933012.5237465654, -565.9644568031985, 405.2686253328713, 0.06206576745444349], [-565.9644568031982, 937526.530592302, -0.25905144065581953, 406.1260039051403], [405.2686253328713, -0.25905144065581953, 0.2584333333333333, 0.0], [0.06206576745444349, 406.1260039051403, 0.0, 0.2584333333333333]]"
2026-07-26 04:36:30,54.70865725802957,15.236640851567277,3.276193599674312,descending,616.5773057522285,-532.1793587172959,0.0,0.0,0.0,4.0,4.0,6.944444444444444e-05,6.944444444444444e-05,"[[982687.9258114493, -524.496599038373, 420.7477002288285, 0.0892591155165963], [-524.4965990383727, 987579.4631472988, -0.26378192050647414, 421.6631274681423], [420.7477002288285, -0.26378192050647414, 0.26259999999999994, 0.0], [0.0892591155165963, 421.6631274681423, 0.0, 0.26259999999999994]]"
2026-07-26 04:37:30,54.708569517452034,15.236743354549995,4.368258132899083,descending,623.1498919109972,-541.9185628243001,0.0,0.0,0.0,4.0,4.0,6.944444444444444e-05,6.944444444444444e-05,"[[1034295.0281069935, -438.83865144615714, 436.4895010186775, 0.15073752881648614], [-438.8386514461569, 1039341.752637728, -0.28530996609063725, 437.4143975384401], [436.4895010186775, -0.28530996609063725, 0.2667666666666666, 0.0], [0.15073752881648614, 437.4143975384401, 0.0, 0.2667666666666666]]"
2026-07-26 04:38:30,54.708486878151994,15.236835913645919,5.4603226661238535,descending,629.0848668415085,-551.0915251285787,0.0,0.0,0.0,4.0,4.0,6.944444444444444e-05,6.944444444444444e-05,"[[1087936.095306536, -347.58751169114566, 452.5082199974282, 0.25072234096944346], [-347.5875116911454, 1092761.101016062, -0.3446454383450649, 453.3647775510994], [452.5082199974282, -0.3446454383450649, 0.27093333333333325, 0.0], [0.25072234096944346, 453.3647775510994, 0.0, 0.27093333333333325]]"
2026-07-26 04:39:30,54.70841130342559,15.236915364405949,6.552387199348624,descending,634.1793231376463,-559.480319759333,0.0,0.0,0.0,4.0,4.0,6.944444444444444e-05,6.944444444444444e-05,"[[1143749.7287022432, -307.54664755963046, 468.8244584943369, 0.38594965970606326], [-307.54664755963006, 1147825.6815955786, -0.46152401868267373, 469.5084072716883], [468.8244584943369, -0.46152401868267373, 0.2750999999999999, 0.0], [0.38594965970606326, 469.5084072716883, 0.0, 0.2750999999999999]]"
2026-07-26 04:40:30,54.708344178757045,15.236978556624775,7.644451732573395,descending,638.2312667180214,-566.9311579676768,0.0,0.0,0.0,4.0,4.0,6.944444444444444e-05,6.944444444444444e-05,"[[1201937.8167687277, -378.5127251650744, 485.4700777667728, 0.5484584907473129], [-378.5127251650741, 1204538.6166260652, -0.6505611373952906, 485.8427760479169], [485.4700777667728, -0.6505611373952906, 0.27926666666666655, 0.0], [0.5484584907473129, 485.8427760479169, 0.0, 0.27926666666666655]]"
2026-07-26 04:41:30,54.70828628300081,15.23702357388564,8.736516265798166,descending,641.1178151659203,-573.3575869096202,0.0,0.0,0.0,4.0,4.0,6.944444444444444e-05,6.944444444444444e-05,"[[1262574.5213174424, -575.2612305385442, 502.4495986296533, 0.7262643321891242], [-575.2612305385439, 1262920.2228815297, -0.9030396976493203, 502.3689287421335], [502.4495986296533, -0.9030396976493203, 0.2834333333333332, 0.0], [0.7262643321891242, 502.3689287421335, 0.0, 0.2834333333333332]]"
2026-07-26 04:42:30,54.70823745596533,15.237051062796516,9.828580799022937,descending,642.8804295831197,-578.777387848111,0.0,0.0,0.0,4.0,4.0,6.944444444444444e-05,6.944444444444444e-05,"[[1325532.19851275, -860.4203248104185, 519.7279801995453, 0.9101898553596026], [-860.4203248104186, 1323028.921370613, -1.1926294216668016, 519.0952948371378], [519.7279801995453, -1.1926294216668016, 0.28759999999999986, 0.0], [0.9101898553596026, 519.0952948371378, 0.0, 0.28759999999999986]]"
2026-07-26 04:43:30,54.7081966717541,15.237064019394774,10.920645332247709,descending,643.7112186599003,-583.3044352943393,0.0,0.0,0.0,4.0,4.0,6.944444444444444e-05,6.944444444444444e-05,"[[1390561.8605672435, -1171.9243507834958, 537.2492392751622, 1.0949321680592736], [-1171.9243507834958, 1384966.6909739566, -1.4887066401649744, 536.0381970437874], [537.2492392751622, -1.4887066401649744, 0.2917666666666665, 0.0], [1.0949321680592736, 536.0381970437874, 0.0, 0.2917666666666665]]"
2026-07-26 04:44:30,54.70816237125208,15.237067606031683,12.01270986547248,descending,643.9411971393384,-587.1117910187074,0.0,0.0,0.0,4.0,4.0,6.944444444444444e-05,6.944444444444444e-05,"[[1457409.110519292, -1463.298943100337, 554.9600913781346, 1.258378799720524], [-1463.298943100337, 1448898.8973902909, -1.7515998741796395, 553.2250450849951], [554.9600913781346, -1.7515998741796395, 0.29593333333333316, 0.0], [1.258378799720524, 553.2250450849951, 0.0, 0.29593333333333316]]"
2026-07-26 04:45:30,54.708132701898755,15.23706648644383,13.104774398697252,descending,643.869408129496,-590.4050892380067,0.0,0.0,0.0,4.0,4.0,6.944444444444444e-05,6.944444444444444e-05,"[[1526111.4851495645, -1719.9759938652246, 572.8650412352413, 1.3839733104169698], [-1719.9759938652246, 1515061.2777012808, -1.9602006984293407, 570.6947125591024], [572.8650412352413, -1.9602006984293407, 0.3000999999999998, 0.0], [1.3839733104169698, 570.6947125591024, 0.0, 0.3000999999999998]]"
2026-07-26 04:46:30,54.7081064428096,15.237063028654102,14.196838931922024,descending,643.6476914506501,-593.3198481343115,0.0,0.0,0.0,4.0,4.0,6.944444444444444e-05,6.944444444444444e-05,"[[1596779.7271708208, -1922.0155802187492, 590.9816924785003, 1.4780572662735467], [-1922.0155802187492, 1583531.2595839647, -2.114437602113253, 588.4544562537852], [590.9816924785003, -2.114437602113253, 0.30426666666666646, 0.0], [1.4780572662735467, 588.4544562537852, 0.0, 0.30426666666666646]]"
2026-07-26 04:47:30,54.70808213904192,15.2370592632092,15.288903465146795,descending,643.4062476371162,-596.0175663465118,0.0,0.0,0.0,4.0,4.0,6.944444444444444e-05,6.944444444444444e-05,"[[1669649.6162335929, -2043.0968121301898, 609.3491134180961, 1.568553522876967], [-2043.09681213019, 1654263.9974353998, -2.2336157311819336, 606.4887474894479], [609.3491134180961, -2.2336157311819336, 0.3084333333333331, 0.0], [1.568553522876967, 606.4887474894479, 0.0, 0.3084333333333331]]"
2026-07-26 04:48:30,54.70805950663342,15.237056390172784,16.380967998371567,descending,643.2220258819464,-598.5297636903213,0.0,0.0,0.0,4.0,4.0,6.944444444444444e-05,6.944444444444444e-05,"[[1744891.2558822006, -2049.054956994374, 627.9921876943407, 1.6883708112413753], [-2049.054956994374, 1727286.382126993, -2.339729212607985, 624.7958188451726], [627.9921876943407, -2.339729212607985, 0.31259999999999977, 0.0], [1.6883708112413753, 624.7958188451726, 0.0, 0.31259999999999977]]"
2026-07-26 04:49:30,54.70803842344477,15.23705489541939,17.47303253159634,descending,643.1261809103878,-600.8699976303857,0.0,0.0,0.0,4.0,4.0,6.944444444444444e-05,6.944444444444444e-05,"[[1822607.7509679855, -1916.2686542213512, 646.9224835865683, 1.8525397515950206], [-1916.268654221351, 1802637.751434351, -2.441370673885526, 643.3762412666534], [646.9224835865683, -2.441370673885526, 0.3167666666666664, 0.0], [1.8525397515950206, 643.3762412666534, 0.0, 0.3167666666666664]]"
2026-07-26 04:50:30,54.7080183877482,15.237056133692754,18.56509706482111,descending,643.205580145009,-603.0939599496579,0.0,0.0,0.0,4.0,4.0,6.944444444444444e-05,6.944444444444444e-05,"[[1902768.9205458467, -1684.9253105881457, 666.1277000232344, 2.0674666216015245], [-1684.9253105881455, 1880194.3701726692, -2.561118213425213, 662.2019831352958], [666.1277000232344, -2.561118213425213, 0.32093333333333307, 0.0], [2.0674666216015245, 662.2019831352958, 0.0, 0.32093333333333307]]"
2026-07-26 04:51:30,54.707999358037085,15.237060191991564,19.65716159804588,descending,643.4658020221841,-605.2062578830876,0.0,0.0,0.0,4.0,4.0,6.944444444444444e-05,6.944444444444444e-05,"[[1985415.8413397674, -1348.565270892782, 685.6084840268904, 2.336405980116427], [-1348.5652708927817, 1959970.11843659, -2.7014440754201927, 681.2704754680768], [685.6084840268904, -2.7014440754201927, 0.3250999999999997, 0.0], [2.336405980116427, 681.2704754680768, 0.0, 0.3250999999999997]]"
2026-07-26 04:52:30,54.70798055538124,15.237065719134366,20.749226131270653,descending,643.8202075362067,-607.29335268235,0.0,0.0,0.0,4.0,4.0,6.944444444444444e-05,6.944444444444444e-05,"[[2070528.099837108, -1034.8571763652621, 705.3552068576629, 2.612645882939576], [-1034.857176365262, 2041803.335241932, -2.860539830021327, 700.5494204116329], [705.3552068576629, -2.860539830021327, 0.3292666666666664, 0.0], [2.612645882939576, 700.5494204116329, 0.0, 0.3292666666666664]]"
2026-07-26 04:53:30,54.70796194409867,15.237072682132073,21.841290664495425,descending,644.2666813962683,-609.3592050474383,0.0,0.0,0.0,4.0,4.0,6.944444444444444e-05,6.944444444444444e-05,"[[2158141.3982513673, -755.311634622135, 725.3680659012099, 2.894191720252804], [-755.3116346221348, 2125692.6572760516, -3.0396643478104064, 720.0353270575783], [725.3680659012099, -3.0396643478104064, 0.333433333333333, 0.0], [2.894191720252804, 720.0353270575783, 0.0, 0.333433333333333]]"
2026-07-26 04:54:30,54.707941809395365,15.237065258100573,22.933355197720196,descending,643.7906456226023,-611.5941571140178,0.0,0.0,0.0,4.0,4.0,6.944444444444444e-05,6.944444444444444e-05,"[[2248347.7470933306, -412.0141886703633, 745.6563994733567, 3.207749867604427], [-412.014188670363, 2211707.5955838216, -3.2323106753052184, 739.7367054533939], [745.6563994733567, -3.2323106753052184, 0.3375999999999997, 0.0], [3.207749867604427, 739.7367054533939, 0.0, 0.3375999999999997]]"
2026-07-26 04:55:30,54.707919628396304,15.237037284111333,24.025419730944968,descending,641.9969275315365,-614.056248009685,0.0,0.0,0.0,4.0,4.0,6.944444444444444e-05,6.944444444444444e-05,"[[2341213.203346425, 40.16325709554748, 766.2248011848618, 3.5651206681572942], [40.163257095547664, 2299881.541142751, -3.436222263572154, 759.6556476853667], [766.2248011848618, -3.436222263572154, 0.34176666666666633, 0.0], [3.5651206681572942, 759.6556476853667, 0.0, 0.34176666666666633]]"
2026-07-26 04:56:30,54.70789736374963,15.236990193715856,25.11748426416974,descending,638.9774477728502,-616.5276237910335,0.0,0.0,0.0,4.0,4.0,6.944444444444444e-05,6.944444444444444e-05,"[[2436744.1522756647, 597.4552189229889, 787.0680937551637, 3.9581415939363143], [597.455218922989, 2390266.758606551, -3.6458993345393194, 779.797205064379], [787.0680937551637, -3.6458993345393194, 0.345933333333333, 0.0], [3.9581415939363143, 779.797205064379, 0.0, 0.345933333333333]]"
2026-07-26 04:57:30,54.707884394441294,15.236931772148926,26.20954879739451,descending,635.231402809166,-617.9672170160187,0.0,0.0,0.0,4.0,4.0,6.944444444444444e-05,6.944444444444444e-05,"[[2534765.3275750526, 1211.659327029959, 808.1528640483381, 4.336235498235211], [1211.6593270299593, 2483116.6070278785, -3.8281459031636556, 800.1984817827192], [808.1528640483381, -3.8281459031636556, 0.35009999999999963, 0.0], [4.336235498235211, 800.1984817827192, 0.0, 0.35009999999999963]]"
2026-07-26 04:58:30,54.70788081577125,15.236862214279522,27.301613330619283,descending,630.771287819754,-618.3644493910231,0.0,0.0,0.0,4.0,4.0,6.944444444444444e-05,6.944444444444444e-05,"[[2635300.552749515, 1886.709359118213, 829.4785452483598, 4.698146926488238], [1886.7093591182133, 2578472.184575931, -3.9811268907356405, 820.860860581712], [829.4785452483598, -3.9811268907356405, 0.3542666666666663, 0.0], [4.698146926488238, 820.860860581712, 0.0, 0.3542666666666663]]"
2026-07-26 04:59:30,54.70788737328066,15.236784895607526,28.393677863844054,descending,625.8135429824739,-617.6365658464372,0.0,0.0,0.0,4.0,4.0,6.944444444444444e-05,6.944444444444444e-05,"[[2738353.3104399033, 2510.553728386661, 851.0415688650836, 5.024561325644139], [2510.5537283866615, 2676332.4737409893, -4.120989895823821, 841.7789731884594], [851.0415688650836, -4.120989895823821, 0.35843333333333294, 0.0], [5.024561325644139, 841.7789731884594, 0.0, 0.35843333333333294]]"
2026-07-26 05:00:30,54.70790635656223,15.236711085991812,29.485742397068826,descending,621.0808020830531,-615.5294215917057,0.0,0.0,0.0,4.0,4.0,6.944444444444444e-05,6.944444444444444e-05,"[[2843869.0213535163, 2658.402019112898, 872.830016291767, 5.2489171160803805], [2658.4020191128984, 2776585.801240219, -4.310616205780118, 862.9304026699414], [872.830016291767, -4.310616205780118, 0.3625999999999996, 0.0], [5.2489171160803805, 862.9304026699414, 0.0, 0.3625999999999996]]"
2026-07-26 05:01:30,54.70793773409826,15.236641187417243,30.577806930293598,descending,616.5988407630582,-612.0465150929659,0.0,0.0,0.0,4.0,4.0,6.944444444444444e-05,6.944444444444444e-05,"[[2951855.079647873, 2286.5910960006577, 894.8416256149292, 5.365855952644738], [2286.5910960006577, 2879265.435274509, -4.551615276685029, 884.31631444503], [894.8416256149292, -4.551615276685029, 0.36676666666666624, 0.0], [5.365855952644738, 884.31631444503, 0.0, 0.36676666666666624]]"
2026-07-26 05:02:30,54.70798142692867,15.236575573370327,31.66987146351837,descending,612.3916073230913,-607.1966109172961,0.0,0.0,0.0,4.0,4.0,6.944444444444444e-05,6.944444444444444e-05,"[[3062318.793716429, 1351.9379868852254, 917.0742045555693, 5.370473870322668], [1351.9379868852252, 2984404.2588813473, -4.8455446312777415, 905.9377458935951], [917.0742045555693, -4.8455446312777415, 0.3709333333333329, 0.0], [5.370473870322668, 905.9377458935951, 0.0, 0.3709333333333329]]"
2026-07-26 05:03:30,54.708030239216434,15.236516705417595,32.76193599674314,descending,608.6169396884,-601.7784469756498,0.0,0.0,0.0,4.0,4.0,6.944444444444444e-05,6.944444444444444e-05,"[[3175458.2028019233, 216.64018279667206, 939.5531783076367, 5.34813812411834], [216.6401827966716, 3092154.3309374214, -5.16336851366814, 927.8136173285143], [939.5531783076367, -5.16336851366814, 0.37509999999999954, 0.0], [5.34813812411834, 927.8136173285143, 0.0, 0.37509999999999954]]"
2026-07-26 05:04:30,54.70808265420163,15.236465106190899,33.85400052996791,descending,605.3083494972582,-595.9603836182105,0.0,0.0,0.0,4.0,4.0,6.944444444444444e-05,6.944444444444444e-05,"[[3291339.6280031838, -1046.4285299415735, 962.2838668778293, 5.316647188639708], [-1046.4285299415737, 3202575.201514026, -5.499392746737021, 949.9481325715863], [962.2838668778293, -5.499392746737021, 0.3792666666666662, 0.0], [5.316647188639708, 949.9481325715863, 0.0, 0.3792666666666662]]"
2026-07-26 05:05:30,54.708138612549114,15.236420829540101,34.946065063192684,descending,602.4692896526919,-589.7490070481846,0.0,0.0,0.0,4.0,4.0,6.944444444444444e-05,6.944444444444444e-05,"[[3409992.7185527985, -2443.7786741683094, 985.2661456466293, 5.27574828052481], [-2443.778674168309, 3315702.0410860274, -5.854133522852492, 972.3416945312906], [985.2661456466293, -5.854133522852492, 0.38343333333333285, 0.0], [5.27574828052481, 972.3416945312906, 0.0, 0.38343333333333285]]"
2026-07-26 05:06:30,54.70819805502633,15.236383929167717,36.038129596417456,descending,600.1032036095407,-583.1508920771528,0.0,0.0,0.0,4.0,4.0,6.944444444444444e-05,6.944444444444444e-05,"[[3531447.184083431, -3982.1571514824022, 1008.4999048542996, 5.225196451973145], [-3982.1571514824027, 3431569.8176222863, -6.228140523415062, 994.9946535739515], [1008.4999048542996, -6.228140523415062, 0.3875999999999995, 0.0], [5.225196451973145, 994.9946535739515, 0.0, 0.3875999999999995]]"
2026-07-26 05:07:30,54.708257808625305,15.236356476771652,37.13019412964223,descending,598.3429305558521,-576.5182425909979,0.0,0.0,0.0,4.0,4.0,6.944444444444444e-05,6.944444444444444e-05,"[[3655581.2198717175, -5652.149703601812, 1031.963894862187, 5.140401776731699], [-5652.149703601812, 3550479.966437227, -6.593740749128302, 1017.9455104444944], [1031.963894862187, -6.593740749128302, 0.39176666666666615, 0.0], [5.140401776731699, 1017.9455104444944, 0.0, 0.39176666666666615]]"
2026-07-26 05:08:30,54.70831744367768,15.236338654097615,38.222258662867,descending,597.2001241947271,-569.8987517773317,0.0,0.0,0.0,4.0,4.0,6.944444444444444e-05,6.944444444444444e-05,"[[3782396.0768928793, -7454.813389506104, 1055.654907268915, 5.017714779898337], [-7454.813389506104, 3672522.6045720438, -6.946712137347541, 1041.2009344782725], [1055.654907268915, -6.946712137347541, 0.3959333333333328, 0.0], [5.017714779898337, 1041.2009344782725, 0.0, 0.3959333333333328]]"
2026-07-26 05:09:30,54.70837687337234,15.236330424623446,39.31432319609177,descending,596.6724426913411,-563.3020556701798,0.0,0.0,0.0,4.0,4.0,6.944444444444444e-05,6.944444444444444e-05,"[[3911907.094564768, -9392.187976854872, 1079.5718091314238, 4.8562289353152535], [-9392.187976854872, 3797760.301769856, -7.2857889446485995, 1064.7633974548387], [1079.5718091314238, -7.2857889446485995, 0.40009999999999946, 0.0], [4.8562289353152535, 1064.7633974548387, 0.0, 0.40009999999999946]]"
2026-07-26 05:10:30,54.70843601191244,15.236331742345747,40.40638772931654,descending,596.7569362653691,-556.737677718875,0.0,0.0,0.0,4.0,4.0,6.944444444444444e-05,6.944444444444444e-05,"[[4044130.148433894, -11466.601681641976, 1103.7135910473205, 4.65507219071774], [-11466.601681641976, 3926256.6451201383, -7.609819850139447, 1088.6353775046048], [1103.7135910473205, -7.609819850139447, 0.4042666666666661, 0.0], [4.65507219071774, 1088.6353775046048, 0.0, 0.4042666666666661]]"
2026-07-26 05:11:30,54.708493161731155,15.236344330499664,41.49845226254131,descending,597.5641003498203,-550.3940478417194,0.0,0.0,0.0,4.0,4.0,6.944444444444444e-05,6.944444444444444e-05,"[[4179080.799638871, -13738.831991131894, 1128.0793188192997, 4.394181206969099], [-13738.831991131892, 4058079.5689765173, -7.914455005742007, 1112.819835579542], [1128.0793188192997, -7.914455005742007, 0.40843333333333276, 0.0], [4.394181206969099, 1112.819835579542, 0.0, 0.40843333333333276]]"
2026-07-26 05:12:30,54.708545070345316,15.23637156070351,42.590516795766085,descending,599.3101262327214,-544.6321916699021,0.0,0.0,0.0,4.0,4.0,6.944444444444444e-05,6.944444444444444e-05,"[[4316774.924792082, -16339.190378175068, 1152.668187673098, 4.032368244246959], [-16339.190378175068, 4193302.8745474406, -8.192246752440923, 1137.320392921038], [1152.668187673098, -8.192246752440923, 0.4125999999999994, 0.0], [4.032368244246959, 1137.320392921038, 0.0, 0.4125999999999994]]"
2026-07-26 05:13:30,54.70859167232983,15.236413273525587,43.68258132899086,descending,601.9847910059603,-539.459371388459,0.0,0.0,0.0,4.0,4.0,6.944444444444444e-05,6.944444444444444e-05,"[[4457229.732636759, -19291.455928643543, 1177.479422018546, 3.565086618858317], [-19291.45592864354, 4331996.716096087, -8.44218828209597, 1162.1399517250004], [1177.479422018546, -8.44218828209597, 0.41676666666666606, 0.0], [3.565086618858317, 1162.1399517250004, 0.0, 0.41676666666666606]]"
2026-07-26 05:14:30,54.70863290208931,15.236469311293432,44.77464586221563,descending,605.5779845651193,-534.8828680858354,0.0,0.0,0.0,4.0,4.0,6.944444444444444e-05,6.944444444444444e-05,"[[4600461.3585999925, -22620.043963530963, 1202.5121095320671, 2.987825435269774], [-22620.043963530963, 4474232.9781688955, -8.663262233974848, 1187.2814876174025], [1202.5121095320671, -8.663262233974848, 0.4209333333333327, 0.0], [2.987825435269774, 1187.2814876174025, 0.0, 0.4209333333333327]]"
2026-07-26 05:15:30,54.7086686938261,15.236539518188268,45.8667103954404,descending,610.0797156661672,-530.9099853025949,0.0,0.0,0.0,4.0,4.0,6.944444444444444e-05,6.944444444444444e-05,"[[4746484.777324306, -26349.937766233674, 1227.765194744292, 2.296126875820543], [-26349.937766233677, 4620085.32902068, -8.854438566377853, 1212.7480508798772], [1227.765194744292, -8.854438566377853, 0.42509999999999937, 0.0], [2.296126875820543, 1212.7480508798772, 0.0, 0.42509999999999937]]"
2026-07-26 05:16:30,54.70869896984932,15.236623105811985,46.95877492866517,descending,615.4394314921606,-527.5493467247117,0.0,0.0,0.0,4.0,4.0,6.944444444444444e-05,6.944444444444444e-05,"[[4895333.301680347, -30470.033623850377, 1253.2399577353526, 1.4954162576379701], [-30470.03362385038, 4769593.242127503, -9.015004933340135, 1238.5381100651953], [1253.2399577353526, -9.015004933340135, 0.429266666666666, 0.0], [1.4954162576379701, 1238.5381100651953, 0.0, 0.429266666666666]]"
2026-07-26 05:17:30,54.70872347734923,15.236707057948236,48.05083946188994,descending,620.8225201993558,-524.8290142351077,0.0,0.0,0.0,4.0,4.0,6.944444444444444e-05,6.944444444444444e-05,"[[5047430.118505532, -34237.52121865411, 1278.9866961975895, 0.7848729971829591], [-34237.52121865411, 4922074.16388637, -9.150712777818562, 1264.557851692808], [1278.9866961975895, -9.150712777818562, 0.43343333333333267, 0.0], [0.7848729971829591, 1264.557851692808, 0.0, 0.43343333333333267]]"
2026-07-26 05:18:30,54.70874224728636,15.236791270092196,49.142903995114715,descending,626.2222808416425,-522.7455512140884,0.0,0.0,0.0,4.0,4.0,6.944444444444444e-05,6.944444444444444e-05,"[[5202817.608639798, -37616.44562772466, 1305.0063473193677, 0.16832447639742354], [-37616.445627724665, 5077540.54363325, -9.260486105339378, 1290.805805381151], [1305.0063473193677, -9.260486105339378, 0.4375999999999993, 0.0], [0.16832447639742354, 1290.805805381151, 0.0, 0.4375999999999993]]"
2026-07-26 05:19:30,54.70875531046273,15.236875634879596,50.234968528339486,descending,631.6318291225145,-521.29553863672,0.0,0.0,0.0,4.0,4.0,6.944444444444444e-05,6.944444444444444e-05,"[[5361538.673261859, -40569.97573740512, 1331.2998532214706, -0.35039300568368403], [-40569.97573740513, 5236002.864268568, -9.343261263010225, 1317.28032056488], [1331.2998532214706, -9.343261263010225, 0.441766666666666, 0.0], [-0.35039300568368403, 1317.28032056488, 0.0, 0.441766666666666]]"
2026-07-26 05:20:30,54.708762697543456,15.236960042127318,51.32703306156426,descending,637.0440999986394,-520.4755726759438,0.0,0.0,0.0,4.0,4.0,6.944444444444444e-05,6.944444444444444e-05,"[[5523636.743546621, -43060.43696644502, 1357.8681595222029, -0.767439346208053], [-43060.436966445035, 5397469.475876777, -9.397988760951812, 1343.9795554753694], [1357.8681595222029, -9.397988760951812, 0.4459333333333326, 0.0], [-0.767439346208053, 1343.9795554753694, 0.0, 0.4459333333333326]]"
2026-07-26 05:21:30,54.70876443907802,15.237044378872977,52.41909759478903,descending,642.4518502172195,-520.2822623394516,0.0,0.0,0.0,4.0,4.0,6.944444444444444e-05,6.944444444444444e-05,"[[5689155.788962498, -45049.34859350468, 1384.712213788811, -1.0789761269862839], [-45049.348593504685, 5561946.422611538, -9.423635163971268, 1370.9014659572479], [1384.712213788811, -9.423635163971268, 0.4500999999999993, 0.0], [-1.0789761269862839, 1370.9014659572479, 0.0, 0.4500999999999993]]"
2026-07-26 05:22:30,54.708760565521295,15.237128529413516,53.5111621280138,descending,647.8476607910587,-520.7122271363037,0.0,0.0,0.0,4.0,4.0,6.944444444444444e-05,6.944444444444444e-05,"[[5858140.324001075, -46497.46599402448, 1411.8329638681585, -1.2811724909405142], [-46497.46599402448, 5729437.262877375, -9.419185057021817, 1398.0437941269383], [1411.8329638681585, -9.419185057021817, 0.45426666666666593, 0.0], [-1.2811724909405142, 1398.0437941269383, 0.0, 0.45426666666666593]]"
2026-07-26 05:23:30,54.70875673016502,15.237204479492856,54.60322666123857,descending,652.7176501999948,-521.1379516824736,0.0,0.0,0.0,4.0,4.0,6.944444444444444e-05,6.944444444444444e-05,"[[6030668.454101702, -47400.83178688702, 1439.2353045746581, -1.3518672693204983], [-47400.831786887014, 5899990.162226011, -9.410281009543754, 1425.4095550862735], [1439.2353045746581, -9.410281009543754, 0.4584333333333326, 0.0], [-1.3518672693204983, 1425.4095550862735, 0.0, 0.4584333333333326]]"
2026-07-26 05:24:30,54.708753416072334,15.237271642076657,55.695291194463344,descending,657.0241772587547,-521.5058159706185,0.0,0.0,0.0,4.0,4.0,6.944444444444444e-05,6.944444444444444e-05,"[[6206790.929394133, -47724.09747111369, 1466.9206517255986, -1.2852856643177573], [-47724.09747111367, 6073622.0018548705, -9.39886067256746, 1452.9980726496408], [1466.9206517255986, -9.39886067256746, 0.46259999999999923, 0.0], [-1.2852856643177573, 1452.9980726496408, 0.0, 0.46259999999999923]]"
2026-07-26 05:25:30,54.70875068048939,15.237330033396542,56.787355727688116,descending,660.7682827540015,-521.8094656780412,0.0,0.0,0.0,4.0,4.0,6.944444444444444e-05,6.944444444444444e-05,"[[6386556.594996075, -47428.51207840645, 1494.8900963382732, -1.0769981107025666], [-47428.512078406435, 6250346.258705992, -9.38489261613018, 1480.808310762132], [1494.8900963382732, -9.38489261613018, 0.4667666666666659, 0.0], [-1.0769981107025666, 1480.808310762132, 0.0, 0.4667666666666659]]"
2026-07-26 05:26:30,54.70874858052144,15.237379669155324,57.87942026091289,descending,663.9509735644538,-522.0425621204181,0.0,0.0,0.0,4.0,4.0,6.944444444444444e-05,6.944444444444444e-05,"[[6570014.74153722, -46474.5186406986, 1523.144691077616, -0.7225394984941677], [-46474.51864069858, 6430176.039818376, -9.368368509047816, 1508.8392328906598], [1523.144691077616, -9.368368509047816, 0.47093333333333254, 0.0], [-0.7225394984941677, 1508.8392328906598, 0.0, 0.47093333333333254]]"
2026-07-26 05:27:30,54.70874717313074,15.237420564581118,58.97148479413766,descending,666.5732261312113,-522.1987824875988,0.0,0.0,0.0,4.0,4.0,6.944444444444444e-05,6.944444444444444e-05,"[[6757215.08105732, -44821.760655503094, 1551.6854463610691, -0.2174087301908486], [-44821.76065550307, 6613124.077281824, -9.349304307078503, 1537.0898012860107], [1551.6854463610691, -9.349304307078503, 0.4750999999999992, 0.0], [-0.2174087301908486, 1537.0898012860107, 0.0, 0.4750999999999992]]"
2026-07-26 05:28:30,54.70874651513442,15.23745273448074,60.06354932736243,descending,668.635989880944,-522.2718200787936,0.0,0.0,0.0,4.0,4.0,6.944444444444444e-05,6.944444444444444e-05,"[[6948207.720328845, -42429.08882801286, 1580.5133263538091, 0.44293173018152143], [-42429.088828012835, 6799202.721290991, -9.327741435894934, 1565.5589760708447], [1580.5133263538091, -9.327741435894934, 0.47926666666666584, 0.0], [0.44293173018152143, 1565.5589760708447, 0.0, 0.47926666666666584]]"
2026-07-26 05:29:30,54.708746663202376,15.23747619329241,61.1556138605872,descending,670.1401906056649,-522.2553845361139,0.0,0.0,0.0,4.0,4.0,6.944444444444444e-05,6.944444444444444e-05,"[[7143043.131561827, -39254.56808093266, 1609.6292448580443, 1.263056319542671], [-39254.56808093263, 6988423.931128656, -9.30374796764799, 1594.2457141462367], [1609.6292448580443, -9.30374796764799, 0.4834333333333325, 0.0], [1.263056319542671, 1594.2457141462367, 0.0, 0.4834333333333325]]"
2026-07-26 05:30:30,54.708746663202376,15.23747619329241,62.247678393811974,descending,670.1401906056649,-522.2553845361139,0.0,0.0,0.0,4.0,4.0,6.944444444444444e-05,6.944444444444444e-05,"[[7338179.000944792, -39737.00957981898, 1638.6352448580442, 1.263056319542671], [-39737.00957981895, 7181713.776826204, -9.30374796764799, 1623.2517141462365], [1638.6352448580442, -9.30374796764799, 0.48759999999999915, 0.0], [1.263056319542671, 1623.2517141462365, 0.0, 0.48759999999999915]]"
2026-07-26 05:40:30,54.708746663202376,15.23747619329241,62.247678393811974,parking,670.1401906056649,-522.2553845361139,0.0,0.0,0.0,4.0,4.0,6.944444444444444e-05,6.944444444444444e-05,"[[9482477.294774445, -44561.424568682174, 1931.1952448580437, 1.263056319542671], [-44561.424568682145, 9307551.833801687, -9.30374796764799, 1915.811714146236], [1931.1952448580437, -9.30374796764799, 0.5292666666666658, 0.0], [1.263056319542671, 1915.811714146236, 0.0, 0.5292666666666658]]"
2026-07-26 05:50:30,54.708746663202376,15.23747619329241,62.247678393811974,parking,670.1401906056649,-522.2553845361139,0.0,0.0,0.0,4.0,4.0,6.944444444444444e-05,6.944444444444444e-05,"[[11992847.588604098, -49385.83955754537, 2248.755244858043, 1.263056319542671], [-49385.83955754534, 11799461.89077717, -9.30374796764799, 2233.3717141462353], [2248.755244858043, -9.30374796764799, 0.5709333333333324, 0.0], [1.263056319542671, 2233.3717141462353, 0.0, 0.5709333333333324]]"
2026-07-26 06:00:30,54.708746663202376,15.23747619329241,62.247678393811974,parking,670.1401906056649,-522.2553845361139,0.0,0.0,0.0,4.0,4.0,6.944444444444444e-05,6.944444444444444e-05,"[[14899289.88243375, -54210.25454640856, 2591.3152448580427, 1.263056319542671], [-54210.254546408534, 14687443.947752653, -9.30374796764799, 2575.9317141462348], [2591.3152448580427, -9.30374796764799, 0.612599999999999, 0.0], [1.263056319542671, 2575.9317141462348, 0.0, 0.612599999999999]]"
2026-07-26 06:10:30,54.708746663202376,15.23747619329241,62.247678393811974,parking,670.1401906056649,-522.2553845361139,0.0,0.0,0.0,4.0,4.0,6.944444444444444e-05,6.944444444444444e-05,"[[18231804.1762634, -59034.66953527176, 2958.875244858042, 1.263056319542671], [-59034.66953527173, 18001498.004728135, -9.30374796764799, 2943.4917141462342], [2958.875244858042, -9.30374796764799, 0.6542666666666657, 0.0], [1.263056319542671, 2943.4917141462342, 0.0, 0.6542666666666657]]"
2026-07-26 06:20:30,54.708746663202376,15.23747619329241,62.247678393811974,parking,670.1401906056649,-522.2553845361139,0.0,0.0,0.0,4.0,4.0,6.944444444444444e-05,6.944444444444444e-05,"[[22020390.47009305, -63859.08452413495, 3351.4352448580416, 1.263056319542671], [-63859.08452413492, 21771624.06170362, -9.30374796764799, 3336.0517141462337], [3351.4352448580416, -9.30374796764799, 0.6959333333333323, 0.0], [1.263056319542671, 3336.0517141462337, 0.0, 0.6959333333333323]]"
2026-07-26 06:30:30,54.708746663202376,15.23747619329241,62.247678393811974,parking,670.1401906056649,-522.2553845361139,0.0,0.0,0.0,4.0,4.0,6.944444444444444e-05,6.944444444444444e-05,"[[26295048.7639227, -68683.49951299814, 3768.995244858041, 1.263056319542671], [-68683.49951299811, 26027822.1186791, -9.30374796764799, 3753.611714146233], [3768.995244858041, -9.30374796764799, 0.7375999999999989, 0.0], [1.263056319542671, 3753.611714146233, 0.0, 0.7375999999999989]]"
2026-07-26 06:40:30,54.708746663202376,15.23747619329241,62.247678393811974,parking,670.1401906056649,-522.2553845361139,0.0,0.0,0.0,4.0,4.0,6.944444444444444e-05,6.944444444444444e-05,"[[31085779.05775235, -73507.91450186133, 4211.55524485804, 1.263056319542671], [-73507.9145018613, 30800092.175654575, -9.30374796764799, 4196.171714146232], [4211.55524485804, -9.30374796764799, 0.7792666666666656, 0.0], [1.263056319542671, 4196.171714146232, 0.0, 0.7792666666666656]]"
2026-07-26 06:50:30,54.708746663202376,15.23747619329241,62.247678393811974,parking,670.1401906056649,-522.2553845361139,0.0,0.0,0.0,4.0,4.0,6.944444444444444e-05,6.944444444444444e-05,"[[36422581.351582, -78332.32949072453, 4679.11524485804, 1.263056319542671], [-78332.3294907245, 36118434.23263005, -9.30374796764799, 4663.731714146232], [4679.11524485804, -9.30374796764799, 0.8209333333333322, 0.0], [1.263056319542671, 4663.731714146232, 0.0, 0.8209333333333322]]"
2026-07-26 07:00:30,54.708746663202376,15.23747619329241,62.247678393811974,parking,670.1401906056649,-522.2553845361139,0.0,0.0,0.0,4.0,4.0,6.944444444444444e-05,6.944444444444444e-05,"[[42335455.64541165, -83156.74447958772, 5171.675244858039, 1.263056319542671], [-83156.7444795877, 42012848.289605536, -9.30374796764799, 5156.291714146231], [5171.675244858039, -9.30374796764799, 0.8625999999999988, 0.0], [1.263056319542671, 5156.291714146231, 0.0, 0.8625999999999988]]"
2026-07-26 07:10:30,54.708746663202376,15.23747619329241,62.247678393811974,parking,670.1401906056649,-522.2553845361139,0.0,0.0,0.0,4.0,4.0,6.944444444444444e-05,6.944444444444444e-05,"[[48854401.9392413, -87981.15946845092, 5689.235244858039, 1.263056319542671], [-87981.15946845089, 48513334.34658102, -9.30374796764799, 5673.851714146231], [5689.235244858039, -9.30374796764799, 0.9042666666666654, 0.0], [1.263056319542671, 5673.851714146231, 0.0, 0.9042666666666654]]"
2026-07-26 07:20:30,54.708746663202376,15.23747619329241,62.247678393811974,parking,670.1401906056649,-522.2553845361139,0.0,0.0,0.0,4.0,4.0,6.944444444444444e-05,6.944444444444444e-05,"[[56009420.23307095, -92805.57445731411, 6231.795244858038, 1.263056319542671], [-92805.57445731408, 55649892.403556496, -9.30374796764799, 6216.41171414623], [6231.795244858038, -9.30374796764799, 0.9459333333333321, 0.0], [1.263056319542671, 6216.41171414623, 0.0, 0.9459333333333321]]"
2026-07-26 07:30:30,54.708746663202376,15.23747619329241,62.247678393811974,parking,670.1401906056649,-522.2553845361139,0.0,0.0,0.0,4.0,4.0,6.944444444444444e-05,6.944444444444444e-05,"[[63830510.5269006, -97629.98944617731, 6799.355244858038, 1.263056319542671], [-97629.98944617728, 63452522.460531965, -9.30374796764799, 6783.97171414623], [6799.355244858038, -9.30374796764799, 0.9875999999999987, 0.0], [1.263056319542671, 6783.97171414623, 0.0, 0.9875999999999987]]"
2026-07-26 07:40:30,54.708746663202376,15.23747619329241,62.247678393811974,parking,670.1401906056649,-522.2553845361139,0.0,0.0,0.0,4.0,4.0,6.944444444444444e-05,6.944444444444444e-05,"[[72347672.82073024, -102454.4044350405, 7391.915244858037, 1.263056319542671], [-102454.40443504047, 71951224.51750745, -9.30374796764799, 7376.531714146229], [7391.915244858037, -9.30374796764799, 1.0292666666666654, 0.0], [1.263056319542671, 7376.531714146229, 0.0, 1.0292666666666654]]"
2026-07-26 07:50:30,54.708746663202376,15.23747619329241,62.247678393811974,parking,670.1401906056649,-522.2553845361139,0.0,0.0,0.0,4.0,4.0,6.944444444444444e-05,6.944444444444444e-05,"[[81590907.11455989, -107278.8194239037, 8009.475244858037, 1.263056319542671], [-107278.81942390367, 81175998.57448293, -9.30374796764799, 7994.091714146229], [8009.475244858037, -9.30374796764799, 1.0709333333333322, 0.0], [1.263056319542671, 7994.091714146229, 0.0, 1.0709333333333322]]"
2026-07-26 08:00:30,54.708746663202376,15.23747619329241,62.247678393811974,parking,670.1401906056649,-522.2553845361139,0.0,0.0,0.0,4.0,4.0,6.944444444444444e-05,6.944444444444444e-05,"[[91590213.40838954, -112103.23441276689, 8652.035244858036, 1.263056319542671], [-112103.23441276686, 91156844.63145842, -9.30374796764799, 8636.651714146228], [8652.035244858036, -9.30374796764799, 1.112599999999999, 0.0], [1.263056319542671, 8636.651714146228, 0.0, 1.112599999999999]]"
2026-07-26 08:10:30,54.708746663202376,15.23747619329241,62.247678393811974,parking,670.1401906056649,-522.2553845361139,0.0,0.0,0.0,4.0,4.0,6.944444444444444e-05,6.944444444444444e-05,"[[102375591.70221919, -116927.64940163009, 9319.595244858036, 1.263056319542671], [-116927.64940163006, 101923762.6884339, -9.30374796764799, 9304.211714146228], [9319.595244858036, -9.30374796764799, 1.1542666666666657, 0.0], [1.263056319542671, 9304.211714146228, 0.0, 1.1542666666666657]]"
2026-07-26 08:20:30,54.708746663202376,15.23747619329241,62.247678393811974,parking,670.1401906056649,-522.2553845361139,0.0,0.0,0.0,4.0,4.0,6.944444444444444e-05,6.944444444444444e-05,"[[113977041.99604884, -121752.06439049328, 10012.155244858035, 1.263056319542671], [-121752.06439049325, 113506752.74540938, -9.30374796764799, 9996.771714146227], [10012.155244858035, -9.30374796764799, 1.1959333333333324, 0.0], [1.263056319542671, 9996.771714146227, 0.0, 1.1959333333333324]]"
2026-07-26 08:30:30,54.708746663202376,15.23747619329241,62.247678393811974,parking,670.1401906056649,-522.2553845361139,0.0,0.0,0.0,4.0,4.0,6.944444444444444e-05,6.944444444444444e-05,"[[126424564.28987849, -126576.47937935647, 10729.715244858035, 1.263056319542671], [-126576.47937935645, 125935814.80238487, -9.30374796764799, 10714.331714146227], [10729.715244858035, -9.30374796764799, 1.2375999999999991, 0.0], [1.263056319542671, 10714.331714146227, 0.0, 1.2375999999999991]]"
2026-07-26 08:40:30,54.708746663202376,15.23747619329241,62.247678393811974,parking,670.1401906056649,-522.2553845361139,0.0,0.0,0.0,4.0,4.0,6.944444444444444e-05,6.944444444444444e-05,"[[139748158.58370814, -131400.89436821966, 11472.275244858034, 1.263056319542671], [-131400.89436821963, 139240948.85936034, -9.30374796764799, 11456.891714146226], [11472.275244858034, -9.30374796764799, 1.2792666666666659, 0.0], [1.263056319542671, 11456.891714146226, 0.0, 1.2792666666666659]]"
2026-07-26 08:50:30,54.708746663202376,15.23747619329241,62.247678393811974,parking,670.1401906056649,-522.2553845361139,0.0,0.0,0.0,4.0,4.0,6.944444444444444e-05,6.944444444444444e-05,"[[153977824.87753776, -136225.30935708285, 12239.835244858034, 1.263056319542671], [-136225.30935708282, 153452154.91633582, -9.30374796764799, 12224.451714146226], [12239.835244858034, -9.30374796764799, 1.3209333333333326, 0.0], [1.263056319542671, 12224.451714146226, 0.0, 1.3209333333333326]]"
2026-07-26 09:00:30,54.708746663202376,15.23747619329241,62.247678393811974,parking,670.1401906056649,-522.2553845361139,0.0,0.0,0.0,4.0,4.0,6.944444444444444e-05,6.944444444444444e-05,"[[169143563.17136738, -141049.72434594604, 13032.395244858033, 1.263056319542671], [-141049.72434594602, 168599432.9733113, -9.30374796764799, 13017.011714146225], [13032.395244858033, -9.30374796764799, 1.3625999999999994, 0.0], [1.263056319542671, 13017.011714146225, 0.0, 1.3625999999999994]]"
2026-07-26 09:10:30,54.708746663202376,15.23747619329241,62.247678393811974,parking,670.1401906056649,-522.2553845361139,0.0,0.0,0.0,4.0,4.0,6.944444444444444e-05,6.944444444444444e-05,"[[185275373.465197, -145874.13933480924, 13849.955244858033, 1.263056319542671], [-145874.1393348092, 184712783.0302868, -9.30374796764799, 13834.571714146225], [13849.955244858033, -9.30374796764799, 1.404266666666666, 0.0], [1.263056319542671, 13834.571714146225, 0.0, 1.404266666666666]]"
2026-07-26 09:20:30,54.708746663202376,15.23747619329241,62.247678393811974,parking,670.1401906056649,-522.2553845361139,0.0,0.0,0.0,4.0,4.0,6.944444444444444e-05,6.944444444444444e-05,"[[202403255.75902662, -150698.55432367243, 14692.515244858032, 1.263056319542671], [-150698.5543236724, 201822205.08726227, -9.30374796764799, 14677.131714146224], [14692.515244858032, -9.30374796764799, 1.4459333333333328, 0.0], [1.263056319542671, 14677.131714146224, 0.0, 1.4459333333333328]]"
2026-07-26 09:30:30,54.708746663202376,15.23747619329241,62.247678393811974,parking,670.1401906056649,-522.2553845361139,0.0,0.0,0.0,4.0,4.0,6.944444444444444e-05,6.944444444444444e-05,"[[220557210.05285624, -155522.96931253563, 15560.075244858032, 1.263056319542671], [-155522.9693125356, 219957699.14423776, -9.30374796764799, 15544.691714146224], [15560.075244858032, -9.30374796764799, 1.4875999999999996, 0.0], [1.263056319542671, 15544.691714146224, 0.0, 1.4875999999999996]]"
2026-07-26 09:40:30,54.708746663202376,15.23747619329241,62.247678393811974,parking,670.1401906056649,-522.2553845361139,0.0,0.0,0.0,4.0,4.0,6.944444444444444e-05,6.944444444444444e-05,"[[239767236.34668586, -160347.38430139882, 16452.635244858033, 1.263056319542671], [-160347.3843013988, 239149265.20121324, -9.30374796764799, 16437.251714146223], [16452.635244858033, -9.30374796764799, 1.5292666666666663, 0.0], [1.263056319542671, 16437.251714146223, 0.0, 1.5292666666666663]]"
2026-07-26 09:50:30,54.708746663202376,15.23747619329241,62.247678393811974,parking,670.1401906056649,-522.2553845361139,0.0,0.0,0.0,4.0,4.0,6.944444444444444e-05,6.944444444444444e-05,"[[260063334.64051548, -165171.79929026202, 17370.195244858034, 1.263056319542671], [-165171.799290262, 259426903.25818872, -9.30374796764799, 17354.811714146224], [17370.195244858034, -9.30374796764799, 1.570933333333333, 0.0], [1.263056319542671, 17354.811714146224, 0.0, 1.570933333333333]]"
2026-07-26 10:00:30,54.708746663202376,15.23747619329241,62.247678393811974,parking,670.1401906056649,-522.2553845361139,0.0,0.0,0.0,4.0,4.0,6.944444444444444e-05,6.944444444444444e-05,"[[281475504.9343451, -169996.2142791252, 18312.755244858035, 1.263056319542671], [-169996.21427912518, 280820613.3151642, -9.30374796764799, 18297.371714146226], [18312.755244858035, -9.30374796764799, 1.6125999999999998, 0.0], [1.263056319542671, 18297.371714146226, 0.0, 1.6125999999999998]]"
2026-07-26 10:10:30,54.708746663202376,15.23747619329241,62.247678393811974,parking,670.1401906056649,-522.2553845361139,0.0,0.0,0.0,4.0,4.0,6.944444444444444e-05,6.944444444444444e-05,"[[304033747.2281748, -174820.6292679884, 19280.315244858037, 1.263056319542671], [-174820.62926798838, 303360395.3721397, -9.30374796764799, 19264.931714146227], [19280.315244858037, -9.30374796764799, 1.6542666666666666, 0.0], [1.263056319542671, 19264.931714146227, 0.0, 1.6542666666666666]]"
2026-07-26 10:20:30,54.708746663202376,15.23747619329241,62.247678393811974,parking,670.1401906056649,-522.2553845361139,0.0,0.0,0.0,4.0,4.0,6.944444444444444e-05,6.944444444444444e-05,"[[327768061.5220045, -179645.0442568516, 20272.875244858038, 1.263056319542671], [-179645.04425685157, 327076249.4291152, -9.30374796764799, 20257.49171414623], [20272.875244858038, -9.30374796764799, 1.6959333333333333, 0.0], [1.263056319542671, 20257.49171414623, 0.0, 1.6959333333333333]]"
2026-07-26 10:30:30,54.708746663202376,15.23747619329241,62.247678393811974,parking,670.1401906056649,-522.2553845361139,0.0,0.0,0.0,4.0,4.0,6.944444444444444e-05,6.944444444444444e-05,"[[352708447.81583416, -184469.4592457148, 21290.43524485804, 1.263056319542671], [-184469.45924571477, 351998175.48609066, -9.30374796764799, 21275.05171414623], [21290.43524485804, -9.30374796764799, 1.7376, 0.0], [1.263056319542671, 21275.05171414623, 0.0, 1.7376]]"
2026-07-26 10:40:30,54.708746663202376,15.23747619329241,62.247678393811974,parking,670.1401906056649,-522.2553845361139,0.0,0.0,0.0,4.0,4.0,6.944444444444444e-05,6.944444444444444e-05,"[[378884906.10966384, -189293.874234578, 22332.99524485804, 1.263056319542671], [-189293.87423457796, 378156173.54306614, -9.30374796764799, 22317.61171414623], [22332.99524485804, -9.30374796764799, 1.7792666666666668, 0.0], [1.263056319542671, 22317.61171414623, 0.0, 1.7792666666666668]]"
2026-07-26 10:50:30,54.708746663202376,15.23747619329241,62.247678393811974,parking,670.1401906056649,-522.2553845361139,0.0,0.0,0.0,4.0,4.0,6.944444444444444e-05,6.944444444444444e-05,"[[406327436.4034935, -194118.28922344118, 23400.555244858042, 1.263056319542671], [-194118.28922344116, 405580243.6000416, -9.30374796764799, 23385.171714146232], [23400.555244858042, -9.30374796764799, 1.8209333333333335, 0.0], [1.263056319542671, 23385.171714146232, 0.0, 1.8209333333333335]]"
2026-07-26 11:00:30,54.708746663202376,15.23747619329241,62.247678393811974,parking,670.1401906056649,-522.2553845361139,0.0,0.0,0.0,4.0,4.0,6.944444444444444e-05,6.944444444444444e-05,"[[435066038.6973232, -198942.70421230438, 24493.115244858043, 1.263056319542671], [-198942.70421230435, 434300385.6570171, -9.30374796764799, 24477.731714146234], [24493.115244858043, -9.30374796764799, 1.8626000000000003, 0.0], [1.263056319542671, 24477.731714146234, 0.0, 1.8626000000000003]]"
2026-07-26 11:10:30,54.708746663202376,15.23747619329241,62.247678393811974,parking,670.1401906056649,-522.2553845361139,0.0,0.0,0.0,4.0,4.0,6.944444444444444e-05,6.944444444444444e-05,"[[465130712.9911529, -203767.11920116757, 25610.675244858045, 1.263056319542671], [-203767.11920116754, 464346599.7139926, -9.30374796764799, 25595.291714146235], [25610.675244858045, -9.30374796764799, 1.904266666666667, 0.0], [1.263056319542671, 25595.291714146235, 0.0, 1.904266666666667]]"
2026-07-26 11:20:30,54.708746663202376,15.23747619329241,62.247678393811974,parking,670.1401906056649,-522.2553845361139,0.0,0.0,0.0,4.0,4.0,6.944444444444444e-05,6.944444444444444e-05,"[[496551459.28498256, -208591.53419003077, 26753.235244858046, 1.263056319542671], [-208591.53419003074, 495748885.7709681, -9.30374796764799, 26737.851714146236], [26753.235244858046, -9.30374796764799, 1.9459333333333337, 0.0], [1.263056319542671, 26737.851714146236, 0.0, 1.9459333333333337]]"
2026-07-26 11:30:30,54.708746663202376,15.23747619329241,62.247678393811974,parking,670.1401906056649,-522.2553845361139,0.0,0.0,0.0,4.0,4.0,6.944444444444444e-05,6.944444444444444e-05,"[[529358277.57881224, -213415.94917889396, 27920.795244858047, 1.263056319542671], [-213415.94917889393, 528537243.82794356, -9.30374796764799, 27905.411714146238], [27920.795244858047, -9.30374796764799, 1.9876000000000005, 0.0], [1.263056319542671, 27905.411714146238, 0.0, 1.9876000000000005]]"
2026-07-26 11:40:30,54.708746663202376,15.23747619329241,62.247678393811974,parking,670.1401906056649,-522.2553845361139,0.0,0.0,0.0,4.0,4.0,6.944444444444444e-05,6.944444444444444e-05,"[[563581167.8726419, -218240.36416775716, 29113.35524485805, 1.263056319542671], [-218240.36416775713, 562741673.8849192, -9.30374796764799, 29097.97171414624], [29113.35524485805, -9.30374796764799, 2.029266666666667, 0.0], [1.263056319542671, 29097.97171414624, 0.0, 2.029266666666667]]"
2026-07-26 11:50:30,54.708746663202376,15.23747619329241,62.247678393811974,parking,670.1401906056649,-522.2553845361139,0.0,0.0,0.0,4.0,4.0,6.944444444444444e-05,6.944444444444444e-05,"[[599250130.1664716, -223064.77915662035, 30330.91524485805, 1.263056319542671], [-223064.77915662032, 598392175.9418948, -9.30374796764799, 30315.53171414624], [30330.91524485805, -9.30374796764799, 2.0709333333333335, 0.0], [1.263056319542671, 30315.53171414624, 0.0, 2.0709333333333335]]"
2026-07-26 12:00:30,54.708746663202376,15.23747619329241,62.247678393811974,parking,670.1401906056649,-522.2553845361139,0.0,0.0,0.0,4.0,4.0,6.944444444444444e-05,6.944444444444444e-05,"[[636395164.4603013, -227889.19414548355, 31573.47524485805, 1.263056319542671], [-227889.19414548352, 635518749.9988704, -9.30374796764799, 31558.09171414624], [31573.47524485805, -9.30374796764799, 2.1126, 0.0], [1.263056319542671, 31558.09171414624, 0.0, 2.1126]]"
2026-07-26 12:10:30,54.708746663202376,15.23747619329241,62.247678393811974,parking,670.1401906056649,-522.2553845361139,0.0,0.0,0.0,4.0,4.0,6.944444444444444e-05,6.944444444444444e-05,"[[675046270.754131, -232713.60913434674, 32841.03524485805, 1.263056319542671], [-232713.6091343467, 674151396.055846, -9.30374796764799, 32825.65171414624], [32841.03524485805, -9.30374796764799, 2.1542666666666666, 0.0], [1.263056319542671, 32825.65171414624, 0.0, 2.1542666666666666]]"
2026-07-26 12:20:30,54.708746663202376,15.23747619329241,62.247678393811974,parking,670.1401906056649,-522.2553845361139,0.0,0.0,0.0,4.0,4.0,6.944444444444444e-05,6.944444444444444e-05,"[[715233449.0479606, -237538.02412320994, 34133.59524485805, 1.263056319542671], [-237538.0241232099, 714320114.1128216, -9.30374796764799, 34118.21171414624], [34133.59524485805, -9.30374796764799, 2.195933333333333, 0.0], [1.263056319542671, 34118.21171414624, 0.0, 2.195933333333333]]"
2026-07-26 12:30:30,54.708746663202376,15.23747619329241,62.247678393811974,parking,670.1401906056649,-522.2553845361139,0.0,0.0,0.0,4.0,4.0,6.944444444444444e-05,6.944444444444444e-05,"[[756986699.3417903, -242362.43911207313, 35451.15524485805, 1.263056319542671], [-242362.4391120731, 756054904.1697971, -9.30374796764799, 35435.771714146234], [35451.15524485805, -9.30374796764799, 2.2375999999999996, 0.0], [1.263056319542671, 35435.771714146234, 0.0, 2.2375999999999996]]"
2026-07-26 12:40:30,54.708746663202376,15.23747619329241,62.247678393811974,parking,670.1401906056649,-522.2553845361139,0.0,0.0,0.0,4.0,4.0,6.944444444444444e-05,6.944444444444444e-05,"[[800336021.63562, -247186.85410093633, 36793.715244858045, 1.263056319542671], [-247186.8541009363, 799385766.2267724, -9.30374796764799, 36778.33171414623], [36793.715244858045, -9.30374796764799, 2.279266666666666, 0.0], [1.263056319542671, 36778.33171414623, 0.0, 2.279266666666666]]"
2026-07-26 12:50:30,54.708746663202376,15.23747619329241,62.247678393811974,parking,670.1401906056649,-522.2553845361139,0.0,0.0,0.0,4.0,4.0,6.944444444444444e-05,6.944444444444444e-05,"[[845311415.9294497, -252011.26908979952, 38161.27524485804, 1.263056319542671], [-252011.2690897995, 844342700.2837478, -9.30374796764799, 38145.89171414623], [38161.27524485804, -9.30374796764799, 2.3209333333333326, 0.0], [1.263056319542671, 38145.89171414623, 0.0, 2.3209333333333326]]"
2026-07-26 13:00:30,54.708746663202376,15.23747619329241,62.247678393811974,parking,670.1401906056649,-522.2553845361139,0.0,0.0,0.0,4.0,4.0,6.944444444444444e-05,6.944444444444444e-05,"[[891942882.2232794, -256835.6840786627, 39553.83524485804, 1.263056319542671], [-256835.68407866269, 890955706.3407232, -9.30374796764799, 39538.45171414623], [39553.83524485804, -9.30374796764799, 2.362599999999999, 0.0], [1.263056319542671, 39538.45171414623, 0.0, 2.362599999999999]]"
2026-07-26 13:10:30,54.708746663202376,15.23747619329241,62.247678393811974,parking,670.1401906056649,-522.2553845361139,0.0,0.0,0.0,4.0,4.0,6.944444444444444e-05,6.944444444444444e-05,"[[940260420.517109, -261660.0990675259, 40971.39524485804, 1.263056319542671], [-261660.09906752588, 939254784.3976985, -9.30374796764799, 40956.011714146225], [40971.39524485804, -9.30374796764799, 2.4042666666666657, 0.0], [1.263056319542671, 40956.011714146225, 0.0, 2.4042666666666657]]"
2026-07-26 13:20:30,54.708746663202376,15.23747619329241,62.247678393811974,parking,670.1401906056649,-522.2553845361139,0.0,0.0,0.0,4.0,4.0,6.944444444444444e-05,6.944444444444444e-05,"[[990294030.8109387, -266484.51405638905, 42413.955244858036, 1.263056319542671], [-266484.51405638905, 989269934.4546739, -9.30374796764799, 42398.57171414622], [42413.955244858036, -9.30374796764799, 2.445933333333332, 0.0], [1.263056319542671, 42398.57171414622, 0.0, 2.445933333333332]]"
2026-07-26 13:30:30,54.708746663202376,15.23747619329241,62.247678393811974,parking,670.1401906056649,-522.2553845361139,0.0,0.0,0.0,4.0,4.0,6.944444444444444e-05,6.944444444444444e-05,"[[1042073713.1047684, -271308.9290452522, 43881.515244858034, 1.263056319542671], [-271308.9290452522, 1041031156.5116493, -9.30374796764799, 43866.13171414622], [43881.515244858034, -9.30374796764799, 2.4875999999999987, 0.0], [1.263056319542671, 43866.13171414622, 0.0, 2.4875999999999987]]"
2026-07-26 13:40:30,54.708746663202376,15.23747619329241,62.247678393811974,parking,670.1401906056649,-522.2553845361139,0.0,0.0,0.0,4.0,4.0,6.944444444444444e-05,6.944444444444444e-05,"[[1095629467.398598, -276133.3440341154, 45374.07524485803, 1.263056319542671], [-276133.3440341154, 1094568450.5686247, -9.30374796764799, 45358.69171414622], [45374.07524485803, -9.30374796764799, 2.529266666666665, 0.0], [1.263056319542671, 45358.69171414622, 0.0, 2.529266666666665]]"
2026-07-26 13:50:30,54.708746663202376,15.23747619329241,62.247678393811974,parking,670.1401906056649,-522.2553845361139,0.0,0.0,0.0,4.0,4.0,6.944444444444444e-05,6.944444444444444e-05,"[[1150991293.6924274, -280957.75902297854, 46891.63524485803, 1.263056319542671], [-280957.75902297854, 1149911816.6256, -9.30374796764799, 46876.251714146216], [46891.63524485803, -9.30374796764799, 2.5709333333333317, 0.0], [1.263056319542671, 46876.251714146216, 0.0, 2.5709333333333317]]"
2026-07-26 14:00:30,54.708746663202376,15.23747619329241,62.247678393811974,parking,670.1401906056649,-522.2553845361139,0.0,0.0,0.0,4.0,4.0,6.944444444444444e-05,6.944444444444444e-05,"[[1208189191.9862568, -285782.1740118417, 48434.19524485803, 1.263056319542671], [-285782.1740118417, 1207091254.6825755, -9.30374796764799, 48418.81171414621], [48434.19524485803, -9.30374796764799, 2.6125999999999983, 0.0], [1.263056319542671, 48418.81171414621, 0.0, 2.6125999999999983]]"
2026-07-26 14:10:30,54.708746663202376,15.23747619329241,62.247678393811974,parking,670.1401906056649,-522.2553845361139,0.0,0.0,0.0,4.0,4.0,6.944444444444444e-05,6.944444444444444e-05,"[[1267253162.2800863, -290606.5890007049, 50001.755244858025, 1.263056319542671], [-290606.5890007049, 1266136764.7395508, -9.30374796764799, 49986.37171414621], [50001.755244858025, -9.30374796764799, 2.6542666666666648, 0.0], [1.263056319542671, 49986.37171414621, 0.0, 2.6542666666666648]]"
2026-07-26 14:20:30,54.708746663202376,15.23747619329241,62.247678393811974,parking,670.1401906056649,-522.2553845361139,0.0,0.0,0.0,4.0,4.0,6.944444444444444e-05,6.944444444444444e-05,"[[1328213204.5739157, -295431.00398956804, 51594.31524485802, 1.263056319542671], [-295431.00398956804, 1327078346.7965262, -9.30374796764799, 51578.93171414621], [51594.31524485802, -9.30374796764799, 2.6959333333333313, 0.0], [1.263056319542671, 51578.93171414621, 0.0, 2.6959333333333313]]"
2026-07-26 14:30:30,54.708746663202376,15.23747619329241,62.247678393811974,parking,670.1401906056649,-522.2553845361139,0.0,0.0,0.0,4.0,4.0,6.944444444444444e-05,6.944444444444444e-05,"[[1391099318.8677452, -300255.4189784312, 53211.87524485802, 1.263056319542671], [-300255.4189784312, 1389946000.8535016, -9.30374796764799, 53196.49171414621], [53211.87524485802, -9.30374796764799, 2.737599999999998, 0.0], [1.263056319542671, 53196.49171414621, 0.0, 2.737599999999998]]"
2026-07-26 14:40:30,54.708746663202376,15.23747619329241,62.247678393811974,parking,670.1401906056649,-522.2553845361139,0.0,0.0,0.0,4.0,4.0,6.944444444444444e-05,6.944444444444444e-05,"[[1455941505.1615746, -305079.83396729437, 54854.43524485802, 1.263056319542671], [-305079.83396729437, 1454769726.910477, -9.30374796764799, 54839.051714146204], [54854.43524485802, -9.30374796764799, 2.7792666666666643, 0.0], [1.263056319542671, 54839.051714146204, 0.0, 2.7792666666666643]]"
2026-07-26 14:50:30,54.708746663202376,15.23747619329241,62.247678393811974,parking,670.1401906056649,-522.2553845361139,0.0,0.0,0.0,4.0,4.0,6.944444444444444e-05,6.944444444444444e-05,"[[1522769763.455404, -309904.24895615753, 56521.995244858015, 1.263056319542671], [-309904.24895615753, 1521579524.9674523, -9.30374796764799, 56506.6117141462], [56521.995244858015, -9.30374796764799, 2.820933333333331, 0.0], [1.263056319542671, 56506.6117141462, 0.0, 2.820933333333331]]"
2026-07-26 15:00:30,54.708746663202376,15.23747619329241,62.247678393811974,parking,670.1401906056649,-522.2553845361139,0.0,0.0,0.0,4.0,4.0,6.944444444444444e-05,6.944444444444444e-05,"[[1591614093.7492335, -314728.6639450207, 58214.55524485801, 1.263056319542671], [-314728.6639450207, 1590405395.0244277, -9.30374796764799, 58199.1717141462], [58214.55524485801, -9.30374796764799, 2.8625999999999974, 0.0], [1.263056319542671, 58199.1717141462, 0.0, 2.8625999999999974]]"
2026-07-26 15:10:30,54.708746663202376,15.23747619329241,62.247678393811974,parking,670.1401906056649,-522.2553845361139,0.0,0.0,0.0,4.0,4.0,6.944444444444444e-05,6.944444444444444e-05,"[[1662504496.043063, -319553.07893388387, 59932.11524485801, 1.263056319542671], [-319553.07893388387, 1661277337.081403, -9.30374796764799, 59916.7317141462], [59932.11524485801, -9.30374796764799, 2.904266666666664, 0.0], [1.263056319542671, 59916.7317141462, 0.0, 2.904266666666664]]"
2026-07-26 15:20:30,54.708746663202376,15.23747619329241,62.247678393811974,parking,670.1401906056649,-522.2553845361139,0.0,0.0,0.0,4.0,4.0,6.944444444444444e-05,6.944444444444444e-05,"[[1735470970.3368924, -324377.49392274703, 61674.67524485801, 1.263056319542671], [-324377.49392274703, 1734225351.1383784, -9.30374796764799, 61659.291714146195], [61674.67524485801, -9.30374796764799, 2.9459333333333304, 0.0], [1.263056319542671, 61659.291714146195, 0.0, 2.9459333333333304]]"
2026-07-26 15:30:30,54.708746663202376,15.23747619329241,62.247678393811974,parking,670.1401906056649,-522.2553845361139,0.0,0.0,0.0,4.0,4.0,6.944444444444444e-05,6.944444444444444e-05,"[[1810543516.6307218, -329201.9089116102, 63442.235244858006, 1.263056319542671], [-329201.9089116102, 1809279437.1953537, -9.30374796764799, 63426.85171414619], [63442.235244858006, -9.30374796764799, 2.987599999999997, 0.0], [1.263056319542671, 63426.85171414619, 0.0, 2.987599999999997]]"
2026-07-26 15:40:30,54.708746663202376,15.23747619329241,62.247678393811974,parking,670.1401906056649,-522.2553845361139,0.0,0.0,0.0,4.0,4.0,6.944444444444444e-05,6.944444444444444e-05,"[[1887752134.9245512, -334026.32390047336, 65234.795244858, 1.263056319542671], [-334026.32390047336, 1886469595.252329, -9.30374796764799, 65219.41171414619], [65234.795244858, -9.30374796764799, 3.0292666666666634, 0.0], [1.263056319542671, 65219.41171414619, 0.0, 3.0292666666666634]]"
2026-07-26 15:50:30,54.708746663202376,15.23747619329241,62.247678393811974,parking,670.1401906056649,-522.2553845361139,0.0,0.0,0.0,4.0,4.0,6.944444444444444e-05,6.944444444444444e-05,"[[1967126825.2183807, -338850.7388893365, 67052.355244858, 1.263056319542671], [-338850.7388893365, 1965825825.3093045, -9.30374796764799, 67036.97171414619], [67052.355244858, -9.30374796764799, 3.07093333333333, 0.0], [1.263056319542671, 67036.97171414619, 0.0, 3.07093333333333]]"
2026-07-26 16:00:30,54.708746663202376,15.23747619329241,62.247678393811974,parking,670.1401906056649,-522.2553845361139,0.0,0.0,0.0,4.0,4.0,6.944444444444444e-05,6.944444444444444e-05,"[[2048697587.5122101, -343675.1538781997, 68894.915244858, 1.263056319542671], [-343675.1538781997, 2047378127.3662798, -9.30374796764799, 68879.53171414619], [68894.915244858, -9.30374796764799, 3.1125999999999965, 0.0], [1.263056319542671, 68879.53171414619, 0.0, 3.1125999999999965]]"
2026-07-26 16:10:30,54.708746663202376,15.23747619329241,62.247678393811974,parking,670.1401906056649,-522.2553845361139,0.0,0.0,0.0,4.0,4.0,6.944444444444444e-05,6.944444444444444e-05,"[[2132494421.8060396, -348499.56886706286, 70762.475244858, 1.263056319542671], [-348499.56886706286, 2131156501.4232552, -9.30374796764799, 70747.09171414618], [70762.475244858, -9.30374796764799, 3.154266666666663, 0.0], [1.263056319542671, 70747.09171414618, 0.0, 3.154266666666663]]"
2026-07-26 16:20:30,54.708746663202376,15.23747619329241,62.247678393811974,parking,670.1401906056649,-522.2553845361139,0.0,0.0,0.0,4.0,4.0,6.944444444444444e-05,6.944444444444444e-05,"[[2218547328.0998693, -353323.983855926, 72655.035244858, 1.263056319542671], [-353323.983855926, 2217190947.480231, -9.30374796764799, 72639.65171414618], [72655.035244858, -9.30374796764799, 3.1959333333333295, 0.0], [1.263056319542671, 72639.65171414618, 0.0, 3.1959333333333295]]"
2026-07-26 16:30:30,54.708746663202376,15.23747619329241,62.247678393811974,parking,670.1401906056649,-522.2553845361139,0.0,0.0,0.0,4.0,4.0,6.944444444444444e-05,6.944444444444444e-05,"[[2306886306.393699, -358148.3988447892, 74572.59524485799, 1.263056319542671], [-358148.3988447892, 2305511465.537206, -9.30374796764799, 74557.21171414618], [74572.59524485799, -9.30374796764799, 3.237599999999996, 0.0], [1.263056319542671, 74557.21171414618, 0.0, 3.237599999999996]]"
2026-07-26 16:40:30,54.708746663202376,15.23747619329241,62.247678393811974,parking,670.1401906056649,-522.2553845361139,0.0,0.0,0.0,4.0,4.0,6.944444444444444e-05,6.944444444444444e-05,"[[2397541356.687529, -362972.81383365236, 76515.15524485799, 1.263056319542671], [-362972.81383365236, 2396148055.5941815, -9.30374796764799, 76499.77171414618], [76515.15524485799, -9.30374796764799, 3.2792666666666626, 0.0], [1.263056319542671, 76499.77171414618, 0.0, 3.2792666666666626]]"
2026-07-26 16:50:30,54.708746663202376,15.23747619329241,62.247678393811974,parking,670.1401906056649,-522.2553845361139,0.0,0.0,0.0,4.0,4.0,6.944444444444444e-05,6.944444444444444e-05,"[[2490542478.981359, -367797.2288225155, 78482.71524485799, 1.263056319542671], [-367797.2288225155, 2489130717.651157, -9.30374796764799, 78467.33171414617], [78482.71524485799, -9.30374796764799, 3.320933333333329, 0.0], [1.263056319542671, 78467.33171414617, 0.0, 3.320933333333329]]"
2026-07-26 17:00:30,54.708746663202376,15.23747619329241,62.247678393811974,parking,670.1401906056649,-522.2553845361139,0.0,0.0,0.0,4.0,4.0,6.944444444444444e-05,6.944444444444444e-05,"[[2585919673.275189, -372621.6438113787, 80475.27524485798, 1.263056319542671], [-372621.6438113787, 2584489451.7081323, -9.30374796764799, 80459.89171414617], [80475.27524485798, -9.30374796764799, 3.3625999999999956, 0.0], [1.263056319542671, 80459.89171414617, 0.0, 3.3625999999999956]]"
2026-07-26 17:10:30,54.708746663202376,15.23747619329241,62.247678393811974,parking,670.1401906056649,-522.2553845361139,0.0,0.0,0.0,4.0,4.0,6.944444444444444e-05,6.944444444444444e-05,"[[2683702939.569019, -377446.05880024185, 82492.83524485798, 1.263056319542671], [-377446.05880024185, 2682254257.7651076, -9.30374796764799, 82477.45171414617], [82492.83524485798, -9.30374796764799, 3.404266666666662, 0.0], [1.263056319542671, 82477.45171414617, 0.0, 3.404266666666662]]"
2026-07-26 17:20:30,54.708746663202376,15.23747619329241,62.247678393811974,parking,670.1401906056649,-522.2553845361139,0.0,0.0,0.0,4.0,4.0,6.944444444444444e-05,6.944444444444444e-05,"[[2783922277.8628488, -382270.473789105, 84535.39524485798, 1.263056319542671], [-382270.473789105, 2782455135.822083, -9.30374796764799, 84520.01171414617], [84535.39524485798, -9.30374796764799, 3.4459333333333286, 0.0], [1.263056319542671, 84520.01171414617, 0.0, 3.4459333333333286]]"
2026-07-26 17:30:30,54.708746663202376,15.23747619329241,62.247678393811974,parking,670.1401906056649,-522.2553845361139,0.0,0.0,0.0,4.0,4.0,6.944444444444444e-05,6.944444444444444e-05,"[[2886607688.1566787, -387094.8887779682, 86602.95524485798, 1.263056319542671], [-387094.8887779682, 2885122085.8790584, -9.30374796764799, 86587.57171414616], [86602.95524485798, -9.30374796764799, 3.487599999999995, 0.0], [1.263056319542671, 86587.57171414616, 0.0, 3.487599999999995]]"
2026-07-26 17:40:30,54.708746663202376,15.23747619329241,62.247678393811974,parking,670.1401906056649,-522.2553845361139,0.0,0.0,0.0,4.0,4.0,6.944444444444444e-05,6.944444444444444e-05,"[[2991789170.4505086, -391919.30376683135, 88695.51524485798, 1.263056319542671], [-391919.30376683135, 2990285107.9360337, -9.30374796764799, 88680.13171414616], [88695.51524485798, -9.30374796764799, 3.5292666666666617, 0.0], [1.263056319542671, 88680.13171414616, 0.0, 3.5292666666666617]]"
2026-07-26 17:50:30,54.708746663202376,15.23747619329241,62.247678393811974,parking,670.1401906056649,-522.2553845361139,0.0,0.0,0.0,4.0,4.0,6.944444444444444e-05,6.944444444444444e-05,"[[3099496724.7443385, -396743.7187556945, 90813.07524485797, 1.263056319542671], [-396743.7187556945, 3097974201.993009, -9.30374796764799, 90797.69171414616], [90813.07524485797, -9.30374796764799, 3.570933333333328, 0.0], [1.263056319542671, 90797.69171414616, 0.0, 3.570933333333328]]"
2026-07-26 18:00:30,54.708746663202376,15.23747619329241,62.247678393811974,parking,670.1401906056649,-522.2553845361139,0.0,0.0,0.0,4.0,4.0,6.944444444444444e-05,6.944444444444444e-05,"[[3209760351.0381684, -401568.1337445577, 92955.63524485797, 1.263056319542671], [-401568.1337445577, 3208219368.0499845, -9.30374796764799, 92940.25171414616], [92955.63524485797, -9.30374796764799, 3.6125999999999947, 0.0], [1.263056319542671, 92940.25171414616, 0.0, 3.6125999999999947]]"
2026-07-26 18:10:30,54.708746663202376,15.23747619329241,62.247678393811974,parking,670.1401906056649,-522.2553845361139,0.0,0.0,0.0,4.0,4.0,6.944444444444444e-05,6.944444444444444e-05,"[[3322610049.3319983, -406392.54873342084, 95123.19524485797, 1.263056319542671], [-406392.54873342084, 3321050606.10696, -9.30374796764799, 95107.81171414616], [95123.19524485797, -9.30374796764799, 3.6542666666666612, 0.0], [1.263056319542671, 95107.81171414616, 0.0, 3.6542666666666612]]"
2026-07-26 18:20:30,54.708746663202376,15.23747619329241,62.247678393811974,parking,670.1401906056649,-522.2553845361139,0.0,0.0,0.0,4.0,4.0,6.944444444444444e-05,6.944444444444444e-05,"[[3438075819.6258283, -411216.963722284, 97315.75524485797, 1.263056319542671], [-411216.963722284, 3436497916.163935, -9.30374796764799, 97300.37171414615], [97315.75524485797, -9.30374796764799, 3.6959333333333277, 0.0], [1.263056319542671, 97300.37171414615, 0.0, 3.6959333333333277]]"
2026-07-26 18:30:30,54.708746663202376,15.23747619329241,62.247678393811974,parking,670.1401906056649,-522.2553845361139,0.0,0.0,0.0,4.0,4.0,6.944444444444444e-05,6.944444444444444e-05,"[[3556187661.919658, -416041.3787111472, 99533.31524485796, 1.263056319542671], [-416041.3787111472, 3554591298.2209105, -9.30374796764799, 99517.93171414615], [99533.31524485796, -9.30374796764799, 3.7375999999999943, 0.0], [1.263056319542671, 99517.93171414615, 0.0, 3.7375999999999943]]"
2026-07-26 18:40:30,54.708746663202376,15.23747619329241,62.247678393811974,parking,670.1401906056649,-522.2553845361139,0.0,0.0,0.0,4.0,4.0,6.944444444444444e-05,6.944444444444444e-05,"[[3676975576.213488, -420865.79370001034, 101775.87524485796, 1.263056319542671], [-420865.79370001034, 3675360752.277886, -9.30374796764799, 101760.49171414615], [101775.87524485796, -9.30374796764799, 3.779266666666661, 0.0], [1.263056319542671, 101760.49171414615, 0.0, 3.779266666666661]]"
2026-07-26 18:50:30,54.708746663202376,15.23747619329241,62.247678393811974,parking,670.1401906056649,-522.2553845361139,0.0,0.0,0.0,4.0,4.0,6.944444444444444e-05,6.944444444444444e-05,"[[3800469562.507318, -425690.2086888735, 104043.43524485796, 1.263056319542671], [-425690.2086888735, 3798836278.3348613, -9.30374796764799, 104028.05171414615], [104043.43524485796, -9.30374796764799, 3.8209333333333273, 0.0], [1.263056319542671, 104028.05171414615, 0.0, 3.8209333333333273]]"
2026-07-26 19:00:30,54.708746663202376,15.23747619329241,62.247678393811974,parking,670.1401906056649,-522.2553845361139,0.0,0.0,0.0,4.0,4.0,6.944444444444444e-05,6.944444444444444e-05,"[[3926699620.801148, -430514.6236777367, 106335.99524485796, 1.263056319542671], [-430514.6236777367, 3925047876.3918366, -9.30374796764799, 106320.61171414614], [106335.99524485796, -9.30374796764799, 3.862599999999994, 0.0], [1.263056319542671, 106320.61171414614, 0.0, 3.862599999999994]]"
2026-07-26 19:10:30,54.708746663202376,15.23747619329241,62.247678393811974,parking,670.1401906056649,-522.2553845361139,0.0,0.0,0.0,4.0,4.0,6.944444444444444e-05,6.944444444444444e-05,"[[4055695751.094978, -435339.03866659984, 108653.55524485795, 1.263056319542671], [-435339.03866659984, 4054025546.448812, -9.30374796764799, 108638.17171414614], [108653.55524485795, -9.30374796764799, 3.9042666666666603, 0.0], [1.263056319542671, 108638.17171414614, 0.0, 3.9042666666666603]]"
2026-07-26 19:20:30,54.708746663202376,15.23747619329241,62.247678393811974,parking,670.1401906056649,-522.2553845361139,0.0,0.0,0.0,4.0,4.0,6.944444444444444e-05,6.944444444444444e-05,"[[4187487953.388808, -440163.453655463, 110996.11524485795, 1.263056319542671], [-440163.453655463, 4185799288.5057874, -9.30374796764799, 110980.73171414614], [110996.11524485795, -9.30374796764799, 3.945933333333327, 0.0], [1.263056319542671, 110980.73171414614, 0.0, 3.945933333333327]]"
2026-07-26 19:30:30,54.708746663202376,15.23747619329241,62.247678393811974,parking,670.1401906056649,-522.2553845361139,0.0,0.0,0.0,4.0,4.0,6.944444444444444e-05,6.944444444444444e-05,"[[4322106227.682637, -444987.86864432617, 113363.67524485795, 1.263056319542671], [-444987.86864432617, 4320399102.562762, -9.30374796764799, 113348.29171414614], [113363.67524485795, -9.30374796764799, 3.9875999999999934, 0.0], [1.263056319542671, 113348.29171414614, 0.0, 3.9875999999999934]]"
2026-07-26 19:40:30,54.708746663202376,15.23747619329241,62.247678393811974,parking,670.1401906056649,-522.2553845361139,0.0,0.0,0.0,4.0,4.0,6.944444444444444e-05,6.944444444444444e-05,"[[4459580573.976466, -449812.28363318933, 115756.23524485795, 1.263056319542671], [-449812.28363318933, 4457854988.619737, -9.30374796764799, 115740.85171414613], [115756.23524485795, -9.30374796764799, 4.02926666666666, 0.0], [1.263056319542671, 115740.85171414613, 0.0, 4.02926666666666]]"
2026-07-26 19:50:30,54.708746663202376,15.23747619329241,62.247678393811974,parking,670.1401906056649,-522.2553845361139,0.0,0.0,0.0,4.0,4.0,6.944444444444444e-05,6.944444444444444e-05,"[[4599940992.270295, -454636.6986220525, 118173.79524485795, 1.263056319542671], [-454636.6986220525, 4598196946.676711, -9.30374796764799, 118158.41171414613], [118173.79524485795, -9.30374796764799, 4.070933333333327, 0.0], [1.263056319542671, 118158.41171414613, 0.0, 4.070933333333327]]"
2026-07-26 20:00:30,54.708746663202376,15.23747619329241,62.247678393811974,parking,670.1401906056649,-522.2553845361139,0.0,0.0,0.0,4.0,4.0,6.944444444444444e-05,6.944444444444444e-05,"[[4743217482.564124, -459461.11361091567, 120616.35524485794, 1.263056319542671], [-459461.11361091567, 4741454976.7336855, -9.30374796764799, 120600.97171414613], [120616.35524485794, -9.30374796764799, 4.112599999999994, 0.0], [1.263056319542671, 120600.97171414613, 0.0, 4.112599999999994]]"
2026-07-26 20:10:30,54.708746663202376,15.23747619329241,62.247678393811974,parking,670.1401906056649,-522.2553845361139,0.0,0.0,0.0,4.0,4.0,6.944444444444444e-05,6.944444444444444e-05,"[[4889440044.857953, -464285.52859977883, 123083.91524485794, 1.263056319542671], [-464285.52859977883, 4887659078.79066, -9.30374796764799, 123068.53171414613], [123083.91524485794, -9.30374796764799, 4.154266666666661, 0.0], [1.263056319542671, 123068.53171414613, 0.0, 4.154266666666661]]"
2026-07-26 20:20:30,54.708746663202376,15.23747619329241,62.247678393811974,parking,670.1401906056649,-522.2553845361139,0.0,0.0,0.0,4.0,4.0,6.944444444444444e-05,6.944444444444444e-05,"[[5038638679.151782, -469109.943588642, 125576.47524485794, 1.263056319542671], [-469109.943588642, 5036839252.847634, -9.30374796764799, 125561.09171414613], [125576.47524485794, -9.30374796764799, 4.195933333333328, 0.0], [1.263056319542671, 125561.09171414613, 0.0, 4.195933333333328]]"
2026-07-26 20:30:30,54.708746663202376,15.23747619329241,62.247678393811974,parking,670.1401906056649,-522.2553845361139,0.0,0.0,0.0,4.0,4.0,6.944444444444444e-05,6.944444444444444e-05,"[[5190843385.445611, -473934.35857750516, 128094.03524485794, 1.263056319542671], [-473934.35857750516, 5189025498.904609, -9.30374796764799, 128078.65171414612], [128094.03524485794, -9.30374796764799, 4.237599999999995, 0.0], [1.263056319542671, 128078.65171414612, 0.0, 4.237599999999995]]"
2026-07-26 20:40:30,54.708746663202376,15.23747619329241,62.247678393811974,parking,670.1401906056649,-522.2553845361139,0.0,0.0,0.0,4.0,4.0,6.944444444444444e-05,6.944444444444444e-05,"[[5346084163.73944, -478758.7735663683, 130636.59524485793, 1.263056319542671], [-478758.7735663683, 5344247816.961583, -9.30374796764799, 130621.21171414612], [130636.59524485793, -9.30374796764799, 4.279266666666662, 0.0], [1.263056319542671, 130621.21171414612, 0.0, 4.279266666666662]]"
2026-07-26 20:50:30,54.708746663202376,15.23747619329241,62.247678393811974,parking,670.1401906056649,-522.2553845361139,0.0,0.0,0.0,4.0,4.0,6.944444444444444e-05,6.944444444444444e-05,"[[5504391014.033269, -483583.1885552315, 133204.15524485792, 1.263056319542671], [-483583.1885552315, 5502536207.018558, -9.30374796764799, 133188.7717141461], [133204.15524485792, -9.30374796764799, 4.320933333333329, 0.0], [1.263056319542671, 133188.7717141461, 0.0, 4.320933333333329]]"
2026-07-26 21:00:30,54.708746663202376,15.23747619329241,62.247678393811974,parking,670.1401906056649,-522.2553845361139,0.0,0.0,0.0,4.0,4.0,6.944444444444444e-05,6.944444444444444e-05,"[[5665793936.327098, -488407.60354409466, 135796.7152448579, 1.263056319542671], [-488407.60354409466, 5663920669.075532, -9.30374796764799, 135781.3317141461], [135796.7152448579, -9.30374796764799, 4.362599999999996, 0.0], [1.263056319542671, 135781.3317141461, 0.0, 4.362599999999996]]"
2026-07-26 21:10:30,54.708746663202376,15.23747619329241,62.247678393811974,parking,670.1401906056649,-522.2553845361139,0.0,0.0,0.0,4.0,4.0,6.944444444444444e-05,6.944444444444444e-05,"[[5830322930.620927, -493232.0185329578, 138414.2752448579, 1.263056319542671], [-493232.0185329578, 5828431203.132506, -9.30374796764799, 138398.8917141461], [138414.2752448579, -9.30374796764799, 4.404266666666663, 0.0], [1.263056319542671, 138398.8917141461, 0.0, 4.404266666666663]]"
2026-07-26 21:20:30,54.708746663202376,15.23747619329241,62.247678393811974,parking,670.1401906056649,-522.2553845361139,0.0,0.0,0.0,4.0,4.0,6.944444444444444e-05,6.944444444444444e-05,"[[5998007996.914756, -498056.433521821, 141056.8352448579, 1.263056319542671], [-498056.433521821, 5996097809.189481, -9.30374796764799, 141041.4517141461], [141056.8352448579, -9.30374796764799, 4.44593333333333, 0.0], [1.263056319542671, 141041.4517141461, 0.0, 4.44593333333333]]"
2026-07-26 21:30:30,54.708746663202376,15.23747619329241,62.247678393811974,parking,670.1401906056649,-522.2553845361139,0.0,0.0,0.0,4.0,4.0,6.944444444444444e-05,6.944444444444444e-05,"[[6168879135.208585, -502880.84851068415, 143724.3952448579, 1.263056319542671], [-502880.84851068415, 6166950487.246455, -9.30374796764799, 143709.0117141461], [143724.3952448579, -9.30374796764799, 4.487599999999997, 0.0], [1.263056319542671, 143709.0117141461, 0.0, 4.487599999999997]]"
2026-07-26 21:40:30,54.708746663202376,15.23747619329241,62.247678393811974,parking,670.1401906056649,-522.2553845361139,0.0,0.0,0.0,4.0,4.0,6.944444444444444e-05,6.944444444444444e-05,"[[6342966345.502414, -507705.2634995473, 146416.9552448579, 1.263056319542671], [-507705.2634995473, 6341019237.30343, -9.30374796764799, 146401.5717141461], [146416.9552448579, -9.30374796764799, 4.529266666666664, 0.0], [1.263056319542671, 146401.5717141461, 0.0, 4.529266666666664]]"
2026-07-26 21:50:30,54.708746663202376,15.23747619329241,62.247678393811974,parking,670.1401906056649,-522.2553845361139,0.0,0.0,0.0,4.0,4.0,6.944444444444444e-05,6.944444444444444e-05,"[[6520299627.796243, -512529.6784884105, 149134.5152448579, 1.263056319542671], [-512529.6784884105, 6518334059.360404, -9.30374796764799, 149119.1317141461], [149134.5152448579, -9.30374796764799, 4.570933333333331, 0.0], [1.263056319542671, 149119.1317141461, 0.0, 4.570933333333331]]"
2026-07-26 22:00:30,54.708746663202376,15.23747619329241,62.247678393811974,parking,670.1401906056649,-522.2553845361139,0.0,0.0,0.0,4.0,4.0,6.944444444444444e-05,6.944444444444444e-05,"[[6700908982.090072, -517354.09347727365, 151877.0752448579, 1.263056319542671], [-517354.09347727365, 6698924953.417378, -9.30374796764799, 151861.6917141461], [151877.0752448579, -9.30374796764799, 4.612599999999998, 0.0], [1.263056319542671, 151861.6917141461, 0.0, 4.612599999999998]]"
2026-07-26 22:10:30,54.708746663202376,15.23747619329241,62.247678393811974,parking,670.1401906056649,-522.2553845361139,0.0,0.0,0.0,4.0,4.0,6.944444444444444e-05,6.944444444444444e-05,"[[6884824408.383901, -522178.5084661368, 154644.6352448579, 1.263056319542671], [-522178.5084661368, 6882821919.474353, -9.30374796764799, 154629.25171414608], [154644.6352448579, -9.30374796764799, 4.654266666666665, 0.0], [1.263056319542671, 154629.25171414608, 0.0, 4.654266666666665]]"
2026-07-26 22:20:30,54.708746663202376,15.23747619329241,62.247678393811974,parking,670.1401906056649,-522.2553845361139,0.0,0.0,0.0,4.0,4.0,6.944444444444444e-05,6.944444444444444e-05,"[[7072075906.67773, -527002.923455, 157437.1952448579, 1.263056319542671], [-527002.9234549999, 7070054957.531327, -9.30374796764799, 157421.81171414608], [157437.1952448579, -9.30374796764799, 4.695933333333332, 0.0], [1.263056319542671, 157421.81171414608, 0.0, 4.695933333333332]]"
2026-07-26 22:30:30,54.708746663202376,15.23747619329241,62.247678393811974,parking,670.1401906056649,-522.2553845361139,0.0,0.0,0.0,4.0,4.0,6.944444444444444e-05,6.944444444444444e-05,"[[7262693476.971559, -531827.3384438632, 160254.7552448579, 1.263056319542671], [-531827.3384438631, 7260654067.588302, -9.30374796764799, 160239.37171414608], [160254.7552448579, -9.30374796764799, 4.737599999999999, 0.0], [1.263056319542671, 160239.37171414608, 0.0, 4.737599999999999]]"
2026-07-26 22:40:30,54.708746663202376,15.23747619329241,62.247678393811974,parking,670.1401906056649,-522.2553845361139,0.0,0.0,0.0,4.0,4.0,6.944444444444444e-05,6.944444444444444e-05,"[[7456707119.265388, -536651.7534327264, 163097.3152448579, 1.263056319542671], [-536651.7534327263, 7454649249.645276, -9.30374796764799, 163081.93171414608], [163097.3152448579, -9.30374796764799, 4.779266666666666, 0.0], [1.263056319542671, 163081.93171414608, 0.0, 4.779266666666666]]"
2026-07-26 22:50:30,54.708746663202376,15.23747619329241,62.247678393811974,parking,670.1401906056649,-522.2553845361139,0.0,0.0,0.0,4.0,4.0,6.944444444444444e-05,6.944444444444444e-05,"[[7654146833.5592165, -541476.1684215895, 165964.8752448579, 1.263056319542671], [-541476.1684215894, 7652070503.7022505, -9.30374796764799, 165949.49171414608], [165964.8752448579, -9.30374796764799, 4.820933333333333, 0.0], [1.263056319542671, 165949.49171414608, 0.0, 4.820933333333333]]"
2026-07-26 23:00:30,54.708746663202376,15.23747619329241,62.247678393811974,parking,670.1401906056649,-522.2553845361139,0.0,0.0,0.0,4.0,4.0,6.944444444444444e-05,6.944444444444444e-05,"[[7855042619.853045, -546300.5834104527, 168857.4352448579, 1.263056319542671], [-546300.5834104526, 7852947829.759225, -9.30374796764799, 168842.05171414607], [168857.4352448579, -9.30374796764799, 4.8626, 0.0], [1.263056319542671, 168842.05171414607, 0.0, 4.8626]]"
2026-07-26 23:10:30,54.708746663202376,15.23747619329241,62.247678393811974,parking,670.1401906056649,-522.2553845361139,0.0,0.0,0.0,4.0,4.0,6.944444444444444e-05,6.944444444444444e-05,"[[8059424478.146874, -551124.9983993159, 171774.99524485788, 1.263056319542671], [-551124.9983993158, 8057311227.816199, -9.30374796764799, 171759.61171414607], [171774.99524485788, -9.30374796764799, 4.9042666666666666, 0.0], [1.263056319542671, 171759.61171414607, 0.0, 4.9042666666666666]]"
2026-07-26 23:20:30,54.708746663202376,15.23747619329241,62.247678393811974,parking,670.1401906056649,-522.2553845361139,0.0,0.0,0.0,4.0,4.0,6.944444444444444e-05,6.944444444444444e-05,"[[8267322408.440703, -555949.413388179, 174717.55524485788, 1.263056319542671], [-555949.4133881789, 8265190697.873174, -9.30374796764799, 174702.17171414607], [174717.55524485788, -9.30374796764799, 4.9459333333333335, 0.0], [1.263056319542671, 174702.17171414607, 0.0, 4.9459333333333335]]"
2026-07-26 23:30:30,54.708746663202376,15.23747619329241,62.247678393811974,parking,670.1401906056649,-522.2553845361139,0.0,0.0,0.0,4.0,4.0,6.944444444444444e-05,6.944444444444444e-05,"[[8478766410.734532, -560773.8283770422, 177685.11524485788, 1.263056319542671], [-560773.8283770421, 8476616239.930148, -9.30374796764799, 177669.73171414607], [177685.11524485788, -9.30374796764799, 4.9876000000000005, 0.0], [1.263056319542671, 177669.73171414607, 0.0, 4.9876000000000005]]"
2026-07-26 23:40:30,54.708746663202376,15.23747619329241,62.247678393811974,parking,670.1401906056649,-522.2553845361139,0.0,0.0,0.0,4.0,4.0,6.944444444444444e-05,6.944444444444444e-05,"[[8693786485.028362, -565598.2433659054, 180677.67524485788, 1.263056319542671], [-565598.2433659052, 8691617853.987123, -9.30374796764799, 180662.29171414606], [180677.67524485788, -9.30374796764799, 5.029266666666667, 0.0], [1.263056319542671, 180662.29171414606, 0.0, 5.029266666666667]]"
2026-07-26 23:50:30,54.708746663202376,15.23747619329241,62.247678393811974,parking,670.1401906056649,-522.2553845361139,0.0,0.0,0.0,4.0,4.0,6.944444444444444e-05,6.944444444444444e-05,"[[8912412631.322193, -570422.6583547685, 183695.23524485787, 1.263056319542671], [-570422.6583547684, 8910225540.0441, -9.30374796764799, 183679.85171414606], [183695.23524485787, -9.30374796764799, 5.070933333333334, 0.0], [1.263056319542671, 183679.85171414606, 0.0, 5.070933333333334]]"
2026-07-27 00:00:30,54.708746663202376,15.23747619329241,62.247678393811974,parking,670.1401906056649,-522.2553845361139,0.0,0.0,0.0,4.0,4.0,6.944444444444444e-05,6.944444444444444e-05,"[[9134674849.616024, -575247.0733436317, 186737.79524485787, 1.263056319542671], [-575247.0733436316, 9132469298.101076, -9.30374796764799, 186722.41171414606], [186737.79524485787, -9.30374796764799, 5.112600000000001, 0.0], [1.263056319542671, 186722.41171414606, 0.0, 5.112600000000001]]"
2026-07-27 00:10:30,54.708746663202376,15.23747619329241,62.247678393811974,parking,670.1401906056649,-522.2553845361139,0.0,0.0,0.0,4.0,4.0,6.944444444444444e-05,6.944444444444444e-05,"[[9360603139.909855, -580071.4883324949, 189805.35524485787, 1.263056319542671], [-580071.4883324947, 9358379128.158052, -9.30374796764799, 189789.97171414606], [189805.35524485787, -9.30374796764799, 5.154266666666668, 0.0], [1.263056319542671, 189789.97171414606, 0.0, 5.154266666666668]]"
2026-07-27 00:20:30,54.708746663202376,15.23747619329241,62.247678393811974,parking,670.1401906056649,-522.2553845361139,0.0,0.0,0.0,4.0,4.0,6.944444444444444e-05,6.944444444444444e-05,"[[9590227502.203686, -584895.903321358, 192897.91524485787, 1.263056319542671], [-584895.9033213579, 9587985030.215029, -9.30374796764799, 192882.53171414605], [192897.91524485787, -9.30374796764799, 5.195933333333335, 0.0], [1.263056319542671, 192882.53171414605, 0.0, 5.195933333333335]]"
2026-07-27 00:30:30,54.708746663202376,15.23747619329241,62.247678393811974,parking,670.1401906056649,-522.2553845361139,0.0,0.0,0.0,4.0,4.0,6.944444444444444e-05,6.944444444444444e-05,"[[9823577936.497517, -589720.3183102212, 196015.47524485787, 1.263056319542671], [-589720.3183102211, 9821317004.272005, -9.30374796764799, 196000.09171414605], [196015.47524485787, -9.30374796764799, 5.237600000000002, 0.0], [1.263056319542671, 196000.09171414605, 0.0, 5.237600000000002]]"
2026-07-27 00:40:30,54.708746663202376,15.23747619329241,62.247678393811974,parking,670.1401906056649,-522.2553845361139,0.0,0.0,0.0,4.0,4.0,6.944444444444444e-05,6.944444444444444e-05,"[[10060684442.791348, -594544.7332990844, 199158.03524485786, 1.263056319542671], [-594544.7332990842, 10058405050.328981, -9.30374796764799, 199142.65171414605], [199158.03524485786, -9.30374796764799, 5.279266666666669, 0.0], [1.263056319542671, 199142.65171414605, 0.0, 5.279266666666669]]"
2026-07-27 00:50:30,54.708746663202376,15.23747619329241,62.247678393811974,parking,670.1401906056649,-522.2553845361139,0.0,0.0,0.0,4.0,4.0,6.944444444444444e-05,6.944444444444444e-05,"[[10301577021.085178, -599369.1482879475, 202325.59524485786, 1.263056319542671], [-599369.1482879474, 10299279168.385958, -9.30374796764799, 202310.21171414605], [202325.59524485786, -9.30374796764799, 5.320933333333336, 0.0], [1.263056319542671, 202310.21171414605, 0.0, 5.320933333333336]]"
2026-07-27 01:00:30,54.708746663202376,15.23747619329241,62.247678393811974,parking,670.1401906056649,-522.2553845361139,0.0,0.0,0.0,4.0,4.0,6.944444444444444e-05,6.944444444444444e-05,"[[10546285671.37901, -604193.5632768107, 205518.15524485786, 1.263056319542671], [-604193.5632768106, 10543969358.442934, -9.30374796764799, 205502.77171414605], [205518.15524485786, -9.30374796764799, 5.362600000000003, 0.0], [1.263056319542671, 205502.77171414605, 0.0, 5.362600000000003]]"
2026-07-27 01:10:30,54.708746663202376,15.23747619329241,62.247678393811974,parking,670.1401906056649,-522.2553845361139,0.0,0.0,0.0,4.0,4.0,6.944444444444444e-05,6.944444444444444e-05,"[[10794840393.67284, -609017.9782656739, 208735.71524485786, 1.263056319542671], [-609017.9782656737, 10792505620.49991, -9.30374796764799, 208720.33171414604], [208735.71524485786, -9.30374796764799, 5.40426666666667, 0.0], [1.263056319542671, 208720.33171414604, 0.0, 5.40426666666667]]"
2026-07-27 01:20:30,54.708746663202376,15.23747619329241,62.247678393811974,parking,670.1401906056649,-522.2553845361139,0.0,0.0,0.0,4.0,4.0,6.944444444444444e-05,6.944444444444444e-05,"[[11047271187.966671, -613842.393254537, 211978.27524485785, 1.263056319542671], [-613842.3932545369, 11044917954.556887, -9.30374796764799, 211962.89171414604], [211978.27524485785, -9.30374796764799, 5.445933333333337, 0.0], [1.263056319542671, 211962.89171414604, 0.0, 5.445933333333337]]"
2026-07-27 01:30:30,54.708746663202376,15.23747619329241,62.247678393811974,parking,670.1401906056649,-522.2553845361139,0.0,0.0,0.0,4.0,4.0,6.944444444444444e-05,6.944444444444444e-05,"[[11303608054.260502, -618666.8082434002, 215245.83524485785, 1.263056319542671], [-618666.8082434001, 11301236360.613863, -9.30374796764799, 215230.45171414604], [215245.83524485785, -9.30374796764799, 5.487600000000004, 0.0], [1.263056319542671, 215230.45171414604, 0.0, 5.487600000000004]]"
2026-07-27 01:40:30,54.708746663202376,15.23747619329241,62.247678393811974,parking,670.1401906056649,-522.2553845361139,0.0,0.0,0.0,4.0,4.0,6.944444444444444e-05,6.944444444444444e-05,"[[11563880992.554333, -623491.2232322633, 218538.39524485785, 1.263056319542671], [-623491.2232322632, 11561490838.67084, -9.30374796764799, 218523.01171414604], [218538.39524485785, -9.30374796764799, 5.529266666666671, 0.0], [1.263056319542671, 218523.01171414604, 0.0, 5.529266666666671]]"
2026-07-27 01:50:30,54.708746663202376,15.23747619329241,62.247678393811974,parking,670.1401906056649,-522.2553845361139,0.0,0.0,0.0,4.0,4.0,6.944444444444444e-05,6.944444444444444e-05,"[[11828120002.848164, -628315.6382211265, 221855.95524485785, 1.263056319542671], [-628315.6382211264, 11825711388.727816, -9.30374796764799, 221840.57171414603], [221855.95524485785, -9.30374796764799, 5.570933333333338, 0.0], [1.263056319542671, 221840.57171414603, 0.0, 5.570933333333338]]"
2026-07-27 02:00:30,54.708746663202376,15.23747619329241,62.247678393811974,parking,670.1401906056649,-522.2553845361139,0.0,0.0,0.0,4.0,4.0,6.944444444444444e-05,6.944444444444444e-05,"[[12096355085.141994, -633140.0532099897, 225198.51524485784, 1.263056319542671], [-633140.0532099896, 12093928010.784792, -9.30374796764799, 225183.13171414603], [225198.51524485784, -9.30374796764799, 5.612600000000005, 0.0], [1.263056319542671, 225183.13171414603, 0.0, 5.612600000000005]]"
2026-07-27 02:10:30,54.708746663202376,15.23747619329241,62.247678393811974,parking,670.1401906056649,-522.2553845361139,0.0,0.0,0.0,4.0,4.0,6.944444444444444e-05,6.944444444444444e-05,"[[12368616239.435825, -637964.4681988528, 228566.07524485784, 1.263056319542671], [-637964.4681988527, 12366170704.841768, -9.30374796764799, 228550.69171414603], [228566.07524485784, -9.30374796764799, 5.654266666666672, 0.0], [1.263056319542671, 228550.69171414603, 0.0, 5.654266666666672]]"
2026-07-27 02:20:30,54.708746663202376,15.23747619329241,62.247678393811974,parking,670.1401906056649,-522.2553845361139,0.0,0.0,0.0,4.0,4.0,6.944444444444444e-05,6.944444444444444e-05,"[[12644933465.729656, -642788.883187716, 231958.63524485784, 1.263056319542671], [-642788.8831877159, 12642469470.898745, -9.30374796764799, 231943.25171414603], [231958.63524485784, -9.30374796764799, 5.695933333333339, 0.0], [1.263056319542671, 231943.25171414603, 0.0, 5.695933333333339]]"
2026-07-27 02:30:30,54.708746663202376,15.23747619329241,62.247678393811974,parking,670.1401906056649,-522.2553845361139,0.0,0.0,0.0,4.0,4.0,6.944444444444444e-05,6.944444444444444e-05,"[[12925336764.023487, -647613.2981765792, 235376.19524485784, 1.263056319542671], [-647613.2981765791, 12922854308.95572, -9.30374796764799, 235360.81171414602], [235376.19524485784, -9.30374796764799, 5.737600000000006, 0.0], [1.263056319542671, 235360.81171414602, 0.0, 5.737600000000006]]"
2026-07-27 02:40:30,54.708746663202376,15.23747619329241,62.247678393811974,parking,670.1401906056649,-522.2553845361139,0.0,0.0,0.0,4.0,4.0,6.944444444444444e-05,6.944444444444444e-05,"[[13209856134.317318, -652437.7131654423, 238818.75524485784, 1.263056319542671], [-652437.7131654422, 13207355219.012697, -9.30374796764799, 238803.37171414602], [238818.75524485784, -9.30374796764799, 5.779266666666673, 0.0], [1.263056319542671, 238803.37171414602, 0.0, 5.779266666666673]]"
2026-07-27 02:50:30,54.708746663202376,15.23747619329241,62.247678393811974,parking,670.1401906056649,-522.2553845361139,0.0,0.0,0.0,4.0,4.0,6.944444444444444e-05,6.944444444444444e-05,"[[13498521576.611149, -657262.1281543055, 242286.31524485783, 1.263056319542671], [-657262.1281543054, 13496002201.069674, -9.30374796764799, 242270.93171414602], [242286.31524485783, -9.30374796764799, 5.82093333333334, 0.0], [1.263056319542671, 242270.93171414602, 0.0, 5.82093333333334]]"
2026-07-27 03:00:30,54.708746663202376,15.23747619329241,62.247678393811974,parking,670.1401906056649,-522.2553845361139,0.0,0.0,0.0,4.0,4.0,6.944444444444444e-05,6.944444444444444e-05,"[[13791363090.90498, -662086.5431431687, 245778.87524485783, 1.263056319542671], [-662086.5431431686, 13788825255.12665, -9.30374796764799, 245763.49171414602], [245778.87524485783, -9.30374796764799, 5.862600000000007, 0.0], [1.263056319542671, 245763.49171414602, 0.0, 5.862600000000007]]"
2026-07-27 03:10:30,54.708746663202376,15.23747619329241,62.247678393811974,parking,670.1401906056649,-522.2553845361139,0.0,0.0,0.0,4.0,4.0,6.944444444444444e-05,6.944444444444444e-05,"[[14088410677.19881, -666910.9581320318, 249296.43524485783, 1.263056319542671], [-666910.9581320317, 14085854381.183626, -9.30374796764799, 249281.05171414602], [249296.43524485783, -9.30374796764799, 5.904266666666674, 0.0], [1.263056319542671, 249281.05171414602, 0.0, 5.904266666666674]]"
2026-07-27 03:20:30,54.708746663202376,15.23747619329241,62.247678393811974,parking,670.1401906056649,-522.2553845361139,0.0,0.0,0.0,4.0,4.0,6.944444444444444e-05,6.944444444444444e-05,"[[14389694335.492641, -671735.373120895, 252838.99524485783, 1.263056319542671], [-671735.3731208949, 14387119579.240602, -9.30374796764799, 252823.611714146], [252838.99524485783, -9.30374796764799, 5.945933333333341, 0.0], [1.263056319542671, 252823.611714146, 0.0, 5.945933333333341]]"
2026-07-27 03:30:30,54.708746663202376,15.23747619329241,62.247678393811974,parking,670.1401906056649,-522.2553845361139,0.0,0.0,0.0,4.0,4.0,6.944444444444444e-05,6.944444444444444e-05,"[[14695244065.786472, -676559.7881097582, 256406.55524485782, 1.263056319542671], [-676559.788109758, 14692650849.297579, -9.30374796764799, 256391.171714146], [256406.55524485782, -9.30374796764799, 5.987600000000008, 0.0], [1.263056319542671, 256391.171714146, 0.0, 5.987600000000008]]"
2026-07-27 03:40:30,54.708746663202376,15.23747619329241,62.247678393811974,parking,670.1401906056649,-522.2553845361139,0.0,0.0,0.0,4.0,4.0,6.944444444444444e-05,6.944444444444444e-05,"[[15005089868.080303, -681384.2030986213, 259999.11524485782, 1.263056319542671], [-681384.2030986212, 15002478191.354555, -9.30374796764799, 259983.731714146], [259999.11524485782, -9.30374796764799, 6.0292666666666745, 0.0], [1.263056319542671, 259983.731714146, 0.0, 6.0292666666666745]]"
2026-07-27 03:50:30,54.708746663202376,15.23747619329241,62.247678393811974,parking,670.1401906056649,-522.2553845361139,0.0,0.0,0.0,4.0,4.0,6.944444444444444e-05,6.944444444444444e-05,"[[15319261742.374134, -686208.6180874845, 263616.67524485785, 1.263056319542671], [-686208.6180874844, 15316631605.411531, -9.30374796764799, 263601.29171414603], [263616.67524485785, -9.30374796764799, 6.0709333333333415, 0.0], [1.263056319542671, 263601.29171414603, 0.0, 6.0709333333333415]]"
2026-07-27 04:00:30,54.708746663202376,15.23747619329241,62.247678393811974,parking,670.1401906056649,-522.2553845361139,0.0,0.0,0.0,4.0,4.0,6.944444444444444e-05,6.944444444444444e-05,"[[15637789688.667965, -691033.0330763477, 267259.23524485785, 1.263056319542671], [-691033.0330763476, 15635141091.468508, -9.30374796764799, 267243.85171414603], [267259.23524485785, -9.30374796764799, 6.1126000000000085, 0.0], [1.263056319542671, 267243.85171414603, 0.0, 6.1126000000000085]]"
2026-07-27 04:10:30,54.708746663202376,15.23747619329241,62.247678393811974,parking,670.1401906056649,-522.2553845361139,0.0,0.0,0.0,4.0,4.0,6.944444444444444e-05,6.944444444444444e-05,"[[15960703706.961796, -695857.4480652108, 270926.79524485784, 1.263056319542671], [-695857.4480652107, 15958036649.525484, -9.30374796764799, 270911.41171414603], [270926.79524485784, -9.30374796764799, 6.154266666666675, 0.0], [1.263056319542671, 270911.41171414603, 0.0, 6.154266666666675]]"
2026-07-27 04:20:30,54.708746663202376,15.23747619329241,62.247678393811974,parking,670.1401906056649,-522.2553845361139,0.0,0.0,0.0,4.0,4.0,6.944444444444444e-05,6.944444444444444e-05,"[[16288033797.255627, -700681.863054074, 274619.35524485784, 1.263056319542671], [-700681.8630540739, 16285348279.58246, -9.30374796764799, 274603.971714146], [274619.35524485784, -9.30374796764799, 6.195933333333342, 0.0], [1.263056319542671, 274603.971714146, 0.0, 6.195933333333342]]"
2026-07-27 04:30:30,54.708746663202376,15.23747619329241,62.247678393811974,parking,670.1401906056649,-522.2553845361139,0.0,0.0,0.0,4.0,4.0,6.944444444444444e-05,6.944444444444444e-05,"[[16619809959.549458, -705506.2780429372, 278336.91524485784, 1.263056319542671], [-705506.278042937, 16617105981.639437, -9.30374796764799, 278321.531714146], [278336.91524485784, -9.30374796764799, 6.237600000000009, 0.0], [1.263056319542671, 278321.531714146, 0.0, 6.237600000000009]]"
2026-07-27 04:40:30,54.708746663202376,15.23747619329241,62.247678393811974,parking,670.1401906056649,-522.2553845361139,0.0,0.0,0.0,4.0,4.0,6.944444444444444e-05,6.944444444444444e-05,"[[16956062193.843288, -710330.6930318003, 282079.47524485784, 1.263056319542671], [-710330.6930318002, 16953339755.696413, -9.30374796764799, 282064.091714146], [282079.47524485784, -9.30374796764799, 6.279266666666676, 0.0], [1.263056319542671, 282064.091714146, 0.0, 6.279266666666676]]"
2026-07-27 04:50:30,54.708746663202376,15.23747619329241,62.247678393811974,parking,670.1401906056649,-522.2553845361139,0.0,0.0,0.0,4.0,4.0,6.944444444444444e-05,6.944444444444444e-05,"[[17296820500.13712, -715155.1080206635, 285847.03524485783, 1.263056319542671], [-715155.1080206634, 17294079601.753387, -9.30374796764799, 285831.651714146], [285847.03524485783, -9.30374796764799, 6.320933333333343, 0.0], [1.263056319542671, 285831.651714146, 0.0, 6.320933333333343]]"
2026-07-27 05:00:30,54.708746663202376,15.23747619329241,62.247678393811974,parking,670.1401906056649,-522.2553845361139,0.0,0.0,0.0,4.0,4.0,6.944444444444444e-05,6.944444444444444e-05,"[[17642114878.43095, -719979.5230095267, 289639.59524485783, 1.263056319542671], [-719979.5230095265, 17639355519.810364, -9.30374796764799, 289624.211714146], [289639.59524485783, -9.30374796764799, 6.36260000000001, 0.0], [1.263056319542671, 289624.211714146, 0.0, 6.36260000000001]]"
2026-07-27 05:10:30,54.708746663202376,15.23747619329241,62.247678393811974,parking,670.1401906056649,-522.2553845361139,0.0,0.0,0.0,4.0,4.0,6.944444444444444e-05,6.944444444444444e-05,"[[17991975328.72478, -724803.9379983898, 293457.15524485783, 1.263056319542671], [-724803.9379983897, 17989197509.86734, -9.30374796764799, 293441.771714146], [293457.15524485783, -9.30374796764799, 6.404266666666677, 0.0], [1.263056319542671, 293441.771714146, 0.0, 6.404266666666677]]"
2026-07-27 05:20:30,54.708746663202376,15.23747619329241,62.247678393811974,parking,670.1401906056649,-522.2553845361139,0.0,0.0,0.0,4.0,4.0,6.944444444444444e-05,6.944444444444444e-05,"[[18346431851.018612, -729628.352987253, 297299.7152448578, 1.263056319542671], [-729628.3529872529, 18343635571.924316, -9.30374796764799, 297284.331714146], [297299.7152448578, -9.30374796764799, 6.445933333333344, 0.0], [1.263056319542671, 297284.331714146, 0.0, 6.445933333333344]]"
2026-07-27 05:30:30,54.708746663202376,15.23747619329241,62.247678393811974,parking,670.1401906056649,-522.2553845361139,0.0,0.0,0.0,4.0,4.0,6.944444444444444e-05,6.944444444444444e-05,"[[18705514445.312443, -734452.7679761162, 301167.2752448578, 1.263056319542671], [-734452.767976116, 18702699705.981293, -9.30374796764799, 301151.891714146], [301167.2752448578, -9.30374796764799, 6.487600000000011, 0.0], [1.263056319542671, 301151.891714146, 0.0, 6.487600000000011]]"
2026-07-27 05:40:30,54.708746663202376,15.23747619329241,62.247678393811974,parking,670.1401906056649,-522.2553845361139,0.0,0.0,0.0,4.0,4.0,6.944444444444444e-05,6.944444444444444e-05,"[[19069253111.606274, -739277.1829649793, 305059.8352448578, 1.263056319542671], [-739277.1829649792, 19066419912.03827, -9.30374796764799, 305044.451714146], [305059.8352448578, -9.30374796764799, 6.529266666666678, 0.0], [1.263056319542671, 305044.451714146, 0.0, 6.529266666666678]]"
2026-07-27 05:50:30,54.708746663202376,15.23747619329241,62.247678393811974,parking,670.1401906056649,-522.2553845361139,0.0,0.0,0.0,4.0,4.0,6.944444444444444e-05,6.944444444444444e-05,"[[19437677849.900105, -744101.5979538425, 308977.3952448578, 1.263056319542671], [-744101.5979538424, 19434826190.095245, -9.30374796764799, 308962.011714146], [308977.3952448578, -9.30374796764799, 6.570933333333345, 0.0], [1.263056319542671, 308962.011714146, 0.0, 6.570933333333345]]"
2026-07-27 06:00:30,54.708746663202376,15.23747619329241,62.247678393811974,parking,670.1401906056649,-522.2553845361139,0.0,0.0,0.0,4.0,4.0,6.944444444444444e-05,6.944444444444444e-05,"[[19810818660.193935, -748926.0129427057, 312919.9552448578, 1.263056319542671], [-748926.0129427055, 19807948540.15222, -9.30374796764799, 312904.571714146], [312919.9552448578, -9.30374796764799, 6.612600000000012, 0.0], [1.263056319542671, 312904.571714146, 0.0, 6.612600000000012]]"
2026-07-27 06:10:30,54.708746663202376,15.23747619329241,62.247678393811974,parking,670.1401906056649,-522.2553845361139,0.0,0.0,0.0,4.0,4.0,6.944444444444444e-05,6.944444444444444e-05,"[[20188705542.487766, -753750.4279315688, 316887.5152448578, 1.263056319542671], [-753750.4279315687, 20185816962.209198, -9.30374796764799, 316872.131714146], [316887.5152448578, -9.30374796764799, 6.654266666666679, 0.0], [1.263056319542671, 316872.131714146, 0.0, 6.654266666666679]]"
2026-07-27 06:20:30,54.708746663202376,15.23747619329241,62.247678393811974,parking,670.1401906056649,-522.2553845361139,0.0,0.0,0.0,4.0,4.0,6.944444444444444e-05,6.944444444444444e-05,"[[20571368496.781597, -758574.842920432, 320880.0752448578, 1.263056319542671], [-758574.8429204319, 20568461456.266174, -9.30374796764799, 320864.691714146], [320880.0752448578, -9.30374796764799, 6.695933333333346, 0.0], [1.263056319542671, 320864.691714146, 0.0, 6.695933333333346]]"
2026-07-27 06:30:30,54.708746663202376,15.23747619329241,62.247678393811974,parking,670.1401906056649,-522.2553845361139,0.0,0.0,0.0,4.0,4.0,6.944444444444444e-05,6.944444444444444e-05,"[[20958837523.075428, -763399.2579092951, 324897.6352448578, 1.263056319542671], [-763399.257909295, 20955912022.32315, -9.30374796764799, 324882.251714146], [324897.6352448578, -9.30374796764799, 6.737600000000013, 0.0], [1.263056319542671, 324882.251714146, 0.0, 6.737600000000013]]"
2026-07-27 06:40:30,54.708746663202376,15.23747619329241,62.247678393811974,parking,670.1401906056649,-522.2553845361139,0.0,0.0,0.0,4.0,4.0,6.944444444444444e-05,6.944444444444444e-05,"[[21351142621.36926, -768223.6728981583, 328940.1952448578, 1.263056319542671], [-768223.6728981582, 21348198660.380127, -9.30374796764799, 328924.811714146], [328940.1952448578, -9.30374796764799, 6.77926666666668, 0.0], [1.263056319542671, 328924.811714146, 0.0, 6.77926666666668]]"
2026-07-27 06:50:30,54.708746663202376,15.23747619329241,62.247678393811974,parking,670.1401906056649,-522.2553845361139,0.0,0.0,0.0,4.0,4.0,6.944444444444444e-05,6.944444444444444e-05,"[[21748313791.66309, -773048.0878870215, 333007.7552448578, 1.263056319542671], [-773048.0878870214, 21745351370.437103, -9.30374796764799, 332992.371714146], [333007.7552448578, -9.30374796764799, 6.820933333333347, 0.0], [1.263056319542671, 332992.371714146, 0.0, 6.820933333333347]]"
2026-07-27 07:00:30,54.708746663202376,15.23747619329241,62.247678393811974,parking,670.1401906056649,-522.2553845361139,0.0,0.0,0.0,4.0,4.0,6.944444444444444e-05,6.944444444444444e-05,"[[22150381033.95692, -777872.5028758846, 337100.3152448578, 1.263056319542671], [-777872.5028758845, 22147400152.49408, -9.30374796764799, 337084.931714146], [337100.3152448578, -9.30374796764799, 6.862600000000014, 0.0], [1.263056319542671, 337084.931714146, 0.0, 6.862600000000014]]"
2026-07-27 07:10:30,54.708746663202376,15.23747619329241,62.247678393811974,parking,670.1401906056649,-522.2553845361139,0.0,0.0,0.0,4.0,4.0,6.944444444444444e-05,6.944444444444444e-05,"[[22557374348.25075, -782696.9178647478, 341217.8752448578, 1.263056319542671], [-782696.9178647477, 22554375006.551056, -9.30374796764799, 341202.491714146], [341217.8752448578, -9.30374796764799, 6.904266666666681, 0.0], [1.263056319542671, 341202.491714146, 0.0, 6.904266666666681]]"
2026-07-27 07:20:30,54.708746663202376,15.23747619329241,62.247678393811974,parking,670.1401906056649,-522.2553845361139,0.0,0.0,0.0,4.0,4.0,6.944444444444444e-05,6.944444444444444e-05,"[[22969323734.544582, -787521.332853611, 345360.4352448578, 1.263056319542671], [-787521.3328536109, 22966305932.608032, -9.30374796764799, 345345.051714146], [345360.4352448578, -9.30374796764799, 6.945933333333348, 0.0], [1.263056319542671, 345345.051714146, 0.0, 6.945933333333348]]"
2026-07-27 07:30:30,54.708746663202376,15.23747619329241,62.247678393811974,parking,670.1401906056649,-522.2553845361139,0.0,0.0,0.0,4.0,4.0,6.944444444444444e-05,6.944444444444444e-05,"[[23386259192.838413, -792345.7478424741, 349527.9952448578, 1.263056319542671], [-792345.747842474, 23383222930.66501, -9.30374796764799, 349512.611714146], [349527.9952448578, -9.30374796764799, 6.987600000000015, 0.0], [1.263056319542671, 349512.611714146, 0.0, 6.987600000000015]]"
2026-07-27 07:40:30,54.708746663202376,15.23747619329241,62.247678393811974,parking,670.1401906056649,-522.2553845361139,0.0,0.0,0.0,4.0,4.0,6.944444444444444e-05,6.944444444444444e-05,"[[23808210723.132244, -797170.1628313373, 353720.5552448578, 1.263056319542671], [-797170.1628313372, 23805156000.721985, -9.30374796764799, 353705.171714146], [353720.5552448578, -9.30374796764799, 7.029266666666682, 0.0], [1.263056319542671, 353705.171714146, 0.0, 7.029266666666682]]"
2026-07-27 07:50:30,54.708746663202376,15.23747619329241,62.247678393811974,parking,670.1401906056649,-522.2553845361139,0.0,0.0,0.0,4.0,4.0,6.944444444444444e-05,6.944444444444444e-05,"[[24235208325.426075, -801994.5778202005, 357938.1152448578, 1.263056319542671], [-801994.5778202004, 24232135142.77896, -9.30374796764799, 357922.731714146], [357938.1152448578, -9.30374796764799, 7.070933333333349, 0.0], [1.263056319542671, 357922.731714146, 0.0, 7.070933333333349]]"
2026-07-27 08:00:30,54.708746663202376,15.23747619329241,62.247678393811974,parking,670.1401906056649,-522.2553845361139,0.0,0.0,0.0,4.0,4.0,6.944444444444444e-05,6.944444444444444e-05,"[[24667281999.719906, -806818.9928090636, 362180.6752448578, 1.263056319542671], [-806818.9928090635, 24664190356.835938, -9.30374796764799, 362165.291714146], [362180.6752448578, -9.30374796764799, 7.112600000000016, 0.0], [1.263056319542671, 362165.291714146, 0.0, 7.112600000000016]]"
2026-07-27 08:10:30,54.708746663202376,15.23747619329241,62.247678393811974,parking,670.1401906056649,-522.2553845361139,0.0,0.0,0.0,4.0,4.0,6.944444444444444e-05,6.944444444444444e-05,"[[25104461746.013737, -811643.4077979268, 366448.2352448578, 1.263056319542671], [-811643.4077979267, 25101351642.892914, -9.30374796764799, 366432.851714146], [366448.2352448578, -9.30374796764799, 7.1542666666666825, 0.0], [1.263056319542671, 366432.851714146, 0.0, 7.1542666666666825]]"
2026-07-27 08:20:30,54.708746663202376,15.23747619329241,62.247678393811974,parking,670.1401906056649,-522.2553845361139,0.0,0.0,0.0,4.0,4.0,6.944444444444444e-05,6.944444444444444e-05,"[[25546777564.307568, -816467.82278679, 370740.7952448578, 1.263056319542671], [-816467.8227867899, 25543649000.94989, -9.30374796764799, 370725.411714146], [370740.7952448578, -9.30374796764799, 7.1959333333333495, 0.0], [1.263056319542671, 370725.411714146, 0.0, 7.1959333333333495]]"
2026-07-27 08:30:30,54.708746663202376,15.23747619329241,62.247678393811974,parking,670.1401906056649,-522.2553845361139,0.0,0.0,0.0,4.0,4.0,6.944444444444444e-05,6.944444444444444e-05,"[[25994259454.6014, -821292.2377756531, 375058.3552448578, 1.263056319542671], [-821292.237775653, 25991112431.006866, -9.30374796764799, 375042.97171414597], [375058.3552448578, -9.30374796764799, 7.2376000000000165, 0.0], [1.263056319542671, 375042.97171414597, 0.0, 7.2376000000000165]]"
2026-07-27 08:40:30,54.708746663202376,15.23747619329241,62.247678393811974,parking,670.1401906056649,-522.2553845361139,0.0,0.0,0.0,4.0,4.0,6.944444444444444e-05,6.944444444444444e-05,"[[26446937416.89523, -826116.6527645163, 379400.9152448578, 1.263056319542671], [-826116.6527645162, 26443771933.063843, -9.30374796764799, 379385.53171414597], [379400.9152448578, -9.30374796764799, 7.279266666666683, 0.0], [1.263056319542671, 379385.53171414597, 0.0, 7.279266666666683]]"
2026-07-27 08:50:30,54.708746663202376,15.23747619329241,62.247678393811974,parking,670.1401906056649,-522.2553845361139,0.0,0.0,0.0,4.0,4.0,6.944444444444444e-05,6.944444444444444e-05,"[[26904841451.18906, -830941.0677533795, 383768.4752448578, 1.263056319542671], [-830941.0677533793, 26901657507.12082, -9.30374796764799, 383753.09171414596], [383768.4752448578, -9.30374796764799, 7.32093333333335, 0.0], [1.263056319542671, 383753.09171414596, 0.0, 7.32093333333335]]"
2026-07-27 09:00:30,54.708746663202376,15.23747619329241,62.247678393811974,parking,670.1401906056649,-522.2553845361139,0.0,0.0,0.0,4.0,4.0,6.944444444444444e-05,6.944444444444444e-05,"[[27368001557.48289, -835765.4827422426, 388161.0352448578, 1.263056319542671], [-835765.4827422425, 27364799153.177795, -9.30374796764799, 388145.65171414596], [388161.0352448578, -9.30374796764799, 7.362600000000017, 0.0], [1.263056319542671, 388145.65171414596, 0.0, 7.362600000000017]]"
2026-07-27 09:10:30,54.708746663202376,15.23747619329241,62.247678393811974,parking,670.1401906056649,-522.2553845361139,0.0,0.0,0.0,4.0,4.0,6.944444444444444e-05,6.944444444444444e-05,"[[27836447735.776722, -840589.8977311058, 392578.5952448578, 1.263056319542671], [-840589.8977311057, 27833226871.23477, -9.30374796764799, 392563.21171414596], [392578.5952448578, -9.30374796764799, 7.404266666666684, 0.0], [1.263056319542671, 392563.21171414596, 0.0, 7.404266666666684]]"
2026-07-27 09:20:30,54.708746663202376,15.23747619329241,62.247678393811974,parking,670.1401906056649,-522.2553845361139,0.0,0.0,0.0,4.0,4.0,6.944444444444444e-05,6.944444444444444e-05,"[[28310209986.070553, -845414.312719969, 397021.1552448578, 1.263056319542671], [-845414.3127199688, 28306970661.291748, -9.30374796764799, 397005.77171414596], [397021.1552448578, -9.30374796764799, 7.445933333333351, 0.0], [1.263056319542671, 397005.77171414596, 0.0, 7.445933333333351]]"
2026-07-27 09:30:30,54.708746663202376,15.23747619329241,62.247678393811974,parking,670.1401906056649,-522.2553845361139,0.0,0.0,0.0,4.0,4.0,6.944444444444444e-05,6.944444444444444e-05,"[[28789318308.364384, -850238.7277088321, 401488.71524485777, 1.263056319542671], [-850238.727708832, 28786060523.348724, -9.30374796764799, 401473.33171414596], [401488.71524485777, -9.30374796764799, 7.487600000000018, 0.0], [1.263056319542671, 401473.33171414596, 0.0, 7.487600000000018]]"
2026-07-27 09:40:30,54.708746663202376,15.23747619329241,62.247678393811974,parking,670.1401906056649,-522.2553845361139,0.0,0.0,0.0,4.0,4.0,6.944444444444444e-05,6.944444444444444e-05,"[[29273802702.658215, -855063.1426976953, 405981.27524485777, 1.263056319542671], [-855063.1426976952, 29270526457.4057, -9.30374796764799, 405965.89171414595], [405981.27524485777, -9.30374796764799, 7.529266666666685, 0.0], [1.263056319542671, 405965.89171414595, 0.0, 7.529266666666685]]"
2026-07-27 09:50:30,54.708746663202376,15.23747619329241,62.247678393811974,parking,670.1401906056649,-522.2553845361139,0.0,0.0,0.0,4.0,4.0,6.944444444444444e-05,6.944444444444444e-05,"[[29763693168.952045, -859887.5576865585, 410498.83524485776, 1.263056319542671], [-859887.5576865583, 29760398463.462677, -9.30374796764799, 410483.45171414595], [410498.83524485776, -9.30374796764799, 7.570933333333352, 0.0], [1.263056319542671, 410483.45171414595, 0.0, 7.570933333333352]]"
2026-07-27 10:00:30,54.708746663202376,15.23747619329241,62.247678393811974,parking,670.1401906056649,-522.2553845361139,0.0,0.0,0.0,4.0,4.0,6.944444444444444e-05,6.944444444444444e-05,"[[30259019707.245876, -864711.9726754216, 415041.39524485776, 1.263056319542671], [-864711.9726754215, 30255706541.519653, -9.30374796764799, 415026.01171414595], [415041.39524485776, -9.30374796764799, 7.612600000000019, 0.0], [1.263056319542671, 415026.01171414595, 0.0, 7.612600000000019]]"
2026-07-27 10:10:30,54.708746663202376,15.23747619329241,62.247678393811974,parking,670.1401906056649,-522.2553845361139,0.0,0.0,0.0,4.0,4.0,6.944444444444444e-05,6.944444444444444e-05,"[[30759812317.539707, -869536.3876642848, 419608.95524485776, 1.263056319542671], [-869536.3876642847, 30756480691.57663, -9.30374796764799, 419593.57171414595], [419608.95524485776, -9.30374796764799, 7.654266666666686, 0.0], [1.263056319542671, 419593.57171414595, 0.0, 7.654266666666686]]"
2026-07-27 10:20:30,54.708746663202376,15.23747619329241,62.247678393811974,parking,670.1401906056649,-522.2553845361139,0.0,0.0,0.0,4.0,4.0,6.944444444444444e-05,6.944444444444444e-05,"[[31266100999.833538, -874360.802653148, 424201.51524485776, 1.263056319542671], [-874360.8026531478, 31262750913.633606, -9.30374796764799, 424186.13171414594], [424201.51524485776, -9.30374796764799, 7.695933333333353, 0.0], [1.263056319542671, 424186.13171414594, 0.0, 7.695933333333353]]"
2026-07-27 10:30:30,54.708746663202376,15.23747619329241,62.247678393811974,parking,670.1401906056649,-522.2553845361139,0.0,0.0,0.0,4.0,4.0,6.944444444444444e-05,6.944444444444444e-05,"[[31777915754.12737, -879185.2176420111, 428819.07524485776, 1.263056319542671], [-879185.217642011, 31774547207.690582, -9.30374796764799, 428803.69171414594], [428819.07524485776, -9.30374796764799, 7.73760000000002, 0.0], [1.263056319542671, 428803.69171414594, 0.0, 7.73760000000002]]"
2026-07-27 10:40:30,54.708746663202376,15.23747619329241,62.247678393811974,parking,670.1401906056649,-522.2553845361139,0.0,0.0,0.0,4.0,4.0,6.944444444444444e-05,6.944444444444444e-05,"[[32295286580.4212, -884009.6326308743, 433461.63524485775, 1.263056319542671], [-884009.6326308742, 32291899573.74756, -9.30374796764799, 433446.25171414594], [433461.63524485775, -9.30374796764799, 7.779266666666687, 0.0], [1.263056319542671, 433446.25171414594, 0.0, 7.779266666666687]]"
2026-07-27 10:50:30,54.708746663202376,15.23747619329241,62.247678393811974,parking,670.1401906056649,-522.2553845361139,0.0,0.0,0.0,4.0,4.0,6.944444444444444e-05,6.944444444444444e-05,"[[32818243478.71503, -888834.0476197375, 438129.19524485775, 1.263056319542671], [-888834.0476197373, 32814838011.804535, -9.30374796764799, 438113.81171414594], [438129.19524485775, -9.30374796764799, 7.820933333333354, 0.0], [1.263056319542671, 438113.81171414594, 0.0, 7.820933333333354]]"
2026-07-27 11:00:30,54.708746663202376,15.23747619329241,62.247678393811974,parking,670.1401906056649,-522.2553845361139,0.0,0.0,0.0,4.0,4.0,6.944444444444444e-05,6.944444444444444e-05,"[[33346816449.00886, -893658.4626086006, 442821.75524485775, 1.263056319542671], [-893658.4626086005, 33343392521.86151, -9.30374796764799, 442806.37171414593], [442821.75524485775, -9.30374796764799, 7.862600000000021, 0.0], [1.263056319542671, 442806.37171414593, 0.0, 7.862600000000021]]"
2026-07-27 11:10:30,54.708746663202376,15.23747619329241,62.247678393811974,parking,670.1401906056649,-522.2553845361139,0.0,0.0,0.0,4.0,4.0,6.944444444444444e-05,6.944444444444444e-05,"[[33881035491.302692, -898482.8775974638, 447539.31524485775, 1.263056319542671], [-898482.8775974637, 33877593103.918488, -9.30374796764799, 447523.93171414593], [447539.31524485775, -9.30374796764799, 7.904266666666688, 0.0], [1.263056319542671, 447523.93171414593, 0.0, 7.904266666666688]]"
2026-07-27 11:20:30,54.708746663202376,15.23747619329241,62.247678393811974,parking,670.1401906056649,-522.2553845361139,0.0,0.0,0.0,4.0,4.0,6.944444444444444e-05,6.944444444444444e-05,"[[34420930605.59652, -903307.292586327, 452281.87524485774, 1.263056319542671], [-903307.2925863268, 34417469757.975464, -9.30374796764799, 452266.49171414593], [452281.87524485774, -9.30374796764799, 7.945933333333355, 0.0], [1.263056319542671, 452266.49171414593, 0.0, 7.945933333333355]]"
2026-07-27 11:30:30,54.708746663202376,15.23747619329241,62.247678393811974,parking,670.1401906056649,-522.2553845361139,0.0,0.0,0.0,4.0,4.0,6.944444444444444e-05,6.944444444444444e-05,"[[34966531791.89034, -908131.7075751901, 457049.43524485774, 1.263056319542671], [-908131.70757519, 34963052484.03244, -9.30374796764799, 457034.0517141459], [457049.43524485774, -9.30374796764799, 7.987600000000022, 0.0], [1.263056319542671, 457034.0517141459, 0.0, 7.987600000000022]]"
2026-07-27 11:40:30,54.708746663202376,15.23747619329241,62.247678393811974,parking,670.1401906056649,-522.2553845361139,0.0,0.0,0.0,4.0,4.0,6.944444444444444e-05,6.944444444444444e-05,"[[35517869050.184166, -912956.1225640533, 461841.99524485774, 1.263056319542671], [-912956.1225640532, 35514371282.08942, -9.30374796764799, 461826.6117141459], [461841.99524485774, -9.30374796764799, 8.029266666666688, 0.0], [1.263056319542671, 461826.6117141459, 0.0, 8.029266666666688]]"
2026-07-27 11:50:30,54.708746663202376,15.23747619329241,62.247678393811974,parking,670.1401906056649,-522.2553845361139,0.0,0.0,0.0,4.0,4.0,6.944444444444444e-05,6.944444444444444e-05,"[[36074972380.47799, -917780.5375529164, 466659.55524485774, 1.263056319542671], [-917780.5375529163, 36071456152.14639, -9.30374796764799, 466644.1717141459], [466659.55524485774, -9.30374796764799, 8.070933333333354, 0.0], [1.263056319542671, 466644.1717141459, 0.0, 8.070933333333354]]"
2026-07-27 12:00:30,54.708746663202376,15.23747619329241,62.247678393811974,parking,670.1401906056649,-522.2553845361139,0.0,0.0,0.0,4.0,4.0,6.944444444444444e-05,6.944444444444444e-05,"[[36637871782.77181, -922604.9525417796, 471502.11524485773, 1.263056319542671], [-922604.9525417795, 36634337094.20337, -9.30374796764799, 471486.7317141459], [471502.11524485773, -9.30374796764799, 8.11260000000002, 0.0], [1.263056319542671, 471486.7317141459, 0.0, 8.11260000000002]]"
2026-07-27 12:10:30,54.708746663202376,15.23747619329241,62.247678393811974,parking,670.1401906056649,-522.2553845361139,0.0,0.0,0.0,4.0,4.0,6.944444444444444e-05,6.944444444444444e-05,"[[37206597257.065636, -927429.3675306428, 476369.67524485773, 1.263056319542671], [-927429.3675306427, 37203044108.260345, -9.30374796764799, 476354.2917141459], [476369.67524485773, -9.30374796764799, 8.154266666666686, 0.0], [1.263056319542671, 476354.2917141459, 0.0, 8.154266666666686]]"
2026-07-27 12:20:30,54.708746663202376,15.23747619329241,62.247678393811974,parking,670.1401906056649,-522.2553845361139,0.0,0.0,0.0,4.0,4.0,6.944444444444444e-05,6.944444444444444e-05,"[[37781178803.35946, -932253.7825195059, 481262.23524485773, 1.263056319542671], [-932253.7825195058, 37777607194.31732, -9.30374796764799, 481246.8517141459], [481262.23524485773, -9.30374796764799, 8.195933333333352, 0.0], [1.263056319542671, 481246.8517141459, 0.0, 8.195933333333352]]"
2026-07-27 12:30:30,54.708746663202376,15.23747619329241,62.247678393811974,parking,670.1401906056649,-522.2553845361139,0.0,0.0,0.0,4.0,4.0,6.944444444444444e-05,6.944444444444444e-05,"[[38361646421.65328, -937078.1975083691, 486179.7952448577, 1.263056319542671], [-937078.197508369, 38358056352.3743, -9.30374796764799, 486164.4117141459], [486179.7952448577, -9.30374796764799, 8.237600000000018, 0.0], [1.263056319542671, 486164.4117141459, 0.0, 8.237600000000018]]"
2026-07-27 12:40:30,54.708746663202376,15.23747619329241,62.247678393811974,parking,670.1401906056649,-522.2553845361139,0.0,0.0,0.0,4.0,4.0,6.944444444444444e-05,6.944444444444444e-05,"[[38948030111.947105, -941902.6124972323, 491122.3552448577, 1.263056319542671], [-941902.6124972322, 38944421582.431274, -9.30374796764799, 491106.9717141459], [491122.3552448577, -9.30374796764799, 8.279266666666684, 0.0], [1.263056319542671, 491106.9717141459, 0.0, 8.279266666666684]]"
2026-07-27 12:50:30,54.708746663202376,15.23747619329241,62.247678393811974,parking,670.1401906056649,-522.2553845361139,0.0,0.0,0.0,4.0,4.0,6.944444444444444e-05,6.944444444444444e-05,"[[39540359874.24093, -946727.0274860954, 496089.9152448577, 1.263056319542671], [-946727.0274860953, 39536732884.48825, -9.30374796764799, 496074.5317141459], [496089.9152448577, -9.30374796764799, 8.32093333333335, 0.0], [1.263056319542671, 496074.5317141459, 0.0, 8.32093333333335]]"
2026-07-27 13:00:30,54.708746663202376,15.23747619329241,62.247678393811974,parking,670.1401906056649,-522.2553845361139,0.0,0.0,0.0,4.0,4.0,6.944444444444444e-05,6.944444444444444e-05,"[[40138665708.53475, -951551.4424749586, 501082.4752448577, 1.263056319542671], [-951551.4424749585, 40135020258.54523, -9.30374796764799, 501067.0917141459], [501082.4752448577, -9.30374796764799, 8.362600000000016, 0.0], [1.263056319542671, 501067.0917141459, 0.0, 8.362600000000016]]"
2026-07-27 13:10:30,54.708746663202376,15.23747619329241,62.247678393811974,parking,670.1401906056649,-522.2553845361139,0.0,0.0,0.0,4.0,4.0,6.944444444444444e-05,6.944444444444444e-05,"[[40742977614.828575, -956375.8574638218, 506100.0352448577, 1.263056319542671], [-956375.8574638217, 40739313704.6022, -9.30374796764799, 506084.6517141459], [506100.0352448577, -9.30374796764799, 8.404266666666683, 0.0], [1.263056319542671, 506084.6517141459, 0.0, 8.404266666666683]]"
2026-07-27 13:20:30,54.708746663202376,15.23747619329241,62.247678393811974,parking,670.1401906056649,-522.2553845361139,0.0,0.0,0.0,4.0,4.0,6.944444444444444e-05,6.944444444444444e-05,"[[41353325593.1224, -961200.2724526849, 511142.5952448577, 1.263056319542671], [-961200.2724526848, 41349643222.65918, -9.30374796764799, 511127.2117141459], [511142.5952448577, -9.30374796764799, 8.445933333333349, 0.0], [1.263056319542671, 511127.2117141459, 0.0, 8.445933333333349]]"
2026-07-27 13:30:30,54.708746663202376,15.23747619329241,62.247678393811974,parking,670.1401906056649,-522.2553845361139,0.0,0.0,0.0,4.0,4.0,6.944444444444444e-05,6.944444444444444e-05,"[[41969739643.41622, -966024.6874415481, 516210.1552448577, 1.263056319542671], [-966024.687441548, 41966038812.716156, -9.30374796764799, 516194.7717141459], [516210.1552448577, -9.30374796764799, 8.487600000000015, 0.0], [1.263056319542671, 516194.7717141459, 0.0, 8.487600000000015]]"
2026-07-27 13:40:30,54.708746663202376,15.23747619329241,62.247678393811974,parking,670.1401906056649,-522.2553845361139,0.0,0.0,0.0,4.0,4.0,6.944444444444444e-05,6.944444444444444e-05,"[[42592249765.710045, -970849.1024304113, 521302.7152448577, 1.263056319542671], [-970849.1024304111, 42588530474.77313, -9.30374796764799, 521287.3317141459], [521302.7152448577, -9.30374796764799, 8.52926666666668, 0.0], [1.263056319542671, 521287.3317141459, 0.0, 8.52926666666668]]"
2026-07-27 13:50:30,54.708746663202376,15.23747619329241,62.247678393811974,parking,670.1401906056649,-522.2553845361139,0.0,0.0,0.0,4.0,4.0,6.944444444444444e-05,6.944444444444444e-05,"[[43220885960.00387, -975673.5174192744, 526420.2752448578, 1.263056319542671], [-975673.5174192743, 43217148208.83011, -9.30374796764799, 526404.8917141459], [526420.2752448578, -9.30374796764799, 8.570933333333347, 0.0], [1.263056319542671, 526404.8917141459, 0.0, 8.570933333333347]]"
2026-07-27 14:00:30,54.708746663202376,15.23747619329241,62.247678393811974,parking,670.1401906056649,-522.2553845361139,0.0,0.0,0.0,4.0,4.0,6.944444444444444e-05,6.944444444444444e-05,"[[43855678226.29769, -980497.9324081376, 531562.8352448578, 1.263056319542671], [-980497.9324081375, 43851922014.887085, -9.30374796764799, 531547.451714146], [531562.8352448578, -9.30374796764799, 8.612600000000013, 0.0], [1.263056319542671, 531547.451714146, 0.0, 8.612600000000013]]"
2026-07-27 14:10:30,54.708746663202376,15.23747619329241,62.247678393811974,parking,670.1401906056649,-522.2553845361139,0.0,0.0,0.0,4.0,4.0,6.944444444444444e-05,6.944444444444444e-05,"[[44496656564.591515, -985322.3473970008, 536730.3952448579, 1.263056319542671], [-985322.3473970006, 44492881892.94406, -9.30374796764799, 536715.011714146], [536730.3952448579, -9.30374796764799, 8.654266666666679, 0.0], [1.263056319542671, 536715.011714146, 0.0, 8.654266666666679]]"
2026-07-27 14:20:30,54.708746663202376,15.23747619329241,62.247678393811974,parking,670.1401906056649,-522.2553845361139,0.0,0.0,0.0,4.0,4.0,6.944444444444444e-05,6.944444444444444e-05,"[[45143850974.88534, -990146.7623858639, 541922.9552448579, 1.263056319542671], [-990146.7623858638, 45140057843.00104, -9.30374796764799, 541907.5717141461], [541922.9552448579, -9.30374796764799, 8.695933333333345, 0.0], [1.263056319542671, 541907.5717141461, 0.0, 8.695933333333345]]"
2026-07-27 14:30:30,54.708746663202376,15.23747619329241,62.247678393811974,parking,670.1401906056649,-522.2553845361139,0.0,0.0,0.0,4.0,4.0,6.944444444444444e-05,6.944444444444444e-05,"[[45797291457.17916, -994971.1773747271, 547140.515244858, 1.263056319542671], [-994971.177374727, 45793479865.058014, -9.30374796764799, 547125.1317141461], [547140.515244858, -9.30374796764799, 8.737600000000011, 0.0], [1.263056319542671, 547125.1317141461, 0.0, 8.737600000000011]]"
2026-07-27 14:40:30,54.708746663202376,15.23747619329241,62.247678393811974,parking,670.1401906056649,-522.2553845361139,0.0,0.0,0.0,4.0,4.0,6.944444444444444e-05,6.944444444444444e-05,"[[46457008011.472984, -999795.5923635903, 552383.075244858, 1.263056319542671], [-999795.5923635901, 46453177959.11499, -9.30374796764799, 552367.6917141462], [552383.075244858, -9.30374796764799, 8.779266666666677, 0.0], [1.263056319542671, 552367.6917141462, 0.0, 8.779266666666677]]"
2026-07-27 14:50:30,54.708746663202376,15.23747619329241,62.247678393811974,parking,670.1401906056649,-522.2553845361139,0.0,0.0,0.0,4.0,4.0,6.944444444444444e-05,6.944444444444444e-05,"[[47123030637.76681, -1004620.0073524534, 557650.6352448581, 1.263056319542671], [-1004620.0073524533, 47119182125.17197, -9.30374796764799, 557635.2517141462], [557650.6352448581, -9.30374796764799, 8.820933333333343, 0.0], [1.263056319542671, 557635.2517141462, 0.0, 8.820933333333343]]"
2026-07-27 15:00:30,54.708746663202376,15.23747619329241,62.247678393811974,parking,670.1401906056649,-522.2553845361139,0.0,0.0,0.0,4.0,4.0,6.944444444444444e-05,6.944444444444444e-05,"[[47795389336.06063, -1009444.4223413166, 562943.1952448582, 1.263056319542671], [-1009444.4223413165, 47791522363.22894, -9.30374796764799, 562927.8117141463], [562943.1952448582, -9.30374796764799, 8.86260000000001, 0.0], [1.263056319542671, 562927.8117141463, 0.0, 8.86260000000001]]"
2026-07-27 15:10:30,54.708746663202376,15.23747619329241,62.247678393811974,parking,670.1401906056649,-522.2553845361139,0.0,0.0,0.0,4.0,4.0,6.944444444444444e-05,6.944444444444444e-05,"[[48474114106.354454, -1014268.8373301798, 568260.7552448582, 1.263056319542671], [-1014268.8373301796, 48470228673.28592, -9.30374796764799, 568245.3717141463], [568260.7552448582, -9.30374796764799, 8.904266666666675, 0.0], [1.263056319542671, 568245.3717141463, 0.0, 8.904266666666675]]"
2026-07-27 15:20:30,54.708746663202376,15.23747619329241,62.247678393811974,parking,670.1401906056649,-522.2553845361139,0.0,0.0,0.0,4.0,4.0,6.944444444444444e-05,6.944444444444444e-05,"[[49159234948.64828, -1019093.2523190429, 573603.3152448583, 1.263056319542671], [-1019093.2523190428, 49155331055.342896, -9.30374796764799, 573587.9317141464], [573603.3152448583, -9.30374796764799, 8.945933333333342, 0.0], [1.263056319542671, 573587.9317141464, 0.0, 8.945933333333342]]"
2026-07-27 15:30:30,54.708746663202376,15.23747619329241,62.247678393811974,parking,670.1401906056649,-522.2553845361139,0.0,0.0,0.0,4.0,4.0,6.944444444444444e-05,6.944444444444444e-05,"[[49850781862.9421, -1023917.6673079061, 578970.8752448583, 1.263056319542671], [-1023917.667307906, 49846859509.39987, -9.30374796764799, 578955.4917141465], [578970.8752448583, -9.30374796764799, 8.987600000000008, 0.0], [1.263056319542671, 578955.4917141465, 0.0, 8.987600000000008]]"
2026-07-27 15:40:30,54.708746663202376,15.23747619329241,62.247678393811974,parking,670.1401906056649,-522.2553845361139,0.0,0.0,0.0,4.0,4.0,6.944444444444444e-05,6.944444444444444e-05,"[[50548784849.23592, -1028742.0822967693, 584363.4352448584, 1.263056319542671], [-1028742.0822967691, 50544844035.45685, -9.30374796764799, 584348.0517141465], [584363.4352448584, -9.30374796764799, 9.029266666666674, 0.0], [1.263056319542671, 584348.0517141465, 0.0, 9.029266666666674]]"
2026-07-27 15:50:30,54.708746663202376,15.23747619329241,62.247678393811974,parking,670.1401906056649,-522.2553845361139,0.0,0.0,0.0,4.0,4.0,6.944444444444444e-05,6.944444444444444e-05,"[[51253273907.52975, -1033566.4972856324, 589780.9952448584, 1.263056319542671], [-1033566.4972856323, 51249314633.513824, -9.30374796764799, 589765.6117141466], [589780.9952448584, -9.30374796764799, 9.07093333333334, 0.0], [1.263056319542671, 589765.6117141466, 0.0, 9.07093333333334]]"
2026-07-27 16:00:30,54.708746663202376,15.23747619329241,62.247678393811974,parking,670.1401906056649,-522.2553845361139,0.0,0.0,0.0,4.0,4.0,6.944444444444444e-05,6.944444444444444e-05,"[[51964279037.82357, -1038390.9122744956, 595223.5552448585, 1.263056319542671], [-1038390.9122744955, 51960301303.5708, -9.30374796764799, 595208.1717141466], [595223.5552448585, -9.30374796764799, 9.112600000000006, 0.0], [1.263056319542671, 595208.1717141466, 0.0, 9.112600000000006]]"
2026-07-27 16:10:30,54.708746663202376,15.23747619329241,62.247678393811974,parking,670.1401906056649,-522.2553845361139,0.0,0.0,0.0,4.0,4.0,6.944444444444444e-05,6.944444444444444e-05,"[[52681830240.11739, -1043215.3272633587, 600691.1152448585, 1.263056319542671], [-1043215.3272633586, 52677834045.62778, -9.30374796764799, 600675.7317141467], [600691.1152448585, -9.30374796764799, 9.154266666666672, 0.0], [1.263056319542671, 600675.7317141467, 0.0, 9.154266666666672]]"
2026-07-27 16:20:30,54.708746663202376,15.23747619329241,62.247678393811974,parking,670.1401906056649,-522.2553845361139,0.0,0.0,0.0,4.0,4.0,6.944444444444444e-05,6.944444444444444e-05,"[[53405957514.41122, -1048039.742252222, 606183.6752448586, 1.263056319542671], [-1048039.7422522218, 53401942859.68475, -9.30374796764799, 606168.2917141467], [606183.6752448586, -9.30374796764799, 9.195933333333338, 0.0], [1.263056319542671, 606168.2917141467, 0.0, 9.195933333333338]]"
2026-07-27 16:30:30,54.708746663202376,15.23747619329241,62.247678393811974,parking,670.1401906056649,-522.2553845361139,0.0,0.0,0.0,4.0,4.0,6.944444444444444e-05,6.944444444444444e-05,"[[54136690860.70504, -1052864.1572410853, 611701.2352448587, 1.263056319542671], [-1052864.157241085, 54132657745.74173, -9.30374796764799, 611685.8517141468], [611701.2352448587, -9.30374796764799, 9.237600000000004, 0.0], [1.263056319542671, 611685.8517141468, 0.0, 9.237600000000004]]"
2026-07-27 16:40:30,54.708746663202376,15.23747619329241,62.247678393811974,parking,670.1401906056649,-522.2553845361139,0.0,0.0,0.0,4.0,4.0,6.944444444444444e-05,6.944444444444444e-05,"[[54874060278.99886, -1057688.5722299486, 617243.7952448587, 1.263056319542671], [-1057688.5722299484, 54870008703.798706, -9.30374796764799, 617228.4117141468], [617243.7952448587, -9.30374796764799, 9.27926666666667, 0.0], [1.263056319542671, 617228.4117141468, 0.0, 9.27926666666667]]"
2026-07-27 16:50:30,54.708746663202376,15.23747619329241,62.247678393811974,parking,670.1401906056649,-522.2553845361139,0.0,0.0,0.0,4.0,4.0,6.944444444444444e-05,6.944444444444444e-05,"[[55618095769.29269, -1062512.9872188119, 622811.3552448588, 1.263056319542671], [-1062512.9872188116, 55614025733.85568, -9.30374796764799, 622795.9717141469], [622811.3552448588, -9.30374796764799, 9.320933333333336, 0.0], [1.263056319542671, 622795.9717141469, 0.0, 9.320933333333336]]"
2026-07-27 17:00:30,54.708746663202376,15.23747619329241,62.247678393811974,parking,670.1401906056649,-522.2553845361139,0.0,0.0,0.0,4.0,4.0,6.944444444444444e-05,6.944444444444444e-05,"[[56368827331.58651, -1067337.4022076752, 628403.9152448588, 1.263056319542671], [-1067337.402207675, 56364738835.91266, -9.30374796764799, 628388.531714147], [628403.9152448588, -9.30374796764799, 9.362600000000002, 0.0], [1.263056319542671, 628388.531714147, 0.0, 9.362600000000002]]"
2026-07-27 17:10:30,54.708746663202376,15.23747619329241,62.247678393811974,parking,670.1401906056649,-522.2553845361139,0.0,0.0,0.0,4.0,4.0,6.944444444444444e-05,6.944444444444444e-05,"[[57126284965.88033, -1072161.8171965384, 634021.4752448589, 1.263056319542671], [-1072161.8171965382, 57122178009.969635, -9.30374796764799, 634006.091714147], [634021.4752448589, -9.30374796764799, 9.404266666666668, 0.0], [1.263056319542671, 634006.091714147, 0.0, 9.404266666666668]]"
2026-07-27 17:20:30,54.708746663202376,15.23747619329241,62.247678393811974,parking,670.1401906056649,-522.2553845361139,0.0,0.0,0.0,4.0,4.0,6.944444444444444e-05,6.944444444444444e-05,"[[57890498672.17416, -1076986.2321854017, 639664.0352448589, 1.263056319542671], [-1076986.2321854015, 57886373256.02661, -9.30374796764799, 639648.6517141471], [639664.0352448589, -9.30374796764799, 9.445933333333334, 0.0], [1.263056319542671, 639648.6517141471, 0.0, 9.445933333333334]]"
2026-07-27 17:30:30,54.708746663202376,15.23747619329241,62.247678393811974,parking,670.1401906056649,-522.2553845361139,0.0,0.0,0.0,4.0,4.0,6.944444444444444e-05,6.944444444444444e-05,"[[58661498450.46798, -1081810.647174265, 645331.595244859, 1.263056319542671], [-1081810.6471742648, 58657354574.08359, -9.30374796764799, 645316.2117141471], [645331.595244859, -9.30374796764799, 9.4876, 0.0], [1.263056319542671, 645316.2117141471, 0.0, 9.4876]]"
2026-07-27 17:40:30,54.708746663202376,15.23747619329241,62.247678393811974,parking,670.1401906056649,-522.2553845361139,0.0,0.0,0.0,4.0,4.0,6.944444444444444e-05,6.944444444444444e-05,"[[59439314300.7618, -1086635.0621631283, 651024.155244859, 1.263056319542671], [-1086635.062163128, 59435151964.140564, -9.30374796764799, 651008.7717141472], [651024.155244859, -9.30374796764799, 9.529266666666667, 0.0], [1.263056319542671, 651008.7717141472, 0.0, 9.529266666666667]]"
2026-07-27 17:50:30,54.708746663202376,15.23747619329241,62.247678393811974,parking,670.1401906056649,-522.2553845361139,0.0,0.0,0.0,4.0,4.0,6.944444444444444e-05,6.944444444444444e-05,"[[60223976223.05563, -1091459.4771519916, 656741.7152448591, 1.263056319542671], [-1091459.4771519913, 60219795426.19754, -9.30374796764799, 656726.3317141472], [656741.7152448591, -9.30374796764799, 9.570933333333333, 0.0], [1.263056319542671, 656726.3317141472, 0.0, 9.570933333333333]]"
2026-07-27 18:00:30,54.708746663202376,15.23747619329241,62.247678393811974,parking,670.1401906056649,-522.2553845361139,0.0,0.0,0.0,4.0,4.0,6.944444444444444e-05,6.944444444444444e-05,"[[61015514217.34947, -1096283.8921408548, 662484.2752448592, 1.263056319542671], [-1096283.8921408546, 61011314960.25452, -9.30374796764799, 662468.8917141473], [662484.2752448592, -9.30374796764799, 9.612599999999999, 0.0], [1.263056319542671, 662468.8917141473, 0.0, 9.612599999999999]]"
2026-07-27 18:10:30,54.708746663202376,15.23747619329241,62.247678393811974,parking,670.1401906056649,-522.2553845361139,0.0,0.0,0.0,4.0,4.0,6.944444444444444e-05,6.944444444444444e-05,"[[61813958283.64331, -1101108.3071297181, 668251.8352448592, 1.263056319542671], [-1101108.307129718, 61809740566.31149, -9.30374796764799, 668236.4517141473], [668251.8352448592, -9.30374796764799, 9.654266666666665, 0.0], [1.263056319542671, 668236.4517141473, 0.0, 9.654266666666665]]"
2026-07-27 18:20:30,54.708746663202376,15.23747619329241,62.247678393811974,parking,670.1401906056649,-522.2553845361139,0.0,0.0,0.0,4.0,4.0,6.944444444444444e-05,6.944444444444444e-05,"[[62619338421.93715, -1105932.7221185814, 674044.3952448593, 1.263056319542671], [-1105932.7221185812, 62615102244.36847, -9.30374796764799, 674029.0117141474], [674044.3952448593, -9.30374796764799, 9.69593333333333, 0.0], [1.263056319542671, 674029.0117141474, 0.0, 9.69593333333333]]"
2026-07-27 18:30:30,54.708746663202376,15.23747619329241,62.247678393811974,parking,670.1401906056649,-522.2553845361139,0.0,0.0,0.0,4.0,4.0,6.944444444444444e-05,6.944444444444444e-05,"[[63431684632.23099, -1110757.1371074447, 679861.9552448593, 1.263056319542671], [-1110757.1371074445, 63427429994.425446, -9.30374796764799, 679846.5717141475], [679861.9552448593, -9.30374796764799, 9.737599999999997, 0.0], [1.263056319542671, 679846.5717141475, 0.0, 9.737599999999997]]"
2026-07-27 18:40:30,54.708746663202376,15.23747619329241,62.247678393811974,parking,670.1401906056649,-522.2553845361139,0.0,0.0,0.0,4.0,4.0,6.944444444444444e-05,6.944444444444444e-05,"[[64251026914.524826, -1115581.552096308, 685704.5152448594, 1.263056319542671], [-1115581.5520963077, 64246753816.48242, -9.30374796764799, 685689.1317141475], [685704.5152448594, -9.30374796764799, 9.779266666666663, 0.0], [1.263056319542671, 685689.1317141475, 0.0, 9.779266666666663]]"
2026-07-27 18:50:30,54.708746663202376,15.23747619329241,62.247678393811974,parking,670.1401906056649,-522.2553845361139,0.0,0.0,0.0,4.0,4.0,6.944444444444444e-05,6.944444444444444e-05,"[[65077395268.818665, -1120405.9670851713, 691572.0752448594, 1.263056319542671], [-1120405.967085171, 65073103710.5394, -9.30374796764799, 691556.6917141476], [691572.0752448594, -9.30374796764799, 9.820933333333329, 0.0], [1.263056319542671, 691556.6917141476, 0.0, 9.820933333333329]]"
2026-07-27 19:00:30,54.708746663202376,15.23747619329241,62.247678393811974,parking,670.1401906056649,-522.2553845361139,0.0,0.0,0.0,4.0,4.0,6.944444444444444e-05,6.944444444444444e-05,"[[65910819695.1125, -1125230.3820740345, 697464.6352448594, 1.263056319542671], [-1125230.3820740343, 65906509676.596375, -9.30374796764799, 697449.2517141475], [697464.6352448594, -9.30374796764799, 9.862599999999995, 0.0], [1.263056319542671, 697449.2517141475, 0.0, 9.862599999999995]]"
2026-07-27 19:10:30,54.708746663202376,15.23747619329241,62.247678393811974,parking,670.1401906056649,-522.2553845361139,0.0,0.0,0.0,4.0,4.0,6.944444444444444e-05,6.944444444444444e-05,"[[66751330193.40634, -1130054.7970628978, 703382.1952448593, 1.263056319542671], [-1130054.7970628976, 66747001714.65335, -9.30374796764799, 703366.8117141475], [703382.1952448593, -9.30374796764799, 9.904266666666661, 0.0], [1.263056319542671, 703366.8117141475, 0.0, 9.904266666666661]]"
2026-07-27 19:20:30,54.708746663202376,15.23747619329241,62.247678393811974,parking,670.1401906056649,-522.2553845361139,0.0,0.0,0.0,4.0,4.0,6.944444444444444e-05,6.944444444444444e-05,"[[67598956763.70018, -1134879.212051761, 709324.7552448593, 1.263056319542671], [-1134879.2120517609, 67594609824.71033, -9.30374796764799, 709309.3717141474], [709324.7552448593, -9.30374796764799, 9.945933333333327, 0.0], [1.263056319542671, 709309.3717141474, 0.0, 9.945933333333327]]"
2026-07-27 19:30:30,54.708746663202376,15.23747619329241,62.247678393811974,parking,670.1401906056649,-522.2553845361139,0.0,0.0,0.0,4.0,4.0,6.944444444444444e-05,6.944444444444444e-05,"[[68453729405.99402, -1139703.6270406244, 715292.3152448592, 1.263056319542671], [-1139703.6270406242, 68449364006.7673, -9.30374796764799, 715276.9317141473], [715292.3152448592, -9.30374796764799, 9.987599999999993, 0.0], [1.263056319542671, 715276.9317141473, 0.0, 9.987599999999993]]"
2026-07-27 19:40:30,54.708746663202376,15.23747619329241,62.247678393811974,parking,670.1401906056649,-522.2553845361139,0.0,0.0,0.0,4.0,4.0,6.944444444444444e-05,6.944444444444444e-05,"[[69315678120.28784, -1144528.0420294877, 721284.8752448591, 1.263056319542671], [-1144528.0420294874, 69311294260.82428, -9.30374796764799, 721269.4917141473], [721284.8752448591, -9.30374796764799, 10.02926666666666, 0.0], [1.263056319542671, 721269.4917141473, 0.0, 10.02926666666666]]"
2026-07-27 19:50:30,54.708746663202376,15.23747619329241,62.247678393811974,parking,670.1401906056649,-522.2553845361139,0.0,0.0,0.0,4.0,4.0,6.944444444444444e-05,6.944444444444444e-05,"[[70184832906.58167, -1149352.457018351, 727302.4352448591, 1.263056319542671], [-1149352.4570183507, 70180430586.88126, -9.30374796764799, 727287.0517141472], [727302.4352448591, -9.30374796764799, 10.070933333333326, 0.0], [1.263056319542671, 727287.0517141472, 0.0, 10.070933333333326]]"
2026-07-27 20:00:30,54.708746663202376,15.23747619329241,62.247678393811974,parking,670.1401906056649,-522.2553845361139,0.0,0.0,0.0,4.0,4.0,6.944444444444444e-05,6.944444444444444e-05,"[[71061223764.87549, -1154176.8720072142, 733344.995244859, 1.263056319542671], [-1154176.872007214, 71056802984.93823, -9.30374796764799, 733329.6117141471], [733344.995244859, -9.30374796764799, 10.112599999999992, 0.0], [1.263056319542671, 733329.6117141471, 0.0, 10.112599999999992]]"
2026-07-27 20:10:30,54.708746663202376,15.23747619329241,62.247678393811974,parking,670.1401906056649,-522.2553845361139,0.0,0.0,0.0,4.0,4.0,6.944444444444444e-05,6.944444444444444e-05,"[[71944880695.16931, -1159001.2869960775, 739412.555244859, 1.263056319542671], [-1159001.2869960773, 71940441454.99521, -9.30374796764799, 739397.1717141471], [739412.555244859, -9.30374796764799, 10.154266666666658, 0.0], [1.263056319542671, 739397.1717141471, 0.0, 10.154266666666658]]"
2026-07-27 20:20:30,54.708746663202376,15.23747619329241,62.247678393811974,parking,670.1401906056649,-522.2553845361139,0.0,0.0,0.0,4.0,4.0,6.944444444444444e-05,6.944444444444444e-05,"[[72835833697.46313, -1163825.7019849408, 745505.1152448589, 1.263056319542671], [-1163825.7019849406, 72831375997.05219, -9.30374796764799, 745489.731714147], [745505.1152448589, -9.30374796764799, 10.195933333333324, 0.0], [1.263056319542671, 745489.731714147, 0.0, 10.195933333333324]]"
2026-07-27 20:30:30,54.708746663202376,15.23747619329241,62.247678393811974,parking,670.1401906056649,-522.2553845361139,0.0,0.0,0.0,4.0,4.0,6.944444444444444e-05,6.944444444444444e-05,"[[73734112771.75696, -1168650.116973804, 751622.6752448588, 1.263056319542671], [-1168650.1169738038, 73729636611.10916, -9.30374796764799, 751607.291714147], [751622.6752448588, -9.30374796764799, 10.23759999999999, 0.0], [1.263056319542671, 751607.291714147, 0.0, 10.23759999999999]]"
2026-07-27 20:40:30,54.708746663202376,15.23747619329241,62.247678393811974,parking,670.1401906056649,-522.2553845361139,0.0,0.0,0.0,4.0,4.0,6.944444444444444e-05,6.944444444444444e-05,"[[74639747918.05078, -1173474.5319626674, 757765.2352448588, 1.263056319542671], [-1173474.5319626671, 74635253297.16614, -9.30374796764799, 757749.8517141469], [757765.2352448588, -9.30374796764799, 10.279266666666656, 0.0], [1.263056319542671, 757749.8517141469, 0.0, 10.279266666666656]]"
2026-07-27 20:50:30,54.708746663202376,15.23747619329241,62.247678393811974,parking,670.1401906056649,-522.2553845361139,0.0,0.0,0.0,4.0,4.0,6.944444444444444e-05,6.944444444444444e-05,"[[75552769136.3446, -1178298.9469515306, 763932.7952448587, 1.263056319542671], [-1178298.9469515304, 75548256055.22311, -9.30374796764799, 763917.4117141468], [763932.7952448587, -9.30374796764799, 10.320933333333322, 0.0], [1.263056319542671, 763917.4117141468, 0.0, 10.320933333333322]]"
2026-07-27 21:00:30,54.708746663202376,15.23747619329241,62.247678393811974,parking,670.1401906056649,-522.2553845361139,0.0,0.0,0.0,4.0,4.0,6.944444444444444e-05,6.944444444444444e-05,"[[76473206426.63843, -1183123.361940394, 770125.3552448587, 1.263056319542671], [-1183123.3619403937, 76468674885.28009, -9.30374796764799, 770109.9717141468], [770125.3552448587, -9.30374796764799, 10.362599999999988, 0.0], [1.263056319542671, 770109.9717141468, 0.0, 10.362599999999988]]"
2026-07-27 21:10:30,54.708746663202376,15.23747619329241,62.247678393811974,parking,670.1401906056649,-522.2553845361139,0.0,0.0,0.0,4.0,4.0,6.944444444444444e-05,6.944444444444444e-05,"[[77401089788.93225, -1187947.7769292572, 776342.9152448586, 1.263056319542671], [-1187947.776929257, 77396539787.33707, -9.30374796764799, 776327.5317141467], [776342.9152448586, -9.30374796764799, 10.404266666666654, 0.0], [1.263056319542671, 776327.5317141467, 0.0, 10.404266666666654]]"
2026-07-27 21:20:30,54.708746663202376,15.23747619329241,62.247678393811974,parking,670.1401906056649,-522.2553845361139,0.0,0.0,0.0,4.0,4.0,6.944444444444444e-05,6.944444444444444e-05,"[[78336449223.22607, -1192772.1919181205, 782585.4752448585, 1.263056319542671], [-1192772.1919181203, 78331880761.39404, -9.30374796764799, 782570.0917141467], [782585.4752448585, -9.30374796764799, 10.44593333333332, 0.0], [1.263056319542671, 782570.0917141467, 0.0, 10.44593333333332]]"
2026-07-27 21:30:30,54.708746663202376,15.23747619329241,62.247678393811974,parking,670.1401906056649,-522.2553845361139,0.0,0.0,0.0,4.0,4.0,6.944444444444444e-05,6.944444444444444e-05,"[[79279314729.5199, -1197596.6069069838, 788853.0352448585, 1.263056319542671], [-1197596.6069069835, 79274727807.45102, -9.30374796764799, 788837.6517141466], [788853.0352448585, -9.30374796764799, 10.487599999999986, 0.0], [1.263056319542671, 788837.6517141466, 0.0, 10.487599999999986]]"
2026-07-27 21:40:30,54.708746663202376,15.23747619329241,62.247678393811974,parking,670.1401906056649,-522.2553845361139,0.0,0.0,0.0,4.0,4.0,6.944444444444444e-05,6.944444444444444e-05,"[[80229716307.81372, -1202421.021895847, 795145.5952448584, 1.263056319542671], [-1202421.0218958468, 80225110925.508, -9.30374796764799, 795130.2117141465], [795145.5952448584, -9.30374796764799, 10.529266666666652, 0.0], [1.263056319542671, 795130.2117141465, 0.0, 10.529266666666652]]"
2026-07-27 21:50:30,54.708746663202376,15.23747619329241,62.247678393811974,parking,670.1401906056649,-522.2553845361139,0.0,0.0,0.0,4.0,4.0,6.944444444444444e-05,6.944444444444444e-05,"[[81187683958.10754, -1207245.4368847103, 801463.1552448584, 1.263056319542671], [-1207245.43688471, 81183060115.56497, -9.30374796764799, 801447.7717141465], [801463.1552448584, -9.30374796764799, 10.570933333333318, 0.0], [1.263056319542671, 801447.7717141465, 0.0, 10.570933333333318]]"
2026-07-27 22:00:30,54.708746663202376,15.23747619329241,62.247678393811974,parking,670.1401906056649,-522.2553845361139,0.0,0.0,0.0,4.0,4.0,6.944444444444444e-05,6.944444444444444e-05,"[[82153247680.40137, -1212069.8518735736, 807805.7152448583, 1.263056319542671], [-1212069.8518735734, 82148605377.62195, -9.30374796764799, 807790.3317141464], [807805.7152448583, -9.30374796764799, 10.612599999999984, 0.0], [1.263056319542671, 807790.3317141464, 0.0, 10.612599999999984]]"
2026-07-27 22:10:30,54.708746663202376,15.23747619329241,62.247678393811974,parking,670.1401906056649,-522.2553845361139,0.0,0.0,0.0,4.0,4.0,6.944444444444444e-05,6.944444444444444e-05,"[[83126437474.69519, -1216894.266862437, 814173.2752448582, 1.263056319542671], [-1216894.2668624367, 83121776711.67892, -9.30374796764799, 814157.8917141464], [814173.2752448582, -9.30374796764799, 10.65426666666665, 0.0], [1.263056319542671, 814157.8917141464, 0.0, 10.65426666666665]]"
2026-07-27 22:20:30,54.708746663202376,15.23747619329241,62.247678393811974,parking,670.1401906056649,-522.2553845361139,0.0,0.0,0.0,4.0,4.0,6.944444444444444e-05,6.944444444444444e-05,"[[84107283340.98901, -1221718.6818513002, 820565.8352448582, 1.263056319542671], [-1221718.6818513, 84102604117.7359, -9.30374796764799, 820550.4517141463], [820565.8352448582, -9.30374796764799, 10.695933333333317, 0.0], [1.263056319542671, 820550.4517141463, 0.0, 10.695933333333317]]"
2026-07-27 22:30:30,54.708746663202376,15.23747619329241,62.247678393811974,parking,670.1401906056649,-522.2553845361139,0.0,0.0,0.0,4.0,4.0,6.944444444444444e-05,6.944444444444444e-05,"[[85095815279.28284, -1226543.0968401635, 826983.3952448581, 1.263056319542671], [-1226543.0968401632, 85091117595.79288, -9.30374796764799, 826968.0117141462], [826983.3952448581, -9.30374796764799, 10.737599999999983, 0.0], [1.263056319542671, 826968.0117141462, 0.0, 10.737599999999983]]"
2026-07-27 22:40:30,54.708746663202376,15.23747619329241,62.247678393811974,parking,670.1401906056649,-522.2553845361139,0.0,0.0,0.0,4.0,4.0,6.944444444444444e-05,6.944444444444444e-05,"[[86092063289.57666, -1231367.5118290267, 833425.955244858, 1.263056319542671], [-1231367.5118290265, 86087347145.84985, -9.30374796764799, 833410.5717141462], [833425.955244858, -9.30374796764799, 10.779266666666649, 0.0], [1.263056319542671, 833410.5717141462, 0.0, 10.779266666666649]]"
2026-07-27 22:50:30,54.708746663202376,15.23747619329241,62.247678393811974,parking,670.1401906056649,-522.2553845361139,0.0,0.0,0.0,4.0,4.0,6.944444444444444e-05,6.944444444444444e-05,"[[87096057371.87048, -1236191.92681789, 839893.515244858, 1.263056319542671], [-1236191.9268178898, 87091322767.90683, -9.30374796764799, 839878.1317141461], [839893.515244858, -9.30374796764799, 10.820933333333315, 0.0], [1.263056319542671, 839878.1317141461, 0.0, 10.820933333333315]]"
2026-07-27 23:00:30,54.708746663202376,15.23747619329241,62.247678393811974,parking,670.1401906056649,-522.2553845361139,0.0,0.0,0.0,4.0,4.0,6.944444444444444e-05,6.944444444444444e-05,"[[88107827526.1643, -1241016.3418067533, 846386.0752448579, 1.263056319542671], [-1241016.341806753, 88103074461.9638, -9.30374796764799, 846370.691714146], [846386.0752448579, -9.30374796764799, 10.862599999999981, 0.0], [1.263056319542671, 846370.691714146, 0.0, 10.862599999999981]]"
2026-07-27 23:10:30,54.708746663202376,15.23747619329241,62.247678393811974,parking,670.1401906056649,-522.2553845361139,0.0,0.0,0.0,4.0,4.0,6.944444444444444e-05,6.944444444444444e-05,"[[89127403752.45813, -1245840.7567956166, 852903.6352448579, 1.263056319542671], [-1245840.7567956164, 89122632228.02078, -9.30374796764799, 852888.251714146], [852903.6352448579, -9.30374796764799, 10.904266666666647, 0.0], [1.263056319542671, 852888.251714146, 0.0, 10.904266666666647]]"
2026-07-27 23:20:30,54.708746663202376,15.23747619329241,62.247678393811974,parking,670.1401906056649,-522.2553845361139,0.0,0.0,0.0,4.0,4.0,6.944444444444444e-05,6.944444444444444e-05,"[[90154816050.75195, -1250665.1717844799, 859446.1952448578, 1.263056319542671], [-1250665.1717844796, 90150026066.07776, -9.30374796764799, 859430.8117141459], [859446.1952448578, -9.30374796764799, 10.945933333333313, 0.0], [1.263056319542671, 859430.8117141459, 0.0, 10.945933333333313]]"
2026-07-27 23:30:30,54.708746663202376,15.23747619329241,62.247678393811974,parking,670.1401906056649,-522.2553845361139,0.0,0.0,0.0,4.0,4.0,6.944444444444444e-05,6.944444444444444e-05,"[[91190094421.04578, -1255489.5867733432, 866013.7552448577, 1.263056319542671], [-1255489.586773343, 91185285976.13474, -9.30374796764799, 865998.3717141459], [866013.7552448577, -9.30374796764799, 10.98759999999998, 0.0], [1.263056319542671, 865998.3717141459, 0.0, 10.98759999999998]]"
2026-07-27 23:40:30,54.708746663202376,15.23747619329241,62.247678393811974,parking,670.1401906056649,-522.2553845361139,0.0,0.0,0.0,4.0,4.0,6.944444444444444e-05,6.944444444444444e-05,"[[92233268863.3396, -1260314.0017622064, 872606.3152448577, 1.263056319542671], [-1260314.0017622062, 92228441958.19171, -9.30374796764799, 872590.9317141458], [872606.3152448577, -9.30374796764799, 11.029266666666645, 0.0], [1.263056319542671, 872590.9317141458, 0.0, 11.029266666666645]]"
2026-07-27 23:50:30,54.708746663202376,15.23747619329241,62.247678393811974,parking,670.1401906056649,-522.2553845361139,0.0,0.0,0.0,4.0,4.0,6.944444444444444e-05,6.944444444444444e-05,"[[93284369377.63342, -1265138.4167510697, 879223.8752448576, 1.263056319542671], [-1265138.4167510695, 93279524012.24869, -9.30374796764799, 879208.4917141458], [879223.8752448576, -9.30374796764799, 11.070933333333311, 0.0], [1.263056319542671, 879208.4917141458, 0.0, 11.070933333333311]]"
2026-07-28 00:00:30,54.708746663202376,15.23747619329241,62.247678393811974,parking,670.1401906056649,-522.2553845361139,0.0,0.0,0.0,4.0,4.0,6.944444444444444e-05,6.944444444444444e-05,"[[94343425963.92725, -1269962.831739933, 885866.4352448576, 1.263056319542671], [-1269962.8317399328, 94338562138.30566, -9.30374796764799, 885851.0517141457], [885866.4352448576, -9.30374796764799, 11.112599999999977, 0.0], [1.263056319542671, 885851.0517141457, 0.0, 11.112599999999977]]"
2026-07-28 00:10:30,54.708746663202376,15.23747619329241,62.247678393811974,parking,670.1401906056649,-522.2553845361139,0.0,0.0,0.0,4.0,4.0,6.944444444444444e-05,6.944444444444444e-05,"[[95410468622.22107, -1274787.2467287963, 892533.9952448575, 1.263056319542671], [-1274787.246728796, 95405586336.36264, -9.30374796764799, 892518.6117141456], [892533.9952448575, -9.30374796764799, 11.154266666666643, 0.0], [1.263056319542671, 892518.6117141456, 0.0, 11.154266666666643]]"
2026-07-28 00:20:30,54.708746663202376,15.23747619329241,62.247678393811974,parking,670.1401906056649,-522.2553845361139,0.0,0.0,0.0,4.0,4.0,6.944444444444444e-05,6.944444444444444e-05,"[[96485527352.5149, -1279611.6617176596, 899226.5552448574, 1.263056319542671], [-1279611.6617176593, 96480626606.41962, -9.30374796764799, 899211.1717141456], [899226.5552448574, -9.30374796764799, 11.19593333333331, 0.0], [1.263056319542671, 899211.1717141456, 0.0, 11.19593333333331]]"
2026-07-28 00:30:30,54.708746663202376,15.23747619329241,62.247678393811974,parking,670.1401906056649,-522.2553845361139,0.0,0.0,0.0,4.0,4.0,6.944444444444444e-05,6.944444444444444e-05,"[[97568632154.80872, -1284436.0767065228, 905944.1152448574, 1.263056319542671], [-1284436.0767065226, 97563712948.4766, -9.30374796764799, 905928.7317141455], [905944.1152448574, -9.30374796764799, 11.237599999999976, 0.0], [1.263056319542671, 905928.7317141455, 0.0, 11.237599999999976]]"
2026-07-28 00:40:30,54.708746663202376,15.23747619329241,62.247678393811974,parking,670.1401906056649,-522.2553845361139,0.0,0.0,0.0,4.0,4.0,6.944444444444444e-05,6.944444444444444e-05,"[[98659813029.10254, -1289260.4916953861, 912686.6752448573, 1.263056319542671], [-1289260.491695386, 98654875362.53357, -9.30374796764799, 912671.2917141455], [912686.6752448573, -9.30374796764799, 11.279266666666642, 0.0], [1.263056319542671, 912671.2917141455, 0.0, 11.279266666666642]]"
2026-07-28 00:50:30,54.708746663202376,15.23747619329241,62.247678393811974,parking,670.1401906056649,-522.2553845361139,0.0,0.0,0.0,4.0,4.0,6.944444444444444e-05,6.944444444444444e-05,"[[99759099975.39636, -1294084.9066842494, 919454.2352448573, 1.263056319542671], [-1294084.9066842492, 99754143848.59055, -9.30374796764799, 919438.8517141454], [919454.2352448573, -9.30374796764799, 11.320933333333308, 0.0], [1.263056319542671, 919438.8517141454, 0.0, 11.320933333333308]]"
2026-07-28 01:00:30,54.708746663202376,15.23747619329241,62.247678393811974,parking,670.1401906056649,-522.2553845361139,0.0,0.0,0.0,4.0,4.0,6.944444444444444e-05,6.944444444444444e-05,"[[100866522993.69019, -1298909.3216731127, 926246.7952448572, 1.263056319542671], [-1298909.3216731125, 100861548406.64752, -9.30374796764799, 926231.4117141453], [926246.7952448572, -9.30374796764799, 11.362599999999974, 0.0], [1.263056319542671, 926231.4117141453, 0.0, 11.362599999999974]]"
2026-07-28 01:10:30,54.708746663202376,15.23747619329241,62.247678393811974,parking,670.1401906056649,-522.2553845361139,0.0,0.0,0.0,4.0,4.0,6.944444444444444e-05,6.944444444444444e-05,"[[101982112083.98401, -1303733.736661976, 933064.3552448571, 1.263056319542671], [-1303733.7366619757, 101977119036.7045, -9.30374796764799, 933048.9717141453], [933064.3552448571, -9.30374796764799, 11.40426666666664, 0.0], [1.263056319542671, 933048.9717141453, 0.0, 11.40426666666664]]"
2026-07-28 01:20:30,54.708746663202376,15.23747619329241,62.247678393811974,parking,670.1401906056649,-522.2553845361139,0.0,0.0,0.0,4.0,4.0,6.944444444444444e-05,6.944444444444444e-05,"[[103105897246.27783, -1308558.1516508393, 939906.9152448571, 1.263056319542671], [-1308558.151650839, 103100885738.76147, -9.30374796764799, 939891.5317141452], [939906.9152448571, -9.30374796764799, 11.445933333333306, 0.0], [1.263056319542671, 939891.5317141452, 0.0, 11.445933333333306]]"
2026-07-28 01:30:30,54.708746663202376,15.23747619329241,62.247678393811974,parking,670.1401906056649,-522.2553845361139,0.0,0.0,0.0,4.0,4.0,6.944444444444444e-05,6.944444444444444e-05,"[[104237908480.57166, -1313382.5666397025, 946774.475244857, 1.263056319542671], [-1313382.5666397023, 104232878512.81845, -9.30374796764799, 946759.0917141452], [946774.475244857, -9.30374796764799, 11.487599999999972, 0.0], [1.263056319542671, 946759.0917141452, 0.0, 11.487599999999972]]"
2026-07-28 01:40:30,54.708746663202376,15.23747619329241,62.247678393811974,parking,670.1401906056649,-522.2553845361139,0.0,0.0,0.0,4.0,4.0,6.944444444444444e-05,6.944444444444444e-05,"[[105378175786.86548, -1318206.9816285658, 953667.035244857, 1.263056319542671], [-1318206.9816285656, 105373127358.87543, -9.30374796764799, 953651.6517141451], [953667.035244857, -9.30374796764799, 11.529266666666638, 0.0], [1.263056319542671, 953651.6517141451, 0.0, 11.529266666666638]]"
2026-07-28 01:50:30,54.708746663202376,15.23747619329241,62.247678393811974,parking,670.1401906056649,-522.2553845361139,0.0,0.0,0.0,4.0,4.0,6.944444444444444e-05,6.944444444444444e-05,"[[106526729165.1593, -1323031.396617429, 960584.5952448569, 1.263056319542671], [-1323031.3966174289, 106521662276.9324, -9.30374796764799, 960569.211714145], [960584.5952448569, -9.30374796764799, 11.570933333333304, 0.0], [1.263056319542671, 960569.211714145, 0.0, 11.570933333333304]]"
2026-07-28 02:00:30,54.708746663202376,15.23747619329241,62.247678393811974,parking,670.1401906056649,-522.2553845361139,0.0,0.0,0.0,4.0,4.0,6.944444444444444e-05,6.944444444444444e-05,"[[107683598615.45312, -1327855.8116062924, 967527.1552448568, 1.263056319542671], [-1327855.8116062921, 107678513266.98938, -9.30374796764799, 967511.771714145], [967527.1552448568, -9.30374796764799, 11.61259999999997, 0.0], [1.263056319542671, 967511.771714145, 0.0, 11.61259999999997]]"
2026-07-28 02:10:30,54.708746663202376,15.23747619329241,62.247678393811974,parking,670.1401906056649,-522.2553845361139,0.0,0.0,0.0,4.0,4.0,6.944444444444444e-05,6.944444444444444e-05,"[[108848814137.74695, -1332680.2265951557, 974494.7152448568, 1.263056319542671], [-1332680.2265951554, 108843710329.04636, -9.30374796764799, 974479.3317141449], [974494.7152448568, -9.30374796764799, 11.654266666666636, 0.0], [1.263056319542671, 974479.3317141449, 0.0, 11.654266666666636]]"
2026-07-28 02:20:30,54.708746663202376,15.23747619329241,62.247678393811974,parking,670.1401906056649,-522.2553845361139,0.0,0.0,0.0,4.0,4.0,6.944444444444444e-05,6.944444444444444e-05,"[[110022405732.04077, -1337504.641584019, 981487.2752448567, 1.263056319542671], [-1337504.6415840187, 110017283463.10333, -9.30374796764799, 981471.8917141448], [981487.2752448567, -9.30374796764799, 11.695933333333302, 0.0], [1.263056319542671, 981471.8917141448, 0.0, 11.695933333333302]]"
2026-07-28 02:30:30,54.708746663202376,15.23747619329241,62.247678393811974,parking,670.1401906056649,-522.2553845361139,0.0,0.0,0.0,4.0,4.0,6.944444444444444e-05,6.944444444444444e-05,"[[111204403398.3346, -1342329.0565728822, 988504.8352448567, 1.263056319542671], [-1342329.056572882, 111199262669.16031, -9.30374796764799, 988489.4517141448], [988504.8352448567, -9.30374796764799, 11.737599999999969, 0.0], [1.263056319542671, 988489.4517141448, 0.0, 11.737599999999969]]"
2026-07-28 02:40:30,54.708746663202376,15.23747619329241,62.247678393811974,parking,670.1401906056649,-522.2553845361139,0.0,0.0,0.0,4.0,4.0,6.944444444444444e-05,6.944444444444444e-05,"[[112394837136.62842, -1347153.4715617455, 995547.3952448566, 1.263056319542671], [-1347153.4715617453, 112389677947.21729, -9.30374796764799, 995532.0117141447], [995547.3952448566, -9.30374796764799, 11.779266666666635, 0.0], [1.263056319542671, 995532.0117141447, 0.0, 11.779266666666635]]"
2026-07-28 02:50:30,54.708746663202376,15.23747619329241,62.247678393811974,parking,670.1401906056649,-522.2553845361139,0.0,0.0,0.0,4.0,4.0,6.944444444444444e-05,6.944444444444444e-05,"[[113593736946.92224, -1351977.8865506088, 1002614.9552448565, 1.263056319542671], [-1351977.8865506086, 113588559297.27426, -9.30374796764799, 1002599.5717141447], [1002614.9552448565, -9.30374796764799, 11.8209333333333, 0.0], [1.263056319542671, 1002599.5717141447, 0.0, 11.8209333333333]]"
2026-07-28 03:00:30,54.708746663202376,15.23747619329241,62.247678393811974,parking,670.1401906056649,-522.2553845361139,0.0,0.0,0.0,4.0,4.0,6.944444444444444e-05,6.944444444444444e-05,"[[114801132829.21606, -1356802.301539472, 1009707.5152448565, 1.263056319542671], [-1356802.3015394718, 114795936719.33124, -9.30374796764799, 1009692.1317141446], [1009707.5152448565, -9.30374796764799, 11.862599999999967, 0.0], [1.263056319542671, 1009692.1317141446, 0.0, 11.862599999999967]]"
2026-07-28 03:10:30,54.708746663202376,15.23747619329241,62.247678393811974,parking,670.1401906056649,-522.2553845361139,0.0,0.0,0.0,4.0,4.0,6.944444444444444e-05,6.944444444444444e-05,"[[116017054783.50989, -1361626.7165283354, 1016825.0752448564, 1.263056319542671], [-1361626.7165283351, 116011840213.38821, -9.30374796764799, 1016809.6917141445], [1016825.0752448564, -9.30374796764799, 11.904266666666633, 0.0], [1.263056319542671, 1016809.6917141445, 0.0, 11.904266666666633]]"
2026-07-28 03:20:30,54.708746663202376,15.23747619329241,62.247678393811974,parking,670.1401906056649,-522.2553845361139,0.0,0.0,0.0,4.0,4.0,6.944444444444444e-05,6.944444444444444e-05,"[[117241532809.80371, -1366451.1315171986, 1023967.6352448564, 1.263056319542671], [-1366451.1315171984, 117236299779.44519, -9.30374796764799, 1023952.2517141445], [1023967.6352448564, -9.30374796764799, 11.945933333333299, 0.0], [1.263056319542671, 1023952.2517141445, 0.0, 11.945933333333299]]"
2026-07-28 03:30:30,54.708746663202376,15.23747619329241,62.247678393811974,parking,670.1401906056649,-522.2553845361139,0.0,0.0,0.0,4.0,4.0,6.944444444444444e-05,6.944444444444444e-05,"[[118474596908.09753, -1371275.546506062, 1031135.1952448563, 1.263056319542671], [-1371275.5465060617, 118469345417.50217, -9.30374796764799, 1031119.8117141444], [1031135.1952448563, -9.30374796764799, 11.987599999999965, 0.0], [1.263056319542671, 1031119.8117141444, 0.0, 11.987599999999965]]"
2026-07-28 03:40:30,54.708746663202376,15.23747619329241,62.247678393811974,parking,670.1401906056649,-522.2553845361139,0.0,0.0,0.0,4.0,4.0,6.944444444444444e-05,6.944444444444444e-05,"[[119716277078.39136, -1376099.9614949252, 1038327.7552448562, 1.263056319542671], [-1376099.961494925, 119711007127.55914, -9.30374796764799, 1038312.3717141444], [1038327.7552448562, -9.30374796764799, 12.029266666666631, 0.0], [1.263056319542671, 1038312.3717141444, 0.0, 12.029266666666631]]"
2026-07-28 03:50:30,54.708746663202376,15.23747619329241,62.247678393811974,parking,670.1401906056649,-522.2553845361139,0.0,0.0,0.0,4.0,4.0,6.944444444444444e-05,6.944444444444444e-05,"[[120966603320.68518, -1380924.3764837885, 1045545.3152448562, 1.263056319542671], [-1380924.3764837882, 120961314909.61612, -9.30374796764799, 1045529.9317141443], [1045545.3152448562, -9.30374796764799, 12.070933333333297, 0.0], [1.263056319542671, 1045529.9317141443, 0.0, 12.070933333333297]]"
2026-07-28 04:00:30,54.708746663202376,15.23747619329241,62.247678393811974,parking,670.1401906056649,-522.2553845361139,0.0,0.0,0.0,4.0,4.0,6.944444444444444e-05,6.944444444444444e-05,"[[122225605634.979, -1385748.7914726518, 1052787.875244856, 1.263056319542671], [-1385748.7914726515, 122220298763.6731, -9.30374796764799, 1052772.4917141444], [1052787.875244856, -9.30374796764799, 12.112599999999963, 0.0], [1.263056319542671, 1052772.4917141444, 0.0, 12.112599999999963]]"
2026-07-28 04:10:30,54.708746663202376,15.23747619329241,62.247678393811974,parking,670.1401906056649,-522.2553845361139,0.0,0.0,0.0,4.0,4.0,6.944444444444444e-05,6.944444444444444e-05,"[[123493314021.27283, -1390573.206461515, 1060055.4352448562, 1.263056319542671], [-1390573.2064615148, 123487988689.73007, -9.30374796764799, 1060040.0517141444], [1060055.4352448562, -9.30374796764799, 12.15426666666663, 0.0], [1.263056319542671, 1060040.0517141444, 0.0, 12.15426666666663]]"
2026-07-28 04:20:30,54.708746663202376,15.23747619329241,62.247678393811974,parking,670.1401906056649,-522.2553845361139,0.0,0.0,0.0,4.0,4.0,6.944444444444444e-05,6.944444444444444e-05,"[[124769758479.56665, -1395397.6214503783, 1067347.9952448562, 1.263056319542671], [-1395397.621450378, 124764414687.78705, -9.30374796764799, 1067332.6117141445], [1067347.9952448562, -9.30374796764799, 12.195933333333295, 0.0], [1.263056319542671, 1067332.6117141445, 0.0, 12.195933333333295]]"
2026-07-28 04:30:30,54.708746663202376,15.23747619329241,62.247678393811974,parking,670.1401906056649,-522.2553845361139,0.0,0.0,0.0,4.0,4.0,6.944444444444444e-05,6.944444444444444e-05,"[[126054969009.86047, -1400222.0364392416, 1074665.5552448563, 1.263056319542671], [-1400222.0364392414, 126049606757.84402, -9.30374796764799, 1074650.1717141445], [1074665.5552448563, -9.30374796764799, 12.237599999999961, 0.0], [1.263056319542671, 1074650.1717141445, 0.0, 12.237599999999961]]"
2026-07-28 04:40:30,54.708746663202376,15.23747619329241,62.247678393811974,parking,670.1401906056649,-522.2553845361139,0.0,0.0,0.0,4.0,4.0,6.944444444444444e-05,6.944444444444444e-05,"[[127348975612.1543, -1405046.451428105, 1082008.1152448563, 1.263056319542671], [-1405046.4514281047, 127343594899.901, -9.30374796764799, 1081992.7317141446], [1082008.1152448563, -9.30374796764799, 12.279266666666627, 0.0], [1.263056319542671, 1081992.7317141446, 0.0, 12.279266666666627]]"
2026-07-28 04:50:30,54.708746663202376,15.23747619329241,62.247678393811974,parking,670.1401906056649,-522.2553845361139,0.0,0.0,0.0,4.0,4.0,6.944444444444444e-05,6.944444444444444e-05,"[[128651808286.44812, -1409870.8664169682, 1089375.6752448564, 1.263056319542671], [-1409870.866416968, 128646409113.95798, -9.30374796764799, 1089360.2917141446], [1089375.6752448564, -9.30374796764799, 12.320933333333294, 0.0], [1.263056319542671, 1089360.2917141446, 0.0, 12.320933333333294]]"
2026-07-28 05:00:30,54.708746663202376,15.23747619329241,62.247678393811974,parking,670.1401906056649,-522.2553845361139,0.0,0.0,0.0,4.0,4.0,6.944444444444444e-05,6.944444444444444e-05,"[[129963497032.74194, -1414695.2814058315, 1096768.2352448564, 1.263056319542671], [-1414695.2814058312, 129958079400.01495, -9.30374796764799, 1096752.8517141447], [1096768.2352448564, -9.30374796764799, 12.36259999999996, 0.0], [1.263056319542671, 1096752.8517141447, 0.0, 12.36259999999996]]"
2026-07-28 05:10:30,54.708746663202376,15.23747619329241,62.247678393811974,parking,670.1401906056649,-522.2553845361139,0.0,0.0,0.0,4.0,4.0,6.944444444444444e-05,6.944444444444444e-05,"[[131284071851.03577, -1419519.6963946947, 1104185.7952448565, 1.263056319542671], [-1419519.6963946945, 131278635758.07193, -9.30374796764799, 1104170.4117141447], [1104185.7952448565, -9.30374796764799, 12.404266666666626, 0.0], [1.263056319542671, 1104170.4117141447, 0.0, 12.404266666666626]]"
2026-07-28 05:20:30,54.708746663202376,15.23747619329241,62.247678393811974,parking,670.1401906056649,-522.2553845361139,0.0,0.0,0.0,4.0,4.0,6.944444444444444e-05,6.944444444444444e-05,"[[132613562741.32959, -1424344.111383558, 1111628.3552448566, 1.263056319542671], [-1424344.1113835578, 132608108188.1289, -9.30374796764799, 1111612.9717141448], [1111628.3552448566, -9.30374796764799, 12.445933333333292, 0.0], [1.263056319542671, 1111612.9717141448, 0.0, 12.445933333333292]]"
2026-07-28 05:30:30,54.708746663202376,15.23747619329241,62.247678393811974,parking,670.1401906056649,-522.2553845361139,0.0,0.0,0.0,4.0,4.0,6.944444444444444e-05,6.944444444444444e-05,"[[133951999703.62341, -1429168.5263724213, 1119095.9152448566, 1.263056319542671], [-1429168.526372421, 133946526690.18588, -9.30374796764799, 1119080.5317141449], [1119095.9152448566, -9.30374796764799, 12.487599999999958, 0.0], [1.263056319542671, 1119080.5317141449, 0.0, 12.487599999999958]]"
2026-07-28 05:31:30,54.708717765583955,15.237496924361936,57.70955265127458,ascending,671.4694859784138,-525.4630201807254,0.0,0.0,0.0,4.0,4.0,6.944444444444444e-05,6.944444444444444e-05,"[[134083554118.338, -106893998.1380052, 1119833.4237418321, -537.738016226632], [-106893998.13800521, 133966503418.87932, -351.2077277799045, 1119352.156086918], [1119833.4237418321, -351.2077277799045, 12.491766666666624, 0.0], [-537.738016226632, 1119352.156086918, 0.0, 12.491766666666624]]"
2026-07-28 05:32:30,54.7086707711391,15.237513546877773,53.17142690873718,ascending,672.5353370845179,-530.6794035596341,0.0,0.0,0.0,4.0,4.0,6.944444444444444e-05,6.944444444444444e-05,"[[134198462101.51207, -246893799.7721792, 1120500.8466643589, -1292.5441501398068], [-246893799.7721792, 133960799767.93806, -765.6835783759766, 1119516.4146232922], [1120500.8466643589, -765.6835783759766, 12.49593333333329, 0.0], [-1292.5441501398068, 1119516.4146232922, 0.0, 12.49593333333329]]"
2026-07-28 05:33:30,54.70861074106963,15.237529695631405,48.633301166199786,ascending,673.5708101194066,-537.3427412709088,0.0,0.0,0.0,4.0,4.0,6.944444444444444e-05,6.944444444444444e-05,"[[134315319093.09732, -364759921.8770636, 1121176.0466893637, -1926.2351254852483], [-364759921.8770635, 134038865435.91797, -1115.6484923670987, 1120030.6276445799], [1121176.0466893637, -1115.6484923670987, 12.500099999999957, 0.0], [-1926.2351254852483, 1120030.6276445799, 0.0, 12.500099999999957]]"
2026-07-28 05:34:30,54.70855130821533,15.237561507202626,44.09517542366239,ascending,675.610597520201,-543.939788098755,0.0,0.0,0.0,4.0,4.0,6.944444444444444e-05,6.944444444444444e-05,"[[134439080715.63985, -451770146.48949206, 1121880.0030199194, -2389.0768688744897], [-451770146.489492, 134190827811.51712, -1377.607208015459, 1120853.473470093], [1121880.0030199194, -1377.607208015459, 12.504266666666624, 0.0], [-2389.0768688744897, 1120853.473470093, 0.0, 12.504266666666624]]"
2026-07-28 05:35:30,54.70850323915666,15.237621989483358,39.557049681124994,ascending,679.4887773609412,-549.2754536103675,0.0,0.0,0.0,4.0,4.0,6.944444444444444e-05,6.944444444444444e-05,"[[134581216340.53282, -510120532.9419993, 1122660.6641403115, -2707.872993897301], [-510120532.9419992, 134390572932.41289, -1543.209338391041, 1121875.6308642027], [1122660.6641403115, -1543.209338391041, 12.50843333333329, 0.0], [-2707.872993897301, 1121875.6308642027, 0.0, 12.50843333333329]]"
2026-07-28 05:36:30,54.70847276864498,15.237711533484237,35.0189239385876,ascending,685.2304216055818,-552.6576804067553,0.0,0.0,0.0,4.0,4.0,6.944444444444444e-05,6.944444444444444e-05,"[[134744075160.21681, -575815493.8261216, 1123527.2539315904, -3105.730313467499], [-575815493.8261213, 134580378438.40665, -1690.4459344710858, 1122855.9163589831], [1123527.2539315904, -1690.4459344710858, 12.512599999999956, 0.0], [-3105.730313467499, 1122855.9163589831, 0.0, 12.512599999999956]]"
